Workbook

Sheet Current
B1: Standings as of | C1: 46004
B2: Number of Weeks Played | D2: 24 | AC2: =text(C1,"mm/dd/yy") -> 12/13/25
C3: Beginning of week | F3: Current Week Scores | N3: End of week | Q3: Jul-Dec 2025 | R3: Jan-Jun 2026
A4: Ranking | B4: Name of Player | C4: Games Won | D4: Sets Won | E4: Games Won / Match | F4: Check IN | G4: Court # | H4: Set 0 | I4: Set 1 | J4: Set 2 | K4: Set 3 | L4: Games Won | M4: Sets Won | N4: Games Won | O4: Sets Won | P4: Waiver | Q4: Fee | R4: Fee | S4: Games Played | T4: Sit outs | U4: No Shows | V4: Absent | W4: Positions Gained/Lost | X4: Ranking | Y4: Perfect attendence | Z4: Check
A5: 1 | B5: Adrian Tay | C5: 326 | D5: 38 | E5: =if(S5>0,(C5-(V5*9)-(T5*13))/S5,0) -> 15.470588 | F5: =if(isna(VLOOKUP(B5,Checkin!A:B,2,false)),0,VLOOKUP(B5,Checkin!A:B,2,false)) -> 3 | G5: =if(OR($F5=1, $F5=2),VLOOKUP($B5,Courts!$B$2:$K$50,10,false),0) -> 0 | H5: =IF(OR(F5=3,F5=4),9,IF(F5=5,13,0)) -> 9 | I5: =if(OR($F5=1, $F5=2),VLOOKUP($B5,Courts!$B$2:$J$50,5,false),0) -> 0 | J5: =if(OR($F5=1, $F5=2),VLOOKUP($B5,Courts!$B$2:$J$50,6,false),0) -> 0 | K5: =if(OR($F5=1, $F5=2),VLOOKUP($B5,Courts!$B$2:$J$50,7,false),0) -> 0 | L5: =H5+I5+J5+K5 -> 9 | M5: =if(OR($F5=1, $F5=2),VLOOKUP($B5,Courts!$B$2:$J$50,9,false),0) -> 0 | N5: =C5+L5 -> 335 | O5: =D5+M5 -> 38 | P5: X | Q5: X | R5: X | S5: =vlookup(B5,indirect("'" & AC$2 & "'!B5:W69"),18,false)++if(text(C$1,"mm/dd/yy")=$AC$2,0,if(H5>0,0,1)) -> 17 | T5: =if(H5=13,1,0)+vlookup(B5,indirect("'" & AC$2 & "'!B5:W69"),19,false) -> 0 | V5: =vlookup(B5,indirect("'" & AC$2 & "'!B5:W69"),21,false)+if(text(C$1,"mm/dd/yy")=$AC$2,0,if(H5=9,1,0)) -> 7 | W5: =vlookup(B5,indirect("'" & AC$2 & "'!B5:x69"),23,false)-X5 -> 0 | X5: 1 | Y5: =if(S5=D$2,"Y","N") -> N | Z5: =if($D$2=sum(S5:V5),"","Error")
A6: =A5+1 -> 2 | B6: Darren Wong | C6: 323 | D6: 36 | E6: =if(S6>0,(C6-(V6*9)-(T6*13))/S6,0) -> 15.058824 | F6: =if(isna(VLOOKUP(B6,Checkin!A:B,2,false)),0,VLOOKUP(B6,Checkin!A:B,2,false)) -> 3 | G6: =if(OR($F6=1, $F6=2),VLOOKUP($B6,Courts!$B$2:$K$50,10,false),0) -> 0 | H6: =IF(OR(F6=3,F6=4),9,IF(F6=5,13,0)) -> 9 | I6: =if(OR($F6=1, $F6=2),VLOOKUP($B6,Courts!$B$2:$J$50,5,false),0) -> 0 | J6: =if(OR($F6=1, $F6=2),VLOOKUP($B6,Courts!$B$2:$J$50,6,false),0) -> 0 | K6: =if(OR($F6=1, $F6=2),VLOOKUP($B6,Courts!$B$2:$J$50,7,false),0) -> 0 | L6: =H6+I6+J6+K6 -> 9 | M6: =if(OR($F6=1, $F6=2),VLOOKUP($B6,Courts!$B$2:$J$50,9,false),0) -> 0 | N6: =C6+L6 -> 332 | O6: =D6+M6 -> 36 | P6: X | Q6: X | R6: X | S6: =vlookup(B6,indirect("'" & AC$2 & "'!B5:W69"),18,false)++if(text(C$1,"mm/dd/yy")=$AC$2,0,if(H6>0,0,1)) -> 17 | T6: =if(H6=13,1,0)+vlookup(B6,indirect("'" & AC$2 & "'!B5:W69"),19,false) -> 1 | V6: =vlookup(B6,indirect("'" & AC$2 & "'!B5:W69"),21,false)+if(text(C$1,"mm/dd/yy")=$AC$2,0,if(H6=9,1,0)) -> 6 | W6: =vlookup(B6,indirect("'" & AC$2 & "'!B5:x69"),23,false)-X6 -> 0 | X6: =X5+1 -> 2 | Y6: =if(S6=D$2,"Y","N") -> N | Z6: =if($D$2=sum(S6:V6),"","Error")
A7: =A6+1 -> 3 | B7: Lam Bui | C7: 322 | D7: 33 | E7: =if(S7>0,(C7-(V7*9)-(T7*13))/S7,0) -> 14.3 | F7: =if(isna(VLOOKUP(B7,Checkin!A:B,2,false)),0,VLOOKUP(B7,Checkin!A:B,2,false)) -> 3 | G7: =if(OR($F7=1, $F7=2),VLOOKUP($B7,Courts!$B$2:$K$50,10,false),0) -> 0 | H7: =IF(OR(F7=3,F7=4),9,IF(F7=5,13,0)) -> 9 | I7: =if(OR($F7=1, $F7=2),VLOOKUP($B7,Courts!$B$2:$J$50,5,false),0) -> 0 | J7: =if(OR($F7=1, $F7=2),VLOOKUP($B7,Courts!$B$2:$J$50,6,false),0) -> 0 | K7: =if(OR($F7=1, $F7=2),VLOOKUP($B7,Courts!$B$2:$J$50,7,false),0) -> 0 | L7: =H7+I7+J7+K7 -> 9 | M7: =if(OR($F7=1, $F7=2),VLOOKUP($B7,Courts!$B$2:$J$50,9,false),0) -> 0 | N7: =C7+L7 -> 331 | O7: =D7+M7 -> 33 | P7: X | Q7: X | R7: X | S7: =vlookup(B7,indirect("'" & AC$2 & "'!B5:W69"),18,false)++if(text(C$1,"mm/dd/yy")=$AC$2,0,if(H7>0,0,1)) -> 20 | T7: =if(H7=13,1,0)+vlookup(B7,indirect("'" & AC$2 & "'!B5:W69"),19,false) -> 0 | V7: =vlookup(B7,indirect("'" & AC$2 & "'!B5:W69"),21,false)+if(text(C$1,"mm/dd/yy")=$AC$2,0,if(H7=9,1,0)) -> 4 | W7: =vlookup(B7,indirect("'" & AC$2 & "'!B5:x69"),23,false)-X7 -> 0 | X7: =X6+1 -> 3 | Y7: =if(S7=D$2,"Y","N") -> N | Z7: =if($D$2=sum(S7:V7),"","Error")
A8: =A7+1 -> 4 | B8: Eric Pan | C8: 315 | D8: 32 | E8: =if(S8>0,(C8-(V8*9)-(T8*13))/S8,0) -> 15.785714 | F8: =if(isna(VLOOKUP(B8,Checkin!A:B,2,false)),0,VLOOKUP(B8,Checkin!A:B,2,false)) -> 3 | G8: =if(OR($F8=1, $F8=2),VLOOKUP($B8,Courts!$B$2:$K$50,10,false),0) -> 0 | H8: =IF(OR(F8=3,F8=4),9,IF(F8=5,13,0)) -> 9 | I8: =if(OR($F8=1, $F8=2),VLOOKUP($B8,Courts!$B$2:$J$50,5,false),0) -> 0 | J8: =if(OR($F8=1, $F8=2),VLOOKUP($B8,Courts!$B$2:$J$50,6,false),0) -> 0 | K8: =if(OR($F8=1, $F8=2),VLOOKUP($B8,Courts!$B$2:$J$50,7,false),0) -> 0 | L8: =H8+I8+J8+K8 -> 9 | M8: =if(OR($F8=1, $F8=2),VLOOKUP($B8,Courts!$B$2:$J$50,9,false),0) -> 0 | N8: =C8+L8 -> 324 | O8: =D8+M8 -> 32 | P8: X | Q8: X | R8: X | S8: =vlookup(B8,indirect("'" & AC$2 & "'!B5:W69"),18,false)++if(text(C$1,"mm/dd/yy")=$AC$2,0,if(H8>0,0,1)) -> 14 | T8: =if(H8=13,1,0)+vlookup(B8,indirect("'" & AC$2 & "'!B5:W69"),19,false) -> 1 | V8: =vlookup(B8,indirect("'" & AC$2 & "'!B5:W69"),21,false)+if(text(C$1,"mm/dd/yy")=$AC$2,0,if(H8=9,1,0)) -> 9 | W8: =vlookup(B8,indirect("'" & AC$2 & "'!B5:x69"),23,false)-X8 -> 2 | X8: =X7+1 -> 4 | Y8: =if(S8=D$2,"Y","N") -> N | Z8: =if($D$2=sum(S8:V8),"","Error")
A9: =A8+1 -> 5 | B9: Pulkit Mathur | C9: 311 | D9: 31 | E9: =if(S9>0,(C9-(V9*9)-(T9*13))/S9,0) -> 14.277778 | F9: =if(isna(VLOOKUP(B9,Checkin!A:B,2,false)),0,VLOOKUP(B9,Checkin!A:B,2,false)) -> 1 | G9: =if(OR($F9=1, $F9=2),VLOOKUP($B9,Courts!$B$2:$K$50,10,false),0) -> 1 | H9: =IF(OR(F9=3,F9=4),9,IF(F9=5,13,0)) -> 0 | I9: =if(OR($F9=1, $F9=2),VLOOKUP($B9,Courts!$B$2:$J$50,5,false),0) -> 6 | J9: =if(OR($F9=1, $F9=2),VLOOKUP($B9,Courts!$B$2:$J$50,6,false),0) -> 6 | K9: =if(OR($F9=1, $F9=2),VLOOKUP($B9,Courts!$B$2:$J$50,7,false),0) -> 5 | L9: =H9+I9+J9+K9 -> 17 | M9: =if(OR($F9=1, $F9=2),VLOOKUP($B9,Courts!$B$2:$J$50,9,false),0) -> 1 | N9: =C9+L9 -> 328 | O9: =D9+M9 -> 32 | P9: X | Q9: X | R9: X | S9: =vlookup(B9,indirect("'" & AC$2 & "'!B5:W69"),18,false)++if(text(C$1,"mm/dd/yy")=$AC$2,0,if(H9>0,0,1)) -> 18 | T9: =if(H9=13,1,0)+vlookup(B9,indirect("'" & AC$2 & "'!B5:W69"),19,false) -> 0 | V9: =vlookup(B9,indirect("'" & AC$2 & "'!B5:W69"),21,false)+if(text(C$1,"mm/dd/yy")=$AC$2,0,if(H9=9,1,0)) -> 6 | W9: =vlookup(B9,indirect("'" & AC$2 & "'!B5:x69"),23,false)-X9 -> 0 | X9: =X8+1 -> 5 | Y9: =if(S9=D$2,"Y","N") -> N | Z9: =if($D$2=sum(S9:V9),"","Error")
A10: =A9+1 -> 6 | B10: Sandeep Kamalon | C10: 310 | D10: 36 | E10: =if(S10>0,(C10-(V10*9)-(T10*13))/S10,0) -> 13.090909 | F10: =if(isna(VLOOKUP(B10,Checkin!A:B,2,false)),0,VLOOKUP(B10,Checkin!A:B,2,false)) -> 3 | G10: =if(OR($F10=1, $F10=2),VLOOKUP($B10,Courts!$B$2:$K$50,10,false),0) -> 0 | H10: =IF(OR(F10=3,F10=4),9,IF(F10=5,13,0)) -> 9 | I10: =if(OR($F10=1, $F10=2),VLOOKUP($B10,Courts!$B$2:$J$50,5,false),0) -> 0 | J10: =if(OR($F10=1, $F10=2),VLOOKUP($B10,Courts!$B$2:$J$50,6,false),0) -> 0 | K10: =if(OR($F10=1, $F10=2),VLOOKUP($B10,Courts!$B$2:$J$50,7,false),0) -> 0 | L10: =H10+I10+J10+K10 -> 9 | M10: =if(OR($F10=1, $F10=2),VLOOKUP($B10,Courts!$B$2:$J$50,9,false),0) -> 0 | N10: =C10+L10 -> 319 | O10: =D10+M10 -> 36 | P10: X | Q10: X | R10: X | S10: =vlookup(B10,indirect("'" & AC$2 & "'!B5:W69"),18,false)++if(text(C$1,"mm/dd/yy")=$AC$2,0,if(H10>0,0,1)) -> 22 | T10: =if(H10=13,1,0)+vlookup(B10,indirect("'" & AC$2 & "'!B5:W69"),19,false) -> 1 | V10: =vlookup(B10,indirect("'" & AC$2 & "'!B5:W69"),21,false)+if(text(C$1,"mm/dd/yy")=$AC$2,0,if(H10=9,1,0)) -> 1 | W10: =vlookup(B10,indirect("'" & AC$2 & "'!B5:x69"),23,false)-X10 -> -2 | X10: =X9+1 -> 6 | Y10: =if(S10=D$2,"Y","N") -> N | Z10: =if($D$2=sum(S10:V10),"","Error")
A11: =A10+1 -> 7 | B11: David Shin | C11: 303 | D11: 27 | E11: =if(S11>0,(C11-(V11*9)-(T11*13))/S11,0) -> 13.142857 | F11: =if(isna(VLOOKUP(B11,Checkin!A:B,2,false)),0,VLOOKUP(B11,Checkin!A:B,2,false)) -> 1 | G11: =if(OR($F11=1, $F11=2),VLOOKUP($B11,Courts!$B$2:$K$50,10,false),0) -> 1 | H11: =IF(OR(F11=3,F11=4),9,IF(F11=5,13,0)) -> 0 | I11: =if(OR($F11=1, $F11=2),VLOOKUP($B11,Courts!$B$2:$J$50,5,false),0) -> 3 | J11: =if(OR($F11=1, $F11=2),VLOOKUP($B11,Courts!$B$2:$J$50,6,false),0) -> 6 | K11: =if(OR($F11=1, $F11=2),VLOOKUP($B11,Courts!$B$2:$J$50,7,false),0) -> 7 | L11: =H11+I11+J11+K11 -> 16 | M11: =if(OR($F11=1, $F11=2),VLOOKUP($B11,Courts!$B$2:$J$50,9,false),0) -> 1 | N11: =C11+L11 -> 319 | O11: =D11+M11 -> 28 | P11: X | Q11: X | R11: X | S11: =vlookup(B11,indirect("'" & AC$2 & "'!B5:W69"),18,false)++if(text(C$1,"mm/dd/yy")=$AC$2,0,if(H11>0,0,1)) -> 21 | T11: =if(H11=13,1,0)+vlookup(B11,indirect("'" & AC$2 & "'!B5:W69"),19,false) -> 0 | V11: =vlookup(B11,indirect("'" & AC$2 & "'!B5:W69"),21,false)+if(text(C$1,"mm/dd/yy")=$AC$2,0,if(H11=9,1,0)) -> 3 | W11: =vlookup(B11,indirect("'" & AC$2 & "'!B5:x69"),23,false)-X11 -> 2 | X11: =X10+1 -> 7 | Y11: =if(S11=D$2,"Y","N") -> N | Z11: =if($D$2=sum(S11:V11),"","Error")
A12: =A11+1 -> 8 | B12: Ethan Gu | C12: 301 | D12: 31 | E12: =if(S12>0,(C12-(V12*9)-(T12*13))/S12,0) -> 13.047619 | F12: =if(isna(VLOOKUP(B12,Checkin!A:B,2,false)),0,VLOOKUP(B12,Checkin!A:B,2,false)) -> 1 | G12: =if(OR($F12=1, $F12=2),VLOOKUP($B12,Courts!$B$2:$K$50,10,false),0) -> 1 | H12: =IF(OR(F12=3,F12=4),9,IF(F12=5,13,0)) -> 0 | I12: =if(OR($F12=1, $F12=2),VLOOKUP($B12,Courts!$B$2:$J$50,5,false),0) -> 3 | J12: =if(OR($F12=1, $F12=2),VLOOKUP($B12,Courts!$B$2:$J$50,6,false),0) -> 7 | K12: =if(OR($F12=1, $F12=2),VLOOKUP($B12,Courts!$B$2:$J$50,7,false),0) -> 5 | L12: =H12+I12+J12+K12 -> 15 | M12: =if(OR($F12=1, $F12=2),VLOOKUP($B12,Courts!$B$2:$J$50,9,false),0) -> 1 | N12: =C12+L12 -> 316 | O12: =D12+M12 -> 32 | P12: X | Q12: X | R12: X | S12: =vlookup(B12,indirect("'" & AC$2 & "'!B5:W69"),18,false)++if(text(C$1,"mm/dd/yy")=$AC$2,0,if(H12>0,0,1)) -> 21 | T12: =if(H12=13,1,0)+vlookup(B12,indirect("'" & AC$2 & "'!B5:W69"),19,false) -> 0 | V12: =vlookup(B12,indirect("'" & AC$2 & "'!B5:W69"),21,false)+if(text(C$1,"mm/dd/yy")=$AC$2,0,if(H12=9,1,0)) -> 3 | W12: =vlookup(B12,indirect("'" & AC$2 & "'!B5:x69"),23,false)-X12 -> -1 | X12: =X11+1 -> 8 | Y12: =if(S12=D$2,"Y","N") -> N | Z12: =if($D$2=sum(S12:V12),"","Error")
A13: =A12+1 -> 9 | B13: Rajasekar Ramasamy | C13: 301 | D13: 31 | E13: =if(S13>0,(C13-(V13*9)-(T13*13))/S13,0) -> 12.681818 | F13: =if(isna(VLOOKUP(B13,Checkin!A:B,2,false)),0,VLOOKUP(B13,Checkin!A:B,2,false)) -> 3 | G13: =if(OR($F13=1, $F13=2),VLOOKUP($B13,Courts!$B$2:$K$50,10,false),0) -> 0 | H13: =IF(OR(F13=3,F13=4),9,IF(F13=5,13,0)) -> 9 | I13: =if(OR($F13=1, $F13=2),VLOOKUP($B13,Courts!$B$2:$J$50,5,false),0) -> 0 | J13: =if(OR($F13=1, $F13=2),VLOOKUP($B13,Courts!$B$2:$J$50,6,false),0) -> 0 | K13: =if(OR($F13=1, $F13=2),VLOOKUP($B13,Courts!$B$2:$J$50,7,false),0) -> 0 | L13: =H13+I13+J13+K13 -> 9 | M13: =if(OR($F13=1, $F13=2),VLOOKUP($B13,Courts!$B$2:$J$50,9,false),0) -> 0 | N13: =C13+L13 -> 310 | O13: =D13+M13 -> 31 | P13: X | Q13: X | R13: X | S13: =vlookup(B13,indirect("'" & AC$2 & "'!B5:W69"),18,false)++if(text(C$1,"mm/dd/yy")=$AC$2,0,if(H13>0,0,1)) -> 22 | T13: =if(H13=13,1,0)+vlookup(B13,indirect("'" & AC$2 & "'!B5:W69"),19,false) -> 1 | V13: =vlookup(B13,indirect("'" & AC$2 & "'!B5:W69"),21,false)+if(text(C$1,"mm/dd/yy")=$AC$2,0,if(H13=9,1,0)) -> 1 | W13: =vlookup(B13,indirect("'" & AC$2 & "'!B5:x69"),23,false)-X13 -> 1 | X13: =X12+1 -> 9 | Y13: =if(S13=D$2,"Y","N") -> N | Z13: =if($D$2=sum(S13:V13),"","Error")
A14: =A13+1 -> 10 | B14: Pavan Akkimsetty | C14: 301 | D14: 25 | E14: =if(S14>0,(C14-(V14*9)-(T14*13))/S14,0) -> 14 | F14: =if(isna(VLOOKUP(B14,Checkin!A:B,2,false)),0,VLOOKUP(B14,Checkin!A:B,2,false)) -> 3 | G14: =if(OR($F14=1, $F14=2),VLOOKUP($B14,Courts!$B$2:$K$50,10,false),0) -> 0 | H14: =IF(OR(F14=3,F14=4),9,IF(F14=5,13,0)) -> 9 | I14: =if(OR($F14=1, $F14=2),VLOOKUP($B14,Courts!$B$2:$J$50,5,false),0) -> 0 | J14: =if(OR($F14=1, $F14=2),VLOOKUP($B14,Courts!$B$2:$J$50,6,false),0) -> 0 | K14: =if(OR($F14=1, $F14=2),VLOOKUP($B14,Courts!$B$2:$J$50,7,false),0) -> 0 | L14: =H14+I14+J14+K14 -> 9 | M14: =if(OR($F14=1, $F14=2),VLOOKUP($B14,Courts!$B$2:$J$50,9,false),0) -> 0 | N14: =C14+L14 -> 310 | O14: =D14+M14 -> 25 | P14: X | Q14: X | R14: X | S14: =vlookup(B14,indirect("'" & AC$2 & "'!B5:W69"),18,false)++if(text(C$1,"mm/dd/yy")=$AC$2,0,if(H14>0,0,1)) -> 17 | T14: =if(H14=13,1,0)+vlookup(B14,indirect("'" & AC$2 & "'!B5:W69"),19,false) -> 0 | V14: =vlookup(B14,indirect("'" & AC$2 & "'!B5:W69"),21,false)+if(text(C$1,"mm/dd/yy")=$AC$2,0,if(H14=9,1,0)) -> 7 | W14: =vlookup(B14,indirect("'" & AC$2 & "'!B5:x69"),23,false)-X14 -> -2 | X14: =X13+1 -> 10 | Y14: =if(S14=D$2,"Y","N") -> N | Z14: =if($D$2=sum(S14:V14),"","Error")
A15: =A14+1 -> 11 | B15: Oscar Bonilla | C15: 300 | D15: 26 | E15: =if(S15>0,(C15-(V15*9)-(T15*13))/S15,0) -> 13.666667 | F15: =if(isna(VLOOKUP(B15,Checkin!A:B,2,false)),0,VLOOKUP(B15,Checkin!A:B,2,false)) -> 3 | G15: =if(OR($F15=1, $F15=2),VLOOKUP($B15,Courts!$B$2:$K$50,10,false),0) -> 0 | H15: =IF(OR(F15=3,F15=4),9,IF(F15=5,13,0)) -> 9 | I15: =if(OR($F15=1, $F15=2),VLOOKUP($B15,Courts!$B$2:$J$50,5,false),0) -> 0 | J15: =if(OR($F15=1, $F15=2),VLOOKUP($B15,Courts!$B$2:$J$50,6,false),0) -> 0 | K15: =if(OR($F15=1, $F15=2),VLOOKUP($B15,Courts!$B$2:$J$50,7,false),0) -> 0 | L15: =H15+I15+J15+K15 -> 9 | M15: =if(OR($F15=1, $F15=2),VLOOKUP($B15,Courts!$B$2:$J$50,9,false),0) -> 0 | N15: =C15+L15 -> 309 | O15: =D15+M15 -> 26 | P15: X | Q15: X | R15: X | S15: =vlookup(B15,indirect("'" & AC$2 & "'!B5:W69"),18,false)++if(text(C$1,"mm/dd/yy")=$AC$2,0,if(H15>0,0,1)) -> 18 | T15: =if(H15=13,1,0)+vlookup(B15,indirect("'" & AC$2 & "'!B5:W69"),19,false) -> 0 | V15: =vlookup(B15,indirect("'" & AC$2 & "'!B5:W69"),21,false)+if(text(C$1,"mm/dd/yy")=$AC$2,0,if(H15=9,1,0)) -> 6 | W15: =vlookup(B15,indirect("'" & AC$2 & "'!B5:x69"),23,false)-X15 -> 0 | X15: =X14+1 -> 11 | Y15: =if(S15=D$2,"Y","N") -> N | Z15: =if($D$2=sum(S15:V15),"","Error")
A16: =A15+1 -> 12 | B16: Joe Luzzi | C16: 300 | D16: 21 | E16: =if(S16>0,(C16-(V16*9)-(T16*13))/S16,0) -> 13.444444 | F16: =if(isna(VLOOKUP(B16,Checkin!A:B,2,false)),0,VLOOKUP(B16,Checkin!A:B,2,false)) -> 1 | G16: =if(OR($F16=1, $F16=2),VLOOKUP($B16,Courts!$B$2:$K$50,10,false),0) -> 1 | H16: =IF(OR(F16=3,F16=4),9,IF(F16=5,13,0)) -> 0 | I16: =if(OR($F16=1, $F16=2),VLOOKUP($B16,Courts!$B$2:$J$50,5,false),0) -> 6 | J16: =if(OR($F16=1, $F16=2),VLOOKUP($B16,Courts!$B$2:$J$50,6,false),0) -> 7 | K16: =if(OR($F16=1, $F16=2),VLOOKUP($B16,Courts!$B$2:$J$50,7,false),0) -> 7 | L16: =H16+I16+J16+K16 -> 20 | M16: =if(OR($F16=1, $F16=2),VLOOKUP($B16,Courts!$B$2:$J$50,9,false),0) -> 3 | N16: =C16+L16 -> 320 | O16: =D16+M16 -> 24 | P16: X | Q16: X | R16: X | S16: =vlookup(B16,indirect("'" & AC$2 & "'!B5:W69"),18,false)++if(text(C$1,"mm/dd/yy")=$AC$2,0,if(H16>0,0,1)) -> 18 | T16: =if(H16=13,1,0)+vlookup(B16,indirect("'" & AC$2 & "'!B5:W69"),19,false) -> 1 | V16: =vlookup(B16,indirect("'" & AC$2 & "'!B5:W69"),21,false)+if(text(C$1,"mm/dd/yy")=$AC$2,0,if(H16=9,1,0)) -> 5 | W16: =vlookup(B16,indirect("'" & AC$2 & "'!B5:x69"),23,false)-X16 -> 0 | X16: =X15+1 -> 12 | Y16: =if(S16=D$2,"Y","N") -> N | Z16: =if($D$2=sum(S16:V16),"","Error")
A17: =A16+1 -> 13 | B17: Herman Au | C17: 298 | D17: 28 | E17: =if(S17>0,(C17-(V17*9)-(T17*13))/S17,0) -> 12.421053 | F17: =if(isna(VLOOKUP(B17,Checkin!A:B,2,false)),0,VLOOKUP(B17,Checkin!A:B,2,false)) -> 5 | G17: =if(OR($F17=1, $F17=2),VLOOKUP($B17,Courts!$B$2:$K$50,10,false),0) -> 0 | H17: =IF(OR(F17=3,F17=4),9,IF(F17=5,13,0)) -> 13 | I17: =if(OR($F17=1, $F17=2),VLOOKUP($B17,Courts!$B$2:$J$50,5,false),0) -> 0 | J17: =if(OR($F17=1, $F17=2),VLOOKUP($B17,Courts!$B$2:$J$50,6,false),0) -> 0 | K17: =if(OR($F17=1, $F17=2),VLOOKUP($B17,Courts!$B$2:$J$50,7,false),0) -> 0 | L17: =H17+I17+J17+K17 -> 13 | M17: =if(OR($F17=1, $F17=2),VLOOKUP($B17,Courts!$B$2:$J$50,9,false),0) -> 0 | N17: =C17+L17 -> 311 | O17: =D17+M17 -> 28 | P17: X | Q17: X | R17: X | S17: =vlookup(B17,indirect("'" & AC$2 & "'!B5:W69"),18,false)++if(text(C$1,"mm/dd/yy")=$AC$2,0,if(H17>0,0,1)) -> 19 | T17: =if(H17=13,1,0)+vlookup(B17,indirect("'" & AC$2 & "'!B5:W69"),19,false) -> 2 | V17: =vlookup(B17,indirect("'" & AC$2 & "'!B5:W69"),21,false)+if(text(C$1,"mm/dd/yy")=$AC$2,0,if(H17=9,1,0)) -> 4 | W17: =vlookup(B17,indirect("'" & AC$2 & "'!B5:x69"),23,false)-X17 -> 3 | X17: =X16+1 -> 13 | Y17: =if(S17=D$2,"Y","N") -> N | Z17: =if($D$2=sum(S17:V17),"","Error") -> Error
... A69: =A68+1 -> 65 | B69: Barathi Sundaram | C69: 192 | D69: 2 | E69: =if(S69>0,(C69-(V69*9)-(T69*13))/S69,0) -> 5.5714286 | F69: =if(isna(VLOOKUP(B69,Checkin!A:B,2,false)),0,VLOOKUP(B69,Checkin!A:B,2,false)) -> 0 | G69: =if(OR($F69=1, $F69=2),VLOOKUP($B69,Courts!$B$2:$K$50,10,false),0) -> 0 | H69: =IF(OR(F69=3,F69=4),9,IF(F69=5,13,0)) -> 0 | I69: =if(OR($F69=1, $F69=2),VLOOKUP($B69,Courts!$B$2:$J$50,5,false),0) -> 0 | J69: =if(OR($F69=1, $F69=2),VLOOKUP($B69,Courts!$B$2:$J$50,6,false),0) -> 0 | K69: =if(OR($F69=1, $F69=2),VLOOKUP($B69,Courts!$B$2:$J$50,7,false),0) -> 0 | L69: =H69+I69+J69+K69 -> 0 | M69: =if(OR($F69=1, $F69=2),VLOOKUP($B69,Courts!$B$2:$J$50,9,false),0) -> 0 | N69: =C69+L69 -> 192 | O69: =D69+M69 -> 2 | P69: X | Q69: X | R69: X | S69: =vlookup(B69,indirect("'" & AC$2 & "'!B5:W69"),18,false)++if(text(C$1,"mm/dd/yy")=$AC$2,0,if(H69>0,0,1)) -> 7 | T69: =if(H69=13,1,0)+vlookup(B69,indirect("'" & AC$2 & "'!B5:W69"),19,false) -> 0 | V69: =vlookup(B69,indirect("'" & AC$2 & "'!B5:W69"),21,false)+if(text(C$1,"mm/dd/yy")=$AC$2,0,if(H69=9,1,0)) -> 17 | W69: =vlookup(B69,indirect("'" & AC$2 & "'!B5:x69"),23,false)-X69 -> 0 | X69: =X68+1 -> 65 | Y69: =if(S69=D$2,"Y","N") -> N | Z69: =if($D$2=sum(S69:V69),"","Error")
P73: Membership Renewals
P74: Renewed | R74: =countif(R5:R69,"X") -> 64 | S74: =R74/R77 -> 0.98461538
B75: For Publishing in the WhatsApp Group for the score updates on saturday | P75: Not Renewing | R75: =countif(R5:R69,"N") -> 1
P76: To Renew | R76: =countif(R5:R69,"") -> 0
P77: Total | R77: =sum(R74:R76) -> 65
B78: =concatenate("Top Scores : " &AC2) -> Top Scores : 12/13/25
B80: Name of Player | C80: Games | D80: Sets | E80: Court #
B81: =IFERROR(__xludf.DUMMYFUNCTION("QUERY(indirect(AC2 & ""!B5:M69""),""Select B, L, M, G where L >= 18 order by L desc,M desc"",0)"),"Herman Au") -> Herman Au | C81: =IFERROR(__xludf.DUMMYFUNCTION("""COMPUTED_VALUE"""),19.0) -> 19 | D81: =IFERROR(__xludf.DUMMYFUNCTION("""COMPUTED_VALUE"""),3.0) -> 3 | E81: =IFERROR(__xludf.DUMMYFUNCTION("""COMPUTED_VALUE"""),2.0) -> 2
B82: =IFERROR(__xludf.DUMMYFUNCTION("""COMPUTED_VALUE"""),"Naveen Raj") -> Naveen Raj | C82: =IFERROR(__xludf.DUMMYFUNCTION("""COMPUTED_VALUE"""),19.0) -> 19 | D82: =IFERROR(__xludf.DUMMYFUNCTION("""COMPUTED_VALUE"""),3.0) -> 3 | E82: =IFERROR(__xludf.DUMMYFUNCTION("""COMPUTED_VALUE"""),4.0) -> 4
B83: =IFERROR(__xludf.DUMMYFUNCTION("""COMPUTED_VALUE"""),"Jim Miao") -> Jim Miao | C83: =IFERROR(__xludf.DUMMYFUNCTION("""COMPUTED_VALUE"""),19.0) -> 19 | D83: =IFERROR(__xludf.DUMMYFUNCTION("""COMPUTED_VALUE"""),3.0) -> 3 | E83: =IFERROR(__xludf.DUMMYFUNCTION("""COMPUTED_VALUE"""),6.0) -> 6
B84: =IFERROR(__xludf.DUMMYFUNCTION("""COMPUTED_VALUE"""),"Eric Pan") -> Eric Pan | C84: =IFERROR(__xludf.DUMMYFUNCTION("""COMPUTED_VALUE"""),18.0) -> 18 | D84: =IFERROR(__xludf.DUMMYFUNCTION("""COMPUTED_VALUE"""),3.0) -> 3 | E84: =IFERROR(__xludf.DUMMYFUNCTION("""COMPUTED_VALUE"""),1.0) -> 1
B85: =IFERROR(__xludf.DUMMYFUNCTION("""COMPUTED_VALUE"""),"Vishnu Amarnath") -> Vishnu Amarnath | C85: =IFERROR(__xludf.DUMMYFUNCTION("""COMPUTED_VALUE"""),18.0) -> 18 | D85: =IFERROR(__xludf.DUMMYFUNCTION("""COMPUTED_VALUE"""),3.0) -> 3 | E85: =IFERROR(__xludf.DUMMYFUNCTION("""COMPUTED_VALUE"""),7.0) -> 7
B86: =IFERROR(__xludf.DUMMYFUNCTION("""COMPUTED_VALUE"""),"Jimmy Awolesi") -> Jimmy Awolesi | C86: =IFERROR(__xludf.DUMMYFUNCTION("""COMPUTED_VALUE"""),18.0) -> 18 | D86: =IFERROR(__xludf.DUMMYFUNCTION("""COMPUTED_VALUE"""),2.0) -> 2 | E86: =IFERROR(__xludf.DUMMYFUNCTION("""COMPUTED_VALUE"""),5.0) -> 5
B87: =IFERROR(__xludf.DUMMYFUNCTION("""COMPUTED_VALUE"""),"Manuel Rivera") -> Manuel Rivera | C87: =IFERROR(__xludf.DUMMYFUNCTION("""COMPUTED_VALUE"""),18.0) -> 18 | D87: =IFERROR(__xludf.DUMMYFUNCTION("""COMPUTED_VALUE"""),2.0) -> 2 | E87: =IFERROR(__xludf.DUMMYFUNCTION("""COMPUTED_VALUE"""),8.0) -> 8
B97: Top 10 Movements (UP)
B99: Name of Player | C99: Positions Moved | D99: Position Last week | E99: Position This week | F99: Points this week | G99: Court | L99: Cross Check
B100: =IFERROR(__xludf.DUMMYFUNCTION("query(B5:W69,""select B, W order by W Desc Limit 10"")"),"Naveen Raj") -> Naveen Raj | C100: =IFERROR(__xludf.DUMMYFUNCTION("""COMPUTED_VALUE"""),8.0) -> 8 | D100: =VLOOKUP(B100,indirect($AC$2&"!B$5:X$69"),23, false) -> 27 | E100: =VLOOKUP(B100,B$5:X$69,23, false) -> 19 | F100: =VLOOKUP(B100,indirect($AC$2&"!B$5:U$70"),11, false) -> 19 | G100: =VLOOKUP(B100,indirect($AC$2&"!B$5:U$70"),6, false) -> 4 | L100: =if(D100-E100=C100,"ok","Error") -> ok
B101: =IFERROR(__xludf.DUMMYFUNCTION("""COMPUTED_VALUE"""),"Jimmy Awolesi") -> Jimmy Awolesi | C101: =IFERROR(__xludf.DUMMYFUNCTION("""COMPUTED_VALUE"""),7.0) -> 7 | D101: =VLOOKUP(B101,indirect($AC$2&"!B$5:X$69"),23, false) -> 33 | E101: =VLOOKUP(B101,B$5:X$69,23, false) -> 26 | F101: =VLOOKUP(B101,indirect($AC$2&"!B$5:U$70"),11, false) -> 18 | G101: =VLOOKUP(B101,indirect($AC$2&"!B$5:U$70"),6, false) -> 5 | L101: =if(D101-E101=C101,"ok","Error") -> ok
B102: =IFERROR(__xludf.DUMMYFUNCTION("""COMPUTED_VALUE"""),"Ted Shen") -> Ted Shen | C102: =IFERROR(__xludf.DUMMYFUNCTION("""COMPUTED_VALUE"""),4.0) -> 4 | D102: =VLOOKUP(B102,indirect($AC$2&"!B$5:X$69"),23, false) -> 24 | E102: =VLOOKUP(B102,B$5:X$69,23, false) -> 20 | F102: =VLOOKUP(B102,indirect($AC$2&"!B$5:U$70"),11, false) -> 15 | G102: =VLOOKUP(B102,indirect($AC$2&"!B$5:U$70"),6, false) -> 3 | L102: =if(D102-E102=C102,"ok","Error") -> ok
B103: =IFERROR(__xludf.DUMMYFUNCTION("""COMPUTED_VALUE"""),"Mauricio Palacios") -> Mauricio Palacios | C103: =IFERROR(__xludf.DUMMYFUNCTION("""COMPUTED_VALUE"""),4.0) -> 4 | D103: =VLOOKUP(B103,indirect($AC$2&"!B$5:X$69"),23, false) -> 25 | E103: =VLOOKUP(B103,B$5:X$69,23, false) -> 21 | F103: =VLOOKUP(B103,indirect($AC$2&"!B$5:U$70"),11, false) -> 15 | G103: =VLOOKUP(B103,indirect($AC$2&"!B$5:U$70"),6, false) -> 4 | L103: =if(D103-E103=C103,"ok","Error") -> ok
B104: =IFERROR(__xludf.DUMMYFUNCTION("""COMPUTED_VALUE"""),"Vishnu Amarnath") -> Vishnu Amarnath | C104: =IFERROR(__xludf.DUMMYFUNCTION("""COMPUTED_VALUE"""),4.0) -> 4 | D104: =VLOOKUP(B104,indirect($AC$2&"!B$5:X$69"),23, false) -> 50 | E104: =VLOOKUP(B104,B$5:X$69,23, false) -> 46 | F104: =VLOOKUP(B104,indirect($AC$2&"!B$5:U$70"),11, false) -> 18 | G104: =VLOOKUP(B104,indirect($AC$2&"!B$5:U$70"),6, false) -> 7 | L104: =if(D104-E104=C104,"ok","Error") -> ok
B105: =IFERROR(__xludf.DUMMYFUNCTION("""COMPUTED_VALUE"""),"Manuel Rivera") -> Manuel Rivera | C105: =IFERROR(__xludf.DUMMYFUNCTION("""COMPUTED_VALUE"""),4.0) -> 4 | D105: =VLOOKUP(B105,indirect($AC$2&"!B$5:X$69"),23, false) -> 53 | E105: =VLOOKUP(B105,B$5:X$69,23, false) -> 49 | F105: =VLOOKUP(B105,indirect($AC$2&"!B$5:U$70"),11, false) -> 18 | G105: =VLOOKUP(B105,indirect($AC$2&"!B$5:U$70"),6, false) -> 8 | L105: =if(D105-E105=C105,"ok","Error") -> ok
B106: =IFERROR(__xludf.DUMMYFUNCTION("""COMPUTED_VALUE"""),"Wayne Liu") -> Wayne Liu | C106: =IFERROR(__xludf.DUMMYFUNCTION("""COMPUTED_VALUE"""),4.0) -> 4 | D106: =VLOOKUP(B106,indirect($AC$2&"!B$5:X$69"),23, false) -> 54 | E106: =VLOOKUP(B106,B$5:X$69,23, false) -> 50 | F106: =VLOOKUP(B106,indirect($AC$2&"!B$5:U$70"),11, false) -> 16 | G106: =VLOOKUP(B106,indirect($AC$2&"!B$5:U$70"),6, false) -> 8 | L106: =if(D106-E106=C106,"ok","Error") -> ok
B107: =IFERROR(__xludf.DUMMYFUNCTION("""COMPUTED_VALUE"""),"Herman Au") -> Herman Au | C107: =IFERROR(__xludf.DUMMYFUNCTION("""COMPUTED_VALUE"""),3.0) -> 3 | D107: =VLOOKUP(B107,indirect($AC$2&"!B$5:X$69"),23, false) -> 16 | E107: =VLOOKUP(B107,B$5:X$69,23, false) -> 13 | F107: =VLOOKUP(B107,indirect($AC$2&"!B$5:U$70"),11, false) -> 19 | G107: =VLOOKUP(B107,indirect($AC$2&"!B$5:U$70"),6, false) -> 2 | L107: =if(D107-E107=C107,"ok","Error") -> ok
B108: =IFERROR(__xludf.DUMMYFUNCTION("""COMPUTED_VALUE"""),"Suleman Alidina") -> Suleman Alidina | C108: =IFERROR(__xludf.DUMMYFUNCTION("""COMPUTED_VALUE"""),3.0) -> 3 | D108: =VLOOKUP(B108,indirect($AC$2&"!B$5:X$69"),23, false) -> 17 | E108: =VLOOKUP(B108,B$5:X$69,23, false) -> 14 | F108: =VLOOKUP(B108,indirect($AC$2&"!B$5:U$70"),11, false) -> 15 | G108: =VLOOKUP(B108,indirect($AC$2&"!B$5:U$70"),6, false) -> 3 | L108: =if(D108-E108=C108,"ok","Error") -> ok
B109: =IFERROR(__xludf.DUMMYFUNCTION("""COMPUTED_VALUE"""),"Frank Moon") -> Frank Moon | C109: =IFERROR(__xludf.DUMMYFUNCTION("""COMPUTED_VALUE"""),3.0) -> 3 | D109: =VLOOKUP(B109,indirect($AC$2&"!B$5:X$69"),23, false) -> 18 | E109: =VLOOKUP(B109,B$5:X$69,23, false) -> 15 | F109: =VLOOKUP(B109,indirect($AC$2&"!B$5:U$70"),11, false) -> 15 | G109: =VLOOKUP(B109,indirect($AC$2&"!B$5:U$70"),6, false) -> 3 | L109: =if(D109-E109=C109,"ok","Error") -> ok
A115: =CONCATENATE("TOP 10 Players after " &D2 & " Weeks") -> TOP 10 Players after 24 Weeks
A117: Ranking | B117: Name of Player | C117: Games Won | D117: Sets Won | E117: Games Won / Match
A118: =A5 -> 1 | B118: =B5 -> Adrian Tay | C118: =C5 -> 326 | D118: =D5 -> 38 | E118: =E5 -> 15.470588
A119: =A6 -> 2 | B119: =B6 -> Darren Wong | C119: =C6 -> 323 | D119: =D6 -> 36 | E119: =E6 -> 15.058824
A120: =A7 -> 3 | B120: =B7 -> Lam Bui | C120: =C7 -> 322 | D120: =D7 -> 33 | E120: =E7 -> 14.3
A121: =A8 -> 4 | B121: =B8 -> Eric Pan | C121: =C8 -> 315 | D121: =D8 -> 32 | E121: =E8 -> 15.785714
A122: =A9 -> 5 | B122: =B9 -> Pulkit Mathur | C122: =C9 -> 311 | D122: =D9 -> 31 | E122: =E9 -> 14.277778
A123: =A10 -> 6 | B123: =B10 -> Sandeep Kamalon | C123: =C10 -> 310 | D123: =D10 -> 36 | E123: =E10 -> 13.090909
A124: =A11 -> 7 | B124: =B11 -> David Shin | C124: =C11 -> 303 | D124: =D11 -> 27 | E124: =E11 -> 13.142857
A125: =A12 -> 8 | B125: =B12 -> Ethan Gu | C125: =C12 -> 301 | D125: =D12 -> 31 | E125: =E12 -> 13.047619
A126: =A13 -> 9 | B126: =B13 -> Rajasekar Ramasamy | C126: =C13 -> 301 | D126: =D13 -> 31 | E126: =E13 -> 12.681818
A127: =A14 -> 10 | B127: =B14 -> Pavan Akkimsetty | C127: =C14 -> 301 | D127: =D14 -> 25 | E127: =E14 -> 14
B131: King of Kings
B133: Name of the Player | C133: No. of Weeks
B134: =Data!F110 -> Adrian Tay | C134: =Data!G110 -> 12
B135: =Data!F111 -> Darren Wong | C135: =Data!G111 -> 4
B136: =Data!F112 -> Pulkit Mathur | C136: =Data!G112 -> 4
B137: =Data!F113 -> Eric Pan | C137: =Data!G113 -> 1
B138: =Data!F114 -> Frank Moon | C138: =Data!G114 -> 1
B139: =Data!F115 -> Lam Bui | C139: =Data!G115 -> 1
B140: =Data!F116 | C140: =Data!G116
B141: =Data!F117 | C141: =Data!G117
B142: =Data!F118 | C142: =Data!G118
B143: =Data!F119 | C143: =Data!G119
B144: =Data!F120 | C144: =Data!G120
A150: Perfect Attendence
A152: No | B152: Name of the Player
A153: =if(B153<>"",1,0) -> 1 | B153: Nicole Ni
A154: =if(B154<>"",A153+1,0) -> 0
A155: =if(B155<>"",A154+1,0) -> 0
A156: =if(B156<>"",A155+1,0) -> 0
A157: =if(B157<>"",A156+1,0) -> 0
A158: =if(B158<>"",A157+1,0) -> 0
A159: =if(B159<>"",A158+1,0) -> 0
A160: =if(B160<>"",A159+1,0) -> 0
A161: =if(B161<>"",A160+1,0) -> 0
A162: =if(B162<>"",A161+1,0) -> 0
A163: =if(B163<>"",A162+1,0) -> 0
A164: =if(B164<>"",A163+1,0) -> 0
A165: =if(B165<>"",A164+1,0) -> 0
... A168: =if(B168<>"",A167+1,0) -> 0
B181: =concatenate("Scores for : " & AC2) -> Scores for : 12/13/25
A183: Court # | B183: Name of the Player | C183: Set 1 | D183: Set 2 | E183: Set 3 | F183: Total Games won | G183: Sets Won
A184: =IFERROR(__xludf.DUMMYFUNCTION("QUERY(indirect(AC2 & ""!B5:M69""),""Select G, B, I, J, K,L, M where G > 0 order by G asc"",0)"),1.0) -> 1 | B184: =IFERROR(__xludf.DUMMYFUNCTION("""COMPUTED_VALUE"""),"Pulkit Mathur") -> Pulkit Mathur | C184: =IFERROR(__xludf.DUMMYFUNCTION("""COMPUTED_VALUE"""),6.0) -> 6 | D184: =IFERROR(__xludf.DUMMYFUNCTION("""COMPUTED_VALUE"""),4.0) -> 4 | E184: =IFERROR(__xludf.DUMMYFUNCTION("""COMPUTED_VALUE"""),4.0) -> 4 | F184: =IFERROR(__xludf.DUMMYFUNCTION("""COMPUTED_VALUE"""),14.0) -> 14 | G184: =IFERROR(__xludf.DUMMYFUNCTION("""COMPUTED_VALUE"""),1.0) -> 1
A185: =IFERROR(__xludf.DUMMYFUNCTION("""COMPUTED_VALUE"""),1.0) -> 1 | B185: =IFERROR(__xludf.DUMMYFUNCTION("""COMPUTED_VALUE"""),"Eric Pan") -> Eric Pan | C185: =IFERROR(__xludf.DUMMYFUNCTION("""COMPUTED_VALUE"""),6.0) -> 6 | D185: =IFERROR(__xludf.DUMMYFUNCTION("""COMPUTED_VALUE"""),6.0) -> 6 | E185: =IFERROR(__xludf.DUMMYFUNCTION("""COMPUTED_VALUE"""),6.0) -> 6 | F185: =IFERROR(__xludf.DUMMYFUNCTION("""COMPUTED_VALUE"""),18.0) -> 18 | G185: =IFERROR(__xludf.DUMMYFUNCTION("""COMPUTED_VALUE"""),3.0) -> 3
A186: =IFERROR(__xludf.DUMMYFUNCTION("""COMPUTED_VALUE"""),1.0) -> 1 | B186: =IFERROR(__xludf.DUMMYFUNCTION("""COMPUTED_VALUE"""),"David Shin") -> David Shin | C186: =IFERROR(__xludf.DUMMYFUNCTION("""COMPUTED_VALUE"""),2.0) -> 2 | D186: =IFERROR(__xludf.DUMMYFUNCTION("""COMPUTED_VALUE"""),4.0) -> 4 | E186: =IFERROR(__xludf.DUMMYFUNCTION("""COMPUTED_VALUE"""),6.0) -> 6 | F186: =IFERROR(__xludf.DUMMYFUNCTION("""COMPUTED_VALUE"""),12.0) -> 12 | G186: =IFERROR(__xludf.DUMMYFUNCTION("""COMPUTED_VALUE"""),1.0) -> 1
A187: =IFERROR(__xludf.DUMMYFUNCTION("""COMPUTED_VALUE"""),1.0) -> 1 | B187: =IFERROR(__xludf.DUMMYFUNCTION("""COMPUTED_VALUE"""),"Rajasekar Ramasamy") -> Rajasekar Ramasamy | C187: =IFERROR(__xludf.DUMMYFUNCTION("""COMPUTED_VALUE"""),2.0) -> 2 | D187: =IFERROR(__xludf.DUMMYFUNCTION("""COMPUTED_VALUE"""),6.0) -> 6 | E187: =IFERROR(__xludf.DUMMYFUNCTION("""COMPUTED_VALUE"""),4.0) -> 4 | F187: =IFERROR(__xludf.DUMMYFUNCTION("""COMPUTED_VALUE"""),12.0) -> 12 | G187: =IFERROR(__xludf.DUMMYFUNCTION("""COMPUTED_VALUE"""),1.0) -> 1
A188: =IFERROR(__xludf.DUMMYFUNCTION("""COMPUTED_VALUE"""),2.0) -> 2 | B188: =IFERROR(__xludf.DUMMYFUNCTION("""COMPUTED_VALUE"""),"Oscar Bonilla") -> Oscar Bonilla | C188: =IFERROR(__xludf.DUMMYFUNCTION("""COMPUTED_VALUE"""),6.0) -> 6 | D188: =IFERROR(__xludf.DUMMYFUNCTION("""COMPUTED_VALUE"""),2.0) -> 2 | E188: =IFERROR(__xludf.DUMMYFUNCTION("""COMPUTED_VALUE"""),6.0) -> 6 | F188: =IFERROR(__xludf.DUMMYFUNCTION("""COMPUTED_VALUE"""),14.0) -> 14 | G188: =IFERROR(__xludf.DUMMYFUNCTION("""COMPUTED_VALUE"""),1.0) -> 1
A189: =IFERROR(__xludf.DUMMYFUNCTION("""COMPUTED_VALUE"""),2.0) -> 2 | B189: =IFERROR(__xludf.DUMMYFUNCTION("""COMPUTED_VALUE"""),"Joe Luzzi") -> Joe Luzzi | C189: =IFERROR(__xludf.DUMMYFUNCTION("""COMPUTED_VALUE"""),6.0) -> 6 | D189: =IFERROR(__xludf.DUMMYFUNCTION("""COMPUTED_VALUE"""),6.0) -> 6 | E189: =IFERROR(__xludf.DUMMYFUNCTION("""COMPUTED_VALUE"""),3.0) -> 3 | F189: =IFERROR(__xludf.DUMMYFUNCTION("""COMPUTED_VALUE"""),15.0) -> 15 | G189: =IFERROR(__xludf.DUMMYFUNCTION("""COMPUTED_VALUE"""),1.0) -> 1
A190: =IFERROR(__xludf.DUMMYFUNCTION("""COMPUTED_VALUE"""),2.0) -> 2 | B190: =IFERROR(__xludf.DUMMYFUNCTION("""COMPUTED_VALUE"""),"Tina Hanson") -> Tina Hanson | C190: =IFERROR(__xludf.DUMMYFUNCTION("""COMPUTED_VALUE"""),7.0) -> 7 | D190: =IFERROR(__xludf.DUMMYFUNCTION("""COMPUTED_VALUE"""),2.0) -> 2 | E190: =IFERROR(__xludf.DUMMYFUNCTION("""COMPUTED_VALUE"""),3.0) -> 3 | F190: =IFERROR(__xludf.DUMMYFUNCTION("""COMPUTED_VALUE"""),12.0) -> 12 | G190: =IFERROR(__xludf.DUMMYFUNCTION("""COMPUTED_VALUE"""),1.0) -> 1
A191: =IFERROR(__xludf.DUMMYFUNCTION("""COMPUTED_VALUE"""),2.0) -> 2 | B191: =IFERROR(__xludf.DUMMYFUNCTION("""COMPUTED_VALUE"""),"Herman Au") -> Herman Au | C191: =IFERROR(__xludf.DUMMYFUNCTION("""COMPUTED_VALUE"""),7.0) -> 7 | D191: =IFERROR(__xludf.DUMMYFUNCTION("""COMPUTED_VALUE"""),6.0) -> 6 | E191: =IFERROR(__xludf.DUMMYFUNCTION("""COMPUTED_VALUE"""),6.0) -> 6 | F191: =IFERROR(__xludf.DUMMYFUNCTION("""COMPUTED_VALUE"""),19.0) -> 19 | G191: =IFERROR(__xludf.DUMMYFUNCTION("""COMPUTED_VALUE"""),3.0) -> 3
A192: =IFERROR(__xludf.DUMMYFUNCTION("""COMPUTED_VALUE"""),3.0) -> 3 | B192: =IFERROR(__xludf.DUMMYFUNCTION("""COMPUTED_VALUE"""),"Suleman Alidina") -> Suleman Alidina | C192: =IFERROR(__xludf.DUMMYFUNCTION("""COMPUTED_VALUE"""),6.0) -> 6 | D192: =IFERROR(__xludf.DUMMYFUNCTION("""COMPUTED_VALUE"""),3.0) -> 3 | E192: =IFERROR(__xludf.DUMMYFUNCTION("""COMPUTED_VALUE"""),6.0) -> 6 | F192: =IFERROR(__xludf.DUMMYFUNCTION("""COMPUTED_VALUE"""),15.0) -> 15 | G192: =IFERROR(__xludf.DUMMYFUNCTION("""COMPUTED_VALUE"""),2.0) -> 2
A193: =IFERROR(__xludf.DUMMYFUNCTION("""COMPUTED_VALUE"""),3.0) -> 3 | B193: =IFERROR(__xludf.DUMMYFUNCTION("""COMPUTED_VALUE"""),"Frank Moon") -> Frank Moon | C193: =IFERROR(__xludf.DUMMYFUNCTION("""COMPUTED_VALUE"""),3.0) -> 3 | D193: =IFERROR(__xludf.DUMMYFUNCTION("""COMPUTED_VALUE"""),6.0) -> 6 | E193: =IFERROR(__xludf.DUMMYFUNCTION("""COMPUTED_VALUE"""),6.0) -> 6 | F193: =IFERROR(__xludf.DUMMYFUNCTION("""COMPUTED_VALUE"""),15.0) -> 15 | G193: =IFERROR(__xludf.DUMMYFUNCTION("""COMPUTED_VALUE"""),2.0) -> 2
A194: =IFERROR(__xludf.DUMMYFUNCTION("""COMPUTED_VALUE"""),3.0) -> 3 | B194: =IFERROR(__xludf.DUMMYFUNCTION("""COMPUTED_VALUE"""),"Allen Zhang") -> Allen Zhang | C194: =IFERROR(__xludf.DUMMYFUNCTION("""COMPUTED_VALUE"""),3.0) -> 3 | D194: =IFERROR(__xludf.DUMMYFUNCTION("""COMPUTED_VALUE"""),3.0) -> 3 | E194: =IFERROR(__xludf.DUMMYFUNCTION("""COMPUTED_VALUE"""),3.0) -> 3 | F194: =IFERROR(__xludf.DUMMYFUNCTION("""COMPUTED_VALUE"""),9.0) -> 9 | G194: =IFERROR(__xludf.DUMMYFUNCTION("""COMPUTED_VALUE"""),0.0) -> 0
A195: =IFERROR(__xludf.DUMMYFUNCTION("""COMPUTED_VALUE"""),3.0) -> 3 | B195: =IFERROR(__xludf.DUMMYFUNCTION("""COMPUTED_VALUE"""),"Ted Shen") -> Ted Shen | C195: =IFERROR(__xludf.DUMMYFUNCTION("""COMPUTED_VALUE"""),6.0) -> 6 | D195: =IFERROR(__xludf.DUMMYFUNCTION("""COMPUTED_VALUE"""),6.0) -> 6 | E195: =IFERROR(__xludf.DUMMYFUNCTION("""COMPUTED_VALUE"""),3.0) -> 3 | F195: =IFERROR(__xludf.DUMMYFUNCTION("""COMPUTED_VALUE"""),15.0) -> 15 | G195: =IFERROR(__xludf.DUMMYFUNCTION("""COMPUTED_VALUE"""),2.0) -> 2
A196: =IFERROR(__xludf.DUMMYFUNCTION("""COMPUTED_VALUE"""),4.0) -> 4 | B196: =IFERROR(__xludf.DUMMYFUNCTION("""COMPUTED_VALUE"""),"Mauricio Palacios") -> Mauricio Palacios | C196: =IFERROR(__xludf.DUMMYFUNCTION("""COMPUTED_VALUE"""),4.0) -> 4 | D196: =IFERROR(__xludf.DUMMYFUNCTION("""COMPUTED_VALUE"""),6.0) -> 6 | E196: =IFERROR(__xludf.DUMMYFUNCTION("""COMPUTED_VALUE"""),5.0) -> 5 | F196: =IFERROR(__xludf.DUMMYFUNCTION("""COMPUTED_VALUE"""),15.0) -> 15 | G196: =IFERROR(__xludf.DUMMYFUNCTION("""COMPUTED_VALUE"""),1.0) -> 1
...

Sheet Courts
A1: Court # | B1: Name of the Player | C1: Games Won | D1: Sets Won | E1: Check In | F1: Set 1 | G1: Set 2 | H1: Set 3 | I1: Total Games won | J1: Sets Won | K1: Court # | L1: Scores Entered by | M1: Mark 'X', if the court needs to be played at WHS | O1: Set 1 | P1: Set 2 | Q1: Set 3 | R1: Sets Won | U1: Set 1 | V1: Set 2 | W1: Set 2 | Y1: Sets Validations | AB1: Set 1 | AC1: Set 2 | AD1: Set 2
A2: 1 | B2: =IFERROR(__xludf.DUMMYFUNCTION("QUERY(indirect(""'"" & ""Current"" & ""'!B5:F69""),""Select B, C, D, F where F = 1 or F = 2 "",0)"),"Pulkit Mathur") -> Pulkit Mathur | C2: =IFERROR(__xludf.DUMMYFUNCTION("""COMPUTED_VALUE"""),311.0) -> 311 | D2: =IFERROR(__xludf.DUMMYFUNCTION("""COMPUTED_VALUE"""),31.0) -> 31 | E2: =IFERROR(__xludf.DUMMYFUNCTION("""COMPUTED_VALUE"""),1.0) -> 1 | F2: 6 | G2: 6 | H2: 5 | I2: =sum(F2:H2) -> 17 | J2: 1 | K2: =A2 -> 1 | O2: =if(F2=max(F$2:F$5),1,0) -> 1 | P2: =if(G2=max(G$2:G$5),1,0) -> 0 | Q2: =if(H2=max(H$2:H$5),1,0) -> 0 | R2: =sum(O2:Q2) -> 1 | U2: =if(COUNTIF(AB2:AB4,"Good")=2,"Good","Error") -> Good | V2: =if(COUNTIF(AC2:AC4,"Good")=2,"Good","Error") -> Good | W2: =if(COUNTIF(AD2:AD4,"Good")=2,"Good","Error") -> Good | Y2: =sum(J2:J5) -> 6 | Z2: =if(Y2=0,"",if(Y2=6,"Good","ERROR")) -> Good | AB2: =if(isna(VLOOKUP(F2,F3:F5,1,false)),"Error","Good") -> Good | AC2: =if(isna(VLOOKUP(G2,G3:G5,1,false)),"Error","Good") -> Good | AD2: =if(isna(VLOOKUP(H2,H3:H5,1,false)),"Error","Good") -> Good
A3: 1 | B3: =IFERROR(__xludf.DUMMYFUNCTION("""COMPUTED_VALUE"""),"David Shin") -> David Shin | C3: =IFERROR(__xludf.DUMMYFUNCTION("""COMPUTED_VALUE"""),303.0) -> 303 | D3: =IFERROR(__xludf.DUMMYFUNCTION("""COMPUTED_VALUE"""),27.0) -> 27 | E3: =IFERROR(__xludf.DUMMYFUNCTION("""COMPUTED_VALUE"""),1.0) -> 1 | F3: 3 | G3: 6 | H3: 7 | I3: =sum(F3:H3) -> 16 | J3: 1 | K3: =A3 -> 1 | O3: =if(F3=max(F$2:F$5),1,0) -> 0 | P3: =if(G3=max(G$2:G$5),1,0) -> 0 | Q3: =if(H3=max(H$2:H$5),1,0) -> 1 | R3: =sum(O3:Q3) -> 1 | AB3: =if(isna(VLOOKUP(F3,F4:F5,1,false)),"Error","Good") -> Good | AC3: =if(isna(VLOOKUP(G3,G4:G5,1,false)),"Error","Good") -> Error | AD3: =if(isna(VLOOKUP(H3,H4:H5,1,false)),"Error","Good") -> Good | AJ3: Alejandro Mejia
A4: 1 | B4: =IFERROR(__xludf.DUMMYFUNCTION("""COMPUTED_VALUE"""),"Ethan Gu") -> Ethan Gu | C4: =IFERROR(__xludf.DUMMYFUNCTION("""COMPUTED_VALUE"""),301.0) -> 301 | D4: =IFERROR(__xludf.DUMMYFUNCTION("""COMPUTED_VALUE"""),31.0) -> 31 | E4: =IFERROR(__xludf.DUMMYFUNCTION("""COMPUTED_VALUE"""),1.0) -> 1 | F4: 3 | G4: 7 | H4: 5 | I4: =sum(F4:H4) -> 15 | J4: 1 | K4: =A4 -> 1 | O4: =if(F4=max(F$2:F$5),1,0) -> 0 | P4: =if(G4=max(G$2:G$5),1,0) -> 1 | Q4: =if(H4=max(H$2:H$5),1,0) -> 0 | R4: =sum(O4:Q4) -> 1 | AB4: =if(F4=F5,"Good") -> FALSE | AC4: =if(G4=G5,"Good") -> Good | AD4: =if(H4=H5,"Good") -> FALSE | AJ4: Jimmy Awolesi
A5: 1 | B5: =IFERROR(__xludf.DUMMYFUNCTION("""COMPUTED_VALUE"""),"Joe Luzzi") -> Joe Luzzi | C5: =IFERROR(__xludf.DUMMYFUNCTION("""COMPUTED_VALUE"""),300.0) -> 300 | D5: =IFERROR(__xludf.DUMMYFUNCTION("""COMPUTED_VALUE"""),21.0) -> 21 | E5: =IFERROR(__xludf.DUMMYFUNCTION("""COMPUTED_VALUE"""),1.0) -> 1 | F5: 6 | G5: 7 | H5: 7 | I5: =sum(F5:H5) -> 20 | J5: 3 | K5: =A5 -> 1 | L5: Chinna Ponnaganti | O5: =if(F5=max(F$2:F$5),1,0) -> 1 | P5: =if(G5=max(G$2:G$5),1,0) -> 1 | Q5: =if(H5=max(H$2:H$5),1,0) -> 1 | R5: =sum(O5:Q5) -> 3 | AJ5: Tony Wong
A6: 2 | B6: =IFERROR(__xludf.DUMMYFUNCTION("""COMPUTED_VALUE"""),"Suleman Alidina") -> Suleman Alidina | C6: =IFERROR(__xludf.DUMMYFUNCTION("""COMPUTED_VALUE"""),293.0) -> 293 | D6: =IFERROR(__xludf.DUMMYFUNCTION("""COMPUTED_VALUE"""),29.0) -> 29 | E6: =IFERROR(__xludf.DUMMYFUNCTION("""COMPUTED_VALUE"""),2.0) -> 2 | I6: =sum(F6:H6) -> 0 | K6: =A6 -> 2 | O6: =if(F6=max(F$6:F$9),1,0) -> 1 | P6: =if(G6=max(G$6:G$9),1,0) -> 1 | Q6: =if(H6=max(H$6:H$9),1,0) -> 1 | R6: =sum(O6:Q6) -> 3 | U6: =if(COUNTIF(AB6:AB8,"Good")=2,"Good","Error") -> Error | V6: =if(COUNTIF(AC6:AC8,"Good")=2,"Good","Error") -> Error | W6: =if(COUNTIF(AD6:AD8,"Good")=2,"Good","Error") -> Error | Y6: =sum(J6:J9) -> 0 | Z6: =if(Y6=0,"",if(Y6=6,"Good","ERROR")) | AB6: =if(isna(VLOOKUP(F6,F7:F9,1,false)),"Error","Good") -> Error | AC6: =if(isna(VLOOKUP(G6,G7:G9,1,false)),"Error","Good") -> Error | AD6: =if(isna(VLOOKUP(H6,H7:H9,1,false)),"Error","Good") -> Error | AJ6: Vinaya Kajla
A7: 2 | B7: =IFERROR(__xludf.DUMMYFUNCTION("""COMPUTED_VALUE"""),"Tina Hanson") -> Tina Hanson | C7: =IFERROR(__xludf.DUMMYFUNCTION("""COMPUTED_VALUE"""),292.0) -> 292 | D7: =IFERROR(__xludf.DUMMYFUNCTION("""COMPUTED_VALUE"""),29.0) -> 29 | E7: =IFERROR(__xludf.DUMMYFUNCTION("""COMPUTED_VALUE"""),1.0) -> 1 | I7: =sum(F7:H7) -> 0 | K7: =A7 -> 2 | O7: =if(F7=max(F$6:F$9),1,0) -> 1 | P7: =if(G7=max(G$6:G$9),1,0) -> 1 | Q7: =if(H7=max(H$6:H$9),1,0) -> 1 | R7: =sum(O7:Q7) -> 3 | AB7: =if(isna(VLOOKUP(F7,F8:F9,1,false)),"Error","Good") -> Error | AC7: =if(isna(VLOOKUP(G7,G8:G9,1,false)),"Error","Good") -> Error | AD7: =if(isna(VLOOKUP(H7,H8:H9,1,false)),"Error","Good") -> Error
A8: 2 | B8: =IFERROR(__xludf.DUMMYFUNCTION("""COMPUTED_VALUE"""),"Naveen Raj") -> Naveen Raj | C8: =IFERROR(__xludf.DUMMYFUNCTION("""COMPUTED_VALUE"""),288.0) -> 288 | D8: =IFERROR(__xludf.DUMMYFUNCTION("""COMPUTED_VALUE"""),29.0) -> 29 | E8: =IFERROR(__xludf.DUMMYFUNCTION("""COMPUTED_VALUE"""),1.0) -> 1 | I8: =sum(F8:H8) -> 0 | K8: =A8 -> 2 | O8: =if(F8=max(F$6:F$9),1,0) -> 1 | P8: =if(G8=max(G$6:G$9),1,0) -> 1 | Q8: =if(H8=max(H$6:H$9),1,0) -> 1 | R8: =sum(O8:Q8) -> 3 | AB8: =if(F8=F9,"Good") -> Good | AC8: =if(G8=G9,"Good") -> Good | AD8: =if(H8=H9,"Good") -> Good
A9: 2 | B9: =IFERROR(__xludf.DUMMYFUNCTION("""COMPUTED_VALUE"""),"Ted Shen") -> Ted Shen | C9: =IFERROR(__xludf.DUMMYFUNCTION("""COMPUTED_VALUE"""),286.0) -> 286 | D9: =IFERROR(__xludf.DUMMYFUNCTION("""COMPUTED_VALUE"""),27.0) -> 27 | E9: =IFERROR(__xludf.DUMMYFUNCTION("""COMPUTED_VALUE"""),1.0) -> 1 | I9: =sum(F9:H9) -> 0 | K9: =A9 -> 2 | O9: =if(F9=max(F$6:F$9),1,0) -> 1 | P9: =if(G9=max(G$6:G$9),1,0) -> 1 | Q9: =if(H9=max(H$6:H$9),1,0) -> 1 | R9: =sum(O9:Q9) -> 3
A10: 3 | B10: =IFERROR(__xludf.DUMMYFUNCTION("""COMPUTED_VALUE"""),"Mauricio Palacios") -> Mauricio Palacios | C10: =IFERROR(__xludf.DUMMYFUNCTION("""COMPUTED_VALUE"""),286.0) -> 286 | D10: =IFERROR(__xludf.DUMMYFUNCTION("""COMPUTED_VALUE"""),22.0) -> 22 | E10: =IFERROR(__xludf.DUMMYFUNCTION("""COMPUTED_VALUE"""),1.0) -> 1 | I10: =sum(F10:H10) -> 0 | K10: =A10 -> 3 | O10: =if(F10=max(F$10:F$13),1,0) -> 1 | P10: =if(G10=max(G$10:G$13),1,0) -> 1 | Q10: =if(H10=max(H$10:H$13),1,0) -> 1 | R10: =sum(O10:Q10) -> 3 | U10: =if(COUNTIF(AB10:AB12,"Good")=2,"Good","Error") -> Error | V10: =if(COUNTIF(AC10:AC12,"Good")=2,"Good","Error") -> Error | W10: =if(COUNTIF(AD10:AD12,"Good")=2,"Good","Error") -> Error | Y10: =sum(J10:J13) -> 0 | Z10: =if(Y10=0,"",if(Y10=6,"Good","ERROR")) | AB10: =if(isna(VLOOKUP(F10,F11:F13,1,false)),"Error","Good") -> Error | AC10: =if(isna(VLOOKUP(G10,G11:G13,1,false)),"Error","Good") -> Error | AD10: =if(isna(VLOOKUP(H10,H11:H13,1,false)),"Error","Good") -> Error
A11: 3 | B11: =IFERROR(__xludf.DUMMYFUNCTION("""COMPUTED_VALUE"""),"Elayaraja Thangaraj") -> Elayaraja Thangaraj | C11: =IFERROR(__xludf.DUMMYFUNCTION("""COMPUTED_VALUE"""),286.0) -> 286 | D11: =IFERROR(__xludf.DUMMYFUNCTION("""COMPUTED_VALUE"""),21.0) -> 21 | E11: =IFERROR(__xludf.DUMMYFUNCTION("""COMPUTED_VALUE"""),1.0) -> 1 | I11: =sum(F11:H11) -> 0 | K11: =A11 -> 3 | O11: =if(F11=max(F$10:F$13),1,0) -> 1 | P11: =if(G11=max(G$10:G$13),1,0) -> 1 | Q11: =if(H11=max(H$10:H$13),1,0) -> 1 | R11: =sum(O11:Q11) -> 3 | AB11: =if(isna(VLOOKUP(F11,F12:F13,1,false)),"Error","Good") -> Error | AC11: =if(isna(VLOOKUP(G11,G12:G13,1,false)),"Error","Good") -> Error | AD11: =if(isna(VLOOKUP(H11,H12:H13,1,false)),"Error","Good") -> Error | AJ11: Suleman Alidina
A12: 3 | B12: =IFERROR(__xludf.DUMMYFUNCTION("""COMPUTED_VALUE"""),"Coco Yan") -> Coco Yan | C12: =IFERROR(__xludf.DUMMYFUNCTION("""COMPUTED_VALUE"""),285.0) -> 285 | D12: =IFERROR(__xludf.DUMMYFUNCTION("""COMPUTED_VALUE"""),22.0) -> 22 | E12: =IFERROR(__xludf.DUMMYFUNCTION("""COMPUTED_VALUE"""),1.0) -> 1 | I12: =sum(F12:H12) -> 0 | K12: =A12 -> 3 | O12: =if(F12=max(F$10:F$13),1,0) -> 1 | P12: =if(G12=max(G$10:G$13),1,0) -> 1 | Q12: =if(H12=max(H$10:H$13),1,0) -> 1 | R12: =sum(O12:Q12) -> 3 | AB12: =if(F12=F13,"Good") -> Good | AC12: =if(G12=G13,"Good") -> Good | AD12: =if(H12=H13,"Good") -> Good | AJ12: Ash Nikravan
A13: 3 | B13: =IFERROR(__xludf.DUMMYFUNCTION("""COMPUTED_VALUE"""),"Allen Zhang") -> Allen Zhang | C13: =IFERROR(__xludf.DUMMYFUNCTION("""COMPUTED_VALUE"""),284.0) -> 284 | D13: =IFERROR(__xludf.DUMMYFUNCTION("""COMPUTED_VALUE"""),24.0) -> 24 | E13: =IFERROR(__xludf.DUMMYFUNCTION("""COMPUTED_VALUE"""),1.0) -> 1 | I13: =sum(F13:H13) -> 0 | K13: =A13 -> 3 | O13: =if(F13=max(F$10:F$13),1,0) -> 1 | P13: =if(G13=max(G$10:G$13),1,0) -> 1 | Q13: =if(H13=max(H$10:H$13),1,0) -> 1 | R13: =sum(O13:Q13) -> 3 | AJ13: Susanta Mishra
A14: 4 | B14: =IFERROR(__xludf.DUMMYFUNCTION("""COMPUTED_VALUE"""),"Jimmy Awolesi") -> Jimmy Awolesi | C14: =IFERROR(__xludf.DUMMYFUNCTION("""COMPUTED_VALUE"""),283.0) -> 283 | D14: =IFERROR(__xludf.DUMMYFUNCTION("""COMPUTED_VALUE"""),25.0) -> 25 | E14: =IFERROR(__xludf.DUMMYFUNCTION("""COMPUTED_VALUE"""),1.0) -> 1 | I14: =sum(F14:H14) -> 0 | K14: =A14 -> 4 | O14: =if(F14=max(F$14:F$17),1,0) -> 1 | P14: =if(G14=max(G$14:G$17),1,0) -> 1 | Q14: =if(H14=max(H$14:H$17),1,0) -> 1 | R14: =sum(O14:Q14) -> 3 | U14: =if(COUNTIF(AB14:AB16,"Good")=2,"Good","Error") -> Error | V14: =if(COUNTIF(AC14:AC16,"Good")=2,"Good","Error") -> Error | W14: =if(COUNTIF(AD14:AD16,"Good")=2,"Good","Error") -> Error | Y14: =sum(J14:J17) -> 0 | Z14: =if(Y14=0,"",if(Y14=6,"Good","ERROR")) | AB14: =if(isna(VLOOKUP(F14,F15:F17,1,false)),"Error","Good") -> Error | AC14: =if(isna(VLOOKUP(G14,G15:G17,1,false)),"Error","Good") -> Error | AD14: =if(isna(VLOOKUP(H14,H15:H17,1,false)),"Error","Good") -> Error | AJ14: David Tam
A15: 4 | B15: =IFERROR(__xludf.DUMMYFUNCTION("""COMPUTED_VALUE"""),"Nicole Ni") -> Nicole Ni | C15: =IFERROR(__xludf.DUMMYFUNCTION("""COMPUTED_VALUE"""),283.0) -> 283 | D15: =IFERROR(__xludf.DUMMYFUNCTION("""COMPUTED_VALUE"""),23.0) -> 23 | E15: =IFERROR(__xludf.DUMMYFUNCTION("""COMPUTED_VALUE"""),1.0) -> 1 | I15: =sum(F15:H15) -> 0 | K15: =A15 -> 4 | O15: =if(F15=max(F$14:F$17),1,0) -> 1 | P15: =if(G15=max(G$14:G$17),1,0) -> 1 | Q15: =if(H15=max(H$14:H$17),1,0) -> 1 | R15: =sum(O15:Q15) -> 3 | AB15: =if(isna(VLOOKUP(F15,F16:F17,1,false)),"Error","Good") -> Error | AC15: =if(isna(VLOOKUP(G15,G16:G17,1,false)),"Error","Good") -> Error | AD15: =if(isna(VLOOKUP(H15,H16:H17,1,false)),"Error","Good") -> Error
A16: 4 | B16: =IFERROR(__xludf.DUMMYFUNCTION("""COMPUTED_VALUE"""),"Erik Hoeckmann") -> Erik Hoeckmann | C16: =IFERROR(__xludf.DUMMYFUNCTION("""COMPUTED_VALUE"""),281.0) -> 281 | D16: =IFERROR(__xludf.DUMMYFUNCTION("""COMPUTED_VALUE"""),22.0) -> 22 | E16: =IFERROR(__xludf.DUMMYFUNCTION("""COMPUTED_VALUE"""),1.0) -> 1 | I16: =sum(F16:H16) -> 0 | K16: =A16 -> 4 | O16: =if(F16=max(F$14:F$17),1,0) -> 1 | P16: =if(G16=max(G$14:G$17),1,0) -> 1 | Q16: =if(H16=max(H$14:H$17),1,0) -> 1 | R16: =sum(O16:Q16) -> 3 | AB16: =if(F16=F17,"Good") -> Good | AC16: =if(G16=G17,"Good") -> Good | AD16: =if(H16=H17,"Good") -> Good
A17: 4 | B17: =IFERROR(__xludf.DUMMYFUNCTION("""COMPUTED_VALUE"""),"Hongyuan Wen") -> Hongyuan Wen | C17: =IFERROR(__xludf.DUMMYFUNCTION("""COMPUTED_VALUE"""),278.0) -> 278 | D17: =IFERROR(__xludf.DUMMYFUNCTION("""COMPUTED_VALUE"""),19.0) -> 19 | E17: =IFERROR(__xludf.DUMMYFUNCTION("""COMPUTED_VALUE"""),1.0) -> 1 | I17: =sum(F17:H17) -> 0 | K17: =A17 -> 4 | O17: =if(F17=max(F$14:F$17),1,0) -> 1 | P17: =if(G17=max(G$14:G$17),1,0) -> 1 | Q17: =if(H17=max(H$14:H$17),1,0) -> 1 | R17: =sum(O17:Q17) -> 3
A18: 5 | B18: =IFERROR(__xludf.DUMMYFUNCTION("""COMPUTED_VALUE"""),"Jim Miao") -> Jim Miao | C18: =IFERROR(__xludf.DUMMYFUNCTION("""COMPUTED_VALUE"""),275.0) -> 275 | D18: =IFERROR(__xludf.DUMMYFUNCTION("""COMPUTED_VALUE"""),22.0) -> 22 | E18: =IFERROR(__xludf.DUMMYFUNCTION("""COMPUTED_VALUE"""),1.0) -> 1 | I18: =sum(F18:H18) -> 0 | K18: =A18 -> 5 | O18: =if(F18=max(F$18:F$21),1,0) -> 1 | P18: =if(G18=max(G$18:G$21),1,0) -> 1 | Q18: =if(H18=max(H$18:H$21),1,0) -> 1 | R18: =sum(O18:Q18) -> 3 | U18: =if(COUNTIF(AB18:AB20,"Good")=2,"Good","Error") -> Error | V18: =if(COUNTIF(AC18:AC20,"Good")=2,"Good","Error") -> Error | W18: =if(COUNTIF(AD18:AD20,"Good")=2,"Good","Error") -> Error | Y18: =sum(J18:J21) -> 0 | Z18: =if(Y18=0,"",if(Y18=6,"Good","ERROR")) | AB18: =if(isna(VLOOKUP(F18,F19:F21,1,false)),"Error","Good") -> Error | AC18: =if(isna(VLOOKUP(G18,G19:G21,1,false)),"Error","Good") -> Error | AD18: =if(isna(VLOOKUP(H18,H19:H21,1,false)),"Error","Good") -> Error | AJ18: Pulkit Mathur
A19: 5 | B19: =IFERROR(__xludf.DUMMYFUNCTION("""COMPUTED_VALUE"""),"Sean Chang") -> Sean Chang | C19: =IFERROR(__xludf.DUMMYFUNCTION("""COMPUTED_VALUE"""),271.0) -> 271 | D19: =IFERROR(__xludf.DUMMYFUNCTION("""COMPUTED_VALUE"""),22.0) -> 22 | E19: =IFERROR(__xludf.DUMMYFUNCTION("""COMPUTED_VALUE"""),1.0) -> 1 | I19: =sum(F19:H19) -> 0 | K19: =A19 -> 5 | O19: =if(F19=max(F$18:F$21),1,0) -> 1 | P19: =if(G19=max(G$18:G$21),1,0) -> 1 | Q19: =if(H19=max(H$18:H$21),1,0) -> 1 | R19: =sum(O19:Q19) -> 3 | AB19: =if(isna(VLOOKUP(F19,F20:F21,1,false)),"Error","Good") -> Error | AC19: =if(isna(VLOOKUP(G19,G20:G21,1,false)),"Error","Good") -> Error | AD19: =if(isna(VLOOKUP(H19,H20:H21,1,false)),"Error","Good") -> Error | AJ19: Kingsley Kuo
A20: 5 | B20: =IFERROR(__xludf.DUMMYFUNCTION("""COMPUTED_VALUE"""),"Manish Anand") -> Manish Anand | C20: =IFERROR(__xludf.DUMMYFUNCTION("""COMPUTED_VALUE"""),247.0) -> 247 | D20: =IFERROR(__xludf.DUMMYFUNCTION("""COMPUTED_VALUE"""),12.0) -> 12 | E20: =IFERROR(__xludf.DUMMYFUNCTION("""COMPUTED_VALUE"""),1.0) -> 1 | I20: =sum(F20:H20) -> 0 | K20: =A20 -> 5 | O20: =if(F20=max(F$18:F$21),1,0) -> 1 | P20: =if(G20=max(G$18:G$21),1,0) -> 1 | Q20: =if(H20=max(H$18:H$21),1,0) -> 1 | R20: =sum(O20:Q20) -> 3 | AB20: =if(F20=F21,"Good") -> Good | AC20: =if(G20=G21,"Good") -> Good | AD20: =if(H20=H21,"Good") -> Good | AJ20: Scott Li
A21: 5 | B21: =IFERROR(__xludf.DUMMYFUNCTION("""COMPUTED_VALUE"""),"Susanta Mishra") -> Susanta Mishra | C21: =IFERROR(__xludf.DUMMYFUNCTION("""COMPUTED_VALUE"""),224.0) -> 224 | D21: =IFERROR(__xludf.DUMMYFUNCTION("""COMPUTED_VALUE"""),7.0) -> 7 | E21: =IFERROR(__xludf.DUMMYFUNCTION("""COMPUTED_VALUE"""),1.0) -> 1 | I21: =sum(F21:H21) -> 0 | K21: =A21 -> 5 | O21: =if(F21=max(F$18:F$21),1,0) -> 1 | P21: =if(G21=max(G$18:G$21),1,0) -> 1 | Q21: =if(H21=max(H$18:H$21),1,0) -> 1 | R21: =sum(O21:Q21) -> 3 | AJ21: Vamsi Lolla
A22: 6 | B22: =IFERROR(__xludf.DUMMYFUNCTION("""COMPUTED_VALUE"""),"Luis Hsu") -> Luis Hsu | C22: =IFERROR(__xludf.DUMMYFUNCTION("""COMPUTED_VALUE"""),216.0) -> 216 | D22: =IFERROR(__xludf.DUMMYFUNCTION("""COMPUTED_VALUE"""),3.0) -> 3 | E22: =IFERROR(__xludf.DUMMYFUNCTION("""COMPUTED_VALUE"""),1.0) -> 1 | I22: =sum(F22:H22) -> 0 | K22: =A22 -> 6 | O22: =if(F22=max(F$22:F$25),1,0) -> 1 | P22: =if(G22=max(G$22:G$25),1,0) -> 1 | Q22: =if(H22=max(H$22:H$25),1,0) -> 1 | R22: =sum(O22:Q22) -> 3 | U22: =if(COUNTIF(AB22:AB24,"Good")=2,"Good","Error") -> Error | V22: =if(COUNTIF(AC22:AC24,"Good")=2,"Good","Error") -> Error | W22: =if(COUNTIF(AD22:AD24,"Good")=2,"Good","Error") -> Error | Y22: =sum(J22:J25) -> 0 | Z22: =if(Y22=0,"",if(Y22=6,"Good","ERROR")) | AB22: =if(isna(VLOOKUP(F22,F23:F25,1,false)),"Error","Good") -> Error | AC22: =if(isna(VLOOKUP(G22,G23:G25,1,false)),"Error","Good") -> Error | AD22: =if(isna(VLOOKUP(H22,H23:H25,1,false)),"Error","Good") -> Error
A23: 6 | B23: =IFERROR(__xludf.DUMMYFUNCTION("""COMPUTED_VALUE"""),"Lloyd Sagar") -> Lloyd Sagar | C23: =IFERROR(__xludf.DUMMYFUNCTION("""COMPUTED_VALUE"""),207.0) -> 207 | D23: =IFERROR(__xludf.DUMMYFUNCTION("""COMPUTED_VALUE"""),0.0) -> 0 | E23: =IFERROR(__xludf.DUMMYFUNCTION("""COMPUTED_VALUE"""),1.0) -> 1 | I23: =sum(F23:H23) -> 0 | K23: =A23 -> 6 | O23: =if(F23=max(F$22:F$25),1,0) -> 1 | P23: =if(G23=max(G$22:G$25),1,0) -> 1 | Q23: =if(H23=max(H$22:H$25),1,0) -> 1 | R23: =sum(O23:Q23) -> 3 | AB23: =if(isna(VLOOKUP(F23,F24:F25,1,false)),"Error","Good") -> Error | AC23: =if(isna(VLOOKUP(G23,G24:G25,1,false)),"Error","Good") -> Error | AD23: =if(isna(VLOOKUP(H23,H24:H25,1,false)),"Error","Good") -> Error
A24: 6 | I24: =sum(F24:H24) -> 0 | K24: =A24 -> 6 | O24: =if(F24=max(F$22:F$25),1,0) -> 1 | P24: =if(G24=max(G$22:G$25),1,0) -> 1 | Q24: =if(H24=max(H$22:H$25),1,0) -> 1 | R24: =sum(O24:Q24) -> 3 | AB24: =if(F24=F25,"Good") -> Good | AC24: =if(G24=G25,"Good") -> Good | AD24: =if(H24=H25,"Good") -> Good | AJ24: Rajasekar Ramasamy
A25: 6 | I25: =sum(F25:H25) -> 0 | K25: =A25 -> 6 | O25: =if(F25=max(F$22:F$25),1,0) -> 1 | P25: =if(G25=max(G$22:G$25),1,0) -> 1 | Q25: =if(H25=max(H$22:H$25),1,0) -> 1 | R25: =sum(O25:Q25) -> 3 | AJ25: Anish Kumar
A26: 7 | I26: =sum(F26:H26) -> 0 | K26: =A26 -> 7 | O26: =if(F26=max(F$26:F$29),1,0) -> 1 | P26: =if(G26=max(G$26:G$29),1,0) -> 1 | Q26: =if(H26=max(H$26:H$29),1,0) -> 1 | R26: =sum(O26:Q26) -> 3 | U26: =if(COUNTIF(AB26:AB28,"Good")=2,"Good","Error") -> Error | V26: =if(COUNTIF(AC26:AC28,"Good")=2,"Good","Error") -> Error | W26: =if(COUNTIF(AD26:AD28,"Good")=2,"Good","Error") -> Error | Y26: =sum(J26:J29) -> 0 | Z26: =if(Y26=0,"",if(Y26=6,"Good","ERROR")) | AB26: =if(isna(VLOOKUP(F26,F27:F29,1,false)),"Error","Good") -> Error | AC26: =if(isna(VLOOKUP(G26,G27:G29,1,false)),"Error","Good") -> Error | AD26: =if(isna(VLOOKUP(H26,H27:H29,1,false)),"Error","Good") -> Error | AJ26: Manuel Rivera
A27: 7 | I27: =sum(F27:H27) -> 0 | K27: =A27 -> 7 | O27: =if(F27=max(F$26:F$29),1,0) -> 1 | P27: =if(G27=max(G$26:G$29),1,0) -> 1 | Q27: =if(H27=max(H$26:H$29),1,0) -> 1 | R27: =sum(O27:Q27) -> 3 | AB27: =if(isna(VLOOKUP(F27,F28:F29,1,false)),"Error","Good") -> Error | AC27: =if(isna(VLOOKUP(G27,G28:G29,1,false)),"Error","Good") -> Error | AD27: =if(isna(VLOOKUP(H27,H28:H29,1,false)),"Error","Good") -> Error | AJ27: Ted Shen
A28: 7 | I28: =sum(F28:H28) -> 0 | K28: =A28 -> 7 | O28: =if(F28=max(F$26:F$29),1,0) -> 1 | P28: =if(G28=max(G$26:G$29),1,0) -> 1 | Q28: =if(H28=max(H$26:H$29),1,0) -> 1 | R28: =sum(O28:Q28) -> 3 | AB28: =if(F28=F29,"Good") -> Good | AC28: =if(G28=G29,"Good") -> Good | AD28: =if(H28=H29,"Good") -> Good
A29: 7 | I29: =sum(F29:H29) -> 0 | K29: =A29 -> 7 | O29: =if(F29=max(F$26:F$29),1,0) -> 1 | P29: =if(G29=max(G$26:G$29),1,0) -> 1 | Q29: =if(H29=max(H$26:H$29),1,0) -> 1 | R29: =sum(O29:Q29) -> 3
A30: 8 | I30: =sum(F30:H30) -> 0 | K30: =A30 -> 8 | O30: =if(F30=max(F$30:F$33),1,0) -> 1 | P30: =if(G30=max(G$30:G$33),1,0) -> 1 | Q30: =if(H30=max(H$30:H$33),1,0) -> 1 | R30: =sum(O30:Q30) -> 3 | U30: =if(COUNTIF(AB30:AB32,"Good")=2,"Good","Error") -> Error | V30: =if(COUNTIF(AC30:AC32,"Good")=2,"Good","Error") -> Error | W30: =if(COUNTIF(AD30:AD32,"Good")=2,"Good","Error") -> Error | Y30: =sum(J30:J33) -> 0 | Z30: =if(Y30=0,"",if(Y30=6,"Good","ERROR")) | AB30: =if(isna(VLOOKUP(F30,F31:F33,1,false)),"Error","Good") -> Error | AC30: =if(isna(VLOOKUP(G30,G31:G33,1,false)),"Error","Good") -> Error | AD30: =if(isna(VLOOKUP(H30,H31:H33,1,false)),"Error","Good") -> Error
A31: 8 | I31: =sum(F31:H31) -> 0 | K31: =A31 -> 8 | O31: =if(F31=max(F$30:F$33),1,0) -> 1 | P31: =if(G31=max(G$30:G$33),1,0) -> 1 | Q31: =if(H31=max(H$30:H$33),1,0) -> 1 | R31: =sum(O31:Q31) -> 3 | AB31: =if(isna(VLOOKUP(F31,F32:F33,1,false)),"Error","Good") -> Error | AC31: =if(isna(VLOOKUP(G31,G32:G33,1,false)),"Error","Good") -> Error | AD31: =if(isna(VLOOKUP(H31,H32:H33,1,false)),"Error","Good") -> Error
A32: 8 | I32: =sum(F32:H32) -> 0 | K32: =A32 -> 8 | O32: =if(F32=max(F$30:F$33),1,0) -> 1 | P32: =if(G32=max(G$30:G$33),1,0) -> 1 | Q32: =if(H32=max(H$30:H$33),1,0) -> 1 | R32: =sum(O32:Q32) -> 3 | AB32: =if(F32=F33,"Good") -> Good | AC32: =if(G32=G33,"Good") -> Good | AD32: =if(H32=H33,"Good") -> Good
A33: 8 | I33: =sum(F33:H33) -> 0 | K33: =A33 -> 8 | O33: =if(F33=max(F$30:F$33),1,0) -> 1 | P33: =if(G33=max(G$30:G$33),1,0) -> 1 | Q33: =if(H33=max(H$30:H$33),1,0) -> 1 | R33: =sum(O33:Q33) -> 3 | AJ33: Chinna Ponnaganti
A34: 9 | I34: =sum(F34:H34) -> 0 | K34: =A34 -> 9 | O34: =if(F34=max(F$34:F$37),1,0) -> 1 | P34: =if(G34=max(G$34:G$37),1,0) -> 1 | Q34: =if(H34=max(H$34:H$37),1,0) -> 1 | R34: =sum(O34:Q34) -> 3 | U34: =if(COUNTIF(AB34:AB36,"Good")=2,"Good","Error") -> Error | V34: =if(COUNTIF(AC34:AC36,"Good")=2,"Good","Error") -> Error | W34: =if(COUNTIF(AD34:AD36,"Good")=2,"Good","Error") -> Error | Y34: =sum(J34:J37) -> 0 | Z34: =if(Y34=0,"",if(Y34=6,"Good","ERROR")) | AB34: =if(isna(VLOOKUP(F34,F35:F37,1,false)),"Error","Good") -> Error | AC34: =if(isna(VLOOKUP(G34,G35:G37,1,false)),"Error","Good") -> Error | AD34: =if(isna(VLOOKUP(H34,H35:H37,1,false)),"Error","Good") -> Error | AJ34: Mauricio Palacios
A35: 9 | I35: =sum(F35:H35) -> 0 | K35: =A35 -> 9 | O35: =if(F35=max(F$34:F$37),1,0) -> 1 | P35: =if(G35=max(G$34:G$37),1,0) -> 1 | Q35: =if(H35=max(H$34:H$37),1,0) -> 1 | R35: =sum(O35:Q35) -> 3 | AB35: =if(isna(VLOOKUP(F35,F36:F37,1,false)),"Error","Good") -> Error | AC35: =if(isna(VLOOKUP(G35,G36:G37,1,false)),"Error","Good") -> Error | AD35: =if(isna(VLOOKUP(H35,H36:H37,1,false)),"Error","Good") -> Error | AJ35: Joyce Zhu
A36: 9 | I36: =sum(F36:H36) -> 0 | K36: =A36 -> 9 | O36: =if(F36=max(F$34:F$37),1,0) -> 1 | P36: =if(G36=max(G$34:G$37),1,0) -> 1 | Q36: =if(H36=max(H$34:H$37),1,0) -> 1 | R36: =sum(O36:Q36) -> 3 | AB36: =if(F36=F37,"Good") -> Good | AC36: =if(G36=G37,"Good") -> Good | AD36: =if(H36=H37,"Good") -> Good | AJ36: Balaji Alahari
A37: 9 | I37: =sum(F37:H37) -> 0 | K37: =A37 -> 9 | O37: =if(F37=max(F$34:F$37),1,0) -> 1 | P37: =if(G37=max(G$34:G$37),1,0) -> 1 | Q37: =if(H37=max(H$34:H$37),1,0) -> 1 | R37: =sum(O37:Q37) -> 3
A38: 10 | I38: =sum(F38:H38) -> 0 | K38: =A38 -> 10 | O38: =if(F38=max(F$34:F$37),1,0) -> 1 | P38: =if(G38=max(G$34:G$37),1,0) -> 1 | Q38: =if(H38=max(H$34:H$37),1,0) -> 1 | R38: =sum(O38:Q38) -> 3 | U38: =if(COUNTIF(AB38:AB40,"Good")=2,"Good","Error") -> Error | V38: =if(COUNTIF(AC38:AC40,"Good")=2,"Good","Error") -> Error | W38: =if(COUNTIF(AD38:AD40,"Good")=2,"Good","Error") -> Error | Y38: =sum(J38:J41) -> 0 | Z38: =if(Y38=0,"",if(Y38=6,"Good","ERROR")) | AB38: =if(isna(VLOOKUP(F38,F39:F41,1,false)),"Error","Good") -> Error | AC38: =if(isna(VLOOKUP(G38,G39:G41,1,false)),"Error","Good") -> Error | AD38: =if(isna(VLOOKUP(H38,H39:H41,1,false)),"Error","Good") -> Error
A39: 10 | I39: =sum(F39:H39) -> 0 | K39: =A39 -> 10 | O39: =if(F39=max(F$34:F$37),1,0) -> 1 | P39: =if(G39=max(G$34:G$37),1,0) -> 1 | Q39: =if(H39=max(H$34:H$37),1,0) -> 1 | R39: =sum(O39:Q39) -> 3 | AB39: =if(isna(VLOOKUP(F39,F40:F41,1,false)),"Error","Good") -> Error | AC39: =if(isna(VLOOKUP(G39,G40:G41,1,false)),"Error","Good") -> Error | AD39: =if(isna(VLOOKUP(H39,H40:H41,1,false)),"Error","Good") -> Error
A40: 10 | I40: =sum(F40:H40) -> 0 | K40: =A40 -> 10 | O40: =if(F40=max(F$34:F$37),1,0) -> 1 | P40: =if(G40=max(G$34:G$37),1,0) -> 1 | Q40: =if(H40=max(H$34:H$37),1,0) -> 1 | R40: =sum(O40:Q40) -> 3 | AB40: =if(F40=F41,"Good") -> Good | AC40: =if(G40=G41,"Good") -> Good | AD40: =if(H40=H41,"Good") -> Good
A41: 10 | I41: =sum(F41:H41) -> 0 | K41: =A41 -> 10 | O41: =if(F41=max(F$34:F$37),1,0) -> 1 | P41: =if(G41=max(G$34:G$37),1,0) -> 1 | Q41: =if(H41=max(H$34:H$37),1,0) -> 1 | R41: =sum(O41:Q41) -> 3
A42: 11 | I42: =sum(F42:H42) -> 0 | K42: =A42 -> 11 | O42: =if(F42=max(F$34:F$37),1,0) -> 1 | P42: =if(G42=max(G$34:G$37),1,0) -> 1 | Q42: =if(H42=max(H$34:H$37),1,0) -> 1 | R42: =sum(O42:Q42) -> 3 | U42: =if(COUNTIF(AB42:AB44,"Good")=2,"Good","Error") -> Error | V42: =if(COUNTIF(AC42:AC44,"Good")=2,"Good","Error") -> Error | W42: =if(COUNTIF(AD42:AD44,"Good")=2,"Good","Error") -> Error | Y42: =sum(J42:J45) -> 0 | Z42: =if(Y42=0,"",if(Y42=6,"Good","ERROR")) | AB42: =if(isna(VLOOKUP(F42,F43:F45,1,false)),"Error","Good") -> Error | AC42: =if(isna(VLOOKUP(G42,G43:G45,1,false)),"Error","Good") -> Error | AD42: =if(isna(VLOOKUP(H42,H43:H45,1,false)),"Error","Good") -> Error
A43: 11 | I43: =sum(F43:H43) -> 0 | K43: =A43 -> 11 | O43: =if(F43=max(F$34:F$37),1,0) -> 1 | P43: =if(G43=max(G$34:G$37),1,0) -> 1 | Q43: =if(H43=max(H$34:H$37),1,0) -> 1 | R43: =sum(O43:Q43) -> 3 | AB43: =if(isna(VLOOKUP(F43,F44:F45,1,false)),"Error","Good") -> Error | AC43: =if(isna(VLOOKUP(G43,G44:G45,1,false)),"Error","Good") -> Error | AD43: =if(isna(VLOOKUP(H43,H44:H45,1,false)),"Error","Good") -> Error
A44: 11 | I44: =sum(F44:H44) -> 0 | K44: =A44 -> 11 | O44: =if(F44=max(F$34:F$37),1,0) -> 1 | P44: =if(G44=max(G$34:G$37),1,0) -> 1 | Q44: =if(H44=max(H$34:H$37),1,0) -> 1 | R44: =sum(O44:Q44) -> 3 | AB44: =if(F44=F45,"Good") -> Good | AC44: =if(G44=G45,"Good") -> Good | AD44: =if(H44=H45,"Good") -> Good
A45: 11 | I45: =sum(F45:H45) -> 0 | K45: =A45 -> 11 | O45: =if(F45=max(F$34:F$37),1,0) -> 1 | P45: =if(G45=max(G$34:G$37),1,0) -> 1 | Q45: =if(H45=max(H$34:H$37),1,0) -> 1 | R45: =sum(O45:Q45) -> 3
A46: 12 | I46: =sum(F46:H46) -> 0 | K46: =A46 -> 12
A47: 12 | I47: =sum(F47:H47) -> 0 | K47: =A47 -> 12
A48: 12 | I48: =sum(F48:H48) -> 0 | K48: =A48 -> 12
A49: 12 | I49: =sum(F49:H49) -> 0 | K49: =A49 -> 12
A50: 13 | I50: =sum(F50:H50) -> 0 | K50: =A50 -> 13
A51: 13 | I51: =sum(F51:H51) -> 0 | K51: =A51 -> 13
A52: 13 | I52: =sum(F52:H52) -> 0 | K52: =A52 -> 13
A53: 13 | I53: =sum(F53:H53) -> 0 | K53: =A53 -> 13
A54: 14 | I54: =sum(F54:H54) -> 0 | K54: =A54 -> 14
A55: 14 | I55: =sum(F55:H55) -> 0 | K55: =A55 -> 14
A56: 14 | I56: =sum(F56:H56) -> 0 | K56: =A56 -> 14
A57: 14 | I57: =sum(F57:H57) -> 0 | K57: =A57 -> 14
... A65: 16 | I65: =sum(F65:H65) -> 0 | K65: =A65 -> 16
A69: Diamond Bar High School Courts
A70: 21400 Pathfinder Rd, Diamond Bar, CA 91765
A71: Court # | B71: Name of the Player | C71: Games Won | D71: Sets Won | L71: Count # | M71: WHS Admin Rotations
A72: =IFERROR(__xludf.DUMMYFUNCTION("QUERY(A2:D45,""Select A, B, C, D where A > 0 and A <= 8"",0)"),1.0) -> 1 | B72: =IFERROR(__xludf.DUMMYFUNCTION("""COMPUTED_VALUE"""),"Pulkit Mathur") -> Pulkit Mathur | C72: =IFERROR(__xludf.DUMMYFUNCTION("""COMPUTED_VALUE"""),311.0) -> 311 | D72: =IFERROR(__xludf.DUMMYFUNCTION("""COMPUTED_VALUE"""),31.0) -> 31 | M72: Date | N72: Admin
A73: =IFERROR(__xludf.DUMMYFUNCTION("""COMPUTED_VALUE"""),1.0) -> 1 | B73: =IFERROR(__xludf.DUMMYFUNCTION("""COMPUTED_VALUE"""),"David Shin") -> David Shin | C73: =IFERROR(__xludf.DUMMYFUNCTION("""COMPUTED_VALUE"""),303.0) -> 303 | D73: =IFERROR(__xludf.DUMMYFUNCTION("""COMPUTED_VALUE"""),27.0) -> 27 | M73: 45766 | N73: Chinna Ponnaganti | V73: Chinna Ponnaganti
A74: =IFERROR(__xludf.DUMMYFUNCTION("""COMPUTED_VALUE"""),1.0) -> 1 | B74: =IFERROR(__xludf.DUMMYFUNCTION("""COMPUTED_VALUE"""),"Ethan Gu") -> Ethan Gu | C74: =IFERROR(__xludf.DUMMYFUNCTION("""COMPUTED_VALUE"""),301.0) -> 301 | D74: =IFERROR(__xludf.DUMMYFUNCTION("""COMPUTED_VALUE"""),31.0) -> 31 | M74: =M73+7 -> 45773 | N74: Joe Luzzi | V74: Joe Luzzi
A75: =IFERROR(__xludf.DUMMYFUNCTION("""COMPUTED_VALUE"""),1.0) -> 1 | B75: =IFERROR(__xludf.DUMMYFUNCTION("""COMPUTED_VALUE"""),"Joe Luzzi") -> Joe Luzzi | C75: =IFERROR(__xludf.DUMMYFUNCTION("""COMPUTED_VALUE"""),300.0) -> 300 | D75: =IFERROR(__xludf.DUMMYFUNCTION("""COMPUTED_VALUE"""),21.0) -> 21 | M75: =M74+7 -> 45780 | N75: Lam Bui | V75: Lam Bui
A76: =IFERROR(__xludf.DUMMYFUNCTION("""COMPUTED_VALUE"""),2.0) -> 2 | B76: =IFERROR(__xludf.DUMMYFUNCTION("""COMPUTED_VALUE"""),"Suleman Alidina") -> Suleman Alidina | C76: =IFERROR(__xludf.DUMMYFUNCTION("""COMPUTED_VALUE"""),293.0) -> 293 | D76: =IFERROR(__xludf.DUMMYFUNCTION("""COMPUTED_VALUE"""),29.0) -> 29 | M76: =M75+7 -> 45787 | N76: Robert Chang | V76: Robert Chang
A77: =IFERROR(__xludf.DUMMYFUNCTION("""COMPUTED_VALUE"""),2.0) -> 2 | B77: =IFERROR(__xludf.DUMMYFUNCTION("""COMPUTED_VALUE"""),"Tina Hanson") -> Tina Hanson | C77: =IFERROR(__xludf.DUMMYFUNCTION("""COMPUTED_VALUE"""),292.0) -> 292 | D77: =IFERROR(__xludf.DUMMYFUNCTION("""COMPUTED_VALUE"""),29.0) -> 29 | M77: =M76+7 -> 45794 | N77: Sean Chang | V77: Sean Chang
A78: =IFERROR(__xludf.DUMMYFUNCTION("""COMPUTED_VALUE"""),2.0) -> 2 | B78: =IFERROR(__xludf.DUMMYFUNCTION("""COMPUTED_VALUE"""),"Naveen Raj") -> Naveen Raj | C78: =IFERROR(__xludf.DUMMYFUNCTION("""COMPUTED_VALUE"""),288.0) -> 288 | D78: =IFERROR(__xludf.DUMMYFUNCTION("""COMPUTED_VALUE"""),29.0) -> 29 | M78: =M77+7 -> 45801 | N78: Tom Le | V78: Tom Le
A79: =IFERROR(__xludf.DUMMYFUNCTION("""COMPUTED_VALUE"""),2.0) -> 2 | B79: =IFERROR(__xludf.DUMMYFUNCTION("""COMPUTED_VALUE"""),"Ted Shen") -> Ted Shen | C79: =IFERROR(__xludf.DUMMYFUNCTION("""COMPUTED_VALUE"""),286.0) -> 286 | D79: =IFERROR(__xludf.DUMMYFUNCTION("""COMPUTED_VALUE"""),27.0) -> 27 | M79: =M78+7 -> 45808 | N79: Chinna Ponnaganti
A80: =IFERROR(__xludf.DUMMYFUNCTION("""COMPUTED_VALUE"""),3.0) -> 3 | B80: =IFERROR(__xludf.DUMMYFUNCTION("""COMPUTED_VALUE"""),"Mauricio Palacios") -> Mauricio Palacios | C80: =IFERROR(__xludf.DUMMYFUNCTION("""COMPUTED_VALUE"""),286.0) -> 286 | D80: =IFERROR(__xludf.DUMMYFUNCTION("""COMPUTED_VALUE"""),22.0) -> 22 | M80: =M79+7 -> 45815 | N80: Joe Luzzi
A81: =IFERROR(__xludf.DUMMYFUNCTION("""COMPUTED_VALUE"""),3.0) -> 3 | B81: =IFERROR(__xludf.DUMMYFUNCTION("""COMPUTED_VALUE"""),"Elayaraja Thangaraj") -> Elayaraja Thangaraj | C81: =IFERROR(__xludf.DUMMYFUNCTION("""COMPUTED_VALUE"""),286.0) -> 286 | D81: =IFERROR(__xludf.DUMMYFUNCTION("""COMPUTED_VALUE"""),21.0) -> 21 | M81: =M80+7 -> 45822 | N81: Lam Bui
A82: =IFERROR(__xludf.DUMMYFUNCTION("""COMPUTED_VALUE"""),3.0) -> 3 | B82: =IFERROR(__xludf.DUMMYFUNCTION("""COMPUTED_VALUE"""),"Coco Yan") -> Coco Yan | C82: =IFERROR(__xludf.DUMMYFUNCTION("""COMPUTED_VALUE"""),285.0) -> 285 | D82: =IFERROR(__xludf.DUMMYFUNCTION("""COMPUTED_VALUE"""),22.0) -> 22 | M82: =M81+7 -> 45829 | N82: Robert Chang
A83: =IFERROR(__xludf.DUMMYFUNCTION("""COMPUTED_VALUE"""),3.0) -> 3 | B83: =IFERROR(__xludf.DUMMYFUNCTION("""COMPUTED_VALUE"""),"Allen Zhang") -> Allen Zhang | C83: =IFERROR(__xludf.DUMMYFUNCTION("""COMPUTED_VALUE"""),284.0) -> 284 | D83: =IFERROR(__xludf.DUMMYFUNCTION("""COMPUTED_VALUE"""),24.0) -> 24 | M83: =M82+7 -> 45836 | N83: Sean Chang
A84: =IFERROR(__xludf.DUMMYFUNCTION("""COMPUTED_VALUE"""),4.0) -> 4 | B84: =IFERROR(__xludf.DUMMYFUNCTION("""COMPUTED_VALUE"""),"Jimmy Awolesi") -> Jimmy Awolesi | C84: =IFERROR(__xludf.DUMMYFUNCTION("""COMPUTED_VALUE"""),283.0) -> 283 | D84: =IFERROR(__xludf.DUMMYFUNCTION("""COMPUTED_VALUE"""),25.0) -> 25 | M84: =M83+7 -> 45843 | N84: Tom Le
A85: =IFERROR(__xludf.DUMMYFUNCTION("""COMPUTED_VALUE"""),4.0) -> 4 | B85: =IFERROR(__xludf.DUMMYFUNCTION("""COMPUTED_VALUE"""),"Nicole Ni") -> Nicole Ni | C85: =IFERROR(__xludf.DUMMYFUNCTION("""COMPUTED_VALUE"""),283.0) -> 283 | D85: =IFERROR(__xludf.DUMMYFUNCTION("""COMPUTED_VALUE"""),23.0) -> 23 | L85: 10 | M85: =M84+7 -> 45850 | N85: Chinna Ponnaganti
A86: =IFERROR(__xludf.DUMMYFUNCTION("""COMPUTED_VALUE"""),4.0) -> 4 | B86: =IFERROR(__xludf.DUMMYFUNCTION("""COMPUTED_VALUE"""),"Erik Hoeckmann") -> Erik Hoeckmann | C86: =IFERROR(__xludf.DUMMYFUNCTION("""COMPUTED_VALUE"""),281.0) -> 281 | D86: =IFERROR(__xludf.DUMMYFUNCTION("""COMPUTED_VALUE"""),22.0) -> 22 | L86: 9 | M86: =M85+7 -> 45857 | N86: Joe Luzzi
A87: =IFERROR(__xludf.DUMMYFUNCTION("""COMPUTED_VALUE"""),4.0) -> 4 | B87: =IFERROR(__xludf.DUMMYFUNCTION("""COMPUTED_VALUE"""),"Hongyuan Wen") -> Hongyuan Wen | C87: =IFERROR(__xludf.DUMMYFUNCTION("""COMPUTED_VALUE"""),278.0) -> 278 | D87: =IFERROR(__xludf.DUMMYFUNCTION("""COMPUTED_VALUE"""),19.0) -> 19 | L87: 8 | M87: =M86+7 -> 45864 | N87: Lam Bui
A88: =IFERROR(__xludf.DUMMYFUNCTION("""COMPUTED_VALUE"""),5.0) -> 5 | B88: =IFERROR(__xludf.DUMMYFUNCTION("""COMPUTED_VALUE"""),"Jim Miao") -> Jim Miao | C88: =IFERROR(__xludf.DUMMYFUNCTION("""COMPUTED_VALUE"""),275.0) -> 275 | D88: =IFERROR(__xludf.DUMMYFUNCTION("""COMPUTED_VALUE"""),22.0) -> 22 | L88: 7 | M88: =M87+7 -> 45871 | N88: Tom Le
A89: =IFERROR(__xludf.DUMMYFUNCTION("""COMPUTED_VALUE"""),5.0) -> 5 | B89: =IFERROR(__xludf.DUMMYFUNCTION("""COMPUTED_VALUE"""),"Sean Chang") -> Sean Chang | C89: =IFERROR(__xludf.DUMMYFUNCTION("""COMPUTED_VALUE"""),271.0) -> 271 | D89: =IFERROR(__xludf.DUMMYFUNCTION("""COMPUTED_VALUE"""),22.0) -> 22 | L89: 6 | M89: =M88+7 -> 45878 | N89: Lam Bui
A90: =IFERROR(__xludf.DUMMYFUNCTION("""COMPUTED_VALUE"""),5.0) -> 5 | B90: =IFERROR(__xludf.DUMMYFUNCTION("""COMPUTED_VALUE"""),"Manish Anand") -> Manish Anand | C90: =IFERROR(__xludf.DUMMYFUNCTION("""COMPUTED_VALUE"""),247.0) -> 247 | D90: =IFERROR(__xludf.DUMMYFUNCTION("""COMPUTED_VALUE"""),12.0) -> 12 | L90: 5 | M90: =M89+7 -> 45885 | N90: Robert Chang
A91: =IFERROR(__xludf.DUMMYFUNCTION("""COMPUTED_VALUE"""),5.0) -> 5 | B91: =IFERROR(__xludf.DUMMYFUNCTION("""COMPUTED_VALUE"""),"Susanta Mishra") -> Susanta Mishra | C91: =IFERROR(__xludf.DUMMYFUNCTION("""COMPUTED_VALUE"""),224.0) -> 224 | D91: =IFERROR(__xludf.DUMMYFUNCTION("""COMPUTED_VALUE"""),7.0) -> 7 | L91: 4 | M91: =M90+7 -> 45892 | N91: Chinna Ponnaganti
A92: =IFERROR(__xludf.DUMMYFUNCTION("""COMPUTED_VALUE"""),6.0) -> 6 | B92: =IFERROR(__xludf.DUMMYFUNCTION("""COMPUTED_VALUE"""),"Luis Hsu") -> Luis Hsu | C92: =IFERROR(__xludf.DUMMYFUNCTION("""COMPUTED_VALUE"""),216.0) -> 216 | D92: =IFERROR(__xludf.DUMMYFUNCTION("""COMPUTED_VALUE"""),3.0) -> 3 | L92: 3 | M92: =M91+7 -> 45899 | N92: Joe Luzzi
A93: =IFERROR(__xludf.DUMMYFUNCTION("""COMPUTED_VALUE"""),6.0) -> 6 | B93: =IFERROR(__xludf.DUMMYFUNCTION("""COMPUTED_VALUE"""),"Lloyd Sagar") -> Lloyd Sagar | C93: =IFERROR(__xludf.DUMMYFUNCTION("""COMPUTED_VALUE"""),207.0) -> 207 | D93: =IFERROR(__xludf.DUMMYFUNCTION("""COMPUTED_VALUE"""),0.0) -> 0 | L93: 2 | M93: =M92+7 -> 45906 | N93: Lam Bui
A94: =IFERROR(__xludf.DUMMYFUNCTION("""COMPUTED_VALUE"""),6.0) -> 6 | L94: 1 | M94: =M93+7 -> 45913 | N94: Robert Chang
A95: =IFERROR(__xludf.DUMMYFUNCTION("""COMPUTED_VALUE"""),6.0) -> 6 | M95: =M94+7 -> 45920 | N95: Sean Chang
A96: =IFERROR(__xludf.DUMMYFUNCTION("""COMPUTED_VALUE"""),7.0) -> 7 | M96: =M95+7 -> 45927 | N96: Tom Le
A97: =IFERROR(__xludf.DUMMYFUNCTION("""COMPUTED_VALUE"""),7.0) -> 7 | M97: =M96+7 -> 45934 | N97: Chinna Ponnaganti
A98: =IFERROR(__xludf.DUMMYFUNCTION("""COMPUTED_VALUE"""),7.0) -> 7 | M98: =M97+7 -> 45941 | N98: Joe Luzzi
A99: =IFERROR(__xludf.DUMMYFUNCTION("""COMPUTED_VALUE"""),7.0) -> 7 | M99: =M98+7 -> 45948 | N99: Lam Bui
A100: =IFERROR(__xludf.DUMMYFUNCTION("""COMPUTED_VALUE"""),8.0) -> 8 | M100: =M99+7 -> 45955 | N100: Robert Chang
A101: =IFERROR(__xludf.DUMMYFUNCTION("""COMPUTED_VALUE"""),8.0) -> 8 | M101: =M100+7 -> 45962 | N101: Sean Chang
A102: =IFERROR(__xludf.DUMMYFUNCTION("""COMPUTED_VALUE"""),8.0) -> 8 | M102: =M101+7 -> 45969 | N102: Tom Le
A103: =IFERROR(__xludf.DUMMYFUNCTION("""COMPUTED_VALUE"""),8.0) -> 8 | M103: =M102+7 -> 45976 | N103: Chinna Ponnaganti
M104: =M103+7 -> 45983 | N104: Joe Luzzi
M105: =M104+7 -> 45990 | N105: Lam Bui
M106: =M105+7 -> 45997 | N106: Robert Chang
M107: =M106+7 -> 46004 | N107: Sean Chang
A108: Walnut High School Courts | M108: =M107+7 -> 46011 | N108: Tom Le
A109: 400 Pierre Rd, Walnut, CA 91789 | M109: =M108+7 -> 46018 | N109: Chinna Ponnaganti
A110: Court # | B110: Name of the Player | C110: Games Won | D110: Sets Won
...

Sheet Checkin
A1: Name of the Player | B1: Check in | C1: Previous sitouts | E1: Sl.No | F1: Playing(1) | G1: Out(3) | H1: Out-Can Play(4) | I1: To Respond | J1: Sitouts(5) | K1: Playing-Can Sit(2) | L1: Previous sitouts | M1: Sit Outs Needed
A2: =IFERROR(__xludf.DUMMYFUNCTION("IMPORTRANGE(""1uZFF2o7rrfB0YZtASdZnP52Ef50ZinvtOPb1Tbuq8J4"",""CheckIn!C1:D99"")"),"Adrian Tay") -> Adrian Tay | B2: =IFERROR(__xludf.DUMMYFUNCTION("""COMPUTED_VALUE"""),3.0) -> 3 | C2: =iferror(VLOOKUP(A2,indirect("'" & "Current" & "'!$B:$T"),19,false),"") -> 0 | D2: =IF(COUNTIF(A:A, A2) > 1, "Duplicate", "") | E2: 1 | F2: =IFERROR(__xludf.DUMMYFUNCTION("QUERY(A2:B99, ""Select A where B = 1 order by A"")"),"Allen Zhang") -> Allen Zhang | G2: =IFERROR(__xludf.DUMMYFUNCTION("QUERY($A2:$B99, ""Select A where B = 3 order by A"")"),"Adrian Tay") -> Adrian Tay | H2: =IFERROR(__xludf.DUMMYFUNCTION("QUERY($A2:$B99, ""Select A where B = 4"")"),"#N/A") -> #N/A | I2: =IFERROR(__xludf.DUMMYFUNCTION("QUERY(Current!B5:F69, ""Select B where F = 0 order by B"")"),"Balaji Alahari") -> Balaji Alahari | J2: =IFERROR(__xludf.DUMMYFUNCTION("QUERY($A2:$C99, ""Select A where B = 5 order by C"")"),"Ranjith Doraiswamy") -> Ranjith Doraiswamy | K2: =IFERROR(__xludf.DUMMYFUNCTION("QUERY($A2:$C99, ""Select A,C where B = 2 order by C"")"),"Camille Jung") -> Camille Jung | M2: =if(P21>0,1,"")
A3: =IFERROR(__xludf.DUMMYFUNCTION("""COMPUTED_VALUE"""),"Wayne Liu") -> Wayne Liu | B3: =IFERROR(__xludf.DUMMYFUNCTION("""COMPUTED_VALUE"""),3.0) -> 3 | C3: =iferror(VLOOKUP(A3,indirect("'" & "Current" & "'!$B:$T"),19,false),"") -> 0 | D3: =IF(COUNTIF(A:A, A3) > 1, "Duplicate", "") | E3: =E2+1 -> 2 | F3: =IFERROR(__xludf.DUMMYFUNCTION("""COMPUTED_VALUE"""),"Andrew Yao") -> Andrew Yao | G3: =IFERROR(__xludf.DUMMYFUNCTION("""COMPUTED_VALUE"""),"Alejandro Mejia") -> Alejandro Mejia | I3: =IFERROR(__xludf.DUMMYFUNCTION("""COMPUTED_VALUE"""),"Barathi Sundaram") -> Barathi Sundaram | J3: =IFERROR(__xludf.DUMMYFUNCTION("""COMPUTED_VALUE"""),"Scott Li") -> Scott Li | K3: =IFERROR(__xludf.DUMMYFUNCTION("""COMPUTED_VALUE"""),"Suleman Alidina") -> Suleman Alidina | L3: =IFERROR(__xludf.DUMMYFUNCTION("""COMPUTED_VALUE"""),0.0) -> 0 | M3: =if(AND(M2>0, counta($K$2:K3)<=$P$21),M2+1,"")
A4: =IFERROR(__xludf.DUMMYFUNCTION("""COMPUTED_VALUE"""),"Tom Le") -> Tom Le | B4: =IFERROR(__xludf.DUMMYFUNCTION("""COMPUTED_VALUE"""),3.0) -> 3 | C4: =iferror(VLOOKUP(A4,indirect("'" & "Current" & "'!$B:$T"),19,false),"") -> 1 | D4: =IF(COUNTIF(A:A, A4) > 1, "Duplicate", "") | E4: =E3+1 -> 3 | F4: =IFERROR(__xludf.DUMMYFUNCTION("""COMPUTED_VALUE"""),"Coco Yan") -> Coco Yan | G4: =IFERROR(__xludf.DUMMYFUNCTION("""COMPUTED_VALUE"""),"Alex Hou") -> Alex Hou | I4: =IFERROR(__xludf.DUMMYFUNCTION("""COMPUTED_VALUE"""),"Hubert J Sung") -> Hubert J Sung | J4: =IFERROR(__xludf.DUMMYFUNCTION("""COMPUTED_VALUE"""),"Herman Au") -> Herman Au | M4: =if(AND(M3>0, counta($K$2:K4)<=$P$21),M3+1,"") | O4: Last update | P4: =now() -> 46311.699 | R4: Whatsapp Message
A5: =IFERROR(__xludf.DUMMYFUNCTION("""COMPUTED_VALUE"""),"Chinna Ponnaganti") -> Chinna Ponnaganti | B5: =IFERROR(__xludf.DUMMYFUNCTION("""COMPUTED_VALUE"""),3.0) -> 3 | C5: =iferror(VLOOKUP(A5,indirect("'" & "Current" & "'!$B:$T"),19,false),"") -> 0 | D5: =IF(COUNTIF(A:A, A5) > 1, "Duplicate", "") | E5: =E4+1 -> 4 | F5: =IFERROR(__xludf.DUMMYFUNCTION("""COMPUTED_VALUE"""),"David Shin") -> David Shin | G5: =IFERROR(__xludf.DUMMYFUNCTION("""COMPUTED_VALUE"""),"Andrew Wen") -> Andrew Wen | I5: =IFERROR(__xludf.DUMMYFUNCTION("""COMPUTED_VALUE"""),"James Phan") -> James Phan | M5: =if(AND(M4>0, counta($K$2:K5)<=$P$21),M4+1,"")
A6: =IFERROR(__xludf.DUMMYFUNCTION("""COMPUTED_VALUE"""),"Joyce Zhu") -> Joyce Zhu | B6: =IFERROR(__xludf.DUMMYFUNCTION("""COMPUTED_VALUE"""),3.0) -> 3 | C6: =iferror(VLOOKUP(A6,indirect("'" & "Current" & "'!$B:$T"),19,false),"") -> 0 | D6: =IF(COUNTIF(A:A, A6) > 1, "Duplicate", "") | E6: =E5+1 -> 5 | F6: =IFERROR(__xludf.DUMMYFUNCTION("""COMPUTED_VALUE"""),"Elayaraja Thangaraj") -> Elayaraja Thangaraj | G6: =IFERROR(__xludf.DUMMYFUNCTION("""COMPUTED_VALUE"""),"Art Hui") -> Art Hui | I6: =IFERROR(__xludf.DUMMYFUNCTION("""COMPUTED_VALUE"""),"Leigh-Anh Nguyen") -> Leigh-Anh Nguyen | M6: =if(AND(M5>0, counta($K$2:K6)<=$P$21),M5+1,"") | O6: Playing | P6: =if(isna(F2),0,COUNTA(F$2:F$58)) -> 26 | R6: =CONCATENATE( "*",P$15," Courts Full*") -> *7 Courts Full*
A7: =IFERROR(__xludf.DUMMYFUNCTION("""COMPUTED_VALUE"""),"Erik Hoeckmann") -> Erik Hoeckmann | B7: =IFERROR(__xludf.DUMMYFUNCTION("""COMPUTED_VALUE"""),1.0) -> 1 | C7: =iferror(VLOOKUP(A7,indirect("'" & "Current" & "'!$B:$T"),19,false),"") -> 1 | D7: =IF(COUNTIF(A:A, A7) > 1, "Duplicate", "") | E7: =E6+1 -> 6 | F7: =IFERROR(__xludf.DUMMYFUNCTION("""COMPUTED_VALUE"""),"Erik Hoeckmann") -> Erik Hoeckmann | G7: =IFERROR(__xludf.DUMMYFUNCTION("""COMPUTED_VALUE"""),"Basudev Thoppai Vidyasankar") -> Basudev Thoppai Vidyasankar | I7: =IFERROR(__xludf.DUMMYFUNCTION("""COMPUTED_VALUE"""),"Sandy Weyant") -> Sandy Weyant | M7: =if(AND(M6>0, counta($K$2:K7)<=$P$21),M6+1,"") | O7: Playing-Can Sit | P7: =if(isna(K2),0,COUNTA(K2:K99)) -> 2
A8: =IFERROR(__xludf.DUMMYFUNCTION("""COMPUTED_VALUE"""),"Joe Luzzi") -> Joe Luzzi | B8: =IFERROR(__xludf.DUMMYFUNCTION("""COMPUTED_VALUE"""),1.0) -> 1 | C8: =iferror(VLOOKUP(A8,indirect("'" & "Current" & "'!$B:$T"),19,false),"") -> 1 | D8: =IF(COUNTIF(A:A, A8) > 1, "Duplicate", "") | E8: =E7+1 -> 7 | F8: =IFERROR(__xludf.DUMMYFUNCTION("""COMPUTED_VALUE"""),"Ethan Gu") -> Ethan Gu | G8: =IFERROR(__xludf.DUMMYFUNCTION("""COMPUTED_VALUE"""),"Chinna Ponnaganti") -> Chinna Ponnaganti | I8: =IFERROR(__xludf.DUMMYFUNCTION("""COMPUTED_VALUE"""),"Tyler Leong") -> Tyler Leong | M8: =if(AND(M7>0, counta($K$2:K8)<=$P$21),M7+1,"") | O8: Out/Can Play | P8: =if(isna(H2),0,COUNTA(H$2:H$58)) -> 0 | R8: =CONCATENATE(O$16," -- *",P$16,"*") -> Playing -- *28*
A9: =IFERROR(__xludf.DUMMYFUNCTION("""COMPUTED_VALUE"""),"Santosh Sundaresan") -> Santosh Sundaresan | B9: =IFERROR(__xludf.DUMMYFUNCTION("""COMPUTED_VALUE"""),3.0) -> 3 | C9: =iferror(VLOOKUP(A9,indirect("'" & "Current" & "'!$B:$T"),19,false),"") -> 0 | D9: =IF(COUNTIF(A:A, A9) > 1, "Duplicate", "") | E9: =E8+1 -> 8 | F9: =IFERROR(__xludf.DUMMYFUNCTION("""COMPUTED_VALUE"""),"Hongyuan Wen") -> Hongyuan Wen | G9: =IFERROR(__xludf.DUMMYFUNCTION("""COMPUTED_VALUE"""),"Cid Macaraeg") -> Cid Macaraeg | M9: =if(AND(M8>0, counta($K$2:K9)<=$P$21),M8+1,"") | O9: Out | P9: =if(isna(G2),0,COUNTA(G$2:G$58)) -> 36 | R9: =CONCATENATE(O$17," ------ ",P$17) -> Out ------ 36
A10: =IFERROR(__xludf.DUMMYFUNCTION("""COMPUTED_VALUE"""),"Sanjaye Elayattu") -> Sanjaye Elayattu | B10: =IFERROR(__xludf.DUMMYFUNCTION("""COMPUTED_VALUE"""),3.0) -> 3 | C10: =iferror(VLOOKUP(A10,indirect("'" & "Current" & "'!$B:$T"),19,false),"") -> 0 | D10: =IF(COUNTIF(A:A, A10) > 1, "Duplicate", "") | E10: =E9+1 -> 9 | F10: =IFERROR(__xludf.DUMMYFUNCTION("""COMPUTED_VALUE"""),"Jaya Sogata") -> Jaya Sogata | G10: =IFERROR(__xludf.DUMMYFUNCTION("""COMPUTED_VALUE"""),"Darren Wong") -> Darren Wong | M10: =if(AND(M9>0, counta($K$2:K10)<=$P$21),M9+1,"") | O10: Sitouts | P10: =if(isna(J2),0,COUNTA(J$2:J$29)) -> 3 | R10: =CONCATENATE(O$18," ------ ",P$18) -> TBD ------ 7
A11: =IFERROR(__xludf.DUMMYFUNCTION("""COMPUTED_VALUE"""),"Cid Macaraeg") -> Cid Macaraeg | B11: =IFERROR(__xludf.DUMMYFUNCTION("""COMPUTED_VALUE"""),3.0) -> 3 | C11: =iferror(VLOOKUP(A11,indirect("'" & "Current" & "'!$B:$T"),19,false),"") -> 0 | D11: =IF(COUNTIF(A:A, A11) > 1, "Duplicate", "") | E11: =E10+1 -> 10 | F11: =IFERROR(__xludf.DUMMYFUNCTION("""COMPUTED_VALUE"""),"Jim Miao") -> Jim Miao | G11: =IFERROR(__xludf.DUMMYFUNCTION("""COMPUTED_VALUE"""),"Eric Pan") -> Eric Pan | M11: =if(AND(M10>0, counta($K$2:K11)<=$P$21),M10+1,"") | O11: TBD | P11: =if(isna(I2),0,COUNTA(I$2:I$99)) -> 7
A12: =IFERROR(__xludf.DUMMYFUNCTION("""COMPUTED_VALUE"""),"Troy Wong") -> Troy Wong | B12: =IFERROR(__xludf.DUMMYFUNCTION("""COMPUTED_VALUE"""),3.0) -> 3 | C12: =iferror(VLOOKUP(A12,indirect("'" & "Current" & "'!$B:$T"),19,false),"") -> 0 | D12: =IF(COUNTIF(A:A, A12) > 1, "Duplicate", "") | E12: =E11+1 -> 11 | F12: =IFERROR(__xludf.DUMMYFUNCTION("""COMPUTED_VALUE"""),"Jimmy Awolesi") -> Jimmy Awolesi | G12: =IFERROR(__xludf.DUMMYFUNCTION("""COMPUTED_VALUE"""),"Eric Tan") -> Eric Tan | M12: =if(AND(M11>0, counta($K$2:K12)<=$P$21),M11+1,"") | O12: Total | P12: =sum(P6:P11) -> 74 | R12: *Sent Reminders*
A13: =IFERROR(__xludf.DUMMYFUNCTION("""COMPUTED_VALUE"""),"Eric Tan") -> Eric Tan | B13: =IFERROR(__xludf.DUMMYFUNCTION("""COMPUTED_VALUE"""),3.0) -> 3 | C13: =iferror(VLOOKUP(A13,indirect("'" & "Current" & "'!$B:$T"),19,false),"") -> 0 | D13: =IF(COUNTIF(A:A, A13) > 1, "Duplicate", "") | E13: =E12+1 -> 12 | F13: =IFERROR(__xludf.DUMMYFUNCTION("""COMPUTED_VALUE"""),"Joe Luzzi") -> Joe Luzzi | G13: =IFERROR(__xludf.DUMMYFUNCTION("""COMPUTED_VALUE"""),"Frank Moon") -> Frank Moon | M13: =if(AND(M12>0, counta($K$2:K13)<=$P$21),M12+1,"")
A14: =IFERROR(__xludf.DUMMYFUNCTION("""COMPUTED_VALUE"""),"Trish Newlin") -> Trish Newlin | B14: =IFERROR(__xludf.DUMMYFUNCTION("""COMPUTED_VALUE"""),3.0) -> 3 | C14: =iferror(VLOOKUP(A14,indirect("'" & "Current" & "'!$B:$T"),19,false),"") -> 1 | D14: =IF(COUNTIF(A:A, A14) > 1, "Duplicate", "") | E14: =E13+1 -> 13 | F14: =IFERROR(__xludf.DUMMYFUNCTION("""COMPUTED_VALUE"""),"Lloyd Sagar") -> Lloyd Sagar | G14: =IFERROR(__xludf.DUMMYFUNCTION("""COMPUTED_VALUE"""),"Jonathan Phan") -> Jonathan Phan | M14: =if(AND(M13>0, counta($K$2:K14)<=$P$21),M13+1,"")
A15: =IFERROR(__xludf.DUMMYFUNCTION("""COMPUTED_VALUE"""),"Pavan Akkimsetty") -> Pavan Akkimsetty | B15: =IFERROR(__xludf.DUMMYFUNCTION("""COMPUTED_VALUE"""),3.0) -> 3 | C15: =iferror(VLOOKUP(A15,indirect("'" & "Current" & "'!$B:$T"),19,false),"") -> 0 | D15: =IF(COUNTIF(A:A, A15) > 1, "Duplicate", "") | E15: =E14+1 -> 14 | F15: =IFERROR(__xludf.DUMMYFUNCTION("""COMPUTED_VALUE"""),"Luis Hsu") -> Luis Hsu | G15: =IFERROR(__xludf.DUMMYFUNCTION("""COMPUTED_VALUE"""),"Joyce Zhu") -> Joyce Zhu | M15: =if(AND(M14>0, counta($K$2:K15)<=$P$21),M14+1,"") | O15: Courts Full | P15: =rounddown(P16/4,0) -> 7 | R15: End of Season
A16: =IFERROR(__xludf.DUMMYFUNCTION("""COMPUTED_VALUE"""),"Sandeep Kamalon") -> Sandeep Kamalon | B16: =IFERROR(__xludf.DUMMYFUNCTION("""COMPUTED_VALUE"""),3.0) -> 3 | C16: =iferror(VLOOKUP(A16,indirect("'" & "Current" & "'!$B:$T"),19,false),"") -> 1 | D16: =IF(COUNTIF(A:A, A16) > 1, "Duplicate", "") | E16: =E15+1 -> 15 | F16: =IFERROR(__xludf.DUMMYFUNCTION("""COMPUTED_VALUE"""),"Manish Anand") -> Manish Anand | G16: =IFERROR(__xludf.DUMMYFUNCTION("""COMPUTED_VALUE"""),"Kumar Palakeel") -> Kumar Palakeel | M16: =if(AND(M15>0, counta($K$2:K16)<=$P$21),M15+1,"") | O16: Playing | P16: =sum(P6:P7) -> 28 | R16: 46018
A17: =IFERROR(__xludf.DUMMYFUNCTION("""COMPUTED_VALUE"""),"Robert Chang") -> Robert Chang | B17: =IFERROR(__xludf.DUMMYFUNCTION("""COMPUTED_VALUE"""),3.0) -> 3 | C17: =iferror(VLOOKUP(A17,indirect("'" & "Current" & "'!$B:$T"),19,false),"") -> 0 | D17: =IF(COUNTIF(A:A, A17) > 1, "Duplicate", "") | E17: =E16+1 -> 16 | F17: =IFERROR(__xludf.DUMMYFUNCTION("""COMPUTED_VALUE"""),"Mauricio Palacios") -> Mauricio Palacios | G17: =IFERROR(__xludf.DUMMYFUNCTION("""COMPUTED_VALUE"""),"Lam Bui") -> Lam Bui | M17: =if(AND(M16>0, counta($K$2:K17)<=$P$21),M16+1,"") | O17: Out | P17: =P9+P8 -> 36
A18: =IFERROR(__xludf.DUMMYFUNCTION("""COMPUTED_VALUE"""),"Oscar Bonilla") -> Oscar Bonilla | B18: =IFERROR(__xludf.DUMMYFUNCTION("""COMPUTED_VALUE"""),3.0) -> 3 | C18: =iferror(VLOOKUP(A18,indirect("'" & "Current" & "'!$B:$T"),19,false),"") -> 0 | D18: =IF(COUNTIF(A:A, A18) > 1, "Duplicate", "") | E18: =E17+1 -> 17 | F18: =IFERROR(__xludf.DUMMYFUNCTION("""COMPUTED_VALUE"""),"Naveen Raj") -> Naveen Raj | G18: =IFERROR(__xludf.DUMMYFUNCTION("""COMPUTED_VALUE"""),"Lenin Belangonda") -> Lenin Belangonda | M18: =if(AND(M17>0, counta($K$2:K18)<=$P$21),M17+1,"") | O18: TBD | P18: =P11 -> 7
A19: =IFERROR(__xludf.DUMMYFUNCTION("""COMPUTED_VALUE"""),"Jim Miao") -> Jim Miao | B19: =IFERROR(__xludf.DUMMYFUNCTION("""COMPUTED_VALUE"""),1.0) -> 1 | C19: =iferror(VLOOKUP(A19,indirect("'" & "Current" & "'!$B:$T"),19,false),"") -> 0 | D19: =IF(COUNTIF(A:A, A19) > 1, "Duplicate", "") | E19: =E18+1 -> 18 | F19: =IFERROR(__xludf.DUMMYFUNCTION("""COMPUTED_VALUE"""),"Nicole Ni") -> Nicole Ni | G19: =IFERROR(__xludf.DUMMYFUNCTION("""COMPUTED_VALUE"""),"Manuel Rivera") -> Manuel Rivera | M19: =if(AND(M18>0, counta($K$2:K19)<=$P$21),M18+1,"") | O19: Total | P19: =sum(P16:P18) -> 71 | Q19: =if(P19>65,"Check duplicates","") -> Check duplicates | R19: Next UTC
A20: =IFERROR(__xludf.DUMMYFUNCTION("""COMPUTED_VALUE"""),"Coco Yan") -> Coco Yan | B20: =IFERROR(__xludf.DUMMYFUNCTION("""COMPUTED_VALUE"""),1.0) -> 1 | C20: =iferror(VLOOKUP(A20,indirect("'" & "Current" & "'!$B:$T"),19,false),"") -> 0 | D20: =IF(COUNTIF(A:A, A20) > 1, "Duplicate", "") | E20: =E19+1 -> 19 | F20: =IFERROR(__xludf.DUMMYFUNCTION("""COMPUTED_VALUE"""),"Pulkit Mathur") -> Pulkit Mathur | G20: =IFERROR(__xludf.DUMMYFUNCTION("""COMPUTED_VALUE"""),"Matthew Huang") -> Matthew Huang | M20: =if(AND(M19>0, counta($K$2:K20)<=$P$21),M19+1,"") | R20: =TODAY() + IF(MOD(7 - WEEKDAY(TODAY()), 7) = 0, 7, MOD(7 - WEEKDAY(TODAY()), 7)) -> 46312
A21: =IFERROR(__xludf.DUMMYFUNCTION("""COMPUTED_VALUE"""),"Kumar Palakeel") -> Kumar Palakeel | B21: =IFERROR(__xludf.DUMMYFUNCTION("""COMPUTED_VALUE"""),3.0) -> 3 | C21: =iferror(VLOOKUP(A21,indirect("'" & "Current" & "'!$B:$T"),19,false),"") -> 0 | D21: =IF(COUNTIF(A:A, A21) > 1, "Duplicate", "") | E21: =E20+1 -> 20 | F21: =IFERROR(__xludf.DUMMYFUNCTION("""COMPUTED_VALUE"""),"Ruben Ron") -> Ruben Ron | G21: =IFERROR(__xludf.DUMMYFUNCTION("""COMPUTED_VALUE"""),"Oscar Bonilla") -> Oscar Bonilla | M21: =if(AND(M20>0, counta($K$2:K21)<=$P$21),M20+1,"") | O21: Sitouts Needed | P21: =max(mod(P16,4),P16-44) -> 0
A22: =IFERROR(__xludf.DUMMYFUNCTION("""COMPUTED_VALUE"""),"Vicki Martinet") -> Vicki Martinet | B22: =IFERROR(__xludf.DUMMYFUNCTION("""COMPUTED_VALUE"""),3.0) -> 3 | C22: =iferror(VLOOKUP(A22,indirect("'" & "Current" & "'!$B:$T"),19,false),"") -> 1 | D22: =IF(COUNTIF(A:A, A22) > 1, "Duplicate", "") | E22: =E21+1 -> 21 | F22: =IFERROR(__xludf.DUMMYFUNCTION("""COMPUTED_VALUE"""),"Rudy Tatang") -> Rudy Tatang | G22: =IFERROR(__xludf.DUMMYFUNCTION("""COMPUTED_VALUE"""),"Pavan Akkimsetty") -> Pavan Akkimsetty | M22: =if(AND(M21>0, counta($K$2:K22)<=$P$21),M21+1,"")
A23: =IFERROR(__xludf.DUMMYFUNCTION("""COMPUTED_VALUE"""),"Scott Li") -> Scott Li | B23: =IFERROR(__xludf.DUMMYFUNCTION("""COMPUTED_VALUE"""),5.0) -> 5 | C23: =iferror(VLOOKUP(A23,indirect("'" & "Current" & "'!$B:$T"),19,false),"") -> 2 | D23: =IF(COUNTIF(A:A, A23) > 1, "Duplicate", "") | E23: =E22+1 -> 22 | F23: =IFERROR(__xludf.DUMMYFUNCTION("""COMPUTED_VALUE"""),"Sean Chang") -> Sean Chang | G23: =IFERROR(__xludf.DUMMYFUNCTION("""COMPUTED_VALUE"""),"Rajasekar Ramasamy") -> Rajasekar Ramasamy | M23: =if(AND(M22>0, counta($K$2:K23)<=$P$21),M22+1,"") | O23: Vacations
A24: =IFERROR(__xludf.DUMMYFUNCTION("""COMPUTED_VALUE"""),"Eric Pan") -> Eric Pan | B24: =IFERROR(__xludf.DUMMYFUNCTION("""COMPUTED_VALUE"""),3.0) -> 3 | C24: =iferror(VLOOKUP(A24,indirect("'" & "Current" & "'!$B:$T"),19,false),"") -> 1 | D24: =IF(COUNTIF(A:A, A24) > 1, "Duplicate", "") | E24: =E23+1 -> 23 | F24: =IFERROR(__xludf.DUMMYFUNCTION("""COMPUTED_VALUE"""),"Susanta Mishra") -> Susanta Mishra | G24: =IFERROR(__xludf.DUMMYFUNCTION("""COMPUTED_VALUE"""),"Rajesh Dorairaj") -> Rajesh Dorairaj | M24: =if(AND(M23>0, counta($K$2:K24)<=$P$21),M23+1,"") | O24: Player | P24: Login | Q24: From | R24: To | S24: Vacation Valid ? | T24: Checked-In ?
A25: =IFERROR(__xludf.DUMMYFUNCTION("""COMPUTED_VALUE"""),"Susanta Mishra") -> Susanta Mishra | B25: =IFERROR(__xludf.DUMMYFUNCTION("""COMPUTED_VALUE"""),1.0) -> 1 | C25: =iferror(VLOOKUP(A25,indirect("'" & "Current" & "'!$B:$T"),19,false),"") -> 0 | E25: =E24+1 -> 24 | F25: =IFERROR(__xludf.DUMMYFUNCTION("""COMPUTED_VALUE"""),"Ted Shen") -> Ted Shen | G25: =IFERROR(__xludf.DUMMYFUNCTION("""COMPUTED_VALUE"""),"Ramesh Bandaru") -> Ramesh Bandaru | M25: =if(AND(M24>0, counta($K$2:K25)<=$P$21),M24+1,"") | O25: =IFERROR(__xludf.DUMMYFUNCTION("Query(IMPORTRANGE(""1uZFF2o7rrfB0YZtASdZnP52Ef50ZinvtOPb1Tbuq8J4"",""Vacations!B1:E9999""),""Select Col1,Col2, Col3, Col4 where Col3 <= date '"" &TEXT(R20, ""YYYY-MM-DD"")& ""' and Col4 >= date '"" &TEXT(R20, ""YYYY-MM-DD"")& ""' "")"),"Player") -> Player | P25: =IFERROR(__xludf.DUMMYFUNCTION("""COMPUTED_VALUE"""),"Phone") -> Phone | Q25: =IFERROR(__xludf.DUMMYFUNCTION("""COMPUTED_VALUE"""),"From") -> From | R25: =IFERROR(__xludf.DUMMYFUNCTION("""COMPUTED_VALUE"""),"To") -> To | S25: =if(isblank(O25),"",if(AND($R$20 >= Q25, $R$20 <= R25),"Yes","No")) -> No | T25: =if(isblank(O25),"",if(isna(vlookup(O25,A$2:A$66,1,false)),"No","Yes")) -> No
A26: =IFERROR(__xludf.DUMMYFUNCTION("""COMPUTED_VALUE"""),"Vinotkumar Nagappan") -> Vinotkumar Nagappan | B26: =IFERROR(__xludf.DUMMYFUNCTION("""COMPUTED_VALUE"""),1.0) -> 1 | C26: =iferror(VLOOKUP(A26,indirect("'" & "Current" & "'!$B:$T"),19,false),"") | E26: =E25+1 -> 25 | F26: =IFERROR(__xludf.DUMMYFUNCTION("""COMPUTED_VALUE"""),"Tina Hanson") -> Tina Hanson | G26: =IFERROR(__xludf.DUMMYFUNCTION("""COMPUTED_VALUE"""),"Robert Chang") -> Robert Chang | M26: =if(AND(M25>0, counta($K$2:K26)<=$P$21),M25+1,"") | O26: =IFERROR(__xludf.DUMMYFUNCTION("""COMPUTED_VALUE"""),"Adrian Tay") -> Adrian Tay | P26: =IFERROR(__xludf.DUMMYFUNCTION("""COMPUTED_VALUE"""),9.099797212E9) -> 9099797212 | Q26: =IFERROR(__xludf.DUMMYFUNCTION("""COMPUTED_VALUE"""),46160.0) -> 46160 | R26: =IFERROR(__xludf.DUMMYFUNCTION("""COMPUTED_VALUE"""),46387.0) -> 46387 | S26: =if(isblank(O26),"",if(AND($R$20 >= Q26, $R$20 <= R26),"Yes","No")) -> Yes | T26: =if(isblank(O26),"",if(isna(vlookup(O26,A$2:A$66,1,false)),"No","Yes")) -> Yes
A27: =IFERROR(__xludf.DUMMYFUNCTION("""COMPUTED_VALUE"""),"Ted Shen") -> Ted Shen | B27: =IFERROR(__xludf.DUMMYFUNCTION("""COMPUTED_VALUE"""),1.0) -> 1 | C27: =iferror(VLOOKUP(A27,indirect("'" & "Current" & "'!$B:$T"),19,false),"") -> 0 | D27: =IF(COUNTIF(A:A, A27) > 1, "Duplicate", "") | E27: =E26+1 -> 26 | F27: =IFERROR(__xludf.DUMMYFUNCTION("""COMPUTED_VALUE"""),"Vinotkumar Nagappan") -> Vinotkumar Nagappan | G27: =IFERROR(__xludf.DUMMYFUNCTION("""COMPUTED_VALUE"""),"Sandeep Kamalon") -> Sandeep Kamalon | O27: =IFERROR(__xludf.DUMMYFUNCTION("""COMPUTED_VALUE"""),"Wayne Liu") -> Wayne Liu | P27: =IFERROR(__xludf.DUMMYFUNCTION("""COMPUTED_VALUE"""),9.098020743E9) -> 9098020743 | Q27: =IFERROR(__xludf.DUMMYFUNCTION("""COMPUTED_VALUE"""),46286.0) -> 46286 | R27: =IFERROR(__xludf.DUMMYFUNCTION("""COMPUTED_VALUE"""),46384.0) -> 46384 | S27: =if(isblank(O27),"",if(AND($R$20 >= Q27, $R$20 <= R27),"Yes","No")) -> Yes | T27: =if(isblank(O27),"",if(isna(vlookup(O27,A$2:A$66,1,false)),"No","Yes")) -> Yes
A28: =IFERROR(__xludf.DUMMYFUNCTION("""COMPUTED_VALUE"""),"Pulkit Mathur") -> Pulkit Mathur | B28: =IFERROR(__xludf.DUMMYFUNCTION("""COMPUTED_VALUE"""),1.0) -> 1 | C28: =iferror(VLOOKUP(A28,indirect("'" & "Current" & "'!$B:$T"),19,false),"") -> 0 | D28: =IF(COUNTIF(A:A, A28) > 1, "Duplicate", "") | E28: =E27+1 -> 27 | G28: =IFERROR(__xludf.DUMMYFUNCTION("""COMPUTED_VALUE"""),"Sanjaye Elayattu") -> Sanjaye Elayattu | O28: =IFERROR(__xludf.DUMMYFUNCTION("""COMPUTED_VALUE"""),"Basudev Thoppai Vidyasankar") -> Basudev Thoppai Vidyasankar | P28: =IFERROR(__xludf.DUMMYFUNCTION("""COMPUTED_VALUE"""),4.846824818E9) -> 4846824818 | Q28: =IFERROR(__xludf.DUMMYFUNCTION("""COMPUTED_VALUE"""),46311.0) -> 46311 | R28: =IFERROR(__xludf.DUMMYFUNCTION("""COMPUTED_VALUE"""),46327.0) -> 46327 | S28: =if(isblank(O28),"",if(AND($R$20 >= Q28, $R$20 <= R28),"Yes","No")) -> Yes | T28: =if(isblank(O28),"",if(isna(vlookup(O28,A$2:A$66,1,false)),"No","Yes")) -> Yes
A29: =IFERROR(__xludf.DUMMYFUNCTION("""COMPUTED_VALUE"""),"Art Hui") -> Art Hui | B29: =IFERROR(__xludf.DUMMYFUNCTION("""COMPUTED_VALUE"""),3.0) -> 3 | C29: =iferror(VLOOKUP(A29,indirect("'" & "Current" & "'!$B:$T"),19,false),"") | D29: =IF(COUNTIF(A:A, A29) > 1, "Duplicate", "") | E29: =E28+1 -> 28 | G29: =IFERROR(__xludf.DUMMYFUNCTION("""COMPUTED_VALUE"""),"Santosh Sundaresan") -> Santosh Sundaresan | O29: =IFERROR(__xludf.DUMMYFUNCTION("""COMPUTED_VALUE"""),"Tom Le") -> Tom Le | P29: =IFERROR(__xludf.DUMMYFUNCTION("""COMPUTED_VALUE"""),6.262510666E9) -> 6262510666 | Q29: =IFERROR(__xludf.DUMMYFUNCTION("""COMPUTED_VALUE"""),46309.0) -> 46309 | R29: =IFERROR(__xludf.DUMMYFUNCTION("""COMPUTED_VALUE"""),46323.0) -> 46323 | S29: =if(isblank(O29),"",if(AND($R$20 >= Q29, $R$20 <= R29),"Yes","No")) -> Yes | T29: =if(isblank(O29),"",if(isna(vlookup(O29,A$2:A$66,1,false)),"No","Yes")) -> Yes
A30: =IFERROR(__xludf.DUMMYFUNCTION("""COMPUTED_VALUE"""),"Ramesh Bandaru") -> Ramesh Bandaru | B30: =IFERROR(__xludf.DUMMYFUNCTION("""COMPUTED_VALUE"""),3.0) -> 3 | C30: =iferror(VLOOKUP(A30,indirect("'" & "Current" & "'!$B:$T"),19,false),"") -> 0 | D30: =IF(COUNTIF(A:A, A30) > 1, "Duplicate", "") | E30: =E29+1 -> 29 | G30: =IFERROR(__xludf.DUMMYFUNCTION("""COMPUTED_VALUE"""),"Saravanan Veerapandian") -> Saravanan Veerapandian | O30: =IFERROR(__xludf.DUMMYFUNCTION("""COMPUTED_VALUE"""),"Lam Bui") -> Lam Bui | P30: =IFERROR(__xludf.DUMMYFUNCTION("""COMPUTED_VALUE"""),6.262336142E9) -> 6262336142 | Q30: =IFERROR(__xludf.DUMMYFUNCTION("""COMPUTED_VALUE"""),46311.0) -> 46311 | R30: =IFERROR(__xludf.DUMMYFUNCTION("""COMPUTED_VALUE"""),46321.0) -> 46321 | S30: =if(isblank(O30),"",if(AND($R$20 >= Q30, $R$20 <= R30),"Yes","No")) -> Yes | T30: =if(isblank(O30),"",if(isna(vlookup(O30,A$2:A$66,1,false)),"No","Yes")) -> Yes
A31: =IFERROR(__xludf.DUMMYFUNCTION("""COMPUTED_VALUE"""),"Vishnu Amarnath") -> Vishnu Amarnath | B31: =IFERROR(__xludf.DUMMYFUNCTION("""COMPUTED_VALUE"""),3.0) -> 3 | C31: =iferror(VLOOKUP(A31,indirect("'" & "Current" & "'!$B:$T"),19,false),"") -> 1 | D31: =IF(COUNTIF(A:A, A31) > 1, "Duplicate", "") | E31: =E30+1 -> 30 | G31: =IFERROR(__xludf.DUMMYFUNCTION("""COMPUTED_VALUE"""),"Tom Le") -> Tom Le | O31: =IFERROR(__xludf.DUMMYFUNCTION("""COMPUTED_VALUE"""),"Robert Chang") -> Robert Chang | P31: =IFERROR(__xludf.DUMMYFUNCTION("""COMPUTED_VALUE"""),9.092256768E9) -> 9092256768 | Q31: =IFERROR(__xludf.DUMMYFUNCTION("""COMPUTED_VALUE"""),46311.0) -> 46311 | R31: =IFERROR(__xludf.DUMMYFUNCTION("""COMPUTED_VALUE"""),46320.0) -> 46320 | S31: =if(isblank(O31),"",if(AND($R$20 >= Q31, $R$20 <= R31),"Yes","No")) -> Yes | T31: =if(isblank(O31),"",if(isna(vlookup(O31,A$2:A$66,1,false)),"No","Yes")) -> Yes
A32: =IFERROR(__xludf.DUMMYFUNCTION("""COMPUTED_VALUE"""),"Basudev Thoppai Vidyasankar") -> Basudev Thoppai Vidyasankar | B32: =IFERROR(__xludf.DUMMYFUNCTION("""COMPUTED_VALUE"""),3.0) -> 3 | C32: =iferror(VLOOKUP(A32,indirect("'" & "Current" & "'!$B:$T"),19,false),"") -> 0 | D32: =IF(COUNTIF(A:A, A32) > 1, "Duplicate", "") | E32: =E31+1 -> 31 | G32: =IFERROR(__xludf.DUMMYFUNCTION("""COMPUTED_VALUE"""),"Trish Newlin") -> Trish Newlin | O32: =IFERROR(__xludf.DUMMYFUNCTION("""COMPUTED_VALUE"""),"Lam Bui") -> Lam Bui | P32: =IFERROR(__xludf.DUMMYFUNCTION("""COMPUTED_VALUE"""),6.262336142E9) -> 6262336142 | Q32: =IFERROR(__xludf.DUMMYFUNCTION("""COMPUTED_VALUE"""),46312.0) -> 46312 | R32: =IFERROR(__xludf.DUMMYFUNCTION("""COMPUTED_VALUE"""),46319.0) -> 46319 | S32: =if(isblank(O32),"",if(AND($R$20 >= Q32, $R$20 <= R32),"Yes","No")) -> Yes | T32: =if(isblank(O32),"",if(isna(vlookup(O32,A$2:A$66,1,false)),"No","Yes")) -> Yes
A33: =IFERROR(__xludf.DUMMYFUNCTION("""COMPUTED_VALUE"""),"Allen Zhang") -> Allen Zhang | B33: =IFERROR(__xludf.DUMMYFUNCTION("""COMPUTED_VALUE"""),1.0) -> 1 | C33: =iferror(VLOOKUP(A33,indirect("'" & "Current" & "'!$B:$T"),19,false),"") -> 0 | D33: =IF(COUNTIF(A:A, A33) > 1, "Duplicate", "") | E33: =E32+1 -> 32 | G33: =IFERROR(__xludf.DUMMYFUNCTION("""COMPUTED_VALUE"""),"Troy Wong") -> Troy Wong | O33: =IFERROR(__xludf.DUMMYFUNCTION("""COMPUTED_VALUE"""),"Chinna Ponnaganti") -> Chinna Ponnaganti | P33: =IFERROR(__xludf.DUMMYFUNCTION("""COMPUTED_VALUE"""),9.096100085E9) -> 9096100085 | Q33: =IFERROR(__xludf.DUMMYFUNCTION("""COMPUTED_VALUE"""),46311.0) -> 46311 | R33: =IFERROR(__xludf.DUMMYFUNCTION("""COMPUTED_VALUE"""),46314.0) -> 46314 | S33: =if(isblank(O33),"",if(AND($R$20 >= Q33, $R$20 <= R33),"Yes","No")) -> Yes | T33: =if(isblank(O33),"",if(isna(vlookup(O33,A$2:A$66,1,false)),"No","Yes")) -> Yes
A34: =IFERROR(__xludf.DUMMYFUNCTION("""COMPUTED_VALUE"""),"Ethan Gu") -> Ethan Gu | B34: =IFERROR(__xludf.DUMMYFUNCTION("""COMPUTED_VALUE"""),1.0) -> 1 | C34: =iferror(VLOOKUP(A34,indirect("'" & "Current" & "'!$B:$T"),19,false),"") -> 0 | D34: =IF(COUNTIF(A:A, A34) > 1, "Duplicate", "") | E34: =E33+1 -> 33 | G34: =IFERROR(__xludf.DUMMYFUNCTION("""COMPUTED_VALUE"""),"Vicki Martinet") -> Vicki Martinet | S34: =if(isblank(O34),"",if(AND($R$20 >= Q34, $R$20 <= R34),"Yes","No")) | T34: =if(isblank(O34),"",if(isna(vlookup(O34,A$2:A$66,1,false)),"No","Yes"))
A35: =IFERROR(__xludf.DUMMYFUNCTION("""COMPUTED_VALUE"""),"Herman Au") -> Herman Au | B35: =IFERROR(__xludf.DUMMYFUNCTION("""COMPUTED_VALUE"""),5.0) -> 5 | C35: =iferror(VLOOKUP(A35,indirect("'" & "Current" & "'!$B:$T"),19,false),"") -> 2 | D35: =IF(COUNTIF(A:A, A35) > 1, "Duplicate", "") | E35: =E34+1 -> 34 | G35: =IFERROR(__xludf.DUMMYFUNCTION("""COMPUTED_VALUE"""),"Vinaya Kajla") -> Vinaya Kajla | S35: =if(isblank(O35),"",if(AND($R$20 >= Q35, $R$20 <= R35),"Yes","No")) | T35: =if(isblank(O35),"",if(isna(vlookup(O35,A$2:A$66,1,false)),"No","Yes"))
A36: =IFERROR(__xludf.DUMMYFUNCTION("""COMPUTED_VALUE"""),"Nicole Ni") -> Nicole Ni | B36: =IFERROR(__xludf.DUMMYFUNCTION("""COMPUTED_VALUE"""),1.0) -> 1 | C36: =iferror(VLOOKUP(A36,indirect("'" & "Current" & "'!$B:$T"),19,false),"") -> 1 | D36: =IF(COUNTIF(A:A, A36) > 1, "Duplicate", "") | E36: =E35+1 -> 35 | G36: =IFERROR(__xludf.DUMMYFUNCTION("""COMPUTED_VALUE"""),"Vishnu Amarnath") -> Vishnu Amarnath | S36: =if(isblank(O36),"",if(AND($R$20 >= Q36, $R$20 <= R36),"Yes","No")) | T36: =if(isblank(O36),"",if(isna(vlookup(O36,A$2:A$66,1,false)),"No","Yes"))
A37: =IFERROR(__xludf.DUMMYFUNCTION("""COMPUTED_VALUE"""),"Alejandro Mejia") -> Alejandro Mejia | B37: =IFERROR(__xludf.DUMMYFUNCTION("""COMPUTED_VALUE"""),3.0) -> 3 | C37: =iferror(VLOOKUP(A37,indirect("'" & "Current" & "'!$B:$T"),19,false),"") -> 0 | D37: =IF(COUNTIF(A:A, A37) > 1, "Duplicate", "") | E37: =E36+1 -> 36 | G37: =IFERROR(__xludf.DUMMYFUNCTION("""COMPUTED_VALUE"""),"Wayne Liu") -> Wayne Liu | S37: =if(isblank(O37),"",if(AND($R$20 >= Q37, $R$20 <= R37),"Yes","No")) | T37: =if(isblank(O37),"",if(isna(vlookup(O37,A$2:A$66,1,false)),"No","Yes"))
A38: =IFERROR(__xludf.DUMMYFUNCTION("""COMPUTED_VALUE"""),"Rajesh Dorairaj") -> Rajesh Dorairaj | B38: =IFERROR(__xludf.DUMMYFUNCTION("""COMPUTED_VALUE"""),3.0) -> 3 | C38: =iferror(VLOOKUP(A38,indirect("'" & "Current" & "'!$B:$T"),19,false),"") -> 0 | D38: =IF(COUNTIF(A:A, A38) > 1, "Duplicate", "") | E38: =E37+1 -> 37 | S38: =if(isblank(O38),"",if(AND($R$20 >= Q38, $R$20 <= R38),"Yes","No")) | T38: =if(isblank(O38),"",if(isna(vlookup(O38,A$2:A$66,1,false)),"No","Yes"))
A39: =IFERROR(__xludf.DUMMYFUNCTION("""COMPUTED_VALUE"""),"Sean Chang") -> Sean Chang | B39: =IFERROR(__xludf.DUMMYFUNCTION("""COMPUTED_VALUE"""),1.0) -> 1 | C39: =iferror(VLOOKUP(A39,indirect("'" & "Current" & "'!$B:$T"),19,false),"") -> 1 | D39: =IF(COUNTIF(A:A, A39) > 1, "Duplicate", "") | E39: =E38+1 -> 38 | S39: =if(isblank(O39),"",if(AND($R$20 >= Q39, $R$20 <= R39),"Yes","No")) | T39: =if(isblank(O39),"",if(isna(vlookup(O39,A$2:A$66,1,false)),"No","Yes"))
A40: =IFERROR(__xludf.DUMMYFUNCTION("""COMPUTED_VALUE"""),"Jaya Sogata") -> Jaya Sogata | B40: =IFERROR(__xludf.DUMMYFUNCTION("""COMPUTED_VALUE"""),1.0) -> 1 | C40: =iferror(VLOOKUP(A40,indirect("'" & "Current" & "'!$B:$T"),19,false),"") | D40: =IF(COUNTIF(A:A, A40) > 1, "Duplicate", "") | E40: =E39+1 -> 39 | S40: =if(isblank(O40),"",if(AND($R$20 >= Q40, $R$20 <= R40),"Yes","No")) | T40: =if(isblank(O40),"",if(isna(vlookup(O40,A$2:A$66,1,false)),"No","Yes"))
A41: =IFERROR(__xludf.DUMMYFUNCTION("""COMPUTED_VALUE"""),"Hongyuan Wen") -> Hongyuan Wen | B41: =IFERROR(__xludf.DUMMYFUNCTION("""COMPUTED_VALUE"""),1.0) -> 1 | C41: =iferror(VLOOKUP(A41,indirect("'" & "Current" & "'!$B:$T"),19,false),"") -> 1 | D41: =IF(COUNTIF(A:A, A41) > 1, "Duplicate", "") | E41: =E40+1 -> 40 | S41: =if(isblank(O41),"",if(AND($R$20 >= Q41, $R$20 <= R41),"Yes","No")) | T41: =if(isblank(O41),"",if(isna(vlookup(O41,A$2:A$66,1,false)),"No","Yes"))
A42: =IFERROR(__xludf.DUMMYFUNCTION("""COMPUTED_VALUE"""),"Manish Anand") -> Manish Anand | B42: =IFERROR(__xludf.DUMMYFUNCTION("""COMPUTED_VALUE"""),1.0) -> 1 | C42: =iferror(VLOOKUP(A42,indirect("'" & "Current" & "'!$B:$T"),19,false),"") -> 0 | D42: =IF(COUNTIF(A:A, A42) > 1, "Duplicate", "") | E42: =E41+1 -> 41 | S42: =if(isblank(O42),"",if(AND($R$20 >= Q42, $R$20 <= R42),"Yes","No")) | T42: =if(isblank(O42),"",if(isna(vlookup(O42,A$2:A$66,1,false)),"No","Yes"))
A43: =IFERROR(__xludf.DUMMYFUNCTION("""COMPUTED_VALUE"""),"Jonathan Phan") -> Jonathan Phan | B43: =IFERROR(__xludf.DUMMYFUNCTION("""COMPUTED_VALUE"""),3.0) -> 3 | C43: =iferror(VLOOKUP(A43,indirect("'" & "Current" & "'!$B:$T"),19,false),"") -> 0 | D43: =IF(COUNTIF(A:A, A43) > 1, "Duplicate", "") | E43: =E42+1 -> 42 | S43: =if(isblank(O43),"",if(AND($R$20 >= Q43, $R$20 <= R43),"Yes","No")) | T43: =if(isblank(O43),"",if(isna(vlookup(O43,A$2:A$66,1,false)),"No","Yes"))
A44: =IFERROR(__xludf.DUMMYFUNCTION("""COMPUTED_VALUE"""),"Jimmy Awolesi") -> Jimmy Awolesi | B44: =IFERROR(__xludf.DUMMYFUNCTION("""COMPUTED_VALUE"""),1.0) -> 1 | C44: =iferror(VLOOKUP(A44,indirect("'" & "Current" & "'!$B:$T"),19,false),"") -> 0 | D44: =IF(COUNTIF(A:A, A44) > 1, "Duplicate", "") | E44: =E43+1 -> 43 | S44: =if(isblank(O44),"",if(AND($R$20 >= Q44, $R$20 <= R44),"Yes","No")) | T44: =if(isblank(O44),"",if(isna(vlookup(O44,A$2:A$66,1,false)),"No","Yes"))
A45: =IFERROR(__xludf.DUMMYFUNCTION("""COMPUTED_VALUE"""),"Andrew Yao") -> Andrew Yao | B45: =IFERROR(__xludf.DUMMYFUNCTION("""COMPUTED_VALUE"""),1.0) -> 1 | C45: =iferror(VLOOKUP(A45,indirect("'" & "Current" & "'!$B:$T"),19,false),"") | D45: =IF(COUNTIF(A:A, A45) > 1, "Duplicate", "") | E45: =E44+1 -> 44 | S45: =if(isblank(O45),"",if(AND($R$20 >= Q45, $R$20 <= R45),"Yes","No")) | T45: =if(isblank(O45),"",if(isna(vlookup(O45,A$2:A$66,1,false)),"No","Yes"))
A46: =IFERROR(__xludf.DUMMYFUNCTION("""COMPUTED_VALUE"""),"Alex Hou") -> Alex Hou | B46: =IFERROR(__xludf.DUMMYFUNCTION("""COMPUTED_VALUE"""),3.0) -> 3 | C46: =iferror(VLOOKUP(A46,indirect("'" & "Current" & "'!$B:$T"),19,false),"") -> 0 | D46: =IF(COUNTIF(A:A, A46) > 1, "Duplicate", "") | E46: =E45+1 -> 45 | S46: =if(isblank(O46),"",if(AND($R$20 >= Q46, $R$20 <= R46),"Yes","No")) | T46: =if(isblank(O46),"",if(isna(vlookup(O46,A$2:A$66,1,false)),"No","Yes"))
A47: =IFERROR(__xludf.DUMMYFUNCTION("""COMPUTED_VALUE"""),"Darren Wong") -> Darren Wong | B47: =IFERROR(__xludf.DUMMYFUNCTION("""COMPUTED_VALUE"""),3.0) -> 3 | C47: =iferror(VLOOKUP(A47,indirect("'" & "Current" & "'!$B:$T"),19,false),"") -> 1 | D47: =IF(COUNTIF(A:A, A47) > 1, "Duplicate", "") | E47: =E46+1 -> 46 | S47: =if(isblank(O47),"",if(AND($R$20 >= Q47, $R$20 <= R47),"Yes","No")) | T47: =if(isblank(O47),"",if(isna(vlookup(O47,A$2:A$66,1,false)),"No","Yes"))
A48: =IFERROR(__xludf.DUMMYFUNCTION("""COMPUTED_VALUE"""),"Vinaya Kajla") -> Vinaya Kajla | B48: =IFERROR(__xludf.DUMMYFUNCTION("""COMPUTED_VALUE"""),3.0) -> 3 | C48: =iferror(VLOOKUP(A48,indirect("'" & "Current" & "'!$B:$T"),19,false),"") -> 0 | D48: =IF(COUNTIF(A:A, A48) > 1, "Duplicate", "") | E48: =E47+1 -> 47 | S48: =if(isblank(O48),"",if(AND($R$20 >= Q48, $R$20 <= R48),"Yes","No")) | T48: =if(isblank(O48),"",if(isna(vlookup(O48,A$2:A$66,1,false)),"No","Yes"))
A49: =IFERROR(__xludf.DUMMYFUNCTION("""COMPUTED_VALUE"""),"Ruben Ron") -> Ruben Ron | B49: =IFERROR(__xludf.DUMMYFUNCTION("""COMPUTED_VALUE"""),1.0) -> 1 | C49: =iferror(VLOOKUP(A49,indirect("'" & "Current" & "'!$B:$T"),19,false),"") | D49: =IF(COUNTIF(A:A, A49) > 1, "Duplicate", "") | E49: =E48+1 -> 48 | S49: =if(isblank(O49),"",if(AND($R$20 >= Q49, $R$20 <= R49),"Yes","No")) | T49: =if(isblank(O49),"",if(isna(vlookup(O49,A$2:A$66,1,false)),"No","Yes"))
A50: =IFERROR(__xludf.DUMMYFUNCTION("""COMPUTED_VALUE"""),"Rudy Tatang") -> Rudy Tatang | B50: =IFERROR(__xludf.DUMMYFUNCTION("""COMPUTED_VALUE"""),1.0) -> 1 | C50: =iferror(VLOOKUP(A50,indirect("'" & "Current" & "'!$B:$T"),19,false),"") | D50: =IF(COUNTIF(A:A, A50) > 1, "Duplicate", "") | E50: =E49+1 -> 49
A51: =IFERROR(__xludf.DUMMYFUNCTION("""COMPUTED_VALUE"""),"David Shin") -> David Shin | B51: =IFERROR(__xludf.DUMMYFUNCTION("""COMPUTED_VALUE"""),1.0) -> 1 | C51: =iferror(VLOOKUP(A51,indirect("'" & "Current" & "'!$B:$T"),19,false),"") -> 0 | D51: =IF(COUNTIF(A:A, A51) > 1, "Duplicate", "") | E51: =E50+1 -> 50
A52: =IFERROR(__xludf.DUMMYFUNCTION("""COMPUTED_VALUE"""),"Luis Hsu") -> Luis Hsu | B52: =IFERROR(__xludf.DUMMYFUNCTION("""COMPUTED_VALUE"""),1.0) -> 1 | C52: =iferror(VLOOKUP(A52,indirect("'" & "Current" & "'!$B:$T"),19,false),"") -> 0 | D52: =IF(COUNTIF(A:A, A52) > 1, "Duplicate", "") | E52: =E51+1 -> 51
A53: =IFERROR(__xludf.DUMMYFUNCTION("""COMPUTED_VALUE"""),"Tina Hanson") -> Tina Hanson | B53: =IFERROR(__xludf.DUMMYFUNCTION("""COMPUTED_VALUE"""),1.0) -> 1 | C53: =iferror(VLOOKUP(A53,indirect("'" & "Current" & "'!$B:$T"),19,false),"") -> 0 | D53: =IF(COUNTIF(A:A, A53) > 1, "Duplicate", "") | E53: =E52+1 -> 52
A54: =IFERROR(__xludf.DUMMYFUNCTION("""COMPUTED_VALUE"""),"Camille Jung") -> Camille Jung | B54: =IFERROR(__xludf.DUMMYFUNCTION("""COMPUTED_VALUE"""),2.0) -> 2 | C54: =iferror(VLOOKUP(A54,indirect("'" & "Current" & "'!$B:$T"),19,false),"") | D54: =IF(COUNTIF(A:A, A54) > 1, "Duplicate", "") | E54: =E53+1 -> 53
A55: =IFERROR(__xludf.DUMMYFUNCTION("""COMPUTED_VALUE"""),"Saravanan Veerapandian") -> Saravanan Veerapandian | B55: =IFERROR(__xludf.DUMMYFUNCTION("""COMPUTED_VALUE"""),3.0) -> 3 | C55: =iferror(VLOOKUP(A55,indirect("'" & "Current" & "'!$B:$T"),19,false),"") -> 0 | D55: =IF(COUNTIF(A:A, A55) > 1, "Duplicate", "") | E55: =E54+1 -> 54
A56: =IFERROR(__xludf.DUMMYFUNCTION("""COMPUTED_VALUE"""),"Lloyd Sagar") -> Lloyd Sagar | B56: =IFERROR(__xludf.DUMMYFUNCTION("""COMPUTED_VALUE"""),1.0) -> 1 | C56: =iferror(VLOOKUP(A56,indirect("'" & "Current" & "'!$B:$T"),19,false),"") -> 0 | D56: =IF(COUNTIF(A:A, A56) > 1, "Duplicate", "") | E56: =E55+1 -> 55
A57: =IFERROR(__xludf.DUMMYFUNCTION("""COMPUTED_VALUE"""),"Frank Moon") -> Frank Moon | B57: =IFERROR(__xludf.DUMMYFUNCTION("""COMPUTED_VALUE"""),3.0) -> 3 | C57: =iferror(VLOOKUP(A57,indirect("'" & "Current" & "'!$B:$T"),19,false),"") -> 0 | D57: =IF(COUNTIF(A:A, A57) > 1, "Duplicate", "") | E57: =E56+1 -> 56
A58: =IFERROR(__xludf.DUMMYFUNCTION("""COMPUTED_VALUE"""),"Manuel Rivera") -> Manuel Rivera | B58: =IFERROR(__xludf.DUMMYFUNCTION("""COMPUTED_VALUE"""),3.0) -> 3 | C58: =iferror(VLOOKUP(A58,indirect("'" & "Current" & "'!$B:$T"),19,false),"") -> 1 | D58: =IF(COUNTIF(A:A, A58) > 1, "Duplicate", "") | E58: =E57+1 -> 57
A59: =IFERROR(__xludf.DUMMYFUNCTION("""COMPUTED_VALUE"""),"Lam Bui") -> Lam Bui | B59: =IFERROR(__xludf.DUMMYFUNCTION("""COMPUTED_VALUE"""),3.0) -> 3 | C59: =iferror(VLOOKUP(A59,indirect("'" & "Current" & "'!$B:$T"),19,false),"") -> 0 | D59: =IF(COUNTIF(A:A, A59) > 1, "Duplicate", "") | E59: =E58+1 -> 58
A60: =IFERROR(__xludf.DUMMYFUNCTION("""COMPUTED_VALUE"""),"Naveen Raj") -> Naveen Raj | B60: =IFERROR(__xludf.DUMMYFUNCTION("""COMPUTED_VALUE"""),1.0) -> 1 | C60: =iferror(VLOOKUP(A60,indirect("'" & "Current" & "'!$B:$T"),19,false),"") -> 0 | D60: =IF(COUNTIF(A:A, A60) > 1, "Duplicate", "") | E60: =E59+1 -> 59
A61: =IFERROR(__xludf.DUMMYFUNCTION("""COMPUTED_VALUE"""),"Andrew Wen") -> Andrew Wen | B61: =IFERROR(__xludf.DUMMYFUNCTION("""COMPUTED_VALUE"""),3.0) -> 3 | C61: =iferror(VLOOKUP(A61,indirect("'" & "Current" & "'!$B:$T"),19,false),"") -> 1 | D61: =IF(COUNTIF(A:A, A61) > 1, "Duplicate", "") | E61: =E60+1 -> 60
A62: =IFERROR(__xludf.DUMMYFUNCTION("""COMPUTED_VALUE"""),"Elayaraja Thangaraj") -> Elayaraja Thangaraj | B62: =IFERROR(__xludf.DUMMYFUNCTION("""COMPUTED_VALUE"""),1.0) -> 1 | C62: =iferror(VLOOKUP(A62,indirect("'" & "Current" & "'!$B:$T"),19,false),"") -> 1 | D62: =IF(COUNTIF(A:A, A62) > 1, "Duplicate", "") | E62: =E61+1 -> 61
A63: =IFERROR(__xludf.DUMMYFUNCTION("""COMPUTED_VALUE"""),"Rajasekar Ramasamy") -> Rajasekar Ramasamy | B63: =IFERROR(__xludf.DUMMYFUNCTION("""COMPUTED_VALUE"""),3.0) -> 3 | C63: =iferror(VLOOKUP(A63,indirect("'" & "Current" & "'!$B:$T"),19,false),"") -> 1 | D63: =IF(COUNTIF(A:A, A63) > 1, "Duplicate", "") | E63: =E62+1 -> 62
A64: =IFERROR(__xludf.DUMMYFUNCTION("""COMPUTED_VALUE"""),"Mauricio Palacios") -> Mauricio Palacios | B64: =IFERROR(__xludf.DUMMYFUNCTION("""COMPUTED_VALUE"""),1.0) -> 1 | C64: =iferror(VLOOKUP(A64,indirect("'" & "Current" & "'!$B:$T"),19,false),"") -> 0 | D64: =IF(COUNTIF(A:A, A64) > 1, "Duplicate", "") | E64: =E63+1 -> 63
A65: =IFERROR(__xludf.DUMMYFUNCTION("""COMPUTED_VALUE"""),"Suleman Alidina") -> Suleman Alidina | B65: =IFERROR(__xludf.DUMMYFUNCTION("""COMPUTED_VALUE"""),2.0) -> 2 | C65: =iferror(VLOOKUP(A65,indirect("'" & "Current" & "'!$B:$T"),19,false),"") -> 0 | D65: =IF(COUNTIF(A:A, A65) > 1, "Duplicate", "") | E65: =E64+1 -> 64
A66: =IFERROR(__xludf.DUMMYFUNCTION("""COMPUTED_VALUE"""),"Ranjith Doraiswamy") -> Ranjith Doraiswamy | B66: =IFERROR(__xludf.DUMMYFUNCTION("""COMPUTED_VALUE"""),5.0) -> 5 | C66: =iferror(VLOOKUP(A66,indirect("'" & "Current" & "'!$B:$T"),19,false),"") | D66: =IF(COUNTIF(A:A, A66) > 1, "Duplicate", "") | E66: =E65+1 -> 65
A67: =IFERROR(__xludf.DUMMYFUNCTION("""COMPUTED_VALUE"""),"Matthew Huang") -> Matthew Huang | B67: =IFERROR(__xludf.DUMMYFUNCTION("""COMPUTED_VALUE"""),3.0) -> 3
A68: =IFERROR(__xludf.DUMMYFUNCTION("""COMPUTED_VALUE"""),"Lenin Belangonda") -> Lenin Belangonda | B68: =IFERROR(__xludf.DUMMYFUNCTION("""COMPUTED_VALUE"""),3.0) -> 3
O75: Admins
O76: Chinna Ponnaganti
O77: Joe Luzzi
O78: Lam Bui
O79: Leigh-Anh Nguyen
O80: Robert Chang
O81: Sean Chang
O82: Tom Le

Sheet Data
A1: No | B1: Name of Player | C1: 45843 | D1: =C1+7 -> 45850 | E1: =D1+7 -> 45857 | F1: =E1+7 -> 45864 | G1: =F1+7 -> 45871 | H1: =G1+7 -> 45878 | I1: =H1+7 -> 45885 | J1: =I1+7 -> 45892 | K1: =J1+7 -> 45899 | ... AB1: =AA1+7 -> 46018
A2: 1 | B2: Adrian Tay | C2: =IFERROR(VLOOKUP($B2,indirect(text(C$1,"mm/dd/yy")&"!B:L"),11,false),"Not played") -> 17 | D2: =IFERROR(VLOOKUP($B2,indirect(text(D$1,"mm/dd/yy")&"!B:L"),11,false),"Not played") -> 9 | E2: =IFERROR(VLOOKUP($B2,indirect(text(E$1,"mm/dd/yy")&"!B:L"),11,false),"Not played") -> 9 | F2: =IFERROR(VLOOKUP($B2,indirect(text(F$1,"mm/dd/yy")&"!B:L"),11,false),"Not played") -> 9 | G2: =IFERROR(VLOOKUP($B2,indirect(text(G$1,"mm/dd/yy")&"!B:L"),11,false),"Not played") -> 18 | H2: =IFERROR(VLOOKUP($B2,indirect(text(H$1,"mm/dd/yy")&"!B:L"),11,false),"Not played") -> 13 | I2: =IFERROR(VLOOKUP($B2,indirect(text(I$1,"mm/dd/yy")&"!B:L"),11,false),"Not played") -> 19 | J2: =IFERROR(VLOOKUP($B2,indirect(text(J$1,"mm/dd/yy")&"!B:L"),11,false),"Not played") -> 9 | ... AB2: =IFERROR(VLOOKUP($B2,indirect(text(AB$1,"mm/dd/yy")&"!B:L"),11,false),"Not played") -> Not played
A3: =A2+1 -> 2 | B3: Alejandro Mejia | C3: =IFERROR(VLOOKUP($B3,indirect(text(C$1,"mm/dd/yy")&"!B:L"),11,false),"Not played") -> 9 | D3: =IFERROR(VLOOKUP($B3,indirect(text(D$1,"mm/dd/yy")&"!B:L"),11,false),"Not played") -> 9 | E3: =IFERROR(VLOOKUP($B3,indirect(text(E$1,"mm/dd/yy")&"!B:L"),11,false),"Not played") -> 9 | F3: =IFERROR(VLOOKUP($B3,indirect(text(F$1,"mm/dd/yy")&"!B:L"),11,false),"Not played") -> 9 | G3: =IFERROR(VLOOKUP($B3,indirect(text(G$1,"mm/dd/yy")&"!B:L"),11,false),"Not played") -> 16 | H3: =IFERROR(VLOOKUP($B3,indirect(text(H$1,"mm/dd/yy")&"!B:L"),11,false),"Not played") -> 9 | I3: =IFERROR(VLOOKUP($B3,indirect(text(I$1,"mm/dd/yy")&"!B:L"),11,false),"Not played") -> 18 | J3: =IFERROR(VLOOKUP($B3,indirect(text(J$1,"mm/dd/yy")&"!B:L"),11,false),"Not played") -> 18 | ... AB3: =IFERROR(VLOOKUP($B3,indirect(text(AB$1,"mm/dd/yy")&"!B:L"),11,false),"Not played") -> Not played
A4: =A3+1 -> 3 | B4: Alex Hou | C4: =IFERROR(VLOOKUP($B4,indirect(text(C$1,"mm/dd/yy")&"!B:L"),11,false),"Not played") -> 11 | D4: =IFERROR(VLOOKUP($B4,indirect(text(D$1,"mm/dd/yy")&"!B:L"),11,false),"Not played") -> 11 | E4: =IFERROR(VLOOKUP($B4,indirect(text(E$1,"mm/dd/yy")&"!B:L"),11,false),"Not played") -> 16 | F4: =IFERROR(VLOOKUP($B4,indirect(text(F$1,"mm/dd/yy")&"!B:L"),11,false),"Not played") -> 14 | G4: =IFERROR(VLOOKUP($B4,indirect(text(G$1,"mm/dd/yy")&"!B:L"),11,false),"Not played") -> 11 | H4: =IFERROR(VLOOKUP($B4,indirect(text(H$1,"mm/dd/yy")&"!B:L"),11,false),"Not played") -> 15 | I4: =IFERROR(VLOOKUP($B4,indirect(text(I$1,"mm/dd/yy")&"!B:L"),11,false),"Not played") -> 12 | J4: =IFERROR(VLOOKUP($B4,indirect(text(J$1,"mm/dd/yy")&"!B:L"),11,false),"Not played") -> 11 | ... AB4: =IFERROR(VLOOKUP($B4,indirect(text(AB$1,"mm/dd/yy")&"!B:L"),11,false),"Not played") -> Not played
A5: =A4+1 -> 4 | B5: Allen Zhang | C5: =IFERROR(VLOOKUP($B5,indirect(text(C$1,"mm/dd/yy")&"!B:L"),11,false),"Not played") -> 9 | D5: =IFERROR(VLOOKUP($B5,indirect(text(D$1,"mm/dd/yy")&"!B:L"),11,false),"Not played") -> 17 | E5: =IFERROR(VLOOKUP($B5,indirect(text(E$1,"mm/dd/yy")&"!B:L"),11,false),"Not played") -> 13 | F5: =IFERROR(VLOOKUP($B5,indirect(text(F$1,"mm/dd/yy")&"!B:L"),11,false),"Not played") -> 4 | G5: =IFERROR(VLOOKUP($B5,indirect(text(G$1,"mm/dd/yy")&"!B:L"),11,false),"Not played") -> 14 | H5: =IFERROR(VLOOKUP($B5,indirect(text(H$1,"mm/dd/yy")&"!B:L"),11,false),"Not played") -> 15 | I5: =IFERROR(VLOOKUP($B5,indirect(text(I$1,"mm/dd/yy")&"!B:L"),11,false),"Not played") -> 15 | J5: =IFERROR(VLOOKUP($B5,indirect(text(J$1,"mm/dd/yy")&"!B:L"),11,false),"Not played") -> 9 | ... AB5: =IFERROR(VLOOKUP($B5,indirect(text(AB$1,"mm/dd/yy")&"!B:L"),11,false),"Not played") -> Not played
A6: =A5+1 -> 5 | B6: Andrew Wen | C6: =IFERROR(VLOOKUP($B6,indirect(text(C$1,"mm/dd/yy")&"!B:L"),11,false),"Not played") -> 7 | D6: =IFERROR(VLOOKUP($B6,indirect(text(D$1,"mm/dd/yy")&"!B:L"),11,false),"Not played") -> 9 | E6: =IFERROR(VLOOKUP($B6,indirect(text(E$1,"mm/dd/yy")&"!B:L"),11,false),"Not played") -> 12 | F6: =IFERROR(VLOOKUP($B6,indirect(text(F$1,"mm/dd/yy")&"!B:L"),11,false),"Not played") -> 15 | G6: =IFERROR(VLOOKUP($B6,indirect(text(G$1,"mm/dd/yy")&"!B:L"),11,false),"Not played") -> 16 | H6: =IFERROR(VLOOKUP($B6,indirect(text(H$1,"mm/dd/yy")&"!B:L"),11,false),"Not played") -> 11 | I6: =IFERROR(VLOOKUP($B6,indirect(text(I$1,"mm/dd/yy")&"!B:L"),11,false),"Not played") -> 9 | J6: =IFERROR(VLOOKUP($B6,indirect(text(J$1,"mm/dd/yy")&"!B:L"),11,false),"Not played") -> 13 | ... AB6: =IFERROR(VLOOKUP($B6,indirect(text(AB$1,"mm/dd/yy")&"!B:L"),11,false),"Not played") -> Not played
A7: =A6+1 -> 6 | B7: Balaji Alahari | C7: =IFERROR(VLOOKUP($B7,indirect(text(C$1,"mm/dd/yy")&"!B:L"),11,false),"Not played") -> 9 | D7: =IFERROR(VLOOKUP($B7,indirect(text(D$1,"mm/dd/yy")&"!B:L"),11,false),"Not played") -> 9 | E7: =IFERROR(VLOOKUP($B7,indirect(text(E$1,"mm/dd/yy")&"!B:L"),11,false),"Not played") -> 9 | F7: =IFERROR(VLOOKUP($B7,indirect(text(F$1,"mm/dd/yy")&"!B:L"),11,false),"Not played") -> 9 | G7: =IFERROR(VLOOKUP($B7,indirect(text(G$1,"mm/dd/yy")&"!B:L"),11,false),"Not played") -> 9 | H7: =IFERROR(VLOOKUP($B7,indirect(text(H$1,"mm/dd/yy")&"!B:L"),11,false),"Not played") -> 9 | I7: =IFERROR(VLOOKUP($B7,indirect(text(I$1,"mm/dd/yy")&"!B:L"),11,false),"Not played") -> 9 | J7: =IFERROR(VLOOKUP($B7,indirect(text(J$1,"mm/dd/yy")&"!B:L"),11,false),"Not played") -> 9 | ... AB7: =IFERROR(VLOOKUP($B7,indirect(text(AB$1,"mm/dd/yy")&"!B:L"),11,false),"Not played") -> Not played
A8: =A7+1 -> 7 | B8: Barathi Sundaram | C8: =IFERROR(VLOOKUP($B8,indirect(text(C$1,"mm/dd/yy")&"!B:L"),11,false),"Not played") -> 9 | D8: =IFERROR(VLOOKUP($B8,indirect(text(D$1,"mm/dd/yy")&"!B:L"),11,false),"Not played") -> 4 | E8: =IFERROR(VLOOKUP($B8,indirect(text(E$1,"mm/dd/yy")&"!B:L"),11,false),"Not played") -> 6 | F8: =IFERROR(VLOOKUP($B8,indirect(text(F$1,"mm/dd/yy")&"!B:L"),11,false),"Not played") -> 9 | G8: =IFERROR(VLOOKUP($B8,indirect(text(G$1,"mm/dd/yy")&"!B:L"),11,false),"Not played") -> 9 | H8: =IFERROR(VLOOKUP($B8,indirect(text(H$1,"mm/dd/yy")&"!B:L"),11,false),"Not played") -> 9 | I8: =IFERROR(VLOOKUP($B8,indirect(text(I$1,"mm/dd/yy")&"!B:L"),11,false),"Not played") -> 9 | J8: =IFERROR(VLOOKUP($B8,indirect(text(J$1,"mm/dd/yy")&"!B:L"),11,false),"Not played") -> 9 | ... AB8: =IFERROR(VLOOKUP($B8,indirect(text(AB$1,"mm/dd/yy")&"!B:L"),11,false),"Not played") -> Not played
A9: =A8+1 -> 8 | B9: Basudev Thoppai Vidyasankar | C9: =IFERROR(VLOOKUP($B9,indirect(text(C$1,"mm/dd/yy")&"!B:L"),11,false),"Not played") -> 12 | D9: =IFERROR(VLOOKUP($B9,indirect(text(D$1,"mm/dd/yy")&"!B:L"),11,false),"Not played") -> 18 | E9: =IFERROR(VLOOKUP($B9,indirect(text(E$1,"mm/dd/yy")&"!B:L"),11,false),"Not played") -> 9 | F9: =IFERROR(VLOOKUP($B9,indirect(text(F$1,"mm/dd/yy")&"!B:L"),11,false),"Not played") -> 15 | G9: =IFERROR(VLOOKUP($B9,indirect(text(G$1,"mm/dd/yy")&"!B:L"),11,false),"Not played") -> 10 | H9: =IFERROR(VLOOKUP($B9,indirect(text(H$1,"mm/dd/yy")&"!B:L"),11,false),"Not played") -> 9 | I9: =IFERROR(VLOOKUP($B9,indirect(text(I$1,"mm/dd/yy")&"!B:L"),11,false),"Not played") -> 13 | J9: =IFERROR(VLOOKUP($B9,indirect(text(J$1,"mm/dd/yy")&"!B:L"),11,false),"Not played") -> 19 | ... AB9: =IFERROR(VLOOKUP($B9,indirect(text(AB$1,"mm/dd/yy")&"!B:L"),11,false),"Not played") -> Not played
A10: =A9+1 -> 9 | B10: Chinna Ponnaganti | C10: =IFERROR(VLOOKUP($B10,indirect(text(C$1,"mm/dd/yy")&"!B:L"),11,false),"Not played") -> 13 | D10: =IFERROR(VLOOKUP($B10,indirect(text(D$1,"mm/dd/yy")&"!B:L"),11,false),"Not played") -> 7 | E10: =IFERROR(VLOOKUP($B10,indirect(text(E$1,"mm/dd/yy")&"!B:L"),11,false),"Not played") -> 15 | F10: =IFERROR(VLOOKUP($B10,indirect(text(F$1,"mm/dd/yy")&"!B:L"),11,false),"Not played") -> 18 | G10: =IFERROR(VLOOKUP($B10,indirect(text(G$1,"mm/dd/yy")&"!B:L"),11,false),"Not played") -> 11 | H10: =IFERROR(VLOOKUP($B10,indirect(text(H$1,"mm/dd/yy")&"!B:L"),11,false),"Not played") -> 14 | I10: =IFERROR(VLOOKUP($B10,indirect(text(I$1,"mm/dd/yy")&"!B:L"),11,false),"Not played") -> 11 | J10: =IFERROR(VLOOKUP($B10,indirect(text(J$1,"mm/dd/yy")&"!B:L"),11,false),"Not played") -> 13 | ... AB10: =IFERROR(VLOOKUP($B10,indirect(text(AB$1,"mm/dd/yy")&"!B:L"),11,false),"Not played") -> Not played
A11: =A10+1 -> 10 | B11: Cid Macaraeg | C11: =IFERROR(VLOOKUP($B11,indirect(text(C$1,"mm/dd/yy")&"!B:L"),11,false),"Not played") -> 15 | D11: =IFERROR(VLOOKUP($B11,indirect(text(D$1,"mm/dd/yy")&"!B:L"),11,false),"Not played") -> 9 | E11: =IFERROR(VLOOKUP($B11,indirect(text(E$1,"mm/dd/yy")&"!B:L"),11,false),"Not played") -> 9 | F11: =IFERROR(VLOOKUP($B11,indirect(text(F$1,"mm/dd/yy")&"!B:L"),11,false),"Not played") -> 9 | G11: =IFERROR(VLOOKUP($B11,indirect(text(G$1,"mm/dd/yy")&"!B:L"),11,false),"Not played") -> 9 | H11: =IFERROR(VLOOKUP($B11,indirect(text(H$1,"mm/dd/yy")&"!B:L"),11,false),"Not played") -> 9 | I11: =IFERROR(VLOOKUP($B11,indirect(text(I$1,"mm/dd/yy")&"!B:L"),11,false),"Not played") -> 9 | J11: =IFERROR(VLOOKUP($B11,indirect(text(J$1,"mm/dd/yy")&"!B:L"),11,false),"Not played") -> 9 | ... AB11: =IFERROR(VLOOKUP($B11,indirect(text(AB$1,"mm/dd/yy")&"!B:L"),11,false),"Not played") -> Not played
A12: =A11+1 -> 11 | B12: Coco Yan | C12: =IFERROR(VLOOKUP($B12,indirect(text(C$1,"mm/dd/yy")&"!B:L"),11,false),"Not played") -> 9 | D12: =IFERROR(VLOOKUP($B12,indirect(text(D$1,"mm/dd/yy")&"!B:L"),11,false),"Not played") -> 14 | E12: =IFERROR(VLOOKUP($B12,indirect(text(E$1,"mm/dd/yy")&"!B:L"),11,false),"Not played") -> 11 | F12: =IFERROR(VLOOKUP($B12,indirect(text(F$1,"mm/dd/yy")&"!B:L"),11,false),"Not played") -> 11 | G12: =IFERROR(VLOOKUP($B12,indirect(text(G$1,"mm/dd/yy")&"!B:L"),11,false),"Not played") -> 9 | H12: =IFERROR(VLOOKUP($B12,indirect(text(H$1,"mm/dd/yy")&"!B:L"),11,false),"Not played") -> 18 | I12: =IFERROR(VLOOKUP($B12,indirect(text(I$1,"mm/dd/yy")&"!B:L"),11,false),"Not played") -> 8 | J12: =IFERROR(VLOOKUP($B12,indirect(text(J$1,"mm/dd/yy")&"!B:L"),11,false),"Not played") -> 13 | ... AB12: =IFERROR(VLOOKUP($B12,indirect(text(AB$1,"mm/dd/yy")&"!B:L"),11,false),"Not played") -> Not played
A13: =A12+1 -> 12 | B13: Darren Wong | C13: =IFERROR(VLOOKUP($B13,indirect(text(C$1,"mm/dd/yy")&"!B:L"),11,false),"Not played") -> 19 | D13: =IFERROR(VLOOKUP($B13,indirect(text(D$1,"mm/dd/yy")&"!B:L"),11,false),"Not played") -> 9 | E13: =IFERROR(VLOOKUP($B13,indirect(text(E$1,"mm/dd/yy")&"!B:L"),11,false),"Not played") -> 18 | F13: =IFERROR(VLOOKUP($B13,indirect(text(F$1,"mm/dd/yy")&"!B:L"),11,false),"Not played") -> 17 | G13: =IFERROR(VLOOKUP($B13,indirect(text(G$1,"mm/dd/yy")&"!B:L"),11,false),"Not played") -> 18 | H13: =IFERROR(VLOOKUP($B13,indirect(text(H$1,"mm/dd/yy")&"!B:L"),11,false),"Not played") -> 9 | I13: =IFERROR(VLOOKUP($B13,indirect(text(I$1,"mm/dd/yy")&"!B:L"),11,false),"Not played") -> 13 | J13: =IFERROR(VLOOKUP($B13,indirect(text(J$1,"mm/dd/yy")&"!B:L"),11,false),"Not played") -> 14 | ... AB13: =IFERROR(VLOOKUP($B13,indirect(text(AB$1,"mm/dd/yy")&"!B:L"),11,false),"Not played") -> Not played
A14: =A13+1 -> 13 | B14: David Shin | C14: =IFERROR(VLOOKUP($B14,indirect(text(C$1,"mm/dd/yy")&"!B:L"),11,false),"Not played") -> 15 | D14: =IFERROR(VLOOKUP($B14,indirect(text(D$1,"mm/dd/yy")&"!B:L"),11,false),"Not played") -> 19 | E14: =IFERROR(VLOOKUP($B14,indirect(text(E$1,"mm/dd/yy")&"!B:L"),11,false),"Not played") -> 7 | F14: =IFERROR(VLOOKUP($B14,indirect(text(F$1,"mm/dd/yy")&"!B:L"),11,false),"Not played") -> 18 | G14: =IFERROR(VLOOKUP($B14,indirect(text(G$1,"mm/dd/yy")&"!B:L"),11,false),"Not played") -> 11 | H14: =IFERROR(VLOOKUP($B14,indirect(text(H$1,"mm/dd/yy")&"!B:L"),11,false),"Not played") -> 9 | I14: =IFERROR(VLOOKUP($B14,indirect(text(I$1,"mm/dd/yy")&"!B:L"),11,false),"Not played") -> 16 | J14: =IFERROR(VLOOKUP($B14,indirect(text(J$1,"mm/dd/yy")&"!B:L"),11,false),"Not played") -> 15 | ... AB14: =IFERROR(VLOOKUP($B14,indirect(text(AB$1,"mm/dd/yy")&"!B:L"),11,false),"Not played") -> Not played
... A66: =A65+1 -> 65 | B66: Wayne Liu | C66: =IFERROR(VLOOKUP($B66,indirect(text(C$1,"mm/dd/yy")&"!B:L"),11,false),"Not played") -> 14 | D66: =IFERROR(VLOOKUP($B66,indirect(text(D$1,"mm/dd/yy")&"!B:L"),11,false),"Not played") -> 7 | E66: =IFERROR(VLOOKUP($B66,indirect(text(E$1,"mm/dd/yy")&"!B:L"),11,false),"Not played") -> 8 | F66: =IFERROR(VLOOKUP($B66,indirect(text(F$1,"mm/dd/yy")&"!B:L"),11,false),"Not played") -> 9 | G66: =IFERROR(VLOOKUP($B66,indirect(text(G$1,"mm/dd/yy")&"!B:L"),11,false),"Not played") -> 14 | H66: =IFERROR(VLOOKUP($B66,indirect(text(H$1,"mm/dd/yy")&"!B:L"),11,false),"Not played") -> 7 | I66: =IFERROR(VLOOKUP($B66,indirect(text(I$1,"mm/dd/yy")&"!B:L"),11,false),"Not played") -> 9 | J66: =IFERROR(VLOOKUP($B66,indirect(text(J$1,"mm/dd/yy")&"!B:L"),11,false),"Not played") -> 11 | ... AB66: =IFERROR(VLOOKUP($B66,indirect(text(AB$1,"mm/dd/yy")&"!B:L"),11,false),"Not played") -> Not played
B72: Color Coding | C72: 0-8
C73: 9-17
C74: 18-20
C75: 21
B89: Top play (KING) counts
C90: King | D90: Count | F90: =IFERROR(__xludf.DUMMYFUNCTION("QUERY(C91:C1000, ""SELECT C, COUNT(C) WHERE C IS NOT NULL GROUP BY C LABEL C 'Name', COUNT(C) 'Weeks'"")"),"Name") -> Name | G90: =IFERROR(__xludf.DUMMYFUNCTION("""COMPUTED_VALUE"""),"Weeks") -> Weeks
B91: Current | C91: =if(iserror(INDIRECT("'" & TEXT(B91, "mm/dd/yy") & "'!$B$5")),"",INDIRECT("'" & TEXT(B91, "mm/dd/yy") & "'!$B$5")) -> Adrian Tay | D91: =if(C91<>"",1,"") -> 1 | F91: =IFERROR(__xludf.DUMMYFUNCTION("""COMPUTED_VALUE"""),"Adrian Tay") -> Adrian Tay | G91: =IFERROR(__xludf.DUMMYFUNCTION("""COMPUTED_VALUE"""),12.0) -> 12
B92: 46018 | C92: =if(iserror(INDIRECT("'" & TEXT(B92, "mm/dd/yy") & "'!$B$5")),"",INDIRECT("'" & TEXT(B92, "mm/dd/yy") & "'!$B$5")) | D92: =if(C92<>"",1,"") | F92: =IFERROR(__xludf.DUMMYFUNCTION("""COMPUTED_VALUE"""),"Darren Wong") -> Darren Wong | G92: =IFERROR(__xludf.DUMMYFUNCTION("""COMPUTED_VALUE"""),4.0) -> 4
B93: =B92-7 -> 46011 | C93: =if(iserror(INDIRECT("'" & TEXT(B93, "mm/dd/yy") & "'!$B$5")),"",INDIRECT("'" & TEXT(B93, "mm/dd/yy") & "'!$B$5")) | D93: =if(C93<>"",1,"") | F93: =IFERROR(__xludf.DUMMYFUNCTION("""COMPUTED_VALUE"""),"Eric Pan") -> Eric Pan | G93: =IFERROR(__xludf.DUMMYFUNCTION("""COMPUTED_VALUE"""),1.0) -> 1
B94: =B93-7 -> 46004 | C94: =if(iserror(INDIRECT("'" & TEXT(B94, "mm/dd/yy") & "'!$B$5")),"",INDIRECT("'" & TEXT(B94, "mm/dd/yy") & "'!$B$5")) -> Adrian Tay | D94: =if(C94<>"",1,"") -> 1 | F94: =IFERROR(__xludf.DUMMYFUNCTION("""COMPUTED_VALUE"""),"Frank Moon") -> Frank Moon | G94: =IFERROR(__xludf.DUMMYFUNCTION("""COMPUTED_VALUE"""),1.0) -> 1
B95: =B94-7 -> 45997 | C95: =if(iserror(INDIRECT("'" & TEXT(B95, "mm/dd/yy") & "'!$B$5")),"",INDIRECT("'" & TEXT(B95, "mm/dd/yy") & "'!$B$5")) -> Adrian Tay | D95: =if(C95<>"",1,"") -> 1 | F95: =IFERROR(__xludf.DUMMYFUNCTION("""COMPUTED_VALUE"""),"Lam Bui") -> Lam Bui | G95: =IFERROR(__xludf.DUMMYFUNCTION("""COMPUTED_VALUE"""),1.0) -> 1
B96: =B95-7 -> 45990 | C96: =if(iserror(INDIRECT("'" & TEXT(B96, "mm/dd/yy") & "'!$B$5")),"",INDIRECT("'" & TEXT(B96, "mm/dd/yy") & "'!$B$5")) -> Adrian Tay | D96: =if(C96<>"",1,"") -> 1 | F96: =IFERROR(__xludf.DUMMYFUNCTION("""COMPUTED_VALUE"""),"Pulkit Mathur") -> Pulkit Mathur | G96: =IFERROR(__xludf.DUMMYFUNCTION("""COMPUTED_VALUE"""),4.0) -> 4
B97: =B96-7 -> 45983 | C97: =if(iserror(INDIRECT("'" & TEXT(B97, "mm/dd/yy") & "'!$B$5")),"",INDIRECT("'" & TEXT(B97, "mm/dd/yy") & "'!$B$5")) -> Adrian Tay | D97: =if(C97<>"",1,"") -> 1 | F97: =IFERROR(__xludf.DUMMYFUNCTION("""COMPUTED_VALUE"""),"Robert Chang") -> Robert Chang | G97: =IFERROR(__xludf.DUMMYFUNCTION("""COMPUTED_VALUE"""),1.0) -> 1
B98: =B97-7 -> 45976 | C98: =if(iserror(INDIRECT("'" & TEXT(B98, "mm/dd/yy") & "'!$B$5")),"",INDIRECT("'" & TEXT(B98, "mm/dd/yy") & "'!$B$5")) -> Adrian Tay | D98: =if(C98<>"",1,"") -> 1
B99: =B98-7 -> 45969 | C99: =if(iserror(INDIRECT("'" & TEXT(B99, "mm/dd/yy") & "'!$B$5")),"",INDIRECT("'" & TEXT(B99, "mm/dd/yy") & "'!$B$5")) -> Adrian Tay | D99: =if(C99<>"",1,"") -> 1
B100: =B99-7 -> 45962 | C100: =if(iserror(INDIRECT("'" & TEXT(B100, "mm/dd/yy") & "'!$B$5")),"",INDIRECT("'" & TEXT(B100, "mm/dd/yy") & "'!$B$5")) -> Adrian Tay | D100: =if(C100<>"",1,"") -> 1
B101: =B100-7 -> 45955 | C101: =if(iserror(INDIRECT("'" & TEXT(B101, "mm/dd/yy") & "'!$B$5")),"",INDIRECT("'" & TEXT(B101, "mm/dd/yy") & "'!$B$5")) -> Adrian Tay | D101: =if(C101<>"",1,"") -> 1
B102: =B101-7 -> 45948 | C102: =if(iserror(INDIRECT("'" & TEXT(B102, "mm/dd/yy") & "'!$B$5")),"",INDIRECT("'" & TEXT(B102, "mm/dd/yy") & "'!$B$5")) -> Adrian Tay | D102: =if(C102<>"",1,"") -> 1
B103: =B102-7 -> 45941 | C103: =if(iserror(INDIRECT("'" & TEXT(B103, "mm/dd/yy") & "'!$B$5")),"",INDIRECT("'" & TEXT(B103, "mm/dd/yy") & "'!$B$5")) -> Adrian Tay | D103: =if(C103<>"",1,"") -> 1
B104: =B103-7 -> 45934 | C104: =if(iserror(INDIRECT("'" & TEXT(B104, "mm/dd/yy") & "'!$B$5")),"",INDIRECT("'" & TEXT(B104, "mm/dd/yy") & "'!$B$5")) -> Adrian Tay | D104: =if(C104<>"",1,"") -> 1
B105: =B104-7 -> 45927 | C105: =if(iserror(INDIRECT("'" & TEXT(B105, "mm/dd/yy") & "'!$B$5")),"",INDIRECT("'" & TEXT(B105, "mm/dd/yy") & "'!$B$5")) -> Pulkit Mathur | D105: =if(C105<>"",1,"") -> 1
B106: =B105-7 -> 45920 | C106: =if(iserror(INDIRECT("'" & TEXT(B106, "mm/dd/yy") & "'!$B$5")),"",INDIRECT("'" & TEXT(B106, "mm/dd/yy") & "'!$B$5")) -> Pulkit Mathur | D106: =if(C106<>"",1,"") -> 1
B107: =B106-7 -> 45913 | C107: =if(iserror(INDIRECT("'" & TEXT(B107, "mm/dd/yy") & "'!$B$5")),"",INDIRECT("'" & TEXT(B107, "mm/dd/yy") & "'!$B$5")) -> Pulkit Mathur | D107: =if(C107<>"",1,"") -> 1
B108: =B107-7 -> 45906 | C108: =if(iserror(INDIRECT("'" & TEXT(B108, "mm/dd/yy") & "'!$B$5")),"",INDIRECT("'" & TEXT(B108, "mm/dd/yy") & "'!$B$5")) -> Pulkit Mathur | D108: =if(C108<>"",1,"") -> 1
B109: =B108-7 -> 45899 | C109: =if(iserror(INDIRECT("'" & TEXT(B109, "mm/dd/yy") & "'!$B$5")),"",INDIRECT("'" & TEXT(B109, "mm/dd/yy") & "'!$B$5")) -> Darren Wong | D109: =if(C109<>"",1,"") -> 1
B110: =B109-7 -> 45892 | C110: =if(iserror(INDIRECT("'" & TEXT(B110, "mm/dd/yy") & "'!$B$5")),"",INDIRECT("'" & TEXT(B110, "mm/dd/yy") & "'!$B$5")) -> Eric Pan | D110: =if(C110<>"",1,"") -> 1 | F110: {=sort(F91:G96,2,false)} -> Adrian Tay | G110: 12
B111: =B110-7 -> 45885 | C111: =if(iserror(INDIRECT("'" & TEXT(B111, "mm/dd/yy") & "'!$B$5")),"",INDIRECT("'" & TEXT(B111, "mm/dd/yy") & "'!$B$5")) -> Darren Wong | D111: =if(C111<>"",1,"") -> 1 | F111: Darren Wong | G111: 4
B112: =B111-7 -> 45878 | C112: =if(iserror(INDIRECT("'" & TEXT(B112, "mm/dd/yy") & "'!$B$5")),"",INDIRECT("'" & TEXT(B112, "mm/dd/yy") & "'!$B$5")) -> Darren Wong | D112: =if(C112<>"",1,"") -> 1 | F112: Pulkit Mathur | G112: 4
B113: =B112-7 -> 45871 | C113: =if(iserror(INDIRECT("'" & TEXT(B113, "mm/dd/yy") & "'!$B$5")),"",INDIRECT("'" & TEXT(B113, "mm/dd/yy") & "'!$B$5")) -> Lam Bui | D113: =if(C113<>"",1,"") -> 1 | F113: Eric Pan | G113: 1
B114: =B113-7 -> 45864 | C114: =if(iserror(INDIRECT("'" & TEXT(B114, "mm/dd/yy") & "'!$B$5")),"",INDIRECT("'" & TEXT(B114, "mm/dd/yy") & "'!$B$5")) -> Frank Moon | D114: =if(C114<>"",1,"") -> 1 | F114: Frank Moon | G114: 1
B115: =B114-7 -> 45857 | C115: =if(iserror(INDIRECT("'" & TEXT(B115, "mm/dd/yy") & "'!$B$5")),"",INDIRECT("'" & TEXT(B115, "mm/dd/yy") & "'!$B$5")) -> Robert Chang | D115: =if(C115<>"",1,"") -> 1 | F115: Lam Bui | G115: 1
B116: =B115-7 -> 45850 | C116: =if(iserror(INDIRECT("'" & TEXT(B116, "mm/dd/yy") & "'!$B$5")),"",INDIRECT("'" & TEXT(B116, "mm/dd/yy") & "'!$B$5")) -> Darren Wong | D116: =if(C116<>"",1,"") -> 1
C117: =if(iserror(INDIRECT("'" & TEXT(B117, "mm/dd/yy") & "'!$B$5")),"",INDIRECT("'" & TEXT(B117, "mm/dd/yy") & "'!$B$5")) | D117: =if(C117<>"",1,"")

Sheet Waitlist
A1: =IFERROR(__xludf.DUMMYFUNCTION("IMPORTRANGE(""1vk67ABbS4TvdE0gnpv39mwReeTC8qhP2vyc266Yeuy8"",""Waitlist!A1:D199"")"),"#REF!") -> #REF!
G4: Here is the link to add new players to the waitlist.
G5: tinyurl.com/UTCWaitList

Sheet 121325
B1: Standings as of | C1: 46004
B2: Number of Weeks Played | D2: 24 | AC2: =text(C1-7,"mm/dd/yy") -> 12/06/25
C3: Beginning of week | F3: Current Week Scores | N3: End of week | Q3: Jul-Dec 2025 | R3: Jan-Jun 2026
A4: Ranking | B4: Name of Player | C4: Games Won | D4: Sets Won | E4: Games Won / Match | F4: Check IN | G4: Court # | H4: Set 0 | I4: Set 1 | J4: Set 2 | K4: Set 3 | L4: Games Won | M4: Sets Won | N4: Games Won | O4: Sets Won | P4: Waiver | Q4: Fee | R4: Fee | S4: Games Played | T4: Sit outs | U4: No Shows | V4: Absent | W4: Positions Gained/Lost | X4: Ranking | Y4: Perfect attendence | Z4: Check
A5: 1 | B5: Adrian Tay | C5: 321 | D5: 38 | E5: =if(S5>0,(C5-(V5*9)-(T5*13))/S5,0) -> 15.176471 | F5: 1 | G5: 9 | H5: 0 | I5: 5 | J5: 0 | K5: 0 | L5: 5 | M5: 0 | N5: =C5+L5 -> 326 | O5: =D5+M5 -> 38 | P5: X | Q5: X | R5: X | S5: =vlookup(B5,indirect("'" & AC$2 & "'!B5:W69"),18,false)++if(text(C$1,"mm/dd/yy")=$AC$2,0,if(H5>0,0,1)) -> 17 | T5: =if(H5=13,1,0)+vlookup(B5,indirect("'" & AC$2 & "'!B5:W69"),19,false) -> 0 | V5: =vlookup(B5,indirect("'" & AC$2 & "'!B5:W69"),21,false)+if(text(C$1,"mm/dd/yy")=$AC$2,0,if(H5=9,1,0)) -> 7 | W5: =vlookup(B5,indirect("'" & AC$2 & "'!B5:x69"),23,false)-X5 -> 0 | X5: 1 | Y5: =if(S5=D$2,"Y","N") -> N | Z5: =if($D$2=sum(S5:V5),"","Error")
A6: =A5+1 -> 2 | B6: Darren Wong | C6: 310 | D6: 34 | E6: =if(S6>0,(C6-(V6*9)-(T6*13))/S6,0) -> 14.294118 | F6: 1 | G6: 9 | H6: 0 | I6: 7 | J6: 6 | K6: 0 | L6: 13 | M6: 2 | N6: =C6+L6 -> 323 | O6: =D6+M6 -> 36 | P6: X | Q6: X | R6: X | S6: =vlookup(B6,indirect("'" & AC$2 & "'!B5:W69"),18,false)++if(text(C$1,"mm/dd/yy")=$AC$2,0,if(H6>0,0,1)) -> 17 | T6: =if(H6=13,1,0)+vlookup(B6,indirect("'" & AC$2 & "'!B5:W69"),19,false) -> 1 | V6: =vlookup(B6,indirect("'" & AC$2 & "'!B5:W69"),21,false)+if(text(C$1,"mm/dd/yy")=$AC$2,0,if(H6=9,1,0)) -> 6 | W6: =vlookup(B6,indirect("'" & AC$2 & "'!B5:x69"),23,false)-X6 -> 0 | X6: =X5+1 -> 2 | Y6: =if(S6=D$2,"Y","N") -> N | Z6: =if($D$2=sum(S6:V6),"","Error")
A7: =A6+1 -> 3 | B7: Lam Bui | C7: 305 | D7: 31 | E7: =if(S7>0,(C7-(V7*9)-(T7*13))/S7,0) -> 13.45 | F7: 1 | G7: 9 | H7: 0 | I7: 5 | J7: 6 | K7: 6 | L7: 17 | M7: 2 | N7: =C7+L7 -> 322 | O7: =D7+M7 -> 33 | P7: X | Q7: X | R7: X | S7: =vlookup(B7,indirect("'" & AC$2 & "'!B5:W69"),18,false)++if(text(C$1,"mm/dd/yy")=$AC$2,0,if(H7>0,0,1)) -> 20 | T7: =if(H7=13,1,0)+vlookup(B7,indirect("'" & AC$2 & "'!B5:W69"),19,false) -> 0 | V7: =vlookup(B7,indirect("'" & AC$2 & "'!B5:W69"),21,false)+if(text(C$1,"mm/dd/yy")=$AC$2,0,if(H7=9,1,0)) -> 4 | W7: =vlookup(B7,indirect("'" & AC$2 & "'!B5:x69"),23,false)-X7 -> 0 | X7: =X6+1 -> 3 | Y7: =if(S7=D$2,"Y","N") -> N | Z7: =if($D$2=sum(S7:V7),"","Error")
A8: =A7+1 -> 4 | B8: Sandeep Kamalon | C8: 297 | D8: 34 | E8: =if(S8>0,(C8-(V8*9)-(T8*13))/S8,0) -> 12.5 | F8: 1 | G8: 9 | H8: 0 | I8: 7 | J8: 0 | K8: 6 | L8: 13 | M8: 2 | N8: =C8+L8 -> 310 | O8: =D8+M8 -> 36 | P8: X | Q8: X | R8: X | S8: =vlookup(B8,indirect("'" & AC$2 & "'!B5:W69"),18,false)++if(text(C$1,"mm/dd/yy")=$AC$2,0,if(H8>0,0,1)) -> 22 | T8: =if(H8=13,1,0)+vlookup(B8,indirect("'" & AC$2 & "'!B5:W69"),19,false) -> 1 | V8: =vlookup(B8,indirect("'" & AC$2 & "'!B5:W69"),21,false)+if(text(C$1,"mm/dd/yy")=$AC$2,0,if(H8=9,1,0)) -> 1 | W8: =vlookup(B8,indirect("'" & AC$2 & "'!B5:x69"),23,false)-X8 -> 2 | X8: =X7+1 -> 4 | Y8: =if(S8=D$2,"Y","N") -> N | Z8: =if($D$2=sum(S8:V8),"","Error")
A9: =A8+1 -> 5 | B9: Pulkit Mathur | C9: 297 | D9: 30 | E9: =if(S9>0,(C9-(V9*9)-(T9*13))/S9,0) -> 13.5 | F9: 1 | G9: 1 | H9: 0 | I9: 6 | J9: 4 | K9: 4 | L9: 14 | M9: 1 | N9: =C9+L9 -> 311 | O9: =D9+M9 -> 31 | P9: X | Q9: X | R9: X | S9: =vlookup(B9,indirect("'" & AC$2 & "'!B5:W69"),18,false)++if(text(C$1,"mm/dd/yy")=$AC$2,0,if(H9>0,0,1)) -> 18 | T9: =if(H9=13,1,0)+vlookup(B9,indirect("'" & AC$2 & "'!B5:W69"),19,false) -> 0 | V9: =vlookup(B9,indirect("'" & AC$2 & "'!B5:W69"),21,false)+if(text(C$1,"mm/dd/yy")=$AC$2,0,if(H9=9,1,0)) -> 6 | W9: =vlookup(B9,indirect("'" & AC$2 & "'!B5:x69"),23,false)-X9 -> 4 | X9: =X8+1 -> 5 | Y9: =if(S9=D$2,"Y","N") -> N | Z9: =if($D$2=sum(S9:V9),"","Error")
A10: =A9+1 -> 6 | B10: Eric Pan | C10: 297 | D10: 29 | E10: =if(S10>0,(C10-(V10*9)-(T10*13))/S10,0) -> 14.5 | F10: 1 | G10: 1 | H10: 0 | I10: 6 | J10: 6 | K10: 6 | L10: 18 | M10: 3 | N10: =C10+L10 -> 315 | O10: =D10+M10 -> 32 | P10: X | Q10: X | R10: X | S10: =vlookup(B10,indirect("'" & AC$2 & "'!B5:W69"),18,false)++if(text(C$1,"mm/dd/yy")=$AC$2,0,if(H10>0,0,1)) -> 14 | T10: =if(H10=13,1,0)+vlookup(B10,indirect("'" & AC$2 & "'!B5:W69"),19,false) -> 1 | V10: =vlookup(B10,indirect("'" & AC$2 & "'!B5:W69"),21,false)+if(text(C$1,"mm/dd/yy")=$AC$2,0,if(H10=9,1,0)) -> 9 | W10: =vlookup(B10,indirect("'" & AC$2 & "'!B5:x69"),23,false)-X10 -> -2 | X10: =X9+1 -> 6 | Y10: =if(S10=D$2,"Y","N") -> N | Z10: =if($D$2=sum(S10:V10),"","Error")
A11: =A10+1 -> 7 | B11: Ethan Gu | C11: 292 | D11: 31 | E11: =if(S11>0,(C11-(V11*9)-(T11*13))/S11,0) -> 12.619048 | F11: 3 | G11: 0 | H11: 9 | I11: 0 | J11: 0 | K11: 0 | L11: 9 | M11: 0 | N11: =C11+L11 -> 301 | O11: =D11+M11 -> 31 | P11: X | Q11: X | R11: X | S11: =vlookup(B11,indirect("'" & AC$2 & "'!B5:W69"),18,false)++if(text(C$1,"mm/dd/yy")=$AC$2,0,if(H11>0,0,1)) -> 21 | T11: =if(H11=13,1,0)+vlookup(B11,indirect("'" & AC$2 & "'!B5:W69"),19,false) -> 0 | V11: =vlookup(B11,indirect("'" & AC$2 & "'!B5:W69"),21,false)+if(text(C$1,"mm/dd/yy")=$AC$2,0,if(H11=9,1,0)) -> 3 | W11: =vlookup(B11,indirect("'" & AC$2 & "'!B5:x69"),23,false)-X11 -> 0 | X11: =X10+1 -> 7 | Y11: =if(S11=D$2,"Y","N") -> N | Z11: =if($D$2=sum(S11:V11),"","Error")
A12: =A11+1 -> 8 | B12: Pavan Akkimsetty | C12: 292 | D12: 25 | E12: =if(S12>0,(C12-(V12*9)-(T12*13))/S12,0) -> 13.470588 | F12: 3 | G12: 0 | H12: 9 | I12: 0 | J12: 0 | K12: 0 | L12: 9 | M12: 0 | N12: =C12+L12 -> 301 | O12: =D12+M12 -> 25 | P12: X | Q12: X | R12: X | S12: =vlookup(B12,indirect("'" & AC$2 & "'!B5:W69"),18,false)++if(text(C$1,"mm/dd/yy")=$AC$2,0,if(H12>0,0,1)) -> 17 | T12: =if(H12=13,1,0)+vlookup(B12,indirect("'" & AC$2 & "'!B5:W69"),19,false) -> 0 | V12: =vlookup(B12,indirect("'" & AC$2 & "'!B5:W69"),21,false)+if(text(C$1,"mm/dd/yy")=$AC$2,0,if(H12=9,1,0)) -> 7 | W12: =vlookup(B12,indirect("'" & AC$2 & "'!B5:x69"),23,false)-X12 -> 0 | X12: =X11+1 -> 8 | Y12: =if(S12=D$2,"Y","N") -> N | Z12: =if($D$2=sum(S12:V12),"","Error")
A13: =A12+1 -> 9 | B13: David Shin | C13: 291 | D13: 26 | E13: =if(S13>0,(C13-(V13*9)-(T13*13))/S13,0) -> 12.571429 | F13: 1 | G13: 1 | H13: 0 | I13: 2 | J13: 4 | K13: 6 | L13: 12 | M13: 1 | N13: =C13+L13 -> 303 | O13: =D13+M13 -> 27 | P13: X | Q13: X | R13: X | S13: =vlookup(B13,indirect("'" & AC$2 & "'!B5:W69"),18,false)++if(text(C$1,"mm/dd/yy")=$AC$2,0,if(H13>0,0,1)) -> 21 | T13: =if(H13=13,1,0)+vlookup(B13,indirect("'" & AC$2 & "'!B5:W69"),19,false) -> 0 | V13: =vlookup(B13,indirect("'" & AC$2 & "'!B5:W69"),21,false)+if(text(C$1,"mm/dd/yy")=$AC$2,0,if(H13=9,1,0)) -> 3 | W13: =vlookup(B13,indirect("'" & AC$2 & "'!B5:x69"),23,false)-X13 -> 1 | X13: =X12+1 -> 9 | Y13: =if(S13=D$2,"Y","N") -> N | Z13: =if($D$2=sum(S13:V13),"","Error")
A14: =A13+1 -> 10 | B14: Rajasekar Ramasamy | C14: 289 | D14: 30 | E14: =if(S14>0,(C14-(V14*9)-(T14*13))/S14,0) -> 12.136364 | F14: 1 | G14: 1 | H14: 0 | I14: 2 | J14: 6 | K14: 4 | L14: 12 | M14: 1 | N14: =C14+L14 -> 301 | O14: =D14+M14 -> 31 | P14: X | Q14: X | R14: X | S14: =vlookup(B14,indirect("'" & AC$2 & "'!B5:W69"),18,false)++if(text(C$1,"mm/dd/yy")=$AC$2,0,if(H14>0,0,1)) -> 22 | T14: =if(H14=13,1,0)+vlookup(B14,indirect("'" & AC$2 & "'!B5:W69"),19,false) -> 1 | V14: =vlookup(B14,indirect("'" & AC$2 & "'!B5:W69"),21,false)+if(text(C$1,"mm/dd/yy")=$AC$2,0,if(H14=9,1,0)) -> 1 | W14: =vlookup(B14,indirect("'" & AC$2 & "'!B5:x69"),23,false)-X14 -> -5 | X14: =X13+1 -> 10 | Y14: =if(S14=D$2,"Y","N") -> N | Z14: =if($D$2=sum(S14:V14),"","Error")
A15: =A14+1 -> 11 | B15: Oscar Bonilla | C15: 286 | D15: 25 | E15: =if(S15>0,(C15-(V15*9)-(T15*13))/S15,0) -> 12.888889 | F15: 1 | G15: 2 | H15: 0 | I15: 6 | J15: 2 | K15: 6 | L15: 14 | M15: 1 | N15: =C15+L15 -> 300 | O15: =D15+M15 -> 26 | P15: X | Q15: X | R15: X | S15: =vlookup(B15,indirect("'" & AC$2 & "'!B5:W69"),18,false)++if(text(C$1,"mm/dd/yy")=$AC$2,0,if(H15>0,0,1)) -> 18 | T15: =if(H15=13,1,0)+vlookup(B15,indirect("'" & AC$2 & "'!B5:W69"),19,false) -> 0 | V15: =vlookup(B15,indirect("'" & AC$2 & "'!B5:W69"),21,false)+if(text(C$1,"mm/dd/yy")=$AC$2,0,if(H15=9,1,0)) -> 6 | W15: =vlookup(B15,indirect("'" & AC$2 & "'!B5:x69"),23,false)-X15 -> 4 | X15: =X14+1 -> 11 | Y15: =if(S15=D$2,"Y","N") -> N | Z15: =if($D$2=sum(S15:V15),"","Error")
A16: =A15+1 -> 12 | B16: Joe Luzzi | C16: 285 | D16: 20 | E16: =if(S16>0,(C16-(V16*9)-(T16*13))/S16,0) -> 12.611111 | F16: 1 | G16: 2 | H16: 0 | I16: 6 | J16: 6 | K16: 3 | L16: 15 | M16: 1 | N16: =C16+L16 -> 300 | O16: =D16+M16 -> 21 | P16: X | Q16: X | R16: X | S16: =vlookup(B16,indirect("'" & AC$2 & "'!B5:W69"),18,false)++if(text(C$1,"mm/dd/yy")=$AC$2,0,if(H16>0,0,1)) -> 18 | T16: =if(H16=13,1,0)+vlookup(B16,indirect("'" & AC$2 & "'!B5:W69"),19,false) -> 1 | V16: =vlookup(B16,indirect("'" & AC$2 & "'!B5:W69"),21,false)+if(text(C$1,"mm/dd/yy")=$AC$2,0,if(H16=9,1,0)) -> 5 | W16: =vlookup(B16,indirect("'" & AC$2 & "'!B5:x69"),23,false)-X16 -> -1 | X16: =X15+1 -> 12 | Y16: =if(S16=D$2,"Y","N") -> N | Z16: =if($D$2=sum(S16:V16),"","Error")
A17: =A16+1 -> 13 | B17: Matthew Huang | C17: 283 | D17: 27 | E17: =if(S17>0,(C17-(V17*9)-(T17*13))/S17,0) -> 14.153846 | F17: 3 | G17: 0 | H17: 9 | I17: 0 | J17: 0 | K17: 0 | L17: 9 | M17: 0 | N17: =C17+L17 -> 292 | O17: =D17+M17 -> 27 | P17: X | Q17: X | R17: X | S17: =vlookup(B17,indirect("'" & AC$2 & "'!B5:W69"),18,false)++if(text(C$1,"mm/dd/yy")=$AC$2,0,if(H17>0,0,1)) -> 13 | T17: =if(H17=13,1,0)+vlookup(B17,indirect("'" & AC$2 & "'!B5:W69"),19,false) -> 0 | V17: =vlookup(B17,indirect("'" & AC$2 & "'!B5:W69"),21,false)+if(text(C$1,"mm/dd/yy")=$AC$2,0,if(H17=9,1,0)) -> 11 | W17: =vlookup(B17,indirect("'" & AC$2 & "'!B5:x69"),23,false)-X17 -> -1 | X17: =X16+1 -> 13 | Y17: =if(S17=D$2,"Y","N") -> N | Z17: =if($D$2=sum(S17:V17),"","Error")
... A28: =A27+1 -> 24 | B28: Ted Shen | C28: 271 | D28: 25 | E28: =if(S28>0,(C28-(V28*9)-(T28*13))/S28,0) -> 12.4375 | F28: 1 | G28: 3 | H28: 0 | I28: 6 | J28: 6 | K28: 3 | L28: 15 | M28: 2 | N28: =C28+L28 -> 286 | O28: =D28+M28 -> 27 | P28: X | Q28: X | R28: X | S28: =vlookup(B28,indirect("'" & AC$2 & "'!B5:W69"),18,false)++if(text(C$1,"mm/dd/yy")=$AC$2,0,if(H28>0,0,1)) -> 16 | T28: =if(H28=13,1,0)+vlookup(B28,indirect("'" & AC$2 & "'!B5:W69"),19,false) -> 0 | V28: =vlookup(B28,indirect("'" & AC$2 & "'!B5:W69"),21,false)+if(text(C$1,"mm/dd/yy")=$AC$2,0,if(H28=9,1,0)) -> 8 | W28: =vlookup(B28,indirect("'" & AC$2 & "'!B5:x69"),23,false)-X28 -> -3 | X28: =X27+1 -> 24 | Y28: =if(S28=D$2,"Y","N") -> N | Z28: =if($D$2=sum(S28:V28),"","Error")
A29: =A28+1 -> 25 | B29: Mauricio Palacios | C29: 271 | D29: 21 | E29: =if(S29>0,(C29-(V29*9)-(T29*13))/S29,0) -> 12.666667 | F29: 2 | G29: 4 | H29: 0 | I29: 4 | J29: 6 | K29: 5 | L29: 15 | M29: 1 | N29: =C29+L29 -> 286 | O29: =D29+M29 -> 22 | P29: X | Q29: X | S29: =vlookup(B29,indirect("'" & AC$2 & "'!B5:W69"),18,false)++if(text(C$1,"mm/dd/yy")=$AC$2,0,if(H29>0,0,1)) -> 15 | T29: =if(H29=13,1,0)+vlookup(B29,indirect("'" & AC$2 & "'!B5:W69"),19,false) -> 0 | V29: =vlookup(B29,indirect("'" & AC$2 & "'!B5:W69"),21,false)+if(text(C$1,"mm/dd/yy")=$AC$2,0,if(H29=9,1,0)) -> 9 | W29: =vlookup(B29,indirect("'" & AC$2 & "'!B5:x69"),23,false)-X29 -> 5 | X29: =X28+1 -> 25 | Y29: =if(S29=D$2,"Y","N") -> N | Z29: =if($D$2=sum(S29:V29),"","Error")
A30: =A29+1 -> 26 | B30: Coco Yan | C30: 270 | D30: 21 | E30: =if(S30>0,(C30-(V30*9)-(T30*13))/S30,0) -> 11.571429 | F30: 2 | G30: 4 | H30: 0 | I30: 6 | J30: 4 | K30: 5 | L30: 15 | M30: 1 | N30: =C30+L30 -> 285 | O30: =D30+M30 -> 22 | P30: X | Q30: X | R30: X | S30: =vlookup(B30,indirect("'" & AC$2 & "'!B5:W69"),18,false)++if(text(C$1,"mm/dd/yy")=$AC$2,0,if(H30>0,0,1)) -> 21 | T30: =if(H30=13,1,0)+vlookup(B30,indirect("'" & AC$2 & "'!B5:W69"),19,false) -> 0 | V30: =vlookup(B30,indirect("'" & AC$2 & "'!B5:W69"),21,false)+if(text(C$1,"mm/dd/yy")=$AC$2,0,if(H30=9,1,0)) -> 3 | W30: =vlookup(B30,indirect("'" & AC$2 & "'!B5:x69"),23,false)-X30 -> -3 | X30: =X29+1 -> 26 | Y30: =if(S30=D$2,"Y","N") -> N | Z30: =if($D$2=sum(S30:V30),"","Error")
A31: =A30+1 -> 27 | B31: Naveen Raj | C31: 269 | D31: 26 | E31: =if(S31>0,(C31-(V31*9)-(T31*13))/S31,0) -> 12.117647 | F31: 1 | G31: 4 | H31: 0 | I31: 6 | J31: 6 | K31: 7 | L31: 19 | M31: 3 | N31: =C31+L31 -> 288 | O31: =D31+M31 -> 29 | P31: X | Q31: X | R31: X | S31: =vlookup(B31,indirect("'" & AC$2 & "'!B5:W69"),18,false)++if(text(C$1,"mm/dd/yy")=$AC$2,0,if(H31>0,0,1)) -> 17 | T31: =if(H31=13,1,0)+vlookup(B31,indirect("'" & AC$2 & "'!B5:W69"),19,false) -> 0 | V31: =vlookup(B31,indirect("'" & AC$2 & "'!B5:W69"),21,false)+if(text(C$1,"mm/dd/yy")=$AC$2,0,if(H31=9,1,0)) -> 7 | W31: =vlookup(B31,indirect("'" & AC$2 & "'!B5:x69"),23,false)-X31 -> -3 | X31: =X30+1 -> 27 | Y31: =if(S31=D$2,"Y","N") -> N | Z31: =if($D$2=sum(S31:V31),"","Error")
A32: =A31+1 -> 28 | B32: Chinna Ponnaganti | C32: 268 | D32: 23 | E32: =if(S32>0,(C32-(V32*9)-(T32*13))/S32,0) -> 11.6 | F32: 3 | G32: 0 | H32: 9 | I32: 0 | J32: 0 | K32: 0 | L32: 9 | M32: 0 | N32: =C32+L32 -> 277 | O32: =D32+M32 -> 23 | P32: X | Q32: X | R32: X | S32: =vlookup(B32,indirect("'" & AC$2 & "'!B5:W69"),18,false)++if(text(C$1,"mm/dd/yy")=$AC$2,0,if(H32>0,0,1)) -> 20 | T32: =if(H32=13,1,0)+vlookup(B32,indirect("'" & AC$2 & "'!B5:W69"),19,false) -> 0 | V32: =vlookup(B32,indirect("'" & AC$2 & "'!B5:W69"),21,false)+if(text(C$1,"mm/dd/yy")=$AC$2,0,if(H32=9,1,0)) -> 4 | W32: =vlookup(B32,indirect("'" & AC$2 & "'!B5:x69"),23,false)-X32 -> -2 | X32: =X31+1 -> 28 | Y32: =if(S32=D$2,"Y","N") -> N | Z32: =if($D$2=sum(S32:V32),"","Error")
A33: =A32+1 -> 29 | B33: Erik Hoeckmann | C33: 268 | D33: 22 | E33: =if(S33>0,(C33-(V33*9)-(T33*13))/S33,0) -> 11.823529 | F33: 5 | G33: 0 | H33: 13 | I33: 0 | J33: 0 | K33: 0 | L33: 13 | M33: 0 | N33: =C33+L33 -> 281 | O33: =D33+M33 -> 22 | P33: X | Q33: X | S33: =vlookup(B33,indirect("'" & AC$2 & "'!B5:W69"),18,false)++if(text(C$1,"mm/dd/yy")=$AC$2,0,if(H33>0,0,1)) -> 17 | T33: =if(H33=13,1,0)+vlookup(B33,indirect("'" & AC$2 & "'!B5:W69"),19,false) -> 1 | V33: =vlookup(B33,indirect("'" & AC$2 & "'!B5:W69"),21,false)+if(text(C$1,"mm/dd/yy")=$AC$2,0,if(H33=9,1,0)) -> 6 | W33: =vlookup(B33,indirect("'" & AC$2 & "'!B5:x69"),23,false)-X33 -> -2 | X33: =X32+1 -> 29 | Y33: =if(S33=D$2,"Y","N") -> N | Z33: =if($D$2=sum(S33:V33),"","Error")
A34: =A33+1 -> 30 | B34: Nicole Ni | C34: 268 | D34: 22 | E34: =if(S34>0,(C34-(V34*9)-(T34*13))/S34,0) -> 11.086957 | F34: 1 | G34: 4 | H34: 0 | I34: 4 | J34: 4 | K34: 7 | L34: 15 | M34: 1 | N34: =C34+L34 -> 283 | O34: =D34+M34 -> 23 | P34: X | Q34: X | R34: X | S34: =vlookup(B34,indirect("'" & AC$2 & "'!B5:W69"),18,false)++if(text(C$1,"mm/dd/yy")=$AC$2,0,if(H34>0,0,1)) -> 23 | T34: =if(H34=13,1,0)+vlookup(B34,indirect("'" & AC$2 & "'!B5:W69"),19,false) -> 1 | V34: =vlookup(B34,indirect("'" & AC$2 & "'!B5:W69"),21,false)+if(text(C$1,"mm/dd/yy")=$AC$2,0,if(H34=9,1,0)) -> 0 | W34: =vlookup(B34,indirect("'" & AC$2 & "'!B5:x69"),23,false)-X34 -> 2 | X34: =X33+1 -> 30 | Y34: =if(S34=D$2,"Y","N") -> N | Z34: =if($D$2=sum(S34:V34),"","Error")
A35: =A34+1 -> 31 | B35: Hongyuan Wen | C35: 268 | D35: 19 | E35: =if(S35>0,(C35-(V35*9)-(T35*13))/S35,0) -> 11.526316 | F35: 1 | G35: 5 | H35: 0 | I35: 2 | J35: 6 | K35: 2 | L35: 10 | M35: 0 | N35: =C35+L35 -> 278 | O35: =D35+M35 -> 19 | P35: X | Q35: X | R35: X | S35: =vlookup(B35,indirect("'" & AC$2 & "'!B5:W69"),18,false)++if(text(C$1,"mm/dd/yy")=$AC$2,0,if(H35>0,0,1)) -> 19 | T35: =if(H35=13,1,0)+vlookup(B35,indirect("'" & AC$2 & "'!B5:W69"),19,false) -> 1 | V35: =vlookup(B35,indirect("'" & AC$2 & "'!B5:W69"),21,false)+if(text(C$1,"mm/dd/yy")=$AC$2,0,if(H35=9,1,0)) -> 4 | W35: =vlookup(B35,indirect("'" & AC$2 & "'!B5:x69"),23,false)-X35 -> -3 | X35: =X34+1 -> 31 | Y35: =if(S35=D$2,"Y","N") -> N | Z35: =if($D$2=sum(S35:V35),"","Error")
A36: =A35+1 -> 32 | B36: Alex Hou | C36: 266 | D36: 27 | E36: =if(S36>0,(C36-(V36*9)-(T36*13))/S36,0) -> 11.380952 | F36: 1 | G36: 5 | H36: 0 | I36: 2 | J36: 7 | K36: 6 | L36: 15 | M36: 2 | N36: =C36+L36 -> 281 | O36: =D36+M36 -> 29 | P36: X | Q36: X | R36: X | S36: =vlookup(B36,indirect("'" & AC$2 & "'!B5:W69"),18,false)++if(text(C$1,"mm/dd/yy")=$AC$2,0,if(H36>0,0,1)) -> 21 | T36: =if(H36=13,1,0)+vlookup(B36,indirect("'" & AC$2 & "'!B5:W69"),19,false) -> 0 | V36: =vlookup(B36,indirect("'" & AC$2 & "'!B5:W69"),21,false)+if(text(C$1,"mm/dd/yy")=$AC$2,0,if(H36=9,1,0)) -> 3 | W36: =vlookup(B36,indirect("'" & AC$2 & "'!B5:x69"),23,false)-X36 -> 1 | X36: =X35+1 -> 32 | Y36: =if(S36=D$2,"Y","N") -> N | Z36: =if($D$2=sum(S36:V36),"","Error")
A37: =A36+1 -> 33 | B37: Jimmy Awolesi | C37: 265 | D37: 23 | E37: =if(S37>0,(C37-(V37*9)-(T37*13))/S37,0) -> 11.333333 | F37: 1 | G37: 5 | H37: 0 | I37: 6 | J37: 6 | K37: 6 | L37: 18 | M37: 2 | N37: =C37+L37 -> 283 | O37: =D37+M37 -> 25 | P37: X | Q37: X | R37: X | S37: =vlookup(B37,indirect("'" & AC$2 & "'!B5:W69"),18,false)++if(text(C$1,"mm/dd/yy")=$AC$2,0,if(H37>0,0,1)) -> 21 | T37: =if(H37=13,1,0)+vlookup(B37,indirect("'" & AC$2 & "'!B5:W69"),19,false) -> 0 | V37: =vlookup(B37,indirect("'" & AC$2 & "'!B5:W69"),21,false)+if(text(C$1,"mm/dd/yy")=$AC$2,0,if(H37=9,1,0)) -> 3 | W37: =vlookup(B37,indirect("'" & AC$2 & "'!B5:x69"),23,false)-X37 -> -11 | X37: =X36+1 -> 33 | Y37: =if(S37=D$2,"Y","N") -> N | Z37: =if($D$2=sum(S37:V37),"","Error")
A38: =A37+1 -> 34 | B38: Basudev Thoppai Vidyasankar | C38: 262 | D38: 21 | E38: =if(S38>0,(C38-(V38*9)-(T38*13))/S38,0) -> 12.833333 | F38: 3 | G38: 0 | H38: 9 | I38: 0 | J38: 0 | K38: 0 | L38: 9 | M38: 0 | N38: =C38+L38 -> 271 | O38: =D38+M38 -> 21 | P38: X | Q38: X | R38: X | S38: =vlookup(B38,indirect("'" & AC$2 & "'!B5:W69"),18,false)++if(text(C$1,"mm/dd/yy")=$AC$2,0,if(H38>0,0,1)) -> 12 | T38: =if(H38=13,1,0)+vlookup(B38,indirect("'" & AC$2 & "'!B5:W69"),19,false) -> 0 | V38: =vlookup(B38,indirect("'" & AC$2 & "'!B5:W69"),21,false)+if(text(C$1,"mm/dd/yy")=$AC$2,0,if(H38=9,1,0)) -> 12 | W38: =vlookup(B38,indirect("'" & AC$2 & "'!B5:x69"),23,false)-X38 -> 0 | X38: =X37+1 -> 34 | Y38: =if(S38=D$2,"Y","N") -> N | Z38: =if($D$2=sum(S38:V38),"","Error")
A39: =A38+1 -> 35 | B39: Sean Chang | C39: 256 | D39: 20 | E39: =if(S39>0,(C39-(V39*9)-(T39*13))/S39,0) -> 11.25 | F39: 1 | G39: 5 | H39: 0 | I39: 6 | J39: 7 | K39: 2 | L39: 15 | M39: 2 | N39: =C39+L39 -> 271 | O39: =D39+M39 -> 22 | P39: X | Q39: X | R39: X | S39: =vlookup(B39,indirect("'" & AC$2 & "'!B5:W69"),18,false)++if(text(C$1,"mm/dd/yy")=$AC$2,0,if(H39>0,0,1)) -> 16 | T39: =if(H39=13,1,0)+vlookup(B39,indirect("'" & AC$2 & "'!B5:W69"),19,false) -> 1 | V39: =vlookup(B39,indirect("'" & AC$2 & "'!B5:W69"),21,false)+if(text(C$1,"mm/dd/yy")=$AC$2,0,if(H39=9,1,0)) -> 7 | W39: =vlookup(B39,indirect("'" & AC$2 & "'!B5:x69"),23,false)-X39 -> 0 | X39: =X38+1 -> 35 | Y39: =if(S39=D$2,"Y","N") -> N | Z39: =if($D$2=sum(S39:V39),"","Error")
A40: =A39+1 -> 36 | B40: Jim Miao | C40: 256 | D40: 19 | E40: =if(S40>0,(C40-(V40*9)-(T40*13))/S40,0) -> 12.076923 | F40: 1 | G40: 6 | H40: 0 | I40: 7 | J40: 6 | K40: 6 | L40: 19 | M40: 3 | N40: =C40+L40 -> 275 | O40: =D40+M40 -> 22 | P40: X | Q40: X | R40: X | S40: =vlookup(B40,indirect("'" & AC$2 & "'!B5:W69"),18,false)++if(text(C$1,"mm/dd/yy")=$AC$2,0,if(H40>0,0,1)) -> 13 | T40: =if(H40=13,1,0)+vlookup(B40,indirect("'" & AC$2 & "'!B5:W69"),19,false) -> 0 | V40: =vlookup(B40,indirect("'" & AC$2 & "'!B5:W69"),21,false)+if(text(C$1,"mm/dd/yy")=$AC$2,0,if(H40=9,1,0)) -> 11 | W40: =vlookup(B40,indirect("'" & AC$2 & "'!B5:x69"),23,false)-X40 -> 0 | X40: =X39+1 -> 36 | Y40: =if(S40=D$2,"Y","N") -> N | Z40: =if($D$2=sum(S40:V40),"","Error")
A41: =A40+1 -> 37 | B41: Ramesh Bandaru | C41: 250 | D41: 16 | E41: =if(S41>0,(C41-(V41*9)-(T41*13))/S41,0) -> 11.615385 | F41: 2 | G41: 6 | H41: 0 | I41: 7 | J41: 3 | K41: 3 | L41: 13 | M41: 1 | N41: =C41+L41 -> 263 | O41: =D41+M41 -> 17 | P41: X | Q41: X | R41: X | S41: =vlookup(B41,indirect("'" & AC$2 & "'!B5:W69"),18,false)++if(text(C$1,"mm/dd/yy")=$AC$2,0,if(H41>0,0,1)) -> 13 | T41: =if(H41=13,1,0)+vlookup(B41,indirect("'" & AC$2 & "'!B5:W69"),19,false) -> 0 | V41: =vlookup(B41,indirect("'" & AC$2 & "'!B5:W69"),21,false)+if(text(C$1,"mm/dd/yy")=$AC$2,0,if(H41=9,1,0)) -> 11 | W41: =vlookup(B41,indirect("'" & AC$2 & "'!B5:x69"),23,false)-X41 -> 3 | X41: =X40+1 -> 37 | Y41: =if(S41=D$2,"Y","N") -> N | Z41: =if($D$2=sum(S41:V41),"","Error")
A42: =A41+1 -> 38 | B42: Kumar Palakeel | C42: 247 | D42: 23 | E42: =if(S42>0,(C42-(V42*9)-(T42*13))/S42,0) -> 10.47619 | F42: 1 | G42: 6 | H42: 0 | I42: 5 | J42: 6 | K42: 3 | L42: 14 | M42: 1 | N42: =C42+L42 -> 261 | O42: =D42+M42 -> 24 | P42: X | Q42: X | R42: X | S42: =vlookup(B42,indirect("'" & AC$2 & "'!B5:W69"),18,false)++if(text(C$1,"mm/dd/yy")=$AC$2,0,if(H42>0,0,1)) -> 21 | T42: =if(H42=13,1,0)+vlookup(B42,indirect("'" & AC$2 & "'!B5:W69"),19,false) -> 0 | V42: =vlookup(B42,indirect("'" & AC$2 & "'!B5:W69"),21,false)+if(text(C$1,"mm/dd/yy")=$AC$2,0,if(H42=9,1,0)) -> 3 | W42: =vlookup(B42,indirect("'" & AC$2 & "'!B5:x69"),23,false)-X42 -> -1 | X42: =X41+1 -> 38 | Y42: =if(S42=D$2,"Y","N") -> N | Z42: =if($D$2=sum(S42:V42),"","Error")
A43: =A42+1 -> 39 | B43: James Phan | C43: 247 | D43: 16 | E43: =if(S43>0,(C43-(V43*9)-(T43*13))/S43,0) -> 12.857143 | F43: 3 | G43: 0 | H43: 9 | I43: 0 | J43: 0 | K43: 0 | L43: 9 | M43: 0 | N43: =C43+L43 -> 256 | O43: =D43+M43 -> 16 | P43: X | Q43: X | R43: X | S43: =vlookup(B43,indirect("'" & AC$2 & "'!B5:W69"),18,false)++if(text(C$1,"mm/dd/yy")=$AC$2,0,if(H43>0,0,1)) -> 7 | T43: =if(H43=13,1,0)+vlookup(B43,indirect("'" & AC$2 & "'!B5:W69"),19,false) -> 1 | V43: =vlookup(B43,indirect("'" & AC$2 & "'!B5:W69"),21,false)+if(text(C$1,"mm/dd/yy")=$AC$2,0,if(H43=9,1,0)) -> 16 | W43: =vlookup(B43,indirect("'" & AC$2 & "'!B5:x69"),23,false)-X43 -> -1 | X43: =X42+1 -> 39 | Y43: =if(S43=D$2,"Y","N") -> N | Z43: =if($D$2=sum(S43:V43),"","Error")
A44: =A43+1 -> 40 | B44: Rajesh Dorairaj | C44: 245 | D44: 18 | E44: =if(S44>0,(C44-(V44*9)-(T44*13))/S44,0) -> 10.933333 | F44: 3 | G44: 0 | H44: 9 | I44: 0 | J44: 0 | K44: 0 | L44: 9 | M44: 0 | N44: =C44+L44 -> 254 | O44: =D44+M44 -> 18 | P44: X | Q44: X | R44: X | S44: =vlookup(B44,indirect("'" & AC$2 & "'!B5:W69"),18,false)++if(text(C$1,"mm/dd/yy")=$AC$2,0,if(H44>0,0,1)) -> 15 | T44: =if(H44=13,1,0)+vlookup(B44,indirect("'" & AC$2 & "'!B5:W69"),19,false) -> 0 | V44: =vlookup(B44,indirect("'" & AC$2 & "'!B5:W69"),21,false)+if(text(C$1,"mm/dd/yy")=$AC$2,0,if(H44=9,1,0)) -> 9 | W44: =vlookup(B44,indirect("'" & AC$2 & "'!B5:x69"),23,false)-X44 -> -1 | X44: =X43+1 -> 40 | Y44: =if(S44=D$2,"Y","N") -> N | Z44: =if($D$2=sum(S44:V44),"","Error")
A45: =A44+1 -> 41 | B45: Andrew Wen | C45: 240 | D45: 12 | E45: =if(S45>0,(C45-(V45*9)-(T45*13))/S45,0) -> 10.818182 | F45: 3 | G45: 0 | H45: 9 | I45: 0 | J45: 0 | K45: 0 | L45: 9 | M45: 0 | N45: =C45+L45 -> 249 | O45: =D45+M45 -> 12 | P45: X | Q45: X | R45: X | S45: =vlookup(B45,indirect("'" & AC$2 & "'!B5:W69"),18,false)++if(text(C$1,"mm/dd/yy")=$AC$2,0,if(H45>0,0,1)) -> 11 | T45: =if(H45=13,1,0)+vlookup(B45,indirect("'" & AC$2 & "'!B5:W69"),19,false) -> 1 | V45: =vlookup(B45,indirect("'" & AC$2 & "'!B5:W69"),21,false)+if(text(C$1,"mm/dd/yy")=$AC$2,0,if(H45=9,1,0)) -> 12 | W45: =vlookup(B45,indirect("'" & AC$2 & "'!B5:x69"),23,false)-X45 -> 0 | X45: =X44+1 -> 41 | Y45: =if(S45=D$2,"Y","N") -> N | Z45: =if($D$2=sum(S45:V45),"","Error")
... A51: =A50+1 -> 47 | B51: Sanjaye Elayattu | C51: 227 | D51: 10 | E51: =if(S51>0,(C51-(V51*9)-(T51*13))/S51,0) -> 10.833333 | F51: 3 | G51: 0 | H51: 9 | I51: 0 | J51: 0 | K51: 0 | L51: 9 | M51: 0 | N51: =C51+L51 -> 236 | O51: =D51+M51 -> 10 | P51: X | Q51: X | R51: X | S51: =vlookup(B51,indirect("'" & AC$2 & "'!B5:W69"),18,false)++if(text(C$1,"mm/dd/yy")=$AC$2,0,if(H51>0,0,1)) -> 6 | T51: =if(H51=13,1,0)+vlookup(B51,indirect("'" & AC$2 & "'!B5:W69"),19,false) -> 0 | V51: =vlookup(B51,indirect("'" & AC$2 & "'!B5:W69"),21,false)+if(text(C$1,"mm/dd/yy")=$AC$2,0,if(H51=9,1,0)) -> 18 | W51: =vlookup(B51,indirect("'" & AC$2 & "'!B5:x69"),23,false)-X51 -> -1 | X51: =X50+1 -> 47 | Y51: =if(S51=D$2,"Y","N") -> N | Z51: =if($D$2=sum(S51:V51),"","Error")
A52: =A51+1 -> 48 | B52: Alejandro Mejia | C52: 223 | D52: 8 | E52: =if(S52>0,(C52-(V52*9)-(T52*13))/S52,0) -> 10.75 | F52: 3 | G52: 0 | H52: 9 | I52: 0 | J52: 0 | K52: 0 | L52: 9 | M52: 0 | N52: =C52+L52 -> 232 | O52: =D52+M52 -> 8 | P52: X | Q52: X | S52: =vlookup(B52,indirect("'" & AC$2 & "'!B5:W69"),18,false)++if(text(C$1,"mm/dd/yy")=$AC$2,0,if(H52>0,0,1)) -> 4 | T52: =if(H52=13,1,0)+vlookup(B52,indirect("'" & AC$2 & "'!B5:W69"),19,false) -> 0 | V52: =vlookup(B52,indirect("'" & AC$2 & "'!B5:W69"),21,false)+if(text(C$1,"mm/dd/yy")=$AC$2,0,if(H52=9,1,0)) -> 20 | W52: =vlookup(B52,indirect("'" & AC$2 & "'!B5:x69"),23,false)-X52 -> 0 | X52: =X51+1 -> 48 | Y52: =if(S52=D$2,"Y","N") -> N | Z52: =if($D$2=sum(S52:V52),"","Error")
A53: =A52+1 -> 49 | B53: Troy Wong | C53: 223 | D53: 8 | E53: =if(S53>0,(C53-(V53*9)-(T53*13))/S53,0) -> 10.166667 | F53: 3 | G53: 0 | H53: 9 | I53: 0 | J53: 0 | K53: 0 | L53: 9 | M53: 0 | N53: =C53+L53 -> 232 | O53: =D53+M53 -> 8 | P53: X | Q53: X | R53: X | S53: =vlookup(B53,indirect("'" & AC$2 & "'!B5:W69"),18,false)++if(text(C$1,"mm/dd/yy")=$AC$2,0,if(H53>0,0,1)) -> 6 | T53: =if(H53=13,1,0)+vlookup(B53,indirect("'" & AC$2 & "'!B5:W69"),19,false) -> 0 | V53: =vlookup(B53,indirect("'" & AC$2 & "'!B5:W69"),21,false)+if(text(C$1,"mm/dd/yy")=$AC$2,0,if(H53=9,1,0)) -> 18 | W53: =vlookup(B53,indirect("'" & AC$2 & "'!B5:x69"),23,false)-X53 -> 0 | X53: =X52+1 -> 49 | Y53: =if(S53=D$2,"Y","N") -> N | Z53: =if($D$2=sum(S53:V53),"","Error")
A54: =A53+1 -> 50 | B54: Vishnu Amarnath | C54: 221 | D54: 11 | E54: =if(S54>0,(C54-(V54*9)-(T54*13))/S54,0) -> 9.1111111 | F54: 1 | G54: 7 | H54: 0 | I54: 6 | J54: 6 | K54: 6 | L54: 18 | M54: 3 | N54: =C54+L54 -> 239 | O54: =D54+M54 -> 14 | P54: X | Q54: X | R54: X | S54: =vlookup(B54,indirect("'" & AC$2 & "'!B5:W69"),18,false)++if(text(C$1,"mm/dd/yy")=$AC$2,0,if(H54>0,0,1)) -> 9 | T54: =if(H54=13,1,0)+vlookup(B54,indirect("'" & AC$2 & "'!B5:W69"),19,false) -> 1 | V54: =vlookup(B54,indirect("'" & AC$2 & "'!B5:W69"),21,false)+if(text(C$1,"mm/dd/yy")=$AC$2,0,if(H54=9,1,0)) -> 14 | W54: =vlookup(B54,indirect("'" & AC$2 & "'!B5:x69"),23,false)-X54 -> 6 | X54: =X53+1 -> 50 | Y54: =if(S54=D$2,"Y","N") -> N | Z54: =if($D$2=sum(S54:V54),"","Error")
A55: =A54+1 -> 51 | B55: Trish Newlin | C55: 220 | D55: 9 | E55: =if(S55>0,(C55-(V55*9)-(T55*13))/S55,0) -> 9 | F55: 1 | G55: 7 | H55: 0 | I55: 6 | J55: 2 | K55: 4 | L55: 12 | M55: 1 | N55: =C55+L55 -> 232 | O55: =D55+M55 -> 10 | P55: X | Q55: X | R55: X | S55: =vlookup(B55,indirect("'" & AC$2 & "'!B5:W69"),18,false)++if(text(C$1,"mm/dd/yy")=$AC$2,0,if(H55>0,0,1)) -> 9 | T55: =if(H55=13,1,0)+vlookup(B55,indirect("'" & AC$2 & "'!B5:W69"),19,false) -> 1 | V55: =vlookup(B55,indirect("'" & AC$2 & "'!B5:W69"),21,false)+if(text(C$1,"mm/dd/yy")=$AC$2,0,if(H55=9,1,0)) -> 14 | W55: =vlookup(B55,indirect("'" & AC$2 & "'!B5:x69"),23,false)-X55 -> -1 | X55: =X54+1 -> 51 | Y55: =if(S55=D$2,"Y","N") -> N | Z55: =if($D$2=sum(S55:V55),"","Error")
A56: =A55+1 -> 52 | B56: Robert Chang | C56: 218 | D56: 8 | E56: =if(S56>0,(C56-(V56*9)-(T56*13))/S56,0) -> 9.4 | F56: 3 | G56: 0 | H56: 9 | I56: 0 | J56: 0 | K56: 0 | L56: 9 | M56: 0 | N56: =C56+L56 -> 227 | O56: =D56+M56 -> 8 | P56: X | Q56: X | R56: X | S56: =vlookup(B56,indirect("'" & AC$2 & "'!B5:W69"),18,false)++if(text(C$1,"mm/dd/yy")=$AC$2,0,if(H56>0,0,1)) -> 5 | T56: =if(H56=13,1,0)+vlookup(B56,indirect("'" & AC$2 & "'!B5:W69"),19,false) -> 0 | V56: =vlookup(B56,indirect("'" & AC$2 & "'!B5:W69"),21,false)+if(text(C$1,"mm/dd/yy")=$AC$2,0,if(H56=9,1,0)) -> 19 | W56: =vlookup(B56,indirect("'" & AC$2 & "'!B5:x69"),23,false)-X56 -> -1 | X56: =X55+1 -> 52 | Y56: =if(S56=D$2,"Y","N") -> N | Z56: =if($D$2=sum(S56:V56),"","Error")
A57: =A56+1 -> 53 | B57: Manuel Rivera | C57: 218 | D57: 7 | E57: =if(S57>0,(C57-(V57*9)-(T57*13))/S57,0) -> 8.6666667 | F57: 1 | G57: 8 | H57: 0 | I57: 6 | J57: 6 | K57: 6 | L57: 18 | M57: 2 | N57: =C57+L57 -> 236 | O57: =D57+M57 -> 9 | P57: X | Q57: X | R57: X | S57: =vlookup(B57,indirect("'" & AC$2 & "'!B5:W69"),18,false)++if(text(C$1,"mm/dd/yy")=$AC$2,0,if(H57>0,0,1)) -> 6 | T57: =if(H57=13,1,0)+vlookup(B57,indirect("'" & AC$2 & "'!B5:W69"),19,false) -> 1 | V57: =vlookup(B57,indirect("'" & AC$2 & "'!B5:W69"),21,false)+if(text(C$1,"mm/dd/yy")=$AC$2,0,if(H57=9,1,0)) -> 17 | W57: =vlookup(B57,indirect("'" & AC$2 & "'!B5:x69"),23,false)-X57 -> -1 | X57: =X56+1 -> 53 | Y57: =if(S57=D$2,"Y","N") -> N | Z57: =if($D$2=sum(S57:V57),"","Error")
A58: =A57+1 -> 54 | B58: Wayne Liu | C58: 217 | D58: 12 | E58: =if(S58>0,(C58-(V58*9)-(T58*13))/S58,0) -> 9.0833333 | F58: 1 | G58: 8 | H58: 0 | I58: 6 | J58: 3 | K58: 7 | L58: 16 | M58: 2 | N58: =C58+L58 -> 233 | O58: =D58+M58 -> 14 | P58: X | Q58: X | R58: X | S58: =vlookup(B58,indirect("'" & AC$2 & "'!B5:W69"),18,false)++if(text(C$1,"mm/dd/yy")=$AC$2,0,if(H58>0,0,1)) -> 12 | T58: =if(H58=13,1,0)+vlookup(B58,indirect("'" & AC$2 & "'!B5:W69"),19,false) -> 0 | V58: =vlookup(B58,indirect("'" & AC$2 & "'!B5:W69"),21,false)+if(text(C$1,"mm/dd/yy")=$AC$2,0,if(H58=9,1,0)) -> 12 | W58: =vlookup(B58,indirect("'" & AC$2 & "'!B5:x69"),23,false)-X58 -> -1 | X58: =X57+1 -> 54 | Y58: =if(S58=D$2,"Y","N") -> N | Z58: =if($D$2=sum(S58:V58),"","Error")
A59: =A58+1 -> 55 | B59: Saravanan Veerapandian | C59: 216 | D59: 12 | E59: =if(S59>0,(C59-(V59*9)-(T59*13))/S59,0) -> 9 | F59: 3 | G59: 0 | H59: 9 | I59: 0 | J59: 0 | K59: 0 | L59: 9 | M59: 0 | N59: =C59+L59 -> 225 | O59: =D59+M59 -> 12 | P59: X | Q59: X | R59: X | S59: =vlookup(B59,indirect("'" & AC$2 & "'!B5:W69"),18,false)++if(text(C$1,"mm/dd/yy")=$AC$2,0,if(H59>0,0,1)) -> 12 | T59: =if(H59=13,1,0)+vlookup(B59,indirect("'" & AC$2 & "'!B5:W69"),19,false) -> 0 | V59: =vlookup(B59,indirect("'" & AC$2 & "'!B5:W69"),21,false)+if(text(C$1,"mm/dd/yy")=$AC$2,0,if(H59=9,1,0)) -> 12 | W59: =vlookup(B59,indirect("'" & AC$2 & "'!B5:x69"),23,false)-X59 -> -1 | X59: =X58+1 -> 55 | Y59: =if(S59=D$2,"Y","N") -> N | Z59: =if($D$2=sum(S59:V59),"","Error")
A60: =A59+1 -> 56 | B60: Susanta Mishra | C60: 215 | D60: 7 | E60: =if(S60>0,(C60-(V60*9)-(T60*13))/S60,0) -> 8.75 | F60: 3 | G60: 0 | H60: 9 | I60: 0 | J60: 0 | K60: 0 | L60: 9 | M60: 0 | N60: =C60+L60 -> 224 | O60: =D60+M60 -> 7 | P60: X | Q60: X | R60: X | S60: =vlookup(B60,indirect("'" & AC$2 & "'!B5:W69"),18,false)++if(text(C$1,"mm/dd/yy")=$AC$2,0,if(H60>0,0,1)) -> 4 | T60: =if(H60=13,1,0)+vlookup(B60,indirect("'" & AC$2 & "'!B5:W69"),19,false) -> 0 | V60: =vlookup(B60,indirect("'" & AC$2 & "'!B5:W69"),21,false)+if(text(C$1,"mm/dd/yy")=$AC$2,0,if(H60=9,1,0)) -> 20 | W60: =vlookup(B60,indirect("'" & AC$2 & "'!B5:x69"),23,false)-X60 -> -1 | X60: =X59+1 -> 56 | Y60: =if(S60=D$2,"Y","N") -> N | Z60: =if($D$2=sum(S60:V60),"","Error")
A61: =A60+1 -> 57 | B61: Santosh Sundaresan | C61: 207 | D61: 5 | E61: =if(S61>0,(C61-(V61*9)-(T61*13))/S61,0) -> 6.75 | F61: 3 | G61: 0 | H61: 9 | I61: 0 | J61: 0 | K61: 0 | L61: 9 | M61: 0 | N61: =C61+L61 -> 216 | O61: =D61+M61 -> 5 | P61: X | Q61: X | R61: X | S61: =vlookup(B61,indirect("'" & AC$2 & "'!B5:W69"),18,false)++if(text(C$1,"mm/dd/yy")=$AC$2,0,if(H61>0,0,1)) -> 4 | T61: =if(H61=13,1,0)+vlookup(B61,indirect("'" & AC$2 & "'!B5:W69"),19,false) -> 0 | V61: =vlookup(B61,indirect("'" & AC$2 & "'!B5:W69"),21,false)+if(text(C$1,"mm/dd/yy")=$AC$2,0,if(H61=9,1,0)) -> 20 | W61: =vlookup(B61,indirect("'" & AC$2 & "'!B5:x69"),23,false)-X61 -> 0 | X61: =X60+1 -> 57 | Y61: =if(S61=D$2,"Y","N") -> N | Z61: =if($D$2=sum(S61:V61),"","Error")
A62: =A61+1 -> 58 | B62: Luis Hsu | C62: 207 | D62: 3 | E62: =if(S62>0,(C62-(V62*9)-(T62*13))/S62,0) -> 4.5 | F62: 3 | G62: 0 | H62: 9 | I62: 0 | J62: 0 | K62: 0 | L62: 9 | M62: 0 | N62: =C62+L62 -> 216 | O62: =D62+M62 -> 3 | P62: X | Q62: X | R62: X | S62: =vlookup(B62,indirect("'" & AC$2 & "'!B5:W69"),18,false)++if(text(C$1,"mm/dd/yy")=$AC$2,0,if(H62>0,0,1)) -> 2 | T62: =if(H62=13,1,0)+vlookup(B62,indirect("'" & AC$2 & "'!B5:W69"),19,false) -> 0 | V62: =vlookup(B62,indirect("'" & AC$2 & "'!B5:W69"),21,false)+if(text(C$1,"mm/dd/yy")=$AC$2,0,if(H62=9,1,0)) -> 22 | W62: =vlookup(B62,indirect("'" & AC$2 & "'!B5:x69"),23,false)-X62 -> 2 | X62: =X61+1 -> 58 | Y62: =if(S62=D$2,"Y","N") -> N | Z62: =if($D$2=sum(S62:V62),"","Error")
A63: =A62+1 -> 59 | B63: Tyler Leong | C63: 203 | D63: 4 | E63: =if(S63>0,(C63-(V63*9)-(T63*13))/S63,0) -> 5.75 | F63: 3 | G63: 0 | H63: 9 | I63: 0 | J63: 0 | K63: 0 | L63: 9 | M63: 0 | N63: =C63+L63 -> 212 | O63: =D63+M63 -> 4 | P63: X | Q63: X | R63: N | S63: =vlookup(B63,indirect("'" & AC$2 & "'!B5:W69"),18,false)++if(text(C$1,"mm/dd/yy")=$AC$2,0,if(H63>0,0,1)) -> 4 | T63: =if(H63=13,1,0)+vlookup(B63,indirect("'" & AC$2 & "'!B5:W69"),19,false) -> 0 | V63: =vlookup(B63,indirect("'" & AC$2 & "'!B5:W69"),21,false)+if(text(C$1,"mm/dd/yy")=$AC$2,0,if(H63=9,1,0)) -> 20 | W63: =vlookup(B63,indirect("'" & AC$2 & "'!B5:x69"),23,false)-X63 -> -1 | X63: =X62+1 -> 59 | Y63: =if(S63=D$2,"Y","N") -> N | Z63: =if($D$2=sum(S63:V63),"","Error")
A64: =A63+1 -> 60 | B64: Vicki Martinet | C64: 203 | D64: 2 | E64: =if(S64>0,(C64-(V64*9)-(T64*13))/S64,0) -> 6.5714286 | F64: 3 | G64: 0 | H64: 9 | I64: 0 | J64: 0 | K64: 0 | L64: 9 | M64: 0 | N64: =C64+L64 -> 212 | O64: =D64+M64 -> 2 | P64: X | Q64: X | R64: X | S64: =vlookup(B64,indirect("'" & AC$2 & "'!B5:W69"),18,false)++if(text(C$1,"mm/dd/yy")=$AC$2,0,if(H64>0,0,1)) -> 7 | T64: =if(H64=13,1,0)+vlookup(B64,indirect("'" & AC$2 & "'!B5:W69"),19,false) -> 1 | V64: =vlookup(B64,indirect("'" & AC$2 & "'!B5:W69"),21,false)+if(text(C$1,"mm/dd/yy")=$AC$2,0,if(H64=9,1,0)) -> 16 | W64: =vlookup(B64,indirect("'" & AC$2 & "'!B5:x69"),23,false)-X64 -> -1 | X64: =X63+1 -> 60 | Y64: =if(S64=D$2,"Y","N") -> N | Z64: =if($D$2=sum(S64:V64),"","Error")
... A69: =A68+1 -> 65 | B69: Barathi Sundaram | C69: 183 | D69: 2 | E69: =if(S69>0,(C69-(V69*9)-(T69*13))/S69,0) -> 4.2857143 | F69: 1 | G69: 8 | H69: 0 | I69: 0 | J69: 3 | K69: 6 | L69: 9 | M69: 0 | N69: =C69+L69 -> 192 | O69: =D69+M69 -> 2 | P69: X | Q69: X | R69: X | S69: =vlookup(B69,indirect("'" & AC$2 & "'!B5:W69"),18,false)++if(text(C$1,"mm/dd/yy")=$AC$2,0,if(H69>0,0,1)) -> 7 | T69: =if(H69=13,1,0)+vlookup(B69,indirect("'" & AC$2 & "'!B5:W69"),19,false) -> 0 | V69: =vlookup(B69,indirect("'" & AC$2 & "'!B5:W69"),21,false)+if(text(C$1,"mm/dd/yy")=$AC$2,0,if(H69=9,1,0)) -> 17 | W69: =vlookup(B69,indirect("'" & AC$2 & "'!B5:x69"),23,false)-X69 -> 0 | X69: =X68+1 -> 65 | Y69: =if(S69=D$2,"Y","N") -> N | Z69: =if($D$2=sum(S69:V69),"","Error")
P73: Membership Renewals
P74: Renewed | R74: =countif(R5:R69,"X") -> 61 | S74: =R74/R77 -> 0.93846154
B75: For Publishing in the WhatsApp Group for the score updates on saturday | P75: Not Renewing | R75: =countif(R5:R69,"N") -> 1
P76: To Renew | R76: =countif(R5:R69,"") -> 3
P77: Total | R77: =sum(R74:R76) -> 65
B78: =concatenate("Top Scores : " &AC2) -> Top Scores : 12/06/25
B80: Name of Player | C80: Games | D80: Sets | E80: Court #
B81: =IFERROR(__xludf.DUMMYFUNCTION("QUERY(indirect(AC2 & ""!B5:M69""),""Select B, L, M, G where L >= 18 order by L desc,M desc"",0)"),"Vishnu Amarnath") -> Vishnu Amarnath | C81: =IFERROR(__xludf.DUMMYFUNCTION("""COMPUTED_VALUE"""),18.0) -> 18 | D81: =IFERROR(__xludf.DUMMYFUNCTION("""COMPUTED_VALUE"""),3.0) -> 3 | E81: =IFERROR(__xludf.DUMMYFUNCTION("""COMPUTED_VALUE"""),6.0) -> 6
B82: =IFERROR(__xludf.DUMMYFUNCTION("""COMPUTED_VALUE"""),"Luis Hsu") -> Luis Hsu | C82: =IFERROR(__xludf.DUMMYFUNCTION("""COMPUTED_VALUE"""),18.0) -> 18 | D82: =IFERROR(__xludf.DUMMYFUNCTION("""COMPUTED_VALUE"""),3.0) -> 3 | E82: =IFERROR(__xludf.DUMMYFUNCTION("""COMPUTED_VALUE"""),7.0) -> 7
B83: =IFERROR(__xludf.DUMMYFUNCTION("""COMPUTED_VALUE"""),"Allen Zhang") -> Allen Zhang | C83: =IFERROR(__xludf.DUMMYFUNCTION("""COMPUTED_VALUE"""),18.0) -> 18 | D83: =IFERROR(__xludf.DUMMYFUNCTION("""COMPUTED_VALUE"""),2.0) -> 2 | E83: =IFERROR(__xludf.DUMMYFUNCTION("""COMPUTED_VALUE"""),4.0) -> 4
B97: Top 10 Movements (UP)
B99: Name of Player | C99: Positions Moved | D99: Position Last week | E99: Position This week | F99: Points this week | G99: Court | L99: Cross Check
B100: =IFERROR(__xludf.DUMMYFUNCTION("query(B5:W69,""select B, W order by W Desc Limit 10"")"),"Allen Zhang") -> Allen Zhang | C100: =IFERROR(__xludf.DUMMYFUNCTION("""COMPUTED_VALUE"""),9.0) -> 9 | D100: =VLOOKUP(B100,indirect($AC$2&"!B$5:X$69"),23, false) -> 29 | E100: =VLOOKUP(B100,B$5:X$69,23, false) -> 20 | F100: =VLOOKUP(B100,indirect($AC$2&"!B$5:U$70"),11, false) -> 18 | G100: =VLOOKUP(B100,indirect($AC$2&"!B$5:U$70"),6, false) -> 4 | L100: =if(D100-E100=C100,"ok","Error") -> ok
B101: =IFERROR(__xludf.DUMMYFUNCTION("""COMPUTED_VALUE"""),"Cid Macaraeg") -> Cid Macaraeg | C101: =IFERROR(__xludf.DUMMYFUNCTION("""COMPUTED_VALUE"""),8.0) -> 8 | D101: =VLOOKUP(B101,indirect($AC$2&"!B$5:X$69"),23, false) -> 31 | E101: =VLOOKUP(B101,B$5:X$69,23, false) -> 23 | F101: =VLOOKUP(B101,indirect($AC$2&"!B$5:U$70"),11, false) -> 17 | G101: =VLOOKUP(B101,indirect($AC$2&"!B$5:U$70"),6, false) -> 4 | L101: =if(D101-E101=C101,"ok","Error") -> ok
B102: =IFERROR(__xludf.DUMMYFUNCTION("""COMPUTED_VALUE"""),"Elayaraja Thangaraj") -> Elayaraja Thangaraj | C102: =IFERROR(__xludf.DUMMYFUNCTION("""COMPUTED_VALUE"""),6.0) -> 6 | D102: =VLOOKUP(B102,indirect($AC$2&"!B$5:X$69"),23, false) -> 25 | E102: =VLOOKUP(B102,B$5:X$69,23, false) -> 19 | F102: =VLOOKUP(B102,indirect($AC$2&"!B$5:U$70"),11, false) -> 17 | G102: =VLOOKUP(B102,indirect($AC$2&"!B$5:U$70"),6, false) -> 4 | L102: =if(D102-E102=C102,"ok","Error") -> ok
B103: =IFERROR(__xludf.DUMMYFUNCTION("""COMPUTED_VALUE"""),"Vishnu Amarnath") -> Vishnu Amarnath | C103: =IFERROR(__xludf.DUMMYFUNCTION("""COMPUTED_VALUE"""),6.0) -> 6 | D103: =VLOOKUP(B103,indirect($AC$2&"!B$5:X$69"),23, false) -> 56 | E103: =VLOOKUP(B103,B$5:X$69,23, false) -> 50 | F103: =VLOOKUP(B103,indirect($AC$2&"!B$5:U$70"),11, false) -> 18 | G103: =VLOOKUP(B103,indirect($AC$2&"!B$5:U$70"),6, false) -> 6 | L103: =if(D103-E103=C103,"ok","Error") -> ok
B104: =IFERROR(__xludf.DUMMYFUNCTION("""COMPUTED_VALUE"""),"Mauricio Palacios") -> Mauricio Palacios | C104: =IFERROR(__xludf.DUMMYFUNCTION("""COMPUTED_VALUE"""),5.0) -> 5 | D104: =VLOOKUP(B104,indirect($AC$2&"!B$5:X$69"),23, false) -> 30 | E104: =VLOOKUP(B104,B$5:X$69,23, false) -> 25 | F104: =VLOOKUP(B104,indirect($AC$2&"!B$5:U$70"),11, false) -> 14 | G104: =VLOOKUP(B104,indirect($AC$2&"!B$5:U$70"),6, false) -> 4 | L104: =if(D104-E104=C104,"ok","Error") -> ok
B105: =IFERROR(__xludf.DUMMYFUNCTION("""COMPUTED_VALUE"""),"Pulkit Mathur") -> Pulkit Mathur | C105: =IFERROR(__xludf.DUMMYFUNCTION("""COMPUTED_VALUE"""),4.0) -> 4 | D105: =VLOOKUP(B105,indirect($AC$2&"!B$5:X$69"),23, false) -> 9 | E105: =VLOOKUP(B105,B$5:X$69,23, false) -> 5 | F105: =VLOOKUP(B105,indirect($AC$2&"!B$5:U$70"),11, false) -> 15 | G105: =VLOOKUP(B105,indirect($AC$2&"!B$5:U$70"),6, false) -> 2 | L105: =if(D105-E105=C105,"ok","Error") -> ok
B106: =IFERROR(__xludf.DUMMYFUNCTION("""COMPUTED_VALUE"""),"Oscar Bonilla") -> Oscar Bonilla | C106: =IFERROR(__xludf.DUMMYFUNCTION("""COMPUTED_VALUE"""),4.0) -> 4 | D106: =VLOOKUP(B106,indirect($AC$2&"!B$5:X$69"),23, false) -> 15 | E106: =VLOOKUP(B106,B$5:X$69,23, false) -> 11 | F106: =VLOOKUP(B106,indirect($AC$2&"!B$5:U$70"),11, false) -> 16 | G106: =VLOOKUP(B106,indirect($AC$2&"!B$5:U$70"),6, false) -> 2 | L106: =if(D106-E106=C106,"ok","Error") -> ok
B107: =IFERROR(__xludf.DUMMYFUNCTION("""COMPUTED_VALUE"""),"Ramesh Bandaru") -> Ramesh Bandaru | C107: =IFERROR(__xludf.DUMMYFUNCTION("""COMPUTED_VALUE"""),3.0) -> 3 | D107: =VLOOKUP(B107,indirect($AC$2&"!B$5:X$69"),23, false) -> 40 | E107: =VLOOKUP(B107,B$5:X$69,23, false) -> 37 | F107: =VLOOKUP(B107,indirect($AC$2&"!B$5:U$70"),11, false) -> 15 | G107: =VLOOKUP(B107,indirect($AC$2&"!B$5:U$70"),6, false) -> 5 | L107: =if(D107-E107=C107,"ok","Error") -> ok
B108: =IFERROR(__xludf.DUMMYFUNCTION("""COMPUTED_VALUE"""),"Sandeep Kamalon") -> Sandeep Kamalon | C108: =IFERROR(__xludf.DUMMYFUNCTION("""COMPUTED_VALUE"""),2.0) -> 2 | D108: =VLOOKUP(B108,indirect($AC$2&"!B$5:X$69"),23, false) -> 6 | E108: =VLOOKUP(B108,B$5:X$69,23, false) -> 4 | F108: =VLOOKUP(B108,indirect($AC$2&"!B$5:U$70"),11, false) -> 14 | G108: =VLOOKUP(B108,indirect($AC$2&"!B$5:U$70"),6, false) -> 2 | L108: =if(D108-E108=C108,"ok","Error") -> ok
B109: =IFERROR(__xludf.DUMMYFUNCTION("""COMPUTED_VALUE"""),"Herman Au") -> Herman Au | C109: =IFERROR(__xludf.DUMMYFUNCTION("""COMPUTED_VALUE"""),2.0) -> 2 | D109: =VLOOKUP(B109,indirect($AC$2&"!B$5:X$69"),23, false) -> 18 | E109: =VLOOKUP(B109,B$5:X$69,23, false) -> 16 | F109: =VLOOKUP(B109,indirect($AC$2&"!B$5:U$70"),11, false) -> 14 | G109: =VLOOKUP(B109,indirect($AC$2&"!B$5:U$70"),6, false) -> 3 | L109: =if(D109-E109=C109,"ok","Error") -> ok
A115: =CONCATENATE("TOP 10 Players after " &D2 & " Weeks") -> TOP 10 Players after 24 Weeks
A117: Ranking | B117: Name of Player | C117: Games Won | D117: Sets Won | E117: Games Won / Match
A118: =A5 -> 1 | B118: =B5 -> Adrian Tay | C118: =C5 -> 321 | D118: =D5 -> 38 | E118: =E5 -> 15.176471
A119: =A6 -> 2 | B119: =B6 -> Darren Wong | C119: =C6 -> 310 | D119: =D6 -> 34 | E119: =E6 -> 14.294118
A120: =A7 -> 3 | B120: =B7 -> Lam Bui | C120: =C7 -> 305 | D120: =D7 -> 31 | E120: =E7 -> 13.45
A121: =A8 -> 4 | B121: =B8 -> Sandeep Kamalon | C121: =C8 -> 297 | D121: =D8 -> 34 | E121: =E8 -> 12.5
A122: =A9 -> 5 | B122: =B9 -> Pulkit Mathur | C122: =C9 -> 297 | D122: =D9 -> 30 | E122: =E9 -> 13.5
A123: =A10 -> 6 | B123: =B10 -> Eric Pan | C123: =C10 -> 297 | D123: =D10 -> 29 | E123: =E10 -> 14.5
A124: =A11 -> 7 | B124: =B11 -> Ethan Gu | C124: =C11 -> 292 | D124: =D11 -> 31 | E124: =E11 -> 12.619048
A125: =A12 -> 8 | B125: =B12 -> Pavan Akkimsetty | C125: =C12 -> 292 | D125: =D12 -> 25 | E125: =E12 -> 13.470588
A126: =A13 -> 9 | B126: =B13 -> David Shin | C126: =C13 -> 291 | D126: =D13 -> 26 | E126: =E13 -> 12.571429
A127: =A14 -> 10 | B127: =B14 -> Rajasekar Ramasamy | C127: =C14 -> 289 | D127: =D14 -> 30 | E127: =E14 -> 12.136364
B131: King of Kings
B133: Name of the Player | C133: No. of Weeks
B134: =Data!F110 -> Adrian Tay | C134: =Data!G110 -> 12
B135: =Data!F111 -> Darren Wong | C135: =Data!G111 -> 4
B136: =Data!F112 -> Pulkit Mathur | C136: =Data!G112 -> 4
B137: =Data!F113 -> Eric Pan | C137: =Data!G113 -> 1
B138: =Data!F114 -> Frank Moon | C138: =Data!G114 -> 1
B139: =Data!F115 -> Lam Bui | C139: =Data!G115 -> 1
B140: =Data!F116 | C140: =Data!G116
B141: =Data!F117 | C141: =Data!G117
B142: =Data!F118 | C142: =Data!G118
B143: =Data!F119 | C143: =Data!G119
B144: =Data!F120 | C144: =Data!G120
A150: Perfect Attendence
A152: No | B152: Name of the Player
A153: =if(B153<>"",1,0) -> #N/A | B153: =IFERROR(__xludf.DUMMYFUNCTION("query(B5:Y69,""select B where Y = 'Y' order by B ASC"")"),"#N/A") -> #N/A
...

Sheet 120625
B1: Standings as of | C1: 45997
B2: Number of Weeks Played | D2: 23 | AC2: =text(C1-7,"mm/dd/yy") -> 11/29/25
C3: Beginning of week | F3: Current Week Scores | N3: End of week | Q3: Jul-Dec 2025 | R3: Jan-Jun 2026
A4: Ranking | B4: Name of Player | C4: Games Won | D4: Sets Won | E4: Games Won / Match | F4: Check IN | G4: Court # | H4: Set 0 | I4: Set 1 | J4: Set 2 | K4: Set 3 | L4: Games Won | M4: Sets Won | N4: Games Won | O4: Sets Won | P4: Waiver | Q4: Fee | R4: Fee | S4: Games Played | T4: Sit outs | U4: No Shows | V4: Absent | W4: Positions Gained/Lost | X4: Ranking | Y4: Perfect attendence | Z4: Check
A5: 1 | B5: Adrian Tay | C5: 308 | D5: 36 | E5: =if(S5>0,(C5-(V5*9)-(T5*13))/S5,0) -> 15.3125 | F5: 1 | G5: 1 | H5: 0 | I5: 6 | J5: 6 | K5: 1 | L5: 13 | M5: 2 | N5: =C5+L5 -> 321 | O5: =D5+M5 -> 38 | P5: X | Q5: X | S5: =vlookup(B5,indirect("'" & AC$2 & "'!B5:W69"),18,false)++if(text(C$1,"mm/dd/yy")=$AC$2,0,if(H5>0,0,1)) -> 16 | T5: =if(H5=13,1,0)+vlookup(B5,indirect("'" & AC$2 & "'!B5:W69"),19,false) -> 0 | V5: =vlookup(B5,indirect("'" & AC$2 & "'!B5:W69"),21,false)+if(text(C$1,"mm/dd/yy")=$AC$2,0,if(H5=9,1,0)) -> 7 | W5: =vlookup(B5,indirect("'" & AC$2 & "'!B5:x69"),23,false)-X5 -> 0 | X5: 1 | Y5: =if(S5=D$2,"Y","N") -> N | Z5: =if($D$2=sum(S5:V5),"","Error")
A6: =A5+1 -> 2 | B6: Darren Wong | C6: 296 | D6: 32 | E6: =if(S6>0,(C6-(V6*9)-(T6*13))/S6,0) -> 14.3125 | F6: 1 | G6: 1 | H6: 0 | I6: 6 | J6: 2 | K6: 6 | L6: 14 | M6: 2 | N6: =C6+L6 -> 310 | O6: =D6+M6 -> 34 | P6: X | Q6: X | R6: X | S6: =vlookup(B6,indirect("'" & AC$2 & "'!B5:W69"),18,false)++if(text(C$1,"mm/dd/yy")=$AC$2,0,if(H6>0,0,1)) -> 16 | T6: =if(H6=13,1,0)+vlookup(B6,indirect("'" & AC$2 & "'!B5:W69"),19,false) -> 1 | V6: =vlookup(B6,indirect("'" & AC$2 & "'!B5:W69"),21,false)+if(text(C$1,"mm/dd/yy")=$AC$2,0,if(H6=9,1,0)) -> 6 | W6: =vlookup(B6,indirect("'" & AC$2 & "'!B5:x69"),23,false)-X6 -> 0 | X6: =X5+1 -> 2 | Y6: =if(S6=D$2,"Y","N") -> N | Z6: =if($D$2=sum(S6:V6),"","Error")
A7: =A6+1 -> 3 | B7: Lam Bui | C7: 292 | D7: 29 | E7: =if(S7>0,(C7-(V7*9)-(T7*13))/S7,0) -> 13.473684 | F7: 1 | G7: 1 | H7: 0 | I7: 1 | J7: 6 | K7: 6 | L7: 13 | M7: 2 | N7: =C7+L7 -> 305 | O7: =D7+M7 -> 31 | P7: X | Q7: X | R7: X | S7: =vlookup(B7,indirect("'" & AC$2 & "'!B5:W69"),18,false)++if(text(C$1,"mm/dd/yy")=$AC$2,0,if(H7>0,0,1)) -> 19 | T7: =if(H7=13,1,0)+vlookup(B7,indirect("'" & AC$2 & "'!B5:W69"),19,false) -> 0 | V7: =vlookup(B7,indirect("'" & AC$2 & "'!B5:W69"),21,false)+if(text(C$1,"mm/dd/yy")=$AC$2,0,if(H7=9,1,0)) -> 4 | W7: =vlookup(B7,indirect("'" & AC$2 & "'!B5:x69"),23,false)-X7 -> 0 | X7: =X6+1 -> 3 | Y7: =if(S7=D$2,"Y","N") -> N | Z7: =if($D$2=sum(S7:V7),"","Error")
A8: =A7+1 -> 4 | B8: Eric Pan | C8: 288 | D8: 29 | E8: =if(S8>0,(C8-(V8*9)-(T8*13))/S8,0) -> 14.923077 | F8: 3 | G8: 0 | H8: 9 | I8: 0 | J8: 0 | K8: 0 | L8: 9 | M8: 0 | N8: =C8+L8 -> 297 | O8: =D8+M8 -> 29 | P8: X | Q8: X | R8: X | S8: =vlookup(B8,indirect("'" & AC$2 & "'!B5:W69"),18,false)++if(text(C$1,"mm/dd/yy")=$AC$2,0,if(H8>0,0,1)) -> 13 | T8: =if(H8=13,1,0)+vlookup(B8,indirect("'" & AC$2 & "'!B5:W69"),19,false) -> 1 | V8: =vlookup(B8,indirect("'" & AC$2 & "'!B5:W69"),21,false)+if(text(C$1,"mm/dd/yy")=$AC$2,0,if(H8=9,1,0)) -> 9 | W8: =vlookup(B8,indirect("'" & AC$2 & "'!B5:x69"),23,false)-X8 -> 3 | X8: =X7+1 -> 4 | Y8: =if(S8=D$2,"Y","N") -> N | Z8: =if($D$2=sum(S8:V8),"","Error")
A9: =A8+1 -> 5 | B9: Rajasekar Ramasamy | C9: 285 | D9: 30 | E9: =if(S9>0,(C9-(V9*9)-(T9*13))/S9,0) -> 12.52381 | F9: 1 | G9: 1 | H9: 0 | I9: 1 | J9: 2 | K9: 1 | L9: 4 | M9: 0 | N9: =C9+L9 -> 289 | O9: =D9+M9 -> 30 | P9: X | Q9: X | R9: X | S9: =vlookup(B9,indirect("'" & AC$2 & "'!B5:W69"),18,false)++if(text(C$1,"mm/dd/yy")=$AC$2,0,if(H9>0,0,1)) -> 21 | T9: =if(H9=13,1,0)+vlookup(B9,indirect("'" & AC$2 & "'!B5:W69"),19,false) -> 1 | V9: =vlookup(B9,indirect("'" & AC$2 & "'!B5:W69"),21,false)+if(text(C$1,"mm/dd/yy")=$AC$2,0,if(H9=9,1,0)) -> 1 | W9: =vlookup(B9,indirect("'" & AC$2 & "'!B5:x69"),23,false)-X9 -> 1 | X9: =X8+1 -> 5 | Y9: =if(S9=D$2,"Y","N") -> N | Z9: =if($D$2=sum(S9:V9),"","Error")
A10: =A9+1 -> 6 | B10: Sandeep Kamalon | C10: 283 | D10: 32 | E10: =if(S10>0,(C10-(V10*9)-(T10*13))/S10,0) -> 12.428571 | F10: 1 | G10: 2 | H10: 0 | I10: 6 | J10: 6 | K10: 2 | L10: 14 | M10: 2 | N10: =C10+L10 -> 297 | O10: =D10+M10 -> 34 | P10: X | Q10: X | R10: X | S10: =vlookup(B10,indirect("'" & AC$2 & "'!B5:W69"),18,false)++if(text(C$1,"mm/dd/yy")=$AC$2,0,if(H10>0,0,1)) -> 21 | T10: =if(H10=13,1,0)+vlookup(B10,indirect("'" & AC$2 & "'!B5:W69"),19,false) -> 1 | V10: =vlookup(B10,indirect("'" & AC$2 & "'!B5:W69"),21,false)+if(text(C$1,"mm/dd/yy")=$AC$2,0,if(H10=9,1,0)) -> 1 | W10: =vlookup(B10,indirect("'" & AC$2 & "'!B5:x69"),23,false)-X10 -> -2 | X10: =X9+1 -> 6 | Y10: =if(S10=D$2,"Y","N") -> N | Z10: =if($D$2=sum(S10:V10),"","Error")
A11: =A10+1 -> 7 | B11: Ethan Gu | C11: 283 | D11: 31 | E11: =if(S11>0,(C11-(V11*9)-(T11*13))/S11,0) -> 12.619048 | F11: 3 | G11: 0 | H11: 9 | I11: 0 | J11: 0 | K11: 0 | L11: 9 | M11: 0 | N11: =C11+L11 -> 292 | O11: =D11+M11 -> 31 | P11: X | Q11: X | R11: X | S11: =vlookup(B11,indirect("'" & AC$2 & "'!B5:W69"),18,false)++if(text(C$1,"mm/dd/yy")=$AC$2,0,if(H11>0,0,1)) -> 21 | T11: =if(H11=13,1,0)+vlookup(B11,indirect("'" & AC$2 & "'!B5:W69"),19,false) -> 0 | V11: =vlookup(B11,indirect("'" & AC$2 & "'!B5:W69"),21,false)+if(text(C$1,"mm/dd/yy")=$AC$2,0,if(H11=9,1,0)) -> 2 | W11: =vlookup(B11,indirect("'" & AC$2 & "'!B5:x69"),23,false)-X11 -> 2 | X11: =X10+1 -> 7 | Y11: =if(S11=D$2,"Y","N") -> N | Z11: =if($D$2=sum(S11:V11),"","Error")
A12: =A11+1 -> 8 | B12: Pavan Akkimsetty | C12: 283 | D12: 25 | E12: =if(S12>0,(C12-(V12*9)-(T12*13))/S12,0) -> 13.470588 | F12: 3 | G12: 0 | H12: 9 | I12: 0 | J12: 0 | K12: 0 | L12: 9 | M12: 0 | N12: =C12+L12 -> 292 | O12: =D12+M12 -> 25 | P12: X | Q12: X | R12: X | S12: =vlookup(B12,indirect("'" & AC$2 & "'!B5:W69"),18,false)++if(text(C$1,"mm/dd/yy")=$AC$2,0,if(H12>0,0,1)) -> 17 | T12: =if(H12=13,1,0)+vlookup(B12,indirect("'" & AC$2 & "'!B5:W69"),19,false) -> 0 | V12: =vlookup(B12,indirect("'" & AC$2 & "'!B5:W69"),21,false)+if(text(C$1,"mm/dd/yy")=$AC$2,0,if(H12=9,1,0)) -> 6 | W12: =vlookup(B12,indirect("'" & AC$2 & "'!B5:x69"),23,false)-X12 -> 0 | X12: =X11+1 -> 8 | Y12: =if(S12=D$2,"Y","N") -> N | Z12: =if($D$2=sum(S12:V12),"","Error")
A13: =A12+1 -> 9 | B13: Pulkit Mathur | C13: 282 | D13: 28 | E13: =if(S13>0,(C13-(V13*9)-(T13*13))/S13,0) -> 13.411765 | F13: 1 | G13: 2 | H13: 0 | I13: 3 | J13: 6 | K13: 6 | L13: 15 | M13: 2 | N13: =C13+L13 -> 297 | O13: =D13+M13 -> 30 | P13: X | Q13: X | R13: X | S13: =vlookup(B13,indirect("'" & AC$2 & "'!B5:W69"),18,false)++if(text(C$1,"mm/dd/yy")=$AC$2,0,if(H13>0,0,1)) -> 17 | T13: =if(H13=13,1,0)+vlookup(B13,indirect("'" & AC$2 & "'!B5:W69"),19,false) -> 0 | V13: =vlookup(B13,indirect("'" & AC$2 & "'!B5:W69"),21,false)+if(text(C$1,"mm/dd/yy")=$AC$2,0,if(H13=9,1,0)) -> 6 | W13: =vlookup(B13,indirect("'" & AC$2 & "'!B5:x69"),23,false)-X13 -> -4 | X13: =X12+1 -> 9 | Y13: =if(S13=D$2,"Y","N") -> N | Z13: =if($D$2=sum(S13:V13),"","Error")
A14: =A13+1 -> 10 | B14: David Shin | C14: 282 | D14: 26 | E14: =if(S14>0,(C14-(V14*9)-(T14*13))/S14,0) -> 12.75 | F14: 3 | G14: 0 | H14: 9 | I14: 0 | J14: 0 | K14: 0 | L14: 9 | M14: 0 | N14: =C14+L14 -> 291 | O14: =D14+M14 -> 26 | P14: X | Q14: X | R14: X | S14: =vlookup(B14,indirect("'" & AC$2 & "'!B5:W69"),18,false)++if(text(C$1,"mm/dd/yy")=$AC$2,0,if(H14>0,0,1)) -> 20 | T14: =if(H14=13,1,0)+vlookup(B14,indirect("'" & AC$2 & "'!B5:W69"),19,false) -> 0 | V14: =vlookup(B14,indirect("'" & AC$2 & "'!B5:W69"),21,false)+if(text(C$1,"mm/dd/yy")=$AC$2,0,if(H14=9,1,0)) -> 3 | W14: =vlookup(B14,indirect("'" & AC$2 & "'!B5:x69"),23,false)-X14 -> 0 | X14: =X13+1 -> 10 | Y14: =if(S14=D$2,"Y","N") -> N | Z14: =if($D$2=sum(S14:V14),"","Error")
A15: =A14+1 -> 11 | B15: Joe Luzzi | C15: 276 | D15: 20 | E15: =if(S15>0,(C15-(V15*9)-(T15*13))/S15,0) -> 12.823529 | F15: 3 | G15: 0 | H15: 9 | I15: 0 | J15: 0 | K15: 0 | L15: 9 | M15: 0 | N15: =C15+L15 -> 285 | O15: =D15+M15 -> 20 | P15: X | Q15: X | R15: X | S15: =vlookup(B15,indirect("'" & AC$2 & "'!B5:W69"),18,false)++if(text(C$1,"mm/dd/yy")=$AC$2,0,if(H15>0,0,1)) -> 17 | T15: =if(H15=13,1,0)+vlookup(B15,indirect("'" & AC$2 & "'!B5:W69"),19,false) -> 1 | V15: =vlookup(B15,indirect("'" & AC$2 & "'!B5:W69"),21,false)+if(text(C$1,"mm/dd/yy")=$AC$2,0,if(H15=9,1,0)) -> 5 | W15: =vlookup(B15,indirect("'" & AC$2 & "'!B5:x69"),23,false)-X15 -> 2 | X15: =X14+1 -> 11 | Y15: =if(S15=D$2,"Y","N") -> N | Z15: =if($D$2=sum(S15:V15),"","Error")
A16: =A15+1 -> 12 | B16: Matthew Huang | C16: 274 | D16: 27 | E16: =if(S16>0,(C16-(V16*9)-(T16*13))/S16,0) -> 14.153846 | F16: 3 | G16: 0 | H16: 9 | I16: 0 | J16: 0 | K16: 0 | L16: 9 | M16: 0 | N16: =C16+L16 -> 283 | O16: =D16+M16 -> 27 | P16: X | Q16: X | R16: X | S16: =vlookup(B16,indirect("'" & AC$2 & "'!B5:W69"),18,false)++if(text(C$1,"mm/dd/yy")=$AC$2,0,if(H16>0,0,1)) -> 13 | T16: =if(H16=13,1,0)+vlookup(B16,indirect("'" & AC$2 & "'!B5:W69"),19,false) -> 0 | V16: =vlookup(B16,indirect("'" & AC$2 & "'!B5:W69"),21,false)+if(text(C$1,"mm/dd/yy")=$AC$2,0,if(H16=9,1,0)) -> 10 | W16: =vlookup(B16,indirect("'" & AC$2 & "'!B5:x69"),23,false)-X16 -> -1 | X16: =X15+1 -> 12 | Y16: =if(S16=D$2,"Y","N") -> N | Z16: =if($D$2=sum(S16:V16),"","Error")
A17: =A16+1 -> 13 | B17: Tina Hanson | C17: 271 | D17: 28 | E17: =if(S17>0,(C17-(V17*9)-(T17*13))/S17,0) -> 12.555556 | F17: 1 | G17: 2 | H17: 0 | I17: 3 | J17: 4 | K17: 2 | L17: 9 | M17: 0 | N17: =C17+L17 -> 280 | O17: =D17+M17 -> 28 | P17: X | Q17: X | R17: X | S17: =vlookup(B17,indirect("'" & AC$2 & "'!B5:W69"),18,false)++if(text(C$1,"mm/dd/yy")=$AC$2,0,if(H17>0,0,1)) -> 18 | T17: =if(H17=13,1,0)+vlookup(B17,indirect("'" & AC$2 & "'!B5:W69"),19,false) -> 0 | V17: =vlookup(B17,indirect("'" & AC$2 & "'!B5:W69"),21,false)+if(text(C$1,"mm/dd/yy")=$AC$2,0,if(H17=9,1,0)) -> 5 | W17: =vlookup(B17,indirect("'" & AC$2 & "'!B5:x69"),23,false)-X17 -> 3 | X17: =X16+1 -> 13 | Y17: =if(S17=D$2,"Y","N") -> N | Z17: =if($D$2=sum(S17:V17),"","Error")
... A30: =A29+1 -> 26 | B30: Chinna Ponnaganti | C30: 259 | D30: 23 | E30: =if(S30>0,(C30-(V30*9)-(T30*13))/S30,0) -> 11.6 | F30: 3 | G30: 0 | H30: 9 | I30: 0 | J30: 0 | K30: 0 | L30: 9 | M30: 0 | N30: =C30+L30 -> 268 | O30: =D30+M30 -> 23 | P30: X | Q30: X | R30: X | S30: =vlookup(B30,indirect("'" & AC$2 & "'!B5:W69"),18,false)++if(text(C$1,"mm/dd/yy")=$AC$2,0,if(H30>0,0,1)) -> 20 | T30: =if(H30=13,1,0)+vlookup(B30,indirect("'" & AC$2 & "'!B5:W69"),19,false) -> 0 | V30: =vlookup(B30,indirect("'" & AC$2 & "'!B5:W69"),21,false)+if(text(C$1,"mm/dd/yy")=$AC$2,0,if(H30=9,1,0)) -> 3 | W30: =vlookup(B30,indirect("'" & AC$2 & "'!B5:x69"),23,false)-X30 -> 3 | X30: =X29+1 -> 26 | Y30: =if(S30=D$2,"Y","N") -> N | Z30: =if($D$2=sum(S30:V30),"","Error")
A31: =A30+1 -> 27 | B31: Erik Hoeckmann | C31: 259 | D31: 22 | E31: =if(S31>0,(C31-(V31*9)-(T31*13))/S31,0) -> 12.058824 | F31: 3 | G31: 0 | H31: 9 | I31: 0 | J31: 0 | K31: 0 | L31: 9 | M31: 0 | N31: =C31+L31 -> 268 | O31: =D31+M31 -> 22 | P31: X | Q31: X | S31: =vlookup(B31,indirect("'" & AC$2 & "'!B5:W69"),18,false)++if(text(C$1,"mm/dd/yy")=$AC$2,0,if(H31>0,0,1)) -> 17 | T31: =if(H31=13,1,0)+vlookup(B31,indirect("'" & AC$2 & "'!B5:W69"),19,false) -> 0 | V31: =vlookup(B31,indirect("'" & AC$2 & "'!B5:W69"),21,false)+if(text(C$1,"mm/dd/yy")=$AC$2,0,if(H31=9,1,0)) -> 6 | W31: =vlookup(B31,indirect("'" & AC$2 & "'!B5:x69"),23,false)-X31 -> -6 | X31: =X30+1 -> 27 | Y31: =if(S31=D$2,"Y","N") -> N | Z31: =if($D$2=sum(S31:V31),"","Error")
A32: =A31+1 -> 28 | B32: Hongyuan Wen | C32: 259 | D32: 19 | E32: =if(S32>0,(C32-(V32*9)-(T32*13))/S32,0) -> 11.666667 | F32: 3 | G32: 0 | H32: 9 | I32: 0 | J32: 0 | K32: 0 | L32: 9 | M32: 0 | N32: =C32+L32 -> 268 | O32: =D32+M32 -> 19 | P32: X | Q32: X | R32: X | S32: =vlookup(B32,indirect("'" & AC$2 & "'!B5:W69"),18,false)++if(text(C$1,"mm/dd/yy")=$AC$2,0,if(H32>0,0,1)) -> 18 | T32: =if(H32=13,1,0)+vlookup(B32,indirect("'" & AC$2 & "'!B5:W69"),19,false) -> 1 | V32: =vlookup(B32,indirect("'" & AC$2 & "'!B5:W69"),21,false)+if(text(C$1,"mm/dd/yy")=$AC$2,0,if(H32=9,1,0)) -> 4 | W32: =vlookup(B32,indirect("'" & AC$2 & "'!B5:x69"),23,false)-X32 -> -6 | X32: =X31+1 -> 28 | Y32: =if(S32=D$2,"Y","N") -> N | Z32: =if($D$2=sum(S32:V32),"","Error")
A33: =A32+1 -> 29 | B33: Allen Zhang | C33: 257 | D33: 22 | E33: =if(S33>0,(C33-(V33*9)-(T33*13))/S33,0) -> 11.380952 | F33: 1 | G33: 4 | H33: 0 | I33: 6 | J33: 6 | K33: 6 | L33: 18 | M33: 2 | N33: =C33+L33 -> 275 | O33: =D33+M33 -> 24 | P33: X | Q33: X | R33: X | S33: =vlookup(B33,indirect("'" & AC$2 & "'!B5:W69"),18,false)++if(text(C$1,"mm/dd/yy")=$AC$2,0,if(H33>0,0,1)) -> 21 | T33: =if(H33=13,1,0)+vlookup(B33,indirect("'" & AC$2 & "'!B5:W69"),19,false) -> 0 | V33: =vlookup(B33,indirect("'" & AC$2 & "'!B5:W69"),21,false)+if(text(C$1,"mm/dd/yy")=$AC$2,0,if(H33=9,1,0)) -> 2 | W33: =vlookup(B33,indirect("'" & AC$2 & "'!B5:x69"),23,false)-X33 -> -3 | X33: =X32+1 -> 29 | Y33: =if(S33=D$2,"Y","N") -> N | Z33: =if($D$2=sum(S33:V33),"","Error")
A34: =A33+1 -> 30 | B34: Mauricio Palacios | C34: 257 | D34: 21 | E34: =if(S34>0,(C34-(V34*9)-(T34*13))/S34,0) -> 12.571429 | F34: 1 | G34: 4 | H34: 0 | I34: 4 | J34: 6 | K34: 4 | L34: 14 | M34: 0 | N34: =C34+L34 -> 271 | O34: =D34+M34 -> 21 | P34: X | Q34: X | S34: =vlookup(B34,indirect("'" & AC$2 & "'!B5:W69"),18,false)++if(text(C$1,"mm/dd/yy")=$AC$2,0,if(H34>0,0,1)) -> 14 | T34: =if(H34=13,1,0)+vlookup(B34,indirect("'" & AC$2 & "'!B5:W69"),19,false) -> 0 | V34: =vlookup(B34,indirect("'" & AC$2 & "'!B5:W69"),21,false)+if(text(C$1,"mm/dd/yy")=$AC$2,0,if(H34=9,1,0)) -> 9 | W34: =vlookup(B34,indirect("'" & AC$2 & "'!B5:x69"),23,false)-X34 -> -3 | X34: =X33+1 -> 30 | Y34: =if(S34=D$2,"Y","N") -> N | Z34: =if($D$2=sum(S34:V34),"","Error")
A35: =A34+1 -> 31 | B35: Cid Macaraeg | C35: 255 | D35: 22 | E35: =if(S35>0,(C35-(V35*9)-(T35*13))/S35,0) -> 12.692308 | F35: 1 | G35: 4 | H35: 0 | I35: 6 | J35: 7 | K35: 4 | L35: 17 | M35: 2 | N35: =C35+L35 -> 272 | O35: =D35+M35 -> 24 | P35: X | Q35: X | R35: X | S35: =vlookup(B35,indirect("'" & AC$2 & "'!B5:W69"),18,false)++if(text(C$1,"mm/dd/yy")=$AC$2,0,if(H35>0,0,1)) -> 13 | T35: =if(H35=13,1,0)+vlookup(B35,indirect("'" & AC$2 & "'!B5:W69"),19,false) -> 0 | V35: =vlookup(B35,indirect("'" & AC$2 & "'!B5:W69"),21,false)+if(text(C$1,"mm/dd/yy")=$AC$2,0,if(H35=9,1,0)) -> 10 | W35: =vlookup(B35,indirect("'" & AC$2 & "'!B5:x69"),23,false)-X35 -> -6 | X35: =X34+1 -> 31 | Y35: =if(S35=D$2,"Y","N") -> N | Z35: =if($D$2=sum(S35:V35),"","Error")
A36: =A35+1 -> 32 | B36: Nicole Ni | C36: 255 | D36: 22 | E36: =if(S36>0,(C36-(V36*9)-(T36*13))/S36,0) -> 11 | F36: 5 | G36: 0 | H36: 13 | I36: 0 | J36: 0 | K36: 0 | L36: 13 | M36: 0 | N36: =C36+L36 -> 268 | O36: =D36+M36 -> 22 | P36: X | Q36: X | R36: X | S36: =vlookup(B36,indirect("'" & AC$2 & "'!B5:W69"),18,false)++if(text(C$1,"mm/dd/yy")=$AC$2,0,if(H36>0,0,1)) -> 22 | T36: =if(H36=13,1,0)+vlookup(B36,indirect("'" & AC$2 & "'!B5:W69"),19,false) -> 1 | V36: =vlookup(B36,indirect("'" & AC$2 & "'!B5:W69"),21,false)+if(text(C$1,"mm/dd/yy")=$AC$2,0,if(H36=9,1,0)) -> 0 | W36: =vlookup(B36,indirect("'" & AC$2 & "'!B5:x69"),23,false)-X36 -> -9 | X36: =X35+1 -> 32 | Y36: =if(S36=D$2,"Y","N") -> N | Z36: =if($D$2=sum(S36:V36),"","Error")
A37: =A36+1 -> 33 | B37: Alex Hou | C37: 253 | D37: 25 | E37: =if(S37>0,(C37-(V37*9)-(T37*13))/S37,0) -> 11.3 | F37: 1 | G37: 5 | H37: 0 | I37: 1 | J37: 6 | K37: 6 | L37: 13 | M37: 2 | N37: =C37+L37 -> 266 | O37: =D37+M37 -> 27 | P37: X | Q37: X | R37: X | S37: =vlookup(B37,indirect("'" & AC$2 & "'!B5:W69"),18,false)++if(text(C$1,"mm/dd/yy")=$AC$2,0,if(H37>0,0,1)) -> 20 | T37: =if(H37=13,1,0)+vlookup(B37,indirect("'" & AC$2 & "'!B5:W69"),19,false) -> 0 | V37: =vlookup(B37,indirect("'" & AC$2 & "'!B5:W69"),21,false)+if(text(C$1,"mm/dd/yy")=$AC$2,0,if(H37=9,1,0)) -> 3 | W37: =vlookup(B37,indirect("'" & AC$2 & "'!B5:x69"),23,false)-X37 -> 1 | X37: =X36+1 -> 33 | Y37: =if(S37=D$2,"Y","N") -> N | Z37: =if($D$2=sum(S37:V37),"","Error")
A38: =A37+1 -> 34 | B38: Basudev Thoppai Vidyasankar | C38: 253 | D38: 21 | E38: =if(S38>0,(C38-(V38*9)-(T38*13))/S38,0) -> 12.833333 | F38: 3 | G38: 0 | H38: 9 | I38: 0 | J38: 0 | K38: 0 | L38: 9 | M38: 0 | N38: =C38+L38 -> 262 | O38: =D38+M38 -> 21 | P38: X | Q38: X | R38: X | S38: =vlookup(B38,indirect("'" & AC$2 & "'!B5:W69"),18,false)++if(text(C$1,"mm/dd/yy")=$AC$2,0,if(H38>0,0,1)) -> 12 | T38: =if(H38=13,1,0)+vlookup(B38,indirect("'" & AC$2 & "'!B5:W69"),19,false) -> 0 | V38: =vlookup(B38,indirect("'" & AC$2 & "'!B5:W69"),21,false)+if(text(C$1,"mm/dd/yy")=$AC$2,0,if(H38=9,1,0)) -> 11 | W38: =vlookup(B38,indirect("'" & AC$2 & "'!B5:x69"),23,false)-X38 -> -4 | X38: =X37+1 -> 34 | Y38: =if(S38=D$2,"Y","N") -> N | Z38: =if($D$2=sum(S38:V38),"","Error")
A39: =A38+1 -> 35 | B39: Sean Chang | C39: 247 | D39: 20 | E39: =if(S39>0,(C39-(V39*9)-(T39*13))/S39,0) -> 11.4 | F39: 3 | G39: 0 | H39: 9 | I39: 0 | J39: 0 | K39: 0 | L39: 9 | M39: 0 | N39: =C39+L39 -> 256 | O39: =D39+M39 -> 20 | P39: X | Q39: X | R39: X | S39: =vlookup(B39,indirect("'" & AC$2 & "'!B5:W69"),18,false)++if(text(C$1,"mm/dd/yy")=$AC$2,0,if(H39>0,0,1)) -> 15 | T39: =if(H39=13,1,0)+vlookup(B39,indirect("'" & AC$2 & "'!B5:W69"),19,false) -> 1 | V39: =vlookup(B39,indirect("'" & AC$2 & "'!B5:W69"),21,false)+if(text(C$1,"mm/dd/yy")=$AC$2,0,if(H39=9,1,0)) -> 7 | W39: =vlookup(B39,indirect("'" & AC$2 & "'!B5:x69"),23,false)-X39 -> 0 | X39: =X38+1 -> 35 | Y39: =if(S39=D$2,"Y","N") -> N | Z39: =if($D$2=sum(S39:V39),"","Error")
A40: =A39+1 -> 36 | B40: Jim Miao | C40: 243 | D40: 17 | E40: =if(S40>0,(C40-(V40*9)-(T40*13))/S40,0) -> 12 | F40: 1 | G40: 5 | H40: 0 | I40: 6 | J40: 1 | K40: 6 | L40: 13 | M40: 2 | N40: =C40+L40 -> 256 | O40: =D40+M40 -> 19 | P40: X | Q40: X | R40: X | S40: =vlookup(B40,indirect("'" & AC$2 & "'!B5:W69"),18,false)++if(text(C$1,"mm/dd/yy")=$AC$2,0,if(H40>0,0,1)) -> 12 | T40: =if(H40=13,1,0)+vlookup(B40,indirect("'" & AC$2 & "'!B5:W69"),19,false) -> 0 | V40: =vlookup(B40,indirect("'" & AC$2 & "'!B5:W69"),21,false)+if(text(C$1,"mm/dd/yy")=$AC$2,0,if(H40=9,1,0)) -> 11 | W40: =vlookup(B40,indirect("'" & AC$2 & "'!B5:x69"),23,false)-X40 -> 0 | X40: =X39+1 -> 36 | Y40: =if(S40=D$2,"Y","N") -> N | Z40: =if($D$2=sum(S40:V40),"","Error")
A41: =A40+1 -> 37 | B41: Kumar Palakeel | C41: 242 | D41: 23 | E41: =if(S41>0,(C41-(V41*9)-(T41*13))/S41,0) -> 10.75 | F41: 1 | G41: 5 | H41: 0 | I41: 1 | J41: 1 | K41: 3 | L41: 5 | M41: 0 | N41: =C41+L41 -> 247 | O41: =D41+M41 -> 23 | P41: X | Q41: X | R41: X | S41: =vlookup(B41,indirect("'" & AC$2 & "'!B5:W69"),18,false)++if(text(C$1,"mm/dd/yy")=$AC$2,0,if(H41>0,0,1)) -> 20 | T41: =if(H41=13,1,0)+vlookup(B41,indirect("'" & AC$2 & "'!B5:W69"),19,false) -> 0 | V41: =vlookup(B41,indirect("'" & AC$2 & "'!B5:W69"),21,false)+if(text(C$1,"mm/dd/yy")=$AC$2,0,if(H41=9,1,0)) -> 3 | W41: =vlookup(B41,indirect("'" & AC$2 & "'!B5:x69"),23,false)-X41 -> 0 | X41: =X40+1 -> 37 | Y41: =if(S41=D$2,"Y","N") -> N | Z41: =if($D$2=sum(S41:V41),"","Error")
A42: =A41+1 -> 38 | B42: James Phan | C42: 238 | D42: 16 | E42: =if(S42>0,(C42-(V42*9)-(T42*13))/S42,0) -> 12.857143 | F42: 3 | G42: 0 | H42: 9 | I42: 0 | J42: 0 | K42: 0 | L42: 9 | M42: 0 | N42: =C42+L42 -> 247 | O42: =D42+M42 -> 16 | P42: X | Q42: X | R42: X | S42: =vlookup(B42,indirect("'" & AC$2 & "'!B5:W69"),18,false)++if(text(C$1,"mm/dd/yy")=$AC$2,0,if(H42>0,0,1)) -> 7 | T42: =if(H42=13,1,0)+vlookup(B42,indirect("'" & AC$2 & "'!B5:W69"),19,false) -> 1 | V42: =vlookup(B42,indirect("'" & AC$2 & "'!B5:W69"),21,false)+if(text(C$1,"mm/dd/yy")=$AC$2,0,if(H42=9,1,0)) -> 15 | W42: =vlookup(B42,indirect("'" & AC$2 & "'!B5:x69"),23,false)-X42 -> 4 | X42: =X41+1 -> 38 | Y42: =if(S42=D$2,"Y","N") -> N | Z42: =if($D$2=sum(S42:V42),"","Error")
A43: =A42+1 -> 39 | B43: Rajesh Dorairaj | C43: 236 | D43: 18 | E43: =if(S43>0,(C43-(V43*9)-(T43*13))/S43,0) -> 10.933333 | F43: 3 | G43: 0 | H43: 9 | I43: 0 | J43: 0 | K43: 0 | L43: 9 | M43: 0 | N43: =C43+L43 -> 245 | O43: =D43+M43 -> 18 | P43: X | Q43: X | R43: X | S43: =vlookup(B43,indirect("'" & AC$2 & "'!B5:W69"),18,false)++if(text(C$1,"mm/dd/yy")=$AC$2,0,if(H43>0,0,1)) -> 15 | T43: =if(H43=13,1,0)+vlookup(B43,indirect("'" & AC$2 & "'!B5:W69"),19,false) -> 0 | V43: =vlookup(B43,indirect("'" & AC$2 & "'!B5:W69"),21,false)+if(text(C$1,"mm/dd/yy")=$AC$2,0,if(H43=9,1,0)) -> 8 | W43: =vlookup(B43,indirect("'" & AC$2 & "'!B5:x69"),23,false)-X43 -> 0 | X43: =X42+1 -> 39 | Y43: =if(S43=D$2,"Y","N") -> N | Z43: =if($D$2=sum(S43:V43),"","Error")
A44: =A43+1 -> 40 | B44: Ramesh Bandaru | C44: 235 | D44: 14 | E44: =if(S44>0,(C44-(V44*9)-(T44*13))/S44,0) -> 11.333333 | F44: 1 | G44: 5 | H44: 0 | I44: 6 | J44: 6 | K44: 3 | L44: 15 | M44: 2 | N44: =C44+L44 -> 250 | O44: =D44+M44 -> 16 | P44: X | Q44: X | R44: X | S44: =vlookup(B44,indirect("'" & AC$2 & "'!B5:W69"),18,false)++if(text(C$1,"mm/dd/yy")=$AC$2,0,if(H44>0,0,1)) -> 12 | T44: =if(H44=13,1,0)+vlookup(B44,indirect("'" & AC$2 & "'!B5:W69"),19,false) -> 0 | V44: =vlookup(B44,indirect("'" & AC$2 & "'!B5:W69"),21,false)+if(text(C$1,"mm/dd/yy")=$AC$2,0,if(H44=9,1,0)) -> 11 | W44: =vlookup(B44,indirect("'" & AC$2 & "'!B5:x69"),23,false)-X44 -> -2 | X44: =X43+1 -> 40 | Y44: =if(S44=D$2,"Y","N") -> N | Z44: =if($D$2=sum(S44:V44),"","Error")
A45: =A44+1 -> 41 | B45: Andrew Wen | C45: 231 | D45: 12 | E45: =if(S45>0,(C45-(V45*9)-(T45*13))/S45,0) -> 10.818182 | F45: 3 | G45: 0 | H45: 9 | I45: 0 | J45: 0 | K45: 0 | L45: 9 | M45: 0 | N45: =C45+L45 -> 240 | O45: =D45+M45 -> 12 | P45: X | Q45: X | R45: X | S45: =vlookup(B45,indirect("'" & AC$2 & "'!B5:W69"),18,false)++if(text(C$1,"mm/dd/yy")=$AC$2,0,if(H45>0,0,1)) -> 11 | T45: =if(H45=13,1,0)+vlookup(B45,indirect("'" & AC$2 & "'!B5:W69"),19,false) -> 1 | V45: =vlookup(B45,indirect("'" & AC$2 & "'!B5:W69"),21,false)+if(text(C$1,"mm/dd/yy")=$AC$2,0,if(H45=9,1,0)) -> 11 | W45: =vlookup(B45,indirect("'" & AC$2 & "'!B5:x69"),23,false)-X45 -> -1 | X45: =X44+1 -> 41 | Y45: =if(S45=D$2,"Y","N") -> N | Z45: =if($D$2=sum(S45:V45),"","Error")
A46: =A45+1 -> 42 | B46: Balaji Alahari | C46: 231 | D46: 11 | E46: =if(S46>0,(C46-(V46*9)-(T46*13))/S46,0) -> 12 | F46: 3 | G46: 0 | H46: 9 | I46: 0 | J46: 0 | K46: 0 | L46: 9 | M46: 0 | N46: =C46+L46 -> 240 | O46: =D46+M46 -> 11 | P46: X | Q46: X | R46: X | S46: =vlookup(B46,indirect("'" & AC$2 & "'!B5:W69"),18,false)++if(text(C$1,"mm/dd/yy")=$AC$2,0,if(H46>0,0,1)) -> 8 | T46: =if(H46=13,1,0)+vlookup(B46,indirect("'" & AC$2 & "'!B5:W69"),19,false) -> 0 | V46: =vlookup(B46,indirect("'" & AC$2 & "'!B5:W69"),21,false)+if(text(C$1,"mm/dd/yy")=$AC$2,0,if(H46=9,1,0)) -> 15 | W46: =vlookup(B46,indirect("'" & AC$2 & "'!B5:x69"),23,false)-X46 -> -1 | X46: =X45+1 -> 42 | Y46: =if(S46=D$2,"Y","N") -> N | Z46: =if($D$2=sum(S46:V46),"","Error")
... A51: =A50+1 -> 47 | B51: Eric Tan | C51: 217 | D51: 9 | E51: =if(S51>0,(C51-(V51*9)-(T51*13))/S51,0) -> 9.6666667 | F51: 1 | G51: 6 | H51: 0 | I51: 3 | J51: 6 | K51: 2 | L51: 11 | M51: 1 | N51: =C51+L51 -> 228 | O51: =D51+M51 -> 10 | P51: X | Q51: X | R51: X | S51: =vlookup(B51,indirect("'" & AC$2 & "'!B5:W69"),18,false)++if(text(C$1,"mm/dd/yy")=$AC$2,0,if(H51>0,0,1)) -> 15 | T51: =if(H51=13,1,0)+vlookup(B51,indirect("'" & AC$2 & "'!B5:W69"),19,false) -> 0 | V51: =vlookup(B51,indirect("'" & AC$2 & "'!B5:W69"),21,false)+if(text(C$1,"mm/dd/yy")=$AC$2,0,if(H51=9,1,0)) -> 8 | W51: =vlookup(B51,indirect("'" & AC$2 & "'!B5:x69"),23,false)-X51 -> -1 | X51: =X50+1 -> 47 | Y51: =if(S51=D$2,"Y","N") -> N | Z51: =if($D$2=sum(S51:V51),"","Error")
A52: =A51+1 -> 48 | B52: Alejandro Mejia | C52: 214 | D52: 8 | E52: =if(S52>0,(C52-(V52*9)-(T52*13))/S52,0) -> 10.75 | F52: 3 | G52: 0 | H52: 9 | I52: 0 | J52: 0 | K52: 0 | L52: 9 | M52: 0 | N52: =C52+L52 -> 223 | O52: =D52+M52 -> 8 | P52: X | Q52: X | S52: =vlookup(B52,indirect("'" & AC$2 & "'!B5:W69"),18,false)++if(text(C$1,"mm/dd/yy")=$AC$2,0,if(H52>0,0,1)) -> 4 | T52: =if(H52=13,1,0)+vlookup(B52,indirect("'" & AC$2 & "'!B5:W69"),19,false) -> 0 | V52: =vlookup(B52,indirect("'" & AC$2 & "'!B5:W69"),21,false)+if(text(C$1,"mm/dd/yy")=$AC$2,0,if(H52=9,1,0)) -> 19 | W52: =vlookup(B52,indirect("'" & AC$2 & "'!B5:x69"),23,false)-X52 -> -1 | X52: =X51+1 -> 48 | Y52: =if(S52=D$2,"Y","N") -> N | Z52: =if($D$2=sum(S52:V52),"","Error")
A53: =A52+1 -> 49 | B53: Troy Wong | C53: 214 | D53: 8 | E53: =if(S53>0,(C53-(V53*9)-(T53*13))/S53,0) -> 10.166667 | F53: 3 | G53: 0 | H53: 9 | I53: 0 | J53: 0 | K53: 0 | L53: 9 | M53: 0 | N53: =C53+L53 -> 223 | O53: =D53+M53 -> 8 | P53: X | Q53: X | R53: X | S53: =vlookup(B53,indirect("'" & AC$2 & "'!B5:W69"),18,false)++if(text(C$1,"mm/dd/yy")=$AC$2,0,if(H53>0,0,1)) -> 6 | T53: =if(H53=13,1,0)+vlookup(B53,indirect("'" & AC$2 & "'!B5:W69"),19,false) -> 0 | V53: =vlookup(B53,indirect("'" & AC$2 & "'!B5:W69"),21,false)+if(text(C$1,"mm/dd/yy")=$AC$2,0,if(H53=9,1,0)) -> 17 | W53: =vlookup(B53,indirect("'" & AC$2 & "'!B5:x69"),23,false)-X53 -> -1 | X53: =X52+1 -> 49 | Y53: =if(S53=D$2,"Y","N") -> N | Z53: =if($D$2=sum(S53:V53),"","Error")
A54: =A53+1 -> 50 | B54: Trish Newlin | C54: 211 | D54: 9 | E54: =if(S54>0,(C54-(V54*9)-(T54*13))/S54,0) -> 9 | F54: 3 | G54: 0 | H54: 9 | I54: 0 | J54: 0 | K54: 0 | L54: 9 | M54: 0 | N54: =C54+L54 -> 220 | O54: =D54+M54 -> 9 | P54: X | Q54: X | R54: X | S54: =vlookup(B54,indirect("'" & AC$2 & "'!B5:W69"),18,false)++if(text(C$1,"mm/dd/yy")=$AC$2,0,if(H54>0,0,1)) -> 8 | T54: =if(H54=13,1,0)+vlookup(B54,indirect("'" & AC$2 & "'!B5:W69"),19,false) -> 1 | V54: =vlookup(B54,indirect("'" & AC$2 & "'!B5:W69"),21,false)+if(text(C$1,"mm/dd/yy")=$AC$2,0,if(H54=9,1,0)) -> 14 | W54: =vlookup(B54,indirect("'" & AC$2 & "'!B5:x69"),23,false)-X54 -> -1 | X54: =X53+1 -> 50 | Y54: =if(S54=D$2,"Y","N") -> N | Z54: =if($D$2=sum(S54:V54),"","Error")
A55: =A54+1 -> 51 | B55: Robert Chang | C55: 209 | D55: 8 | E55: =if(S55>0,(C55-(V55*9)-(T55*13))/S55,0) -> 9.4 | F55: 3 | G55: 0 | H55: 9 | I55: 0 | J55: 0 | K55: 0 | L55: 9 | M55: 0 | N55: =C55+L55 -> 218 | O55: =D55+M55 -> 8 | P55: X | Q55: X | R55: X | S55: =vlookup(B55,indirect("'" & AC$2 & "'!B5:W69"),18,false)++if(text(C$1,"mm/dd/yy")=$AC$2,0,if(H55>0,0,1)) -> 5 | T55: =if(H55=13,1,0)+vlookup(B55,indirect("'" & AC$2 & "'!B5:W69"),19,false) -> 0 | V55: =vlookup(B55,indirect("'" & AC$2 & "'!B5:W69"),21,false)+if(text(C$1,"mm/dd/yy")=$AC$2,0,if(H55=9,1,0)) -> 18 | W55: =vlookup(B55,indirect("'" & AC$2 & "'!B5:x69"),23,false)-X55 -> 0 | X55: =X54+1 -> 51 | Y55: =if(S55=D$2,"Y","N") -> N | Z55: =if($D$2=sum(S55:V55),"","Error")
A56: =A55+1 -> 52 | B56: Manuel Rivera | C56: 209 | D56: 7 | E56: =if(S56>0,(C56-(V56*9)-(T56*13))/S56,0) -> 8.6 | F56: 3 | G56: 0 | H56: 9 | I56: 0 | J56: 0 | K56: 0 | L56: 9 | M56: 0 | N56: =C56+L56 -> 218 | O56: =D56+M56 -> 7 | P56: X | Q56: X | S56: =vlookup(B56,indirect("'" & AC$2 & "'!B5:W69"),18,false)++if(text(C$1,"mm/dd/yy")=$AC$2,0,if(H56>0,0,1)) -> 5 | T56: =if(H56=13,1,0)+vlookup(B56,indirect("'" & AC$2 & "'!B5:W69"),19,false) -> 1 | V56: =vlookup(B56,indirect("'" & AC$2 & "'!B5:W69"),21,false)+if(text(C$1,"mm/dd/yy")=$AC$2,0,if(H56=9,1,0)) -> 17 | W56: =vlookup(B56,indirect("'" & AC$2 & "'!B5:x69"),23,false)-X56 -> 0 | X56: =X55+1 -> 52 | Y56: =if(S56=D$2,"Y","N") -> N | Z56: =if($D$2=sum(S56:V56),"","Error")
A57: =A56+1 -> 53 | B57: Wayne Liu | C57: 208 | D57: 12 | E57: =if(S57>0,(C57-(V57*9)-(T57*13))/S57,0) -> 9.0909091 | F57: 3 | G57: 0 | H57: 9 | I57: 0 | J57: 0 | K57: 0 | L57: 9 | M57: 0 | N57: =C57+L57 -> 217 | O57: =D57+M57 -> 12 | P57: X | Q57: X | R57: X | S57: =vlookup(B57,indirect("'" & AC$2 & "'!B5:W69"),18,false)++if(text(C$1,"mm/dd/yy")=$AC$2,0,if(H57>0,0,1)) -> 11 | T57: =if(H57=13,1,0)+vlookup(B57,indirect("'" & AC$2 & "'!B5:W69"),19,false) -> 0 | V57: =vlookup(B57,indirect("'" & AC$2 & "'!B5:W69"),21,false)+if(text(C$1,"mm/dd/yy")=$AC$2,0,if(H57=9,1,0)) -> 12 | W57: =vlookup(B57,indirect("'" & AC$2 & "'!B5:x69"),23,false)-X57 -> 2 | X57: =X56+1 -> 53 | Y57: =if(S57=D$2,"Y","N") -> N | Z57: =if($D$2=sum(S57:V57),"","Error")
A58: =A57+1 -> 54 | B58: Saravanan Veerapandian | C58: 206 | D58: 11 | E58: =if(S58>0,(C58-(V58*9)-(T58*13))/S58,0) -> 8.9166667 | F58: 2 | G58: 6 | H58: 0 | I58: 6 | J58: 2 | K58: 2 | L58: 10 | M58: 1 | N58: =C58+L58 -> 216 | O58: =D58+M58 -> 12 | P58: X | Q58: X | R58: X | S58: =vlookup(B58,indirect("'" & AC$2 & "'!B5:W69"),18,false)++if(text(C$1,"mm/dd/yy")=$AC$2,0,if(H58>0,0,1)) -> 12 | T58: =if(H58=13,1,0)+vlookup(B58,indirect("'" & AC$2 & "'!B5:W69"),19,false) -> 0 | V58: =vlookup(B58,indirect("'" & AC$2 & "'!B5:W69"),21,false)+if(text(C$1,"mm/dd/yy")=$AC$2,0,if(H58=9,1,0)) -> 11 | W58: =vlookup(B58,indirect("'" & AC$2 & "'!B5:x69"),23,false)-X58 -> -1 | X58: =X57+1 -> 54 | Y58: =if(S58=D$2,"Y","N") -> N | Z58: =if($D$2=sum(S58:V58),"","Error")
