Workbook

Sheet Current
B1: Standings as of | C1: 45654
B2: Number of Weeks Played | D2: 26 | AB2: =text(C1,"mm/dd/yy") -> 12/28/24
C3: Beginning of week | F3: Current Week Scores | N3: End of week | Q3: Jul-Dec 2024 | R3: Jan-Jun 2025
A4: Ranking | B4: Name of Player | C4: Games Won | D4: Sets Won | E4: Games Won / Match | F4: Check IN | G4: Court # | H4: Set 0 | I4: Set 1 | J4: Set 2 | K4: Set 3 | L4: Games Won | M4: Sets Won | N4: Games Won | O4: Sets Won | P4: Waiver | Q4: Fee | R4: Fee | S4: Sit outs | T4: No Shows | U4: Absent | V4: Positions Gained/Lost | W4: Ranking
A5: 1 | B5: Adrian Tay | C5: 401 | D5: 47 | E5: =(C5-(U5*9)-(S5*13))/($D$2-U5-S5) -> 17.833333 | F5: =if(isna(VLOOKUP(B5,Checkin!A:B,2,false)),0,VLOOKUP(B5,Checkin!A:B,2,false)) -> 0 | G5: =if(OR($F5=1, $F5=2),VLOOKUP($B5,Courts!$B$2:$K$50,10,false),0) -> 0 | H5: =IF(OR(F5=3,F5=4),9,IF(F5=5,13,0)) -> 0 | I5: =if(OR($F5=1, $F5=2),VLOOKUP($B5,Courts!$B$2:$J$50,5,false),0) -> 0 | J5: =if(OR($F5=1, $F5=2),VLOOKUP($B5,Courts!$B$2:$J$50,6,false),0) -> 0 | K5: =if(OR($F5=1, $F5=2),VLOOKUP($B5,Courts!$B$2:$J$50,7,false),0) -> 0 | L5: =H5+I5+J5+K5 -> 0 | M5: =if(OR($F5=1, $F5=2),VLOOKUP($B5,Courts!$B$2:$J$50,9,false),0) -> 0 | N5: =C5+L5 -> 401 | O5: =D5+M5 -> 47 | P5: X | Q5: X | R5: X | S5: =if(H5=13,1,0)+VLOOKUP(B5,indirect($AB$2&"!B:T"),18,false) -> 2 | U5: =if(H5=9,1,0)+VLOOKUP(B5,indirect($AB$2&"!B:U"),20,false) -> 6 | V5: =VLOOKUP(B5,indirect($AB$2&"!B$5:w$70"),22,false)-A5 -> 0 | W5: 1
A6: =A5+1 -> 2 | B6: David Shin | C6: 354 | D6: 30 | E6: =(C6-(U6*9)-(S6*13))/($D$2-U6-S6) -> 15 | F6: =if(isna(VLOOKUP(B6,Checkin!A:B,2,false)),0,VLOOKUP(B6,Checkin!A:B,2,false)) -> 0 | G6: =if(OR($F6=1, $F6=2),VLOOKUP($B6,Courts!$B$2:$K$50,10,false),0) -> 0 | H6: =IF(OR(F6=3,F6=4),9,IF(F6=5,13,0)) -> 0 | I6: =if(OR($F6=1, $F6=2),VLOOKUP($B6,Courts!$B$2:$J$50,5,false),0) -> 0 | J6: =if(OR($F6=1, $F6=2),VLOOKUP($B6,Courts!$B$2:$J$50,6,false),0) -> 0 | K6: =if(OR($F6=1, $F6=2),VLOOKUP($B6,Courts!$B$2:$J$50,7,false),0) -> 0 | L6: =H6+I6+J6+K6 -> 0 | M6: =if(OR($F6=1, $F6=2),VLOOKUP($B6,Courts!$B$2:$J$50,9,false),0) -> 0 | N6: =C6+L6 -> 354 | O6: =D6+M6 -> 30 | P6: X | Q6: X | R6: X | S6: =if(H6=13,1,0)+VLOOKUP(B6,indirect($AB$2&"!B:T"),18,false) -> 3 | U6: =if(H6=9,1,0)+VLOOKUP(B6,indirect($AB$2&"!B:U"),20,false) -> 5 | V6: =VLOOKUP(B6,indirect($AB$2&"!B$5:w$70"),22,false)-A6 -> 0 | W6: =W5+1 -> 2
A7: =A6+1 -> 3 | B7: Tom Le | C7: 350 | D7: 34 | E7: =(C7-(U7*9)-(S7*13))/($D$2-U7-S7) -> 15.105263 | F7: =if(isna(VLOOKUP(B7,Checkin!A:B,2,false)),0,VLOOKUP(B7,Checkin!A:B,2,false)) -> 0 | G7: =if(OR($F7=1, $F7=2),VLOOKUP($B7,Courts!$B$2:$K$50,10,false),0) -> 0 | H7: =IF(OR(F7=3,F7=4),9,IF(F7=5,13,0)) -> 0 | I7: =if(OR($F7=1, $F7=2),VLOOKUP($B7,Courts!$B$2:$J$50,5,false),0) -> 0 | J7: =if(OR($F7=1, $F7=2),VLOOKUP($B7,Courts!$B$2:$J$50,6,false),0) -> 0 | K7: =if(OR($F7=1, $F7=2),VLOOKUP($B7,Courts!$B$2:$J$50,7,false),0) -> 0 | L7: =H7+I7+J7+K7 -> 0 | M7: =if(OR($F7=1, $F7=2),VLOOKUP($B7,Courts!$B$2:$J$50,9,false),0) -> 0 | N7: =C7+L7 -> 350 | O7: =D7+M7 -> 34 | P7: X | Q7: X | R7: X | S7: =if(H7=13,1,0)+VLOOKUP(B7,indirect($AB$2&"!B:T"),18,false) -> 0 | U7: =if(H7=9,1,0)+VLOOKUP(B7,indirect($AB$2&"!B:U"),20,false) -> 7 | V7: =VLOOKUP(B7,indirect($AB$2&"!B$5:w$70"),22,false)-A7 -> 0 | W7: =W6+1 -> 3
A8: =A7+1 -> 4 | B8: Pulkit Mathur | C8: 346 | D8: 32 | E8: =(C8-(U8*9)-(S8*13))/($D$2-U8-S8) -> 17.666667 | F8: =if(isna(VLOOKUP(B8,Checkin!A:B,2,false)),0,VLOOKUP(B8,Checkin!A:B,2,false)) -> 0 | G8: =if(OR($F8=1, $F8=2),VLOOKUP($B8,Courts!$B$2:$K$50,10,false),0) -> 0 | H8: =IF(OR(F8=3,F8=4),9,IF(F8=5,13,0)) -> 0 | I8: =if(OR($F8=1, $F8=2),VLOOKUP($B8,Courts!$B$2:$J$50,5,false),0) -> 0 | J8: =if(OR($F8=1, $F8=2),VLOOKUP($B8,Courts!$B$2:$J$50,6,false),0) -> 0 | K8: =if(OR($F8=1, $F8=2),VLOOKUP($B8,Courts!$B$2:$J$50,7,false),0) -> 0 | L8: =H8+I8+J8+K8 -> 0 | M8: =if(OR($F8=1, $F8=2),VLOOKUP($B8,Courts!$B$2:$J$50,9,false),0) -> 0 | N8: =C8+L8 -> 346 | O8: =D8+M8 -> 32 | P8: X | Q8: X | R8: X | S8: =if(H8=13,1,0)+VLOOKUP(B8,indirect($AB$2&"!B:T"),18,false) -> 2 | U8: =if(H8=9,1,0)+VLOOKUP(B8,indirect($AB$2&"!B:U"),20,false) -> 12 | V8: =VLOOKUP(B8,indirect($AB$2&"!B$5:w$70"),22,false)-A8 -> 5 | W8: =W7+1 -> 4
A9: =A8+1 -> 5 | B9: Ted Shen | C9: 345 | D9: 32 | E9: =(C9-(U9*9)-(S9*13))/($D$2-U9-S9) -> 13.652174 | F9: =if(isna(VLOOKUP(B9,Checkin!A:B,2,false)),0,VLOOKUP(B9,Checkin!A:B,2,false)) -> 0 | G9: =if(OR($F9=1, $F9=2),VLOOKUP($B9,Courts!$B$2:$K$50,10,false),0) -> 0 | H9: =IF(OR(F9=3,F9=4),9,IF(F9=5,13,0)) -> 0 | I9: =if(OR($F9=1, $F9=2),VLOOKUP($B9,Courts!$B$2:$J$50,5,false),0) -> 0 | J9: =if(OR($F9=1, $F9=2),VLOOKUP($B9,Courts!$B$2:$J$50,6,false),0) -> 0 | K9: =if(OR($F9=1, $F9=2),VLOOKUP($B9,Courts!$B$2:$J$50,7,false),0) -> 0 | L9: =H9+I9+J9+K9 -> 0 | M9: =if(OR($F9=1, $F9=2),VLOOKUP($B9,Courts!$B$2:$J$50,9,false),0) -> 0 | N9: =C9+L9 -> 345 | O9: =D9+M9 -> 32 | P9: X | Q9: X | R9: X | S9: =if(H9=13,1,0)+VLOOKUP(B9,indirect($AB$2&"!B:T"),18,false) -> 1 | U9: =if(H9=9,1,0)+VLOOKUP(B9,indirect($AB$2&"!B:U"),20,false) -> 2 | V9: =VLOOKUP(B9,indirect($AB$2&"!B$5:w$70"),22,false)-A9 -> -1 | W9: =W8+1 -> 5
A10: =A9+1 -> 6 | B10: Suleman Alidina | C10: 342 | D10: 32 | E10: =(C10-(U10*9)-(S10*13))/($D$2-U10-S10) -> 14.2 | F10: =if(isna(VLOOKUP(B10,Checkin!A:B,2,false)),0,VLOOKUP(B10,Checkin!A:B,2,false)) -> 0 | G10: =if(OR($F10=1, $F10=2),VLOOKUP($B10,Courts!$B$2:$K$50,10,false),0) -> 0 | H10: =IF(OR(F10=3,F10=4),9,IF(F10=5,13,0)) -> 0 | I10: =if(OR($F10=1, $F10=2),VLOOKUP($B10,Courts!$B$2:$J$50,5,false),0) -> 0 | J10: =if(OR($F10=1, $F10=2),VLOOKUP($B10,Courts!$B$2:$J$50,6,false),0) -> 0 | K10: =if(OR($F10=1, $F10=2),VLOOKUP($B10,Courts!$B$2:$J$50,7,false),0) -> 0 | L10: =H10+I10+J10+K10 -> 0 | M10: =if(OR($F10=1, $F10=2),VLOOKUP($B10,Courts!$B$2:$J$50,9,false),0) -> 0 | N10: =C10+L10 -> 342 | O10: =D10+M10 -> 32 | P10: X | Q10: X | R10: X | S10: =if(H10=13,1,0)+VLOOKUP(B10,indirect($AB$2&"!B:T"),18,false) -> 1 | U10: =if(H10=9,1,0)+VLOOKUP(B10,indirect($AB$2&"!B:U"),20,false) -> 5 | V10: =VLOOKUP(B10,indirect($AB$2&"!B$5:w$70"),22,false)-A10 -> 2 | W10: =W9+1 -> 6
A11: =A10+1 -> 7 | B11: Scott Li | C11: 340 | D11: 25 | E11: =(C11-(U11*9)-(S11*13))/($D$2-U11-S11) -> 14.1 | F11: =if(isna(VLOOKUP(B11,Checkin!A:B,2,false)),0,VLOOKUP(B11,Checkin!A:B,2,false)) -> 0 | G11: =if(OR($F11=1, $F11=2),VLOOKUP($B11,Courts!$B$2:$K$50,10,false),0) -> 0 | H11: =IF(OR(F11=3,F11=4),9,IF(F11=5,13,0)) -> 0 | I11: =if(OR($F11=1, $F11=2),VLOOKUP($B11,Courts!$B$2:$J$50,5,false),0) -> 0 | J11: =if(OR($F11=1, $F11=2),VLOOKUP($B11,Courts!$B$2:$J$50,6,false),0) -> 0 | K11: =if(OR($F11=1, $F11=2),VLOOKUP($B11,Courts!$B$2:$J$50,7,false),0) -> 0 | L11: =H11+I11+J11+K11 -> 0 | M11: =if(OR($F11=1, $F11=2),VLOOKUP($B11,Courts!$B$2:$J$50,9,false),0) -> 0 | N11: =C11+L11 -> 340 | O11: =D11+M11 -> 25 | P11: X | Q11: X | R11: X | S11: =if(H11=13,1,0)+VLOOKUP(B11,indirect($AB$2&"!B:T"),18,false) -> 1 | U11: =if(H11=9,1,0)+VLOOKUP(B11,indirect($AB$2&"!B:U"),20,false) -> 5 | V11: =VLOOKUP(B11,indirect($AB$2&"!B$5:w$70"),22,false)-A11 -> -1 | W11: =W10+1 -> 7
A12: =A11+1 -> 8 | B12: Frank Moon | C12: 338 | D12: 31 | E12: =(C12-(U12*9)-(S12*13))/($D$2-U12-S12) -> 13.333333 | F12: =if(isna(VLOOKUP(B12,Checkin!A:B,2,false)),0,VLOOKUP(B12,Checkin!A:B,2,false)) -> 0 | G12: =if(OR($F12=1, $F12=2),VLOOKUP($B12,Courts!$B$2:$K$50,10,false),0) -> 0 | H12: =IF(OR(F12=3,F12=4),9,IF(F12=5,13,0)) -> 0 | I12: =if(OR($F12=1, $F12=2),VLOOKUP($B12,Courts!$B$2:$J$50,5,false),0) -> 0 | J12: =if(OR($F12=1, $F12=2),VLOOKUP($B12,Courts!$B$2:$J$50,6,false),0) -> 0 | K12: =if(OR($F12=1, $F12=2),VLOOKUP($B12,Courts!$B$2:$J$50,7,false),0) -> 0 | L12: =H12+I12+J12+K12 -> 0 | M12: =if(OR($F12=1, $F12=2),VLOOKUP($B12,Courts!$B$2:$J$50,9,false),0) -> 0 | N12: =C12+L12 -> 338 | O12: =D12+M12 -> 31 | P12: X | Q12: X | R12: X | S12: =if(H12=13,1,0)+VLOOKUP(B12,indirect($AB$2&"!B:T"),18,false) -> 0 | U12: =if(H12=9,1,0)+VLOOKUP(B12,indirect($AB$2&"!B:U"),20,false) -> 2 | V12: =VLOOKUP(B12,indirect($AB$2&"!B$5:w$70"),22,false)-A12 -> -3 | W12: =W11+1 -> 8
A13: =A12+1 -> 9 | B13: Lam Bui | C13: 336 | D13: 27 | E13: =(C13-(U13*9)-(S13*13))/($D$2-U13-S13) -> 16.230769 | F13: =if(isna(VLOOKUP(B13,Checkin!A:B,2,false)),0,VLOOKUP(B13,Checkin!A:B,2,false)) -> 0 | G13: =if(OR($F13=1, $F13=2),VLOOKUP($B13,Courts!$B$2:$K$50,10,false),0) -> 0 | H13: =IF(OR(F13=3,F13=4),9,IF(F13=5,13,0)) -> 0 | I13: =if(OR($F13=1, $F13=2),VLOOKUP($B13,Courts!$B$2:$J$50,5,false),0) -> 0 | J13: =if(OR($F13=1, $F13=2),VLOOKUP($B13,Courts!$B$2:$J$50,6,false),0) -> 0 | K13: =if(OR($F13=1, $F13=2),VLOOKUP($B13,Courts!$B$2:$J$50,7,false),0) -> 0 | L13: =H13+I13+J13+K13 -> 0 | M13: =if(OR($F13=1, $F13=2),VLOOKUP($B13,Courts!$B$2:$J$50,9,false),0) -> 0 | N13: =C13+L13 -> 336 | O13: =D13+M13 -> 27 | P13: X | Q13: X | R13: X | S13: =if(H13=13,1,0)+VLOOKUP(B13,indirect($AB$2&"!B:T"),18,false) -> 2 | U13: =if(H13=9,1,0)+VLOOKUP(B13,indirect($AB$2&"!B:U"),20,false) -> 11 | V13: =VLOOKUP(B13,indirect($AB$2&"!B$5:w$70"),22,false)-A13 -> -2 | W13: =W12+1 -> 9
A14: =A13+1 -> 10 | B14: James Phan | C14: 335 | D14: 26 | E14: =(C14-(U14*9)-(S14*13))/($D$2-U14-S14) -> 17.454545 | F14: =if(isna(VLOOKUP(B14,Checkin!A:B,2,false)),0,VLOOKUP(B14,Checkin!A:B,2,false)) -> 0 | G14: =if(OR($F14=1, $F14=2),VLOOKUP($B14,Courts!$B$2:$K$50,10,false),0) -> 0 | H14: =IF(OR(F14=3,F14=4),9,IF(F14=5,13,0)) -> 0 | I14: =if(OR($F14=1, $F14=2),VLOOKUP($B14,Courts!$B$2:$J$50,5,false),0) -> 0 | J14: =if(OR($F14=1, $F14=2),VLOOKUP($B14,Courts!$B$2:$J$50,6,false),0) -> 0 | K14: =if(OR($F14=1, $F14=2),VLOOKUP($B14,Courts!$B$2:$J$50,7,false),0) -> 0 | L14: =H14+I14+J14+K14 -> 0 | M14: =if(OR($F14=1, $F14=2),VLOOKUP($B14,Courts!$B$2:$J$50,9,false),0) -> 0 | N14: =C14+L14 -> 335 | O14: =D14+M14 -> 26 | P14: X | Q14: X | R14: X | S14: =if(H14=13,1,0)+VLOOKUP(B14,indirect($AB$2&"!B:T"),18,false) -> 2 | U14: =if(H14=9,1,0)+VLOOKUP(B14,indirect($AB$2&"!B:U"),20,false) -> 13 | V14: =VLOOKUP(B14,indirect($AB$2&"!B$5:w$70"),22,false)-A14 -> 3 | W14: =W13+1 -> 10
A15: =A14+1 -> 11 | B15: Herman Au | C15: 335 | D15: 22 | E15: =(C15-(U15*9)-(S15*13))/($D$2-U15-S15) -> 13.238095 | F15: =if(isna(VLOOKUP(B15,Checkin!A:B,2,false)),0,VLOOKUP(B15,Checkin!A:B,2,false)) -> 0 | G15: =if(OR($F15=1, $F15=2),VLOOKUP($B15,Courts!$B$2:$K$50,10,false),0) -> 0 | H15: =IF(OR(F15=3,F15=4),9,IF(F15=5,13,0)) -> 0 | I15: =if(OR($F15=1, $F15=2),VLOOKUP($B15,Courts!$B$2:$J$50,5,false),0) -> 0 | J15: =if(OR($F15=1, $F15=2),VLOOKUP($B15,Courts!$B$2:$J$50,6,false),0) -> 0 | K15: =if(OR($F15=1, $F15=2),VLOOKUP($B15,Courts!$B$2:$J$50,7,false),0) -> 0 | L15: =H15+I15+J15+K15 -> 0 | M15: =if(OR($F15=1, $F15=2),VLOOKUP($B15,Courts!$B$2:$J$50,9,false),0) -> 0 | N15: =C15+L15 -> 335 | O15: =D15+M15 -> 22 | P15: X | Q15: X | R15: X | S15: =if(H15=13,1,0)+VLOOKUP(B15,indirect($AB$2&"!B:T"),18,false) -> 3 | U15: =if(H15=9,1,0)+VLOOKUP(B15,indirect($AB$2&"!B:U"),20,false) -> 2 | V15: =VLOOKUP(B15,indirect($AB$2&"!B$5:w$70"),22,false)-A15 -> 1 | W15: =W14+1 -> 11
A16: =A15+1 -> 12 | B16: Alejandro Mejia | C16: 334 | D16: 34 | E16: =(C16-(U16*9)-(S16*13))/($D$2-U16-S16) -> 14.263158 | F16: =if(isna(VLOOKUP(B16,Checkin!A:B,2,false)),0,VLOOKUP(B16,Checkin!A:B,2,false)) -> 0 | G16: =if(OR($F16=1, $F16=2),VLOOKUP($B16,Courts!$B$2:$K$50,10,false),0) -> 0 | H16: =IF(OR(F16=3,F16=4),9,IF(F16=5,13,0)) -> 0 | I16: =if(OR($F16=1, $F16=2),VLOOKUP($B16,Courts!$B$2:$J$50,5,false),0) -> 0 | J16: =if(OR($F16=1, $F16=2),VLOOKUP($B16,Courts!$B$2:$J$50,6,false),0) -> 0 | K16: =if(OR($F16=1, $F16=2),VLOOKUP($B16,Courts!$B$2:$J$50,7,false),0) -> 0 | L16: =H16+I16+J16+K16 -> 0 | M16: =if(OR($F16=1, $F16=2),VLOOKUP($B16,Courts!$B$2:$J$50,9,false),0) -> 0 | N16: =C16+L16 -> 334 | O16: =D16+M16 -> 34 | P16: X | Q16: X | R16: X | S16: =if(H16=13,1,0)+VLOOKUP(B16,indirect($AB$2&"!B:T"),18,false) -> 0 | U16: =if(H16=9,1,0)+VLOOKUP(B16,indirect($AB$2&"!B:U"),20,false) -> 7 | V16: =VLOOKUP(B16,indirect($AB$2&"!B$5:w$70"),22,false)-A16 -> -2 | W16: =W15+1 -> 12
A17: =A16+1 -> 13 | B17: Pavan Akkimsetty | C17: 333 | D17: 26 | E17: =(C17-(U17*9)-(S17*13))/($D$2-U17-S17) -> 15.1875 | F17: =if(isna(VLOOKUP(B17,Checkin!A:B,2,false)),0,VLOOKUP(B17,Checkin!A:B,2,false)) -> 0 | G17: =if(OR($F17=1, $F17=2),VLOOKUP($B17,Courts!$B$2:$K$50,10,false),0) -> 0 | H17: =IF(OR(F17=3,F17=4),9,IF(F17=5,13,0)) -> 0 | I17: =if(OR($F17=1, $F17=2),VLOOKUP($B17,Courts!$B$2:$J$50,5,false),0) -> 0 | J17: =if(OR($F17=1, $F17=2),VLOOKUP($B17,Courts!$B$2:$J$50,6,false),0) -> 0 | K17: =if(OR($F17=1, $F17=2),VLOOKUP($B17,Courts!$B$2:$J$50,7,false),0) -> 0 | L17: =H17+I17+J17+K17 -> 0 | M17: =if(OR($F17=1, $F17=2),VLOOKUP($B17,Courts!$B$2:$J$50,9,false),0) -> 0 | N17: =C17+L17 -> 333 | O17: =D17+M17 -> 26 | P17: X | Q17: X | R17: X | S17: =if(H17=13,1,0)+VLOOKUP(B17,indirect($AB$2&"!B:T"),18,false) -> 0 | U17: =if(H17=9,1,0)+VLOOKUP(B17,indirect($AB$2&"!B:U"),20,false) -> 10 | V17: =VLOOKUP(B17,indirect($AB$2&"!B$5:w$70"),22,false)-A17 -> -2 | W17: =W16+1 -> 13
... A65: =A64+1 -> 61 | B65: Eric Pan | C65: 243 | D65: 3 | E65: =(C65-(U65*9)-(S65*13))/($D$2-U65-S65) -> 18 | F65: =if(isna(VLOOKUP(B65,Checkin!A:B,2,false)),0,VLOOKUP(B65,Checkin!A:B,2,false)) -> 0 | G65: =if(OR($F65=1, $F65=2),VLOOKUP($B65,Courts!$B$2:$K$50,10,false),0) -> 0 | H65: =IF(OR(F65=3,F65=4),9,IF(F65=5,13,0)) -> 0 | I65: =if(OR($F65=1, $F65=2),VLOOKUP($B65,Courts!$B$2:$J$50,5,false),0) -> 0 | J65: =if(OR($F65=1, $F65=2),VLOOKUP($B65,Courts!$B$2:$J$50,6,false),0) -> 0 | K65: =if(OR($F65=1, $F65=2),VLOOKUP($B65,Courts!$B$2:$J$50,7,false),0) -> 0 | L65: =H65+I65+J65+K65 -> 0 | M65: =if(OR($F65=1, $F65=2),VLOOKUP($B65,Courts!$B$2:$J$50,9,false),0) -> 0 | N65: =C65+L65 -> 243 | O65: =D65+M65 -> 3 | P65: X | Q65: X | R65: X | S65: =if(H65=13,1,0)+VLOOKUP(B65,indirect($AB$2&"!B:T"),18,false) -> 0 | U65: =if(H65=9,1,0)+VLOOKUP(B65,indirect($AB$2&"!B:U"),20,false) -> 25 | V65: =VLOOKUP(B65,indirect($AB$2&"!B$5:w$70"),22,false)-A65 -> 0 | W65: =W64+1 -> 61
A66: =A65+1 -> 62 | B66: Peter Homsey | C66: 238 | D66: 0 | E66: =(C66-(U66*9)-(S66*13))/($D$2-U66-S66) -> 9 | F66: =if(isna(VLOOKUP(B66,Checkin!A:B,2,false)),0,VLOOKUP(B66,Checkin!A:B,2,false)) -> 0 | H66: =IF(OR(F66=3,F66=4),9,IF(F66=5,13,0)) -> 0 | L66: =H66+I66+J66+K66 -> 0 | N66: =C66+L66 -> 238 | O66: =D66+M66 -> 0 | P66: X | Q66: X | R66: N | S66: =if(H66=13,1,0)+VLOOKUP(B66,indirect($AB$2&"!B:T"),18,false) -> 1 | U66: =if(H66=9,1,0)+VLOOKUP(B66,indirect($AB$2&"!B:U"),20,false) -> 23 | W66: =W65+1 -> 62
A67: =A66+1 -> 63 | B67: Amit Patel | C67: 238 | D67: 0 | E67: =(C67-(U67*9)-(S67*13))/($D$2-U67-S67) -> 9 | F67: =if(isna(VLOOKUP(B67,Checkin!A:B,2,false)),0,VLOOKUP(B67,Checkin!A:B,2,false)) -> 0 | G67: =if(OR($F67=1, $F67=2),VLOOKUP($B67,Courts!$B$2:$K$50,10,false),0) -> 0 | H67: =IF(OR(F67=3,F67=4),9,IF(F67=5,13,0)) -> 0 | I67: =if(OR($F67=1, $F67=2),VLOOKUP($B67,Courts!$B$2:$J$50,5,false),0) -> 0 | J67: =if(OR($F67=1, $F67=2),VLOOKUP($B67,Courts!$B$2:$J$50,6,false),0) -> 0 | K67: =if(OR($F67=1, $F67=2),VLOOKUP($B67,Courts!$B$2:$J$50,7,false),0) -> 0 | L67: =H67+I67+J67+K67 -> 0 | M67: =if(OR($F67=1, $F67=2),VLOOKUP($B67,Courts!$B$2:$J$50,9,false),0) -> 0 | N67: =C67+L67 -> 238 | O67: =D67+M67 -> 0 | P67: X | Q67: X | R67: N | S67: =if(H67=13,1,0)+VLOOKUP(B67,indirect($AB$2&"!B:T"),18,false) -> 1 | U67: =if(H67=9,1,0)+VLOOKUP(B67,indirect($AB$2&"!B:U"),20,false) -> 24 | V67: =VLOOKUP(B67,indirect($AB$2&"!B$5:w$70"),22,false)-A67 -> 0 | W67: =W66+1 -> 63
A68: =A67+1 -> 64 | B68: Joyce Zhu | C68: 228 | D68: 11 | E68: =(C68-(U68*9)-(S68*13))/($D$2-U68-S68) -> 8.625 | F68: =if(isna(VLOOKUP(B68,Checkin!A:B,2,false)),0,VLOOKUP(B68,Checkin!A:B,2,false)) -> 0 | G68: =if(OR($F68=1, $F68=2),VLOOKUP($B68,Courts!$B$2:$K$50,10,false),0) -> 0 | H68: =IF(OR(F68=3,F68=4),9,IF(F68=5,13,0)) -> 0 | I68: =if(OR($F68=1, $F68=2),VLOOKUP($B68,Courts!$B$2:$J$50,5,false),0) -> 0 | J68: =if(OR($F68=1, $F68=2),VLOOKUP($B68,Courts!$B$2:$J$50,6,false),0) -> 0 | K68: =if(OR($F68=1, $F68=2),VLOOKUP($B68,Courts!$B$2:$J$50,7,false),0) -> 0 | L68: =H68+I68+J68+K68 -> 0 | M68: =if(OR($F68=1, $F68=2),VLOOKUP($B68,Courts!$B$2:$J$50,9,false),0) -> 0 | N68: =C68+L68 -> 228 | O68: =D68+M68 -> 11 | P68: X | Q68: X | R68: X | S68: =if(H68=13,1,0)+VLOOKUP(B68,indirect($AB$2&"!B:T"),18,false) -> 0 | U68: =if(H68=9,1,0)+VLOOKUP(B68,indirect($AB$2&"!B:U"),20,false) -> 10 | V68: =VLOOKUP(B68,indirect($AB$2&"!B$5:w$70"),22,false)-A68 -> 0 | W68: =W67+1 -> 64
A69: =A68+1 -> 65 | B69: Jose Ortiz | C69: 225 | D69: 0 | E69: =(C69-(U69*9)-(S69*13))/($D$2-U69-S69) -> #DIV/0! | F69: =if(isna(VLOOKUP(B69,Checkin!A:B,2,false)),0,VLOOKUP(B69,Checkin!A:B,2,false)) -> 0 | G69: =if(OR($F69=1, $F69=2),VLOOKUP($B69,Courts!$B$2:$K$50,10,false),0) -> 0 | H69: =IF(OR(F69=3,F69=4),9,IF(F69=5,13,0)) -> 0 | I69: =if(OR($F69=1, $F69=2),VLOOKUP($B69,Courts!$B$2:$J$50,5,false),0) -> 0 | J69: =if(OR($F69=1, $F69=2),VLOOKUP($B69,Courts!$B$2:$J$50,6,false),0) -> 0 | K69: =if(OR($F69=1, $F69=2),VLOOKUP($B69,Courts!$B$2:$J$50,7,false),0) -> 0 | L69: =H69+I69+J69+K69 -> 0 | M69: =if(OR($F69=1, $F69=2),VLOOKUP($B69,Courts!$B$2:$J$50,9,false),0) -> 0 | N69: =C69+L69 -> 225 | O69: =D69+M69 -> 0 | P69: X | Q69: X | R69: N | S69: =if(H69=13,1,0)+VLOOKUP(B69,indirect($AB$2&"!B:T"),18,false) -> 0 | U69: =if(H69=9,1,0)+VLOOKUP(B69,indirect($AB$2&"!B:U"),20,false) -> 26 | V69: =VLOOKUP(B69,indirect($AB$2&"!B$5:w$70"),22,false)-A69 -> 0 | W69: =W68+1 -> 65
B72: =COUNTA(B5:B69) -> 65
P77: Renewed | R77: =COUNTIF(R5:R69,"X") -> 55
B78: Top Scores | C78: Games | D78: Sets | E78: Court # | P78: Not Renewing | R78: =countif(R5:R69,"N") -> 10
B79: =IFERROR(__xludf.DUMMYFUNCTION("QUERY(B5:M69,""Select B, L, M, G where L >= 18 order by L desc,M desc"",0)"),"#N/A") -> #N/A | P79: To Renew | R79: =countif(R5:R69,"") -> 0
P80: Total | R80: =sum(R77:R79) -> 65
P82: * Jimmy Awolesi paid for Jan-Dec 2025
B92: Top 10 Movements (UP) | C92: Positions Moved | D92: Position Last week | E92: Position This week | F92: Points this week | G92: Court | L92: Cross Check
B93: =IFERROR(__xludf.DUMMYFUNCTION("query(B5:V69,""select B, V order by V Desc Limit 10"")"),"Sandy Weyant") -> Sandy Weyant | C93: =IFERROR(__xludf.DUMMYFUNCTION("""COMPUTED_VALUE"""),7.0) -> 7 | D93: =VLOOKUP(B93,indirect($AB$2&"!B$5:w$70"),22, false) -> 45 | E93: =VLOOKUP(B93,B$5:W$69,22, false) -> 38 | F93: =VLOOKUP(B93,indirect($AB$2&"!B$5:U$70"),11, false) -> 18 | G93: =VLOOKUP(B93,indirect($AB$2&"!B$5:U$70"),6, false) -> 7 | L93: =if(D93-E93=C93,"ok","Error") -> ok
B94: =IFERROR(__xludf.DUMMYFUNCTION("""COMPUTED_VALUE"""),"Sean Chang") -> Sean Chang | C94: =IFERROR(__xludf.DUMMYFUNCTION("""COMPUTED_VALUE"""),6.0) -> 6 | D94: =VLOOKUP(B94,indirect($AB$2&"!B$5:w$70"),22, false) -> 27 | E94: =VLOOKUP(B94,B$5:W$69,22, false) -> 21 | F94: =VLOOKUP(B94,indirect($AB$2&"!B$5:U$70"),11, false) -> 18 | G94: =VLOOKUP(B94,indirect($AB$2&"!B$5:U$70"),6, false) -> 5 | L94: =if(D94-E94=C94,"ok","Error") -> ok
B95: =IFERROR(__xludf.DUMMYFUNCTION("""COMPUTED_VALUE"""),"Pulkit Mathur") -> Pulkit Mathur | C95: =IFERROR(__xludf.DUMMYFUNCTION("""COMPUTED_VALUE"""),5.0) -> 5 | D95: =VLOOKUP(B95,indirect($AB$2&"!B$5:w$70"),22, false) -> 9 | E95: =VLOOKUP(B95,B$5:W$69,22, false) -> 4 | F95: =VLOOKUP(B95,indirect($AB$2&"!B$5:U$70"),11, false) -> 20 | G95: =VLOOKUP(B95,indirect($AB$2&"!B$5:U$70"),6, false) -> 2 | L95: =if(D95-E95=C95,"ok","Error") -> ok
B96: =IFERROR(__xludf.DUMMYFUNCTION("""COMPUTED_VALUE"""),"James Phan") -> James Phan | C96: =IFERROR(__xludf.DUMMYFUNCTION("""COMPUTED_VALUE"""),3.0) -> 3 | D96: =VLOOKUP(B96,indirect($AB$2&"!B$5:w$70"),22, false) -> 13 | E96: =VLOOKUP(B96,B$5:W$69,22, false) -> 10 | F96: =VLOOKUP(B96,indirect($AB$2&"!B$5:U$70"),11, false) -> 13 | G96: =VLOOKUP(B96,indirect($AB$2&"!B$5:U$70"),6, false) -> 0 | L96: =if(D96-E96=C96,"ok","Error") -> ok
B97: =IFERROR(__xludf.DUMMYFUNCTION("""COMPUTED_VALUE"""),"Sanjaye Elayattu") -> Sanjaye Elayattu | C97: =IFERROR(__xludf.DUMMYFUNCTION("""COMPUTED_VALUE"""),3.0) -> 3 | D97: =VLOOKUP(B97,indirect($AB$2&"!B$5:w$70"),22, false) -> 26 | E97: =VLOOKUP(B97,B$5:W$69,22, false) -> 23 | F97: =VLOOKUP(B97,indirect($AB$2&"!B$5:U$70"),11, false) -> 13 | G97: =VLOOKUP(B97,indirect($AB$2&"!B$5:U$70"),6, false) -> 0 | L97: =if(D97-E97=C97,"ok","Error") -> ok
B98: =IFERROR(__xludf.DUMMYFUNCTION("""COMPUTED_VALUE"""),"Nicole Ni") -> Nicole Ni | C98: =IFERROR(__xludf.DUMMYFUNCTION("""COMPUTED_VALUE"""),3.0) -> 3 | D98: =VLOOKUP(B98,indirect($AB$2&"!B$5:w$70"),22, false) -> 46 | E98: =VLOOKUP(B98,B$5:W$69,22, false) -> 43 | F98: =VLOOKUP(B98,indirect($AB$2&"!B$5:U$70"),11, false) -> 13 | G98: =VLOOKUP(B98,indirect($AB$2&"!B$5:U$70"),6, false) -> 7 | L98: =if(D98-E98=C98,"ok","Error") -> ok
B99: =IFERROR(__xludf.DUMMYFUNCTION("""COMPUTED_VALUE"""),"Vinaya Kajla") -> Vinaya Kajla | C99: =IFERROR(__xludf.DUMMYFUNCTION("""COMPUTED_VALUE"""),3.0) -> 3 | D99: =VLOOKUP(B99,indirect($AB$2&"!B$5:w$70"),22, false) -> 55 | E99: =VLOOKUP(B99,B$5:W$69,22, false) -> 52 | F99: =VLOOKUP(B99,indirect($AB$2&"!B$5:U$70"),11, false) -> 11 | G99: =VLOOKUP(B99,indirect($AB$2&"!B$5:U$70"),6, false) -> 7 | L99: =if(D99-E99=C99,"ok","Error") -> ok
B100: =IFERROR(__xludf.DUMMYFUNCTION("""COMPUTED_VALUE"""),"Suleman Alidina") -> Suleman Alidina | C100: =IFERROR(__xludf.DUMMYFUNCTION("""COMPUTED_VALUE"""),2.0) -> 2 | D100: =VLOOKUP(B100,indirect($AB$2&"!B$5:w$70"),22, false) -> 8 | E100: =VLOOKUP(B100,B$5:W$69,22, false) -> 6 | F100: =VLOOKUP(B100,indirect($AB$2&"!B$5:U$70"),11, false) -> 16 | G100: =VLOOKUP(B100,indirect($AB$2&"!B$5:U$70"),6, false) -> 2 | L100: =if(D100-E100=C100,"ok","Error") -> ok
B101: =IFERROR(__xludf.DUMMYFUNCTION("""COMPUTED_VALUE"""),"Robert Chang") -> Robert Chang | C101: =IFERROR(__xludf.DUMMYFUNCTION("""COMPUTED_VALUE"""),2.0) -> 2 | D101: =VLOOKUP(B101,indirect($AB$2&"!B$5:w$70"),22, false) -> 17 | E101: =VLOOKUP(B101,B$5:W$69,22, false) -> 15 | F101: =VLOOKUP(B101,indirect($AB$2&"!B$5:U$70"),11, false) -> 18 | G101: =VLOOKUP(B101,indirect($AB$2&"!B$5:U$70"),6, false) -> 3 | L101: =if(D101-E101=C101,"ok","Error") -> ok
B102: =IFERROR(__xludf.DUMMYFUNCTION("""COMPUTED_VALUE"""),"Ramesh Bandaru") -> Ramesh Bandaru | C102: =IFERROR(__xludf.DUMMYFUNCTION("""COMPUTED_VALUE"""),2.0) -> 2 | D102: =VLOOKUP(B102,indirect($AB$2&"!B$5:w$70"),22, false) -> 30 | E102: =VLOOKUP(B102,B$5:W$69,22, false) -> 28 | F102: =VLOOKUP(B102,indirect($AB$2&"!B$5:U$70"),11, false) -> 13 | G102: =VLOOKUP(B102,indirect($AB$2&"!B$5:U$70"),6, false) -> 5 | L102: =if(D102-E102=C102,"ok","Error") -> ok
B105: Top 10 Movements (Down) | C105: Positions | D105: Position Last week | E105: Position This week | F105: Points this week | G105: Court | L105: Cross Check
B106: =IFERROR(__xludf.DUMMYFUNCTION("query(B5:V69,""select B, V order by V asc Limit 10"")"),"Peter Homsey") -> Peter Homsey | D106: =VLOOKUP(B106,indirect($AB$2&"!B$5:w$70"),22, false) -> 62 | E106: =VLOOKUP(B106,B$5:W$69,22, false) -> 62 | F106: =VLOOKUP(B106,indirect($AB$2&"!B$5:U$70"),11, false) -> 9 | G106: =VLOOKUP(B106,indirect($AB$2&"!B$5:U$70"),6, false) | L106: =if(D106-E106=C106,"ok","Error") -> ok
B107: =IFERROR(__xludf.DUMMYFUNCTION("""COMPUTED_VALUE"""),"Alex Hou") -> Alex Hou | C107: =IFERROR(__xludf.DUMMYFUNCTION("""COMPUTED_VALUE"""),-4.0) -> -4 | D107: =VLOOKUP(B107,indirect($AB$2&"!B$5:w$70"),22, false) -> 22 | E107: =VLOOKUP(B107,B$5:W$69,22, false) -> 26 | F107: =VLOOKUP(B107,indirect($AB$2&"!B$5:U$70"),11, false) -> 6 | G107: =VLOOKUP(B107,indirect($AB$2&"!B$5:U$70"),6, false) -> 3 | L107: =if(D107-E107=C107,"ok","Error") -> ok
B108: =IFERROR(__xludf.DUMMYFUNCTION("""COMPUTED_VALUE"""),"Erik Hoeckmann") -> Erik Hoeckmann | C108: =IFERROR(__xludf.DUMMYFUNCTION("""COMPUTED_VALUE"""),-4.0) -> -4 | D108: =VLOOKUP(B108,indirect($AB$2&"!B$5:w$70"),22, false) -> 25 | E108: =VLOOKUP(B108,B$5:W$69,22, false) -> 29 | F108: =VLOOKUP(B108,indirect($AB$2&"!B$5:U$70"),11, false) -> 9 | G108: =VLOOKUP(B108,indirect($AB$2&"!B$5:U$70"),6, false) -> 3 | L108: =if(D108-E108=C108,"ok","Error") -> ok
B109: =IFERROR(__xludf.DUMMYFUNCTION("""COMPUTED_VALUE"""),"Peter Cheng") -> Peter Cheng | C109: =IFERROR(__xludf.DUMMYFUNCTION("""COMPUTED_VALUE"""),-4.0) -> -4 | D109: =VLOOKUP(B109,indirect($AB$2&"!B$5:w$70"),22, false) -> 41 | E109: =VLOOKUP(B109,B$5:W$69,22, false) -> 45 | F109: =VLOOKUP(B109,indirect($AB$2&"!B$5:U$70"),11, false) -> 9 | G109: =VLOOKUP(B109,indirect($AB$2&"!B$5:U$70"),6, false) -> 0 | L109: =if(D109-E109=C109,"ok","Error") -> ok
B110: =IFERROR(__xludf.DUMMYFUNCTION("""COMPUTED_VALUE"""),"Frank Moon") -> Frank Moon | C110: =IFERROR(__xludf.DUMMYFUNCTION("""COMPUTED_VALUE"""),-3.0) -> -3 | D110: =VLOOKUP(B110,indirect($AB$2&"!B$5:w$70"),22, false) -> 5 | E110: =VLOOKUP(B110,B$5:W$69,22, false) -> 8 | F110: =VLOOKUP(B110,indirect($AB$2&"!B$5:U$70"),11, false) -> 9 | G110: =VLOOKUP(B110,indirect($AB$2&"!B$5:U$70"),6, false) -> 0 | L110: =if(D110-E110=C110,"ok","Error") -> ok
B111: =IFERROR(__xludf.DUMMYFUNCTION("""COMPUTED_VALUE"""),"Susanta Mishra") -> Susanta Mishra | C111: =IFERROR(__xludf.DUMMYFUNCTION("""COMPUTED_VALUE"""),-3.0) -> -3 | D111: =VLOOKUP(B111,indirect($AB$2&"!B$5:w$70"),22, false) -> 43 | E111: =VLOOKUP(B111,B$5:W$69,22, false) -> 46 | F111: =VLOOKUP(B111,indirect($AB$2&"!B$5:U$70"),11, false) -> 9 | G111: =VLOOKUP(B111,indirect($AB$2&"!B$5:U$70"),6, false) -> 0 | L111: =if(D111-E111=C111,"ok","Error") -> ok
B112: =IFERROR(__xludf.DUMMYFUNCTION("""COMPUTED_VALUE"""),"Lam Bui") -> Lam Bui | C112: =IFERROR(__xludf.DUMMYFUNCTION("""COMPUTED_VALUE"""),-2.0) -> -2 | D112: =VLOOKUP(B112,indirect($AB$2&"!B$5:w$70"),22, false) -> 7 | E112: =VLOOKUP(B112,B$5:W$69,22, false) -> 9 | F112: =VLOOKUP(B112,indirect($AB$2&"!B$5:U$70"),11, false) -> 9 | G112: =VLOOKUP(B112,indirect($AB$2&"!B$5:U$70"),6, false) -> 0 | L112: =if(D112-E112=C112,"ok","Error") -> ok
B113: =IFERROR(__xludf.DUMMYFUNCTION("""COMPUTED_VALUE"""),"Alejandro Mejia") -> Alejandro Mejia | C113: =IFERROR(__xludf.DUMMYFUNCTION("""COMPUTED_VALUE"""),-2.0) -> -2 | D113: =VLOOKUP(B113,indirect($AB$2&"!B$5:w$70"),22, false) -> 10 | E113: =VLOOKUP(B113,B$5:W$69,22, false) -> 12 | F113: =VLOOKUP(B113,indirect($AB$2&"!B$5:U$70"),11, false) -> 9 | G113: =VLOOKUP(B113,indirect($AB$2&"!B$5:U$70"),6, false) -> 0 | L113: =if(D113-E113=C113,"ok","Error") -> ok
B114: =IFERROR(__xludf.DUMMYFUNCTION("""COMPUTED_VALUE"""),"Pavan Akkimsetty") -> Pavan Akkimsetty | C114: =IFERROR(__xludf.DUMMYFUNCTION("""COMPUTED_VALUE"""),-2.0) -> -2 | D114: =VLOOKUP(B114,indirect($AB$2&"!B$5:w$70"),22, false) -> 11 | E114: =VLOOKUP(B114,B$5:W$69,22, false) -> 13 | F114: =VLOOKUP(B114,indirect($AB$2&"!B$5:U$70"),11, false) -> 9 | G114: =VLOOKUP(B114,indirect($AB$2&"!B$5:U$70"),6, false) -> 0 | L114: =if(D114-E114=C114,"ok","Error") -> ok
B115: =IFERROR(__xludf.DUMMYFUNCTION("""COMPUTED_VALUE"""),"Ted Shen") -> Ted Shen | C115: =IFERROR(__xludf.DUMMYFUNCTION("""COMPUTED_VALUE"""),-1.0) -> -1 | D115: =VLOOKUP(B115,indirect($AB$2&"!B$5:w$70"),22, false) -> 4 | E115: =VLOOKUP(B115,B$5:W$69,22, false) -> 5 | F115: =VLOOKUP(B115,indirect($AB$2&"!B$5:U$70"),11, false) -> 14 | G115: =VLOOKUP(B115,indirect($AB$2&"!B$5:U$70"),6, false) -> 1 | L115: =if(D115-E115=C115,"ok","Error") -> ok
A121: Renewals for January - June 2025
B122: Members Renewed | C122: Members to Renew | F122: Members Not Renewing | I122: New Members Joined/invited*
A123: 1 | B123: =IFERROR(__xludf.DUMMYFUNCTION("query(B5:V69,""select B where R = 'X' order by B asc"")"),"Adrian Tay") -> Adrian Tay | C123: =IFERROR(__xludf.DUMMYFUNCTION("query(B5:V69,""select B where R = '' order by B asc"")"),"#N/A") -> #N/A | F123: =IFERROR(__xludf.DUMMYFUNCTION("query(B5:V69,""select B where R = 'N' order by B asc"")"),"Amit Patel") -> Amit Patel | I123: Allen Zhang
A124: =A123+1 -> 2 | B124: =IFERROR(__xludf.DUMMYFUNCTION("""COMPUTED_VALUE"""),"Alejandro Mejia") -> Alejandro Mejia | F124: =IFERROR(__xludf.DUMMYFUNCTION("""COMPUTED_VALUE"""),"Arun Mallikarjuna") -> Arun Mallikarjuna | I124: Ethan Gu
A125: =A124+1 -> 3 | B125: =IFERROR(__xludf.DUMMYFUNCTION("""COMPUTED_VALUE"""),"Alex Hou") -> Alex Hou | F125: =IFERROR(__xludf.DUMMYFUNCTION("""COMPUTED_VALUE"""),"Christopher Li") -> Christopher Li | I125: Basudev Thoppai Vidyasankar
A126: =A125+1 -> 4 | B126: =IFERROR(__xludf.DUMMYFUNCTION("""COMPUTED_VALUE"""),"Andrew Wen") -> Andrew Wen | F126: =IFERROR(__xludf.DUMMYFUNCTION("""COMPUTED_VALUE"""),"Jose Ortiz") -> Jose Ortiz | I126: Hongyuan Wen
A127: =A126+1 -> 5 | B127: =IFERROR(__xludf.DUMMYFUNCTION("""COMPUTED_VALUE"""),"Balaji Alahari") -> Balaji Alahari | F127: =IFERROR(__xludf.DUMMYFUNCTION("""COMPUTED_VALUE"""),"Nohely Mejia") -> Nohely Mejia | I127: Tyler Leong
A128: =A127+1 -> 6 | B128: =IFERROR(__xludf.DUMMYFUNCTION("""COMPUTED_VALUE"""),"Chinna Ponnaganti") -> Chinna Ponnaganti | F128: =IFERROR(__xludf.DUMMYFUNCTION("""COMPUTED_VALUE"""),"Peter Cheng") -> Peter Cheng | I128: Vicki Martinet
A129: =A128+1 -> 7 | B129: =IFERROR(__xludf.DUMMYFUNCTION("""COMPUTED_VALUE"""),"Cid Macaraeg") -> Cid Macaraeg | F129: =IFERROR(__xludf.DUMMYFUNCTION("""COMPUTED_VALUE"""),"Peter Homsey") -> Peter Homsey | I129: Barathi Sundaram
A130: =A129+1 -> 8 | B130: =IFERROR(__xludf.DUMMYFUNCTION("""COMPUTED_VALUE"""),"Coco Yan") -> Coco Yan | F130: =IFERROR(__xludf.DUMMYFUNCTION("""COMPUTED_VALUE"""),"Sai Dilip Ponnaganti") -> Sai Dilip Ponnaganti | I130: Alan Sung
A131: =A130+1 -> 9 | B131: =IFERROR(__xludf.DUMMYFUNCTION("""COMPUTED_VALUE"""),"David Shin") -> David Shin | F131: =IFERROR(__xludf.DUMMYFUNCTION("""COMPUTED_VALUE"""),"Tony Lin") -> Tony Lin | I131: Hubert J Sung
A132: =A131+1 -> 10 | B132: =IFERROR(__xludf.DUMMYFUNCTION("""COMPUTED_VALUE"""),"Elayaraja Thangaraj ") -> Elayaraja Thangaraj | F132: =IFERROR(__xludf.DUMMYFUNCTION("""COMPUTED_VALUE"""),"Vinz Solano") -> Vinz Solano | I132: Tina Hanson
A133: =A132+1 -> 11 | B133: =IFERROR(__xludf.DUMMYFUNCTION("""COMPUTED_VALUE"""),"Eric Pan") -> Eric Pan
A134: =A133+1 -> 12 | B134: =IFERROR(__xludf.DUMMYFUNCTION("""COMPUTED_VALUE"""),"Eric Tan") -> Eric Tan
A135: =A134+1 -> 13 | B135: =IFERROR(__xludf.DUMMYFUNCTION("""COMPUTED_VALUE"""),"Erik Hoeckmann") -> Erik Hoeckmann
A136: =A135+1 -> 14 | B136: =IFERROR(__xludf.DUMMYFUNCTION("""COMPUTED_VALUE"""),"Frank Moon") -> Frank Moon
A137: =A136+1 -> 15 | B137: =IFERROR(__xludf.DUMMYFUNCTION("""COMPUTED_VALUE"""),"Herman Au") -> Herman Au
A138: =A137+1 -> 16 | B138: =IFERROR(__xludf.DUMMYFUNCTION("""COMPUTED_VALUE"""),"James Phan") -> James Phan
A139: =A138+1 -> 17 | B139: =IFERROR(__xludf.DUMMYFUNCTION("""COMPUTED_VALUE"""),"Jim Miao") -> Jim Miao
A140: =A139+1 -> 18 | B140: =IFERROR(__xludf.DUMMYFUNCTION("""COMPUTED_VALUE"""),"Jimmy Awolesi") -> Jimmy Awolesi
A141: =A140+1 -> 19 | B141: =IFERROR(__xludf.DUMMYFUNCTION("""COMPUTED_VALUE"""),"Joe Luzzi") -> Joe Luzzi
A142: =A141+1 -> 20 | B142: =IFERROR(__xludf.DUMMYFUNCTION("""COMPUTED_VALUE"""),"Jonathan Phan") -> Jonathan Phan
A143: =A142+1 -> 21 | B143: =IFERROR(__xludf.DUMMYFUNCTION("""COMPUTED_VALUE"""),"Joyce Zhu") -> Joyce Zhu
A144: =A143+1 -> 22 | B144: =IFERROR(__xludf.DUMMYFUNCTION("""COMPUTED_VALUE"""),"Kumar Palakeel") -> Kumar Palakeel
A145: =A144+1 -> 23 | B145: =IFERROR(__xludf.DUMMYFUNCTION("""COMPUTED_VALUE"""),"Lam Bui") -> Lam Bui
A146: =A145+1 -> 24 | B146: =IFERROR(__xludf.DUMMYFUNCTION("""COMPUTED_VALUE"""),"Leigh-Anh Nguyen") -> Leigh-Anh Nguyen
A147: =A146+1 -> 25 | B147: =IFERROR(__xludf.DUMMYFUNCTION("""COMPUTED_VALUE"""),"Lloyd Sagar") -> Lloyd Sagar
A148: =A147+1 -> 26 | B148: =IFERROR(__xludf.DUMMYFUNCTION("""COMPUTED_VALUE"""),"Luis Hsu") -> Luis Hsu
A149: =A148+1 -> 27 | B149: =IFERROR(__xludf.DUMMYFUNCTION("""COMPUTED_VALUE"""),"Manish Anand") -> Manish Anand
A150: =A149+1 -> 28 | B150: =IFERROR(__xludf.DUMMYFUNCTION("""COMPUTED_VALUE"""),"Manuel Rivera") -> Manuel Rivera
A151: =A150+1 -> 29 | B151: =IFERROR(__xludf.DUMMYFUNCTION("""COMPUTED_VALUE"""),"Matthew Huang") -> Matthew Huang
A152: =A151+1 -> 30 | B152: =IFERROR(__xludf.DUMMYFUNCTION("""COMPUTED_VALUE"""),"Mauricio Palacios") -> Mauricio Palacios
A153: =A152+1 -> 31 | B153: =IFERROR(__xludf.DUMMYFUNCTION("""COMPUTED_VALUE"""),"Naveen Raj") -> Naveen Raj
A154: =A153+1 -> 32 | B154: =IFERROR(__xludf.DUMMYFUNCTION("""COMPUTED_VALUE"""),"Nicole Ni") -> Nicole Ni
A155: =A154+1 -> 33 | B155: =IFERROR(__xludf.DUMMYFUNCTION("""COMPUTED_VALUE"""),"Oscar Bonilla") -> Oscar Bonilla
A156: =A155+1 -> 34 | B156: =IFERROR(__xludf.DUMMYFUNCTION("""COMPUTED_VALUE"""),"Pavan Akkimsetty") -> Pavan Akkimsetty
A157: =A156+1 -> 35 | B157: =IFERROR(__xludf.DUMMYFUNCTION("""COMPUTED_VALUE"""),"Pulkit Mathur") -> Pulkit Mathur
A158: =A157+1 -> 36 | B158: =IFERROR(__xludf.DUMMYFUNCTION("""COMPUTED_VALUE"""),"Rajasekar Ramasamy") -> Rajasekar Ramasamy
A159: =A158+1 -> 37 | B159: =IFERROR(__xludf.DUMMYFUNCTION("""COMPUTED_VALUE"""),"Rajesh Dorairaj") -> Rajesh Dorairaj
A160: =A159+1 -> 38 | B160: =IFERROR(__xludf.DUMMYFUNCTION("""COMPUTED_VALUE"""),"Ramesh Bandaru") -> Ramesh Bandaru
A161: =A160+1 -> 39 | B161: =IFERROR(__xludf.DUMMYFUNCTION("""COMPUTED_VALUE"""),"Robert Chang") -> Robert Chang
A162: =A161+1 -> 40 | B162: =IFERROR(__xludf.DUMMYFUNCTION("""COMPUTED_VALUE"""),"Sandy Weyant") -> Sandy Weyant
A163: =A162+1 -> 41 | B163: =IFERROR(__xludf.DUMMYFUNCTION("""COMPUTED_VALUE"""),"Sanjaye Elayattu") -> Sanjaye Elayattu
A164: =A163+1 -> 42 | B164: =IFERROR(__xludf.DUMMYFUNCTION("""COMPUTED_VALUE"""),"Santosh Sundaresan ") -> Santosh Sundaresan
A165: =A164+1 -> 43 | B165: =IFERROR(__xludf.DUMMYFUNCTION("""COMPUTED_VALUE"""),"Saravanan Veerapandian") -> Saravanan Veerapandian
A166: =A165+1 -> 44 | B166: =IFERROR(__xludf.DUMMYFUNCTION("""COMPUTED_VALUE"""),"Scott Li") -> Scott Li
A167: =A166+1 -> 45 | B167: =IFERROR(__xludf.DUMMYFUNCTION("""COMPUTED_VALUE"""),"Sean Chang") -> Sean Chang
A168: =A167+1 -> 46 | B168: =IFERROR(__xludf.DUMMYFUNCTION("""COMPUTED_VALUE"""),"Suleman Alidina") -> Suleman Alidina
A169: =A168+1 -> 47 | B169: =IFERROR(__xludf.DUMMYFUNCTION("""COMPUTED_VALUE"""),"Susanta Mishra") -> Susanta Mishra
A170: =A169+1 -> 48 | B170: =IFERROR(__xludf.DUMMYFUNCTION("""COMPUTED_VALUE"""),"Ted Shen") -> Ted Shen
...

Sheet Courts
A1: Court # | B1: Name of the Player | C1: Games Won | D1: Sets Won | E1: Check In | F1: Set 1 | G1: Set 2 | H1: Set 3 | I1: Total Games won | J1: Sets Won | K1: Court # | M1: Set 1 | N1: Set 2 | O1: Set 2 | Q1: Sets Validations | T1: Set 1 | U1: Set 2 | V1: Set 2
A2: 1 | B2: =IFERROR(__xludf.DUMMYFUNCTION("QUERY(Current!B5:F69,""Select B, C, D, F where F = 1 or F = 2 "",0)"),"#N/A") -> #N/A | I2: =sum(F2:H2) -> 0 | K2: =A2 -> 1 | M2: =if(COUNTIF(T2:T4,"Good")=2,"Good","Error") -> Error | N2: =if(COUNTIF(U2:U4,"Good")=2,"Good","Error") -> Error | O2: =if(COUNTIF(V2:V4,"Good")=2,"Good","Error") -> Error | Q2: =sum(J2:J5) -> 0 | R2: =if(Q2=0,"",if(Q2=6,"Good","ERROR")) | T2: =if(isna(VLOOKUP(F2,F3:F5,1,false)),"Error","Good") -> Error | U2: =if(isna(VLOOKUP(G2,G3:G5,1,false)),"Error","Good") -> Error | V2: =if(isna(VLOOKUP(H2,H3:H5,1,false)),"Error","Good") -> Error
A3: 1 | I3: =sum(F3:H3) -> 0 | K3: =A3 -> 1 | T3: =if(isna(VLOOKUP(F3,F4:F5,1,false)),"Error","Good") -> Error | U3: =if(isna(VLOOKUP(G3,G4:G5,1,false)),"Error","Good") -> Error | V3: =if(isna(VLOOKUP(H3,H4:H5,1,false)),"Error","Good") -> Error | AB3: Alejandro Mejia
A4: 1 | I4: =sum(F4:H4) -> 0 | K4: =A4 -> 1 | T4: =if(F4=F5,"Good") -> Good | U4: =if(G4=G5,"Good") -> Good | V4: =if(H4=H5,"Good") -> Good | W4: N | X4: Skip Court 3 | AB4: Jimmy Awolesi
A5: 1 | I5: =sum(F5:H5) -> 0 | K5: =A5 -> 1 | W5: Y | X5: Skip Court 4 | AB5: Tony Wong
A6: 2 | I6: =sum(F6:H6) -> 0 | K6: =A6 -> 2 | M6: =if(COUNTIF(T6:T8,"Good")=2,"Good","Error") -> Error | N6: =if(COUNTIF(U6:U8,"Good")=2,"Good","Error") -> Error | O6: =if(COUNTIF(V6:V8,"Good")=2,"Good","Error") -> Error | Q6: =sum(J6:J9) -> 0 | R6: =if(Q6=0,"",if(Q6=6,"Good","ERROR")) | T6: =if(isna(VLOOKUP(F6,F7:F9,1,false)),"Error","Good") -> Error | U6: =if(isna(VLOOKUP(G6,G7:G9,1,false)),"Error","Good") -> Error | V6: =if(isna(VLOOKUP(H6,H7:H9,1,false)),"Error","Good") -> Error | AB6: Vinaya Kajla
A7: 2 | I7: =sum(F7:H7) -> 0 | K7: =A7 -> 2 | T7: =if(isna(VLOOKUP(F7,F8:F9,1,false)),"Error","Good") -> Error | U7: =if(isna(VLOOKUP(G7,G8:G9,1,false)),"Error","Good") -> Error | V7: =if(isna(VLOOKUP(H7,H8:H9,1,false)),"Error","Good") -> Error
A8: 2 | I8: =sum(F8:H8) -> 0 | K8: =A8 -> 2 | T8: =if(F8=F9,"Good") -> Good | U8: =if(G8=G9,"Good") -> Good | V8: =if(H8=H9,"Good") -> Good
A9: 2 | I9: =sum(F9:H9) -> 0 | K9: =A9 -> 2
A10: =if(W4="Y",A9+3,A9+1) -> 3 | I10: =sum(F10:H10) -> 0 | K10: =A10 -> 3 | M10: =if(COUNTIF(T10:T12,"Good")=2,"Good","Error") -> Error | N10: =if(COUNTIF(U10:U12,"Good")=2,"Good","Error") -> Error | O10: =if(COUNTIF(V10:V12,"Good")=2,"Good","Error") -> Error | Q10: =sum(J10:J13) -> 0 | R10: =if(Q10=0,"",if(Q10=6,"Good","ERROR")) | T10: =if(isna(VLOOKUP(F10,F11:F13,1,false)),"Error","Good") -> Error | U10: =if(isna(VLOOKUP(G10,G11:G13,1,false)),"Error","Good") -> Error | V10: =if(isna(VLOOKUP(H10,H11:H13,1,false)),"Error","Good") -> Error
A11: =A10 -> 3 | I11: =sum(F11:H11) -> 0 | K11: =A11 -> 3 | T11: =if(isna(VLOOKUP(F11,F12:F13,1,false)),"Error","Good") -> Error | U11: =if(isna(VLOOKUP(G11,G12:G13,1,false)),"Error","Good") -> Error | V11: =if(isna(VLOOKUP(H11,H12:H13,1,false)),"Error","Good") -> Error | AB11: Suleman Alidina
A12: =A11 -> 3 | I12: =sum(F12:H12) -> 0 | K12: =A12 -> 3 | T12: =if(F12=F13,"Good") -> Good | U12: =if(G12=G13,"Good") -> Good | V12: =if(H12=H13,"Good") -> Good | AB12: Ash Nikravan
A13: =A12 -> 3 | I13: =sum(F13:H13) -> 0 | K13: =A13 -> 3 | AB13: Susanta Mishra
A14: =if(W5="Y",A13+2,A13+1) -> 5 | I14: =sum(F14:H14) -> 0 | K14: =A14 -> 5 | M14: =if(COUNTIF(T14:T16,"Good")=2,"Good","Error") -> Error | N14: =if(COUNTIF(U14:U16,"Good")=2,"Good","Error") -> Error | O14: =if(COUNTIF(V14:V16,"Good")=2,"Good","Error") -> Error | Q14: =sum(J14:J17) -> 0 | R14: =if(Q14=0,"",if(Q14=6,"Good","ERROR")) | T14: =if(isna(VLOOKUP(F14,F15:F17,1,false)),"Error","Good") -> Error | U14: =if(isna(VLOOKUP(G14,G15:G17,1,false)),"Error","Good") -> Error | V14: =if(isna(VLOOKUP(H14,H15:H17,1,false)),"Error","Good") -> Error | AB14: David Tam
A15: =A14 -> 5 | I15: =sum(F15:H15) -> 0 | K15: =A15 -> 5 | T15: =if(isna(VLOOKUP(F15,F16:F17,1,false)),"Error","Good") -> Error | U15: =if(isna(VLOOKUP(G15,G16:G17,1,false)),"Error","Good") -> Error | V15: =if(isna(VLOOKUP(H15,H16:H17,1,false)),"Error","Good") -> Error
A16: =A15 -> 5 | I16: =sum(F16:H16) -> 0 | K16: =A16 -> 5 | T16: =if(F16=F17,"Good") -> Good | U16: =if(G16=G17,"Good") -> Good | V16: =if(H16=H17,"Good") -> Good
A17: =A16 -> 5 | I17: =sum(F17:H17) -> 0 | K17: =A17 -> 5
A18: =A17+1 -> 6 | I18: =sum(F18:H18) -> 0 | K18: =A18 -> 6 | M18: =if(COUNTIF(T18:T20,"Good")=2,"Good","Error") -> Error | N18: =if(COUNTIF(U18:U20,"Good")=2,"Good","Error") -> Error | O18: =if(COUNTIF(V18:V20,"Good")=2,"Good","Error") -> Error | Q18: =sum(J18:J21) -> 0 | R18: =if(Q18=0,"",if(Q18=6,"Good","ERROR")) | T18: =if(isna(VLOOKUP(F18,F19:F21,1,false)),"Error","Good") -> Error | U18: =if(isna(VLOOKUP(G18,G19:G21,1,false)),"Error","Good") -> Error | V18: =if(isna(VLOOKUP(H18,H19:H21,1,false)),"Error","Good") -> Error | AB18: Pulkit Mathur
A19: =A18 -> 6 | I19: =sum(F19:H19) -> 0 | K19: =A19 -> 6 | T19: =if(isna(VLOOKUP(F19,F20:F21,1,false)),"Error","Good") -> Error | U19: =if(isna(VLOOKUP(G19,G20:G21,1,false)),"Error","Good") -> Error | V19: =if(isna(VLOOKUP(H19,H20:H21,1,false)),"Error","Good") -> Error | AB19: Kingsley Kuo
A20: =A19 -> 6 | I20: =sum(F20:H20) -> 0 | K20: =A20 -> 6 | T20: =if(F20=F21,"Good") -> Good | U20: =if(G20=G21,"Good") -> Good | V20: =if(H20=H21,"Good") -> Good | AB20: Scott Li
A21: =A20 -> 6 | I21: =sum(F21:H21) -> 0 | K21: =A21 -> 6 | AB21: Vamsi Lolla
A22: =A21+1 -> 7 | I22: =sum(F22:H22) -> 0 | K22: =A22 -> 7 | M22: =if(COUNTIF(T22:T24,"Good")=2,"Good","Error") -> Error | N22: =if(COUNTIF(U22:U24,"Good")=2,"Good","Error") -> Error | O22: =if(COUNTIF(V22:V24,"Good")=2,"Good","Error") -> Error | Q22: =sum(J22:J25) -> 0 | R22: =if(Q22=0,"",if(Q22=6,"Good","ERROR")) | T22: =if(isna(VLOOKUP(F22,F23:F25,1,false)),"Error","Good") -> Error | U22: =if(isna(VLOOKUP(G22,G23:G25,1,false)),"Error","Good") -> Error | V22: =if(isna(VLOOKUP(H22,H23:H25,1,false)),"Error","Good") -> Error
A23: =A22 -> 7 | I23: =sum(F23:H23) -> 0 | K23: =A23 -> 7 | T23: =if(isna(VLOOKUP(F23,F24:F25,1,false)),"Error","Good") -> Error | U23: =if(isna(VLOOKUP(G23,G24:G25,1,false)),"Error","Good") -> Error | V23: =if(isna(VLOOKUP(H23,H24:H25,1,false)),"Error","Good") -> Error
A24: =A23 -> 7 | I24: =sum(F24:H24) -> 0 | K24: =A24 -> 7 | T24: =if(F24=F25,"Good") -> Good | U24: =if(G24=G25,"Good") -> Good | V24: =if(H24=H25,"Good") -> Good | AB24: Rajasekar Ramasamy
A25: =A24 -> 7 | I25: =sum(F25:H25) -> 0 | K25: =A25 -> 7 | AB25: Anish Kumar
A26: =A25+1 -> 8 | I26: =sum(F26:H26) -> 0 | K26: =A26 -> 8 | M26: =if(COUNTIF(T26:T28,"Good")=2,"Good","Error") -> Error | N26: =if(COUNTIF(U26:U28,"Good")=2,"Good","Error") -> Error | O26: =if(COUNTIF(V26:V28,"Good")=2,"Good","Error") -> Error | Q26: =sum(J26:J29) -> 0 | R26: =if(Q26=0,"",if(Q26=6,"Good","ERROR")) | T26: =if(isna(VLOOKUP(F26,F27:F29,1,false)),"Error","Good") -> Error | U26: =if(isna(VLOOKUP(G26,G27:G29,1,false)),"Error","Good") -> Error | V26: =if(isna(VLOOKUP(H26,H27:H29,1,false)),"Error","Good") -> Error | AB26: Manuel Rivera
A27: =A26 -> 8 | I27: =sum(F27:H27) -> 0 | K27: =A27 -> 8 | T27: =if(isna(VLOOKUP(F27,F28:F29,1,false)),"Error","Good") -> Error | U27: =if(isna(VLOOKUP(G27,G28:G29,1,false)),"Error","Good") -> Error | V27: =if(isna(VLOOKUP(H27,H28:H29,1,false)),"Error","Good") -> Error | AB27: Ted Shen
A28: =A27 -> 8 | I28: =sum(F28:H28) -> 0 | K28: =A28 -> 8 | T28: =if(F28=F29,"Good") -> Good | U28: =if(G28=G29,"Good") -> Good | V28: =if(H28=H29,"Good") -> Good
A29: =A28 -> 8 | I29: =sum(F29:H29) -> 0 | K29: =A29 -> 8
A30: =A29+1 -> 9 | I30: =sum(F30:H30) -> 0 | K30: =A30 -> 9 | M30: =if(COUNTIF(T30:T32,"Good")=2,"Good","Error") -> Error | N30: =if(COUNTIF(U30:U32,"Good")=2,"Good","Error") -> Error | O30: =if(COUNTIF(V30:V32,"Good")=2,"Good","Error") -> Error | Q30: =sum(J30:J33) -> 0 | R30: =if(Q30=0,"",if(Q30=6,"Good","ERROR")) | T30: =if(isna(VLOOKUP(F30,F31:F33,1,false)),"Error","Good") -> Error | U30: =if(isna(VLOOKUP(G30,G31:G33,1,false)),"Error","Good") -> Error | V30: =if(isna(VLOOKUP(H30,H31:H33,1,false)),"Error","Good") -> Error
A31: =A30 -> 9 | I31: =sum(F31:H31) -> 0 | K31: =A31 -> 9 | T31: =if(isna(VLOOKUP(F31,F32:F33,1,false)),"Error","Good") -> Error | U31: =if(isna(VLOOKUP(G31,G32:G33,1,false)),"Error","Good") -> Error | V31: =if(isna(VLOOKUP(H31,H32:H33,1,false)),"Error","Good") -> Error
A32: =A31 -> 9 | I32: =sum(F32:H32) -> 0 | K32: =A32 -> 9 | T32: =if(F32=F33,"Good") -> Good | U32: =if(G32=G33,"Good") -> Good | V32: =if(H32=H33,"Good") -> Good
A33: =A32 -> 9 | I33: =sum(F33:H33) -> 0 | K33: =A33 -> 9 | AB33: Chinna Ponnaganti
A34: 99 | I34: =sum(F34:H34) -> 0 | K34: 99 | AB34: Mauricio Palacios
A35: 99 | I35: =sum(F35:H35) -> 0 | K35: 99 | AB35: Joyce Zhu
A36: 99 | I36: =sum(F36:H36) -> 0 | K36: 99 | AB36: Balaji Alahari
A37: 99 | I37: =sum(F37:H37) -> 0 | K37: 99
A38: 99 | I38: =sum(F38:H38) -> 0 | K38: 99
A39: 99 | I39: =sum(F39:H39) -> 0 | K39: 99
A40: 99 | I40: =sum(F40:H40) -> 0 | K40: 99
A41: 99 | I41: =sum(F41:H41) -> 0 | K41: 99
A42: 99 | I42: =sum(F42:H42) -> 0 | K42: 99
A43: 99 | I43: =sum(F43:H43) -> 0 | K43: 99
A44: 99 | I44: =sum(F44:H44) -> 0 | K44: 99
A45: 99 | I45: =sum(F45:H45) -> 0 | K45: 99
A46: 99 | I46: =sum(F46:H46) -> 0 | K46: 99

Sheet Checkin
A1: Name | B1: Check in | C1: Sit Outs | E1: Sl.No | F1: Playing | G1: Out | H1: Out-Can Play | I1: To Respond | J1: Sitouts | K1: Playing-Can Sit | L1: Previous sitouts | M1: Sit Outs
A2: =IFERROR(__xludf.DUMMYFUNCTION("IMPORTRANGE(""1uZFF2o7rrfB0YZtASdZnP52Ef50ZinvtOPb1Tbuq8J4"",""CheckIn!C1:D99"")"),"#REF!") -> #REF! | C2: =VLOOKUP(A2,Current!B:S,18,false) -> #REF! | E2: 1 | F2: =IFERROR(__xludf.DUMMYFUNCTION("QUERY(A2:B99, ""Select A where B = 1 order by A"")"),"#N/A") -> #N/A | G2: =IFERROR(__xludf.DUMMYFUNCTION("QUERY($A2:$B99, ""Select A where B = 3 order by A"")"),"#N/A") -> #N/A | H2: =IFERROR(__xludf.DUMMYFUNCTION("QUERY($A2:$B99, ""Select A where B = 4"")"),"#N/A") -> #N/A | I2: =IFERROR(__xludf.DUMMYFUNCTION("QUERY(Current!B5:F69, ""Select B where F = 0 order by B"")"),"Adrian Tay") -> Adrian Tay | J2: =IFERROR(__xludf.DUMMYFUNCTION("QUERY(A2:C99, ""Select A where B = 5 order by C"")"),"#N/A") -> #N/A | K2: =IFERROR(__xludf.DUMMYFUNCTION("QUERY($A2:$C99, ""Select A,C where B = 2 order by C"")"),"#N/A") -> #N/A | M2: =if(P19>0,1,"")
C3: =VLOOKUP(A3,Current!B:S,18,false) -> #N/A | E3: =E2+1 -> 2 | I3: =IFERROR(__xludf.DUMMYFUNCTION("""COMPUTED_VALUE"""),"Alejandro Mejia") -> Alejandro Mejia | M3: =if(AND(M2>0, counta($K$2:K3)<=$P$19),M2+1,"")
C4: =VLOOKUP(A4,Current!B:S,18,false) -> #N/A | E4: =E3+1 -> 3 | I4: =IFERROR(__xludf.DUMMYFUNCTION("""COMPUTED_VALUE"""),"Alex Hou") -> Alex Hou | M4: =if(AND(M3>0, counta($K$2:K4)<=$P$19),M3+1,"") | O4: Last update | P4: =now() -> 46311.709
C5: =VLOOKUP(A5,Current!B:S,18,false) -> #N/A | E5: =E4+1 -> 4 | I5: =IFERROR(__xludf.DUMMYFUNCTION("""COMPUTED_VALUE"""),"Amit Patel") -> Amit Patel | M5: =if(AND(M4>0, counta($K$2:K5)<=$P$19),M4+1,"")
C6: =VLOOKUP(A6,Current!B:S,18,false) -> #N/A | E6: =E5+1 -> 5 | I6: =IFERROR(__xludf.DUMMYFUNCTION("""COMPUTED_VALUE"""),"Andrew Wen") -> Andrew Wen | M6: =if(AND(M5>0, counta($K$2:K6)<=$P$19),M5+1,"") | O6: Playing | P6: =if(isna(F2),0,COUNTA(F$2:F$58)) -> 0
C7: =VLOOKUP(A7,Current!B:S,18,false) -> #N/A | E7: =E6+1 -> 6 | I7: =IFERROR(__xludf.DUMMYFUNCTION("""COMPUTED_VALUE"""),"Arun Mallikarjuna") -> Arun Mallikarjuna | M7: =if(AND(M6>0, counta($K$2:K7)<=$P$19),M6+1,"") | O7: Playing-Can Sit | P7: =if(isna(K2),0,COUNTA(K2:K99)) -> 0
C8: =VLOOKUP(A8,Current!B:S,18,false) -> #N/A | E8: =E7+1 -> 7 | I8: =IFERROR(__xludf.DUMMYFUNCTION("""COMPUTED_VALUE"""),"Balaji Alahari") -> Balaji Alahari | M8: =if(AND(M7>0, counta($K$2:K8)<=$P$19),M7+1,"") | O8: Out/Can Play | P8: =if(isna(H2),0,COUNTA(H$2:H$58)) -> 0
C9: =VLOOKUP(A9,Current!B:S,18,false) -> #N/A | E9: =E8+1 -> 8 | I9: =IFERROR(__xludf.DUMMYFUNCTION("""COMPUTED_VALUE"""),"Chinna Ponnaganti") -> Chinna Ponnaganti | M9: =if(AND(M8>0, counta($K$2:K9)<=$P$19),M8+1,"") | O9: Out | P9: =if(isna(G2),0,COUNTA(G$2:G$58)) -> 0
C10: =VLOOKUP(A10,Current!B:S,18,false) -> #N/A | E10: =E9+1 -> 9 | I10: =IFERROR(__xludf.DUMMYFUNCTION("""COMPUTED_VALUE"""),"Christopher Li") -> Christopher Li | M10: =if(AND(M9>0, counta($K$2:K10)<=$P$19),M9+1,"") | O10: Sitouts | P10: =if(isna(J2),0,COUNTA(J$2:J$29)) -> 0
C11: =VLOOKUP(A11,Current!B:S,18,false) -> #N/A | E11: =E10+1 -> 10 | I11: =IFERROR(__xludf.DUMMYFUNCTION("""COMPUTED_VALUE"""),"Cid Macaraeg") -> Cid Macaraeg | M11: =if(AND(M10>0, counta($K$2:K11)<=$P$19),M10+1,"") | O11: TBD | P11: =if(isna(I2),0,COUNTA(I$2:I$99)) -> 65
C12: =VLOOKUP(A12,Current!B:S,18,false) -> #N/A | E12: =E11+1 -> 11 | I12: =IFERROR(__xludf.DUMMYFUNCTION("""COMPUTED_VALUE"""),"Coco Yan") -> Coco Yan | M12: =if(AND(M11>0, counta($K$2:K12)<=$P$19),M11+1,"") | O12: Total | P12: =sum(P6:P11) -> 65
C13: =VLOOKUP(A13,Current!B:S,18,false) -> #N/A | E13: =E12+1 -> 12 | I13: =IFERROR(__xludf.DUMMYFUNCTION("""COMPUTED_VALUE"""),"David Shin") -> David Shin | M13: =if(AND(M12>0, counta($K$2:K13)<=$P$19),M12+1,"")
C14: =VLOOKUP(A14,Current!B:S,18,false) -> #N/A | E14: =E13+1 -> 13 | I14: =IFERROR(__xludf.DUMMYFUNCTION("""COMPUTED_VALUE"""),"Elayaraja Thangaraj ") -> Elayaraja Thangaraj | M14: =if(AND(M13>0, counta($K$2:K14)<=$P$19),M13+1,"") | O14: Playing | P14: =sum(P6:P7) -> 0 | Q14: Check out-can play
C15: =VLOOKUP(A15,Current!B:S,18,false) -> #N/A | E15: =E14+1 -> 14 | I15: =IFERROR(__xludf.DUMMYFUNCTION("""COMPUTED_VALUE"""),"Eric Pan") -> Eric Pan | M15: =if(AND(M14>0, counta($K$2:K15)<=$P$19),M14+1,"") | O15: Out | P15: =P9+P8 -> 0
C16: =VLOOKUP(A16,Current!B:S,18,false) -> #N/A | E16: =E15+1 -> 15 | I16: =IFERROR(__xludf.DUMMYFUNCTION("""COMPUTED_VALUE"""),"Eric Tan") -> Eric Tan | M16: =if(AND(M15>0, counta($K$2:K16)<=$P$19),M15+1,"") | O16: TBD | P16: =P11 -> 65
C17: =VLOOKUP(A17,Current!B:S,18,false) -> #N/A | E17: =E16+1 -> 16 | I17: =IFERROR(__xludf.DUMMYFUNCTION("""COMPUTED_VALUE"""),"Erik Hoeckmann") -> Erik Hoeckmann | M17: =if(AND(M16>0, counta($K$2:K17)<=$P$19),M16+1,"") | O17: Total | P17: =sum(P14:P16) -> 65
C18: =VLOOKUP(A18,Current!B:S,18,false) -> #N/A | E18: =E17+1 -> 17 | I18: =IFERROR(__xludf.DUMMYFUNCTION("""COMPUTED_VALUE"""),"Frank Moon") -> Frank Moon | M18: =if(AND(M17>0, counta($K$2:K18)<=$P$19),M17+1,"")
C19: =VLOOKUP(A19,Current!B:S,18,false) -> #N/A | E19: =E18+1 -> 18 | I19: =IFERROR(__xludf.DUMMYFUNCTION("""COMPUTED_VALUE"""),"Herman Au") -> Herman Au | M19: =if(AND(M18>0, counta($K$2:K19)<=$P$19),M18+1,"") | O19: Sitouts Needed | P19: =IF((P14-32) > 0,(P14-32),0) -> 0
C20: =VLOOKUP(A20,Current!B:S,18,false) -> #N/A | E20: =E19+1 -> 19 | I20: =IFERROR(__xludf.DUMMYFUNCTION("""COMPUTED_VALUE"""),"James Phan") -> James Phan | M20: =if(AND(M19>0, counta($K$2:K20)<=$P$19),M19+1,"")
C21: =VLOOKUP(A21,Current!B:S,18,false) -> #N/A | E21: =E20+1 -> 20 | I21: =IFERROR(__xludf.DUMMYFUNCTION("""COMPUTED_VALUE"""),"Jim Miao") -> Jim Miao | M21: =if(AND(M20>0, counta($K$2:K21)<=$P$19),M20+1,"") | O21: Vacations
C22: =VLOOKUP(A22,Current!B:S,18,false) -> #N/A | E22: =E21+1 -> 21 | I22: =IFERROR(__xludf.DUMMYFUNCTION("""COMPUTED_VALUE"""),"Jimmy Awolesi") -> Jimmy Awolesi | M22: =if(AND(M21>0, counta($K$2:K22)<=$P$19),M21+1,"") | O22: Peter Homsey | P22: 6464581349
C23: =VLOOKUP(A23,Current!B:S,18,false) -> #N/A | E23: =E22+1 -> 22 | I23: =IFERROR(__xludf.DUMMYFUNCTION("""COMPUTED_VALUE"""),"Joe Luzzi") -> Joe Luzzi | L23: =if(K23<>"",VLOOKUP(K23,Current!B:S,17,false),"") | O23: Jose Ortiz | P23: 6268263665
C24: =VLOOKUP(A24,Current!B:S,18,false) -> #N/A | E24: =E23+1 -> 23 | I24: =IFERROR(__xludf.DUMMYFUNCTION("""COMPUTED_VALUE"""),"Jonathan Phan") -> Jonathan Phan | O24: Tony Lin | P24: 9092638257
C25: =VLOOKUP(A25,Current!B:S,18,false) -> #N/A | E25: =E24+1 -> 24 | I25: =IFERROR(__xludf.DUMMYFUNCTION("""COMPUTED_VALUE"""),"Jose Ortiz") -> Jose Ortiz
C26: =VLOOKUP(A26,Current!B:S,18,false) -> #N/A | E26: =E25+1 -> 25 | I26: =IFERROR(__xludf.DUMMYFUNCTION("""COMPUTED_VALUE"""),"Joyce Zhu") -> Joyce Zhu
C27: =VLOOKUP(A27,Current!B:S,18,false) -> #N/A | E27: =E26+1 -> 26 | I27: =IFERROR(__xludf.DUMMYFUNCTION("""COMPUTED_VALUE"""),"Kumar Palakeel") -> Kumar Palakeel
C28: =VLOOKUP(A28,Current!B:S,18,false) -> #N/A | E28: =E27+1 -> 27 | I28: =IFERROR(__xludf.DUMMYFUNCTION("""COMPUTED_VALUE"""),"Lam Bui") -> Lam Bui
C29: =VLOOKUP(A29,Current!B:S,18,false) -> #N/A | E29: =E28+1 -> 28 | I29: =IFERROR(__xludf.DUMMYFUNCTION("""COMPUTED_VALUE"""),"Leigh-Anh Nguyen") -> Leigh-Anh Nguyen | O29: Injured/Recovering
C30: =VLOOKUP(A30,Current!B:S,18,false) -> #N/A | E30: =E29+1 -> 29 | I30: =IFERROR(__xludf.DUMMYFUNCTION("""COMPUTED_VALUE"""),"Lloyd Sagar") -> Lloyd Sagar
C31: =VLOOKUP(A31,Current!B:S,18,false) -> #N/A | E31: =E30+1 -> 30 | I31: =IFERROR(__xludf.DUMMYFUNCTION("""COMPUTED_VALUE"""),"Luis Hsu") -> Luis Hsu
C32: =VLOOKUP(A32,Current!B:S,18,false) -> #N/A | E32: =E31+1 -> 31 | I32: =IFERROR(__xludf.DUMMYFUNCTION("""COMPUTED_VALUE"""),"Manish Anand") -> Manish Anand
C33: =VLOOKUP(A33,Current!B:S,18,false) -> #N/A | E33: =E32+1 -> 32 | I33: =IFERROR(__xludf.DUMMYFUNCTION("""COMPUTED_VALUE"""),"Manuel Rivera") -> Manuel Rivera
C34: =VLOOKUP(A34,Current!B:S,18,false) -> #N/A | E34: =E33+1 -> 33 | I34: =IFERROR(__xludf.DUMMYFUNCTION("""COMPUTED_VALUE"""),"Matthew Huang") -> Matthew Huang
C35: =VLOOKUP(A35,Current!B:S,18,false) -> #N/A | E35: =E34+1 -> 34 | I35: =IFERROR(__xludf.DUMMYFUNCTION("""COMPUTED_VALUE"""),"Mauricio Palacios") -> Mauricio Palacios
C36: =VLOOKUP(A36,Current!B:S,18,false) -> #N/A | E36: =E35+1 -> 35 | I36: =IFERROR(__xludf.DUMMYFUNCTION("""COMPUTED_VALUE"""),"Naveen Raj") -> Naveen Raj
C37: =VLOOKUP(A37,Current!B:S,18,false) -> #N/A | E37: =E36+1 -> 36 | I37: =IFERROR(__xludf.DUMMYFUNCTION("""COMPUTED_VALUE"""),"Nicole Ni") -> Nicole Ni
C38: =VLOOKUP(A38,Current!B:S,18,false) -> #N/A | E38: =E37+1 -> 37 | I38: =IFERROR(__xludf.DUMMYFUNCTION("""COMPUTED_VALUE"""),"Nohely Mejia") -> Nohely Mejia
C39: =VLOOKUP(A39,Current!B:S,18,false) -> #N/A | E39: =E38+1 -> 38 | I39: =IFERROR(__xludf.DUMMYFUNCTION("""COMPUTED_VALUE"""),"Oscar Bonilla") -> Oscar Bonilla
C40: =VLOOKUP(A40,Current!B:S,18,false) -> #N/A | E40: =E39+1 -> 39 | I40: =IFERROR(__xludf.DUMMYFUNCTION("""COMPUTED_VALUE"""),"Pavan Akkimsetty") -> Pavan Akkimsetty
C41: =VLOOKUP(A41,Current!B:S,18,false) -> #N/A | E41: =E40+1 -> 40 | I41: =IFERROR(__xludf.DUMMYFUNCTION("""COMPUTED_VALUE"""),"Peter Cheng") -> Peter Cheng
C42: =VLOOKUP(A42,Current!B:S,18,false) -> #N/A | E42: =E41+1 -> 41 | I42: =IFERROR(__xludf.DUMMYFUNCTION("""COMPUTED_VALUE"""),"Peter Homsey") -> Peter Homsey
C43: =VLOOKUP(A43,Current!B:S,18,false) -> #N/A | E43: =E42+1 -> 42 | I43: =IFERROR(__xludf.DUMMYFUNCTION("""COMPUTED_VALUE"""),"Pulkit Mathur") -> Pulkit Mathur
C44: =VLOOKUP(A44,Current!B:S,18,false) -> #N/A | E44: =E43+1 -> 43 | I44: =IFERROR(__xludf.DUMMYFUNCTION("""COMPUTED_VALUE"""),"Rajasekar Ramasamy") -> Rajasekar Ramasamy
C45: =VLOOKUP(A45,Current!B:S,18,false) -> #N/A | E45: =E44+1 -> 44 | I45: =IFERROR(__xludf.DUMMYFUNCTION("""COMPUTED_VALUE"""),"Rajesh Dorairaj") -> Rajesh Dorairaj
C46: =VLOOKUP(A46,Current!B:S,18,false) -> #N/A | E46: =E45+1 -> 45 | I46: =IFERROR(__xludf.DUMMYFUNCTION("""COMPUTED_VALUE"""),"Ramesh Bandaru") -> Ramesh Bandaru
C47: =VLOOKUP(A47,Current!B:S,18,false) -> #N/A | E47: =E46+1 -> 46 | I47: =IFERROR(__xludf.DUMMYFUNCTION("""COMPUTED_VALUE"""),"Robert Chang") -> Robert Chang
C48: =VLOOKUP(A48,Current!B:S,18,false) -> #N/A | E48: =E47+1 -> 47 | I48: =IFERROR(__xludf.DUMMYFUNCTION("""COMPUTED_VALUE"""),"Sai Dilip Ponnaganti") -> Sai Dilip Ponnaganti
C49: =VLOOKUP(A49,Current!B:S,18,false) -> #N/A | E49: =E48+1 -> 48 | I49: =IFERROR(__xludf.DUMMYFUNCTION("""COMPUTED_VALUE"""),"Sandy Weyant") -> Sandy Weyant
C50: =VLOOKUP(A50,Current!B:S,18,false) -> #N/A | E50: =E49+1 -> 49 | I50: =IFERROR(__xludf.DUMMYFUNCTION("""COMPUTED_VALUE"""),"Sanjaye Elayattu") -> Sanjaye Elayattu
C51: =VLOOKUP(A51,Current!B:S,18,false) -> #N/A | E51: =E50+1 -> 50 | I51: =IFERROR(__xludf.DUMMYFUNCTION("""COMPUTED_VALUE"""),"Santosh Sundaresan ") -> Santosh Sundaresan
C52: =VLOOKUP(A52,Current!B:S,18,false) -> #N/A | E52: =E51+1 -> 51 | I52: =IFERROR(__xludf.DUMMYFUNCTION("""COMPUTED_VALUE"""),"Saravanan Veerapandian") -> Saravanan Veerapandian
C53: =VLOOKUP(A53,Current!B:S,18,false) -> #N/A | E53: =E52+1 -> 52 | I53: =IFERROR(__xludf.DUMMYFUNCTION("""COMPUTED_VALUE"""),"Scott Li") -> Scott Li
C54: =VLOOKUP(A54,Current!B:S,18,false) -> #N/A | E54: =E53+1 -> 53 | I54: =IFERROR(__xludf.DUMMYFUNCTION("""COMPUTED_VALUE"""),"Sean Chang") -> Sean Chang
C55: =VLOOKUP(A55,Current!B:S,18,false) -> #N/A | E55: =E54+1 -> 54 | I55: =IFERROR(__xludf.DUMMYFUNCTION("""COMPUTED_VALUE"""),"Suleman Alidina") -> Suleman Alidina
C56: =VLOOKUP(A56,Current!B:S,18,false) -> #N/A | E56: =E55+1 -> 55 | I56: =IFERROR(__xludf.DUMMYFUNCTION("""COMPUTED_VALUE"""),"Susanta Mishra") -> Susanta Mishra
C57: =VLOOKUP(A57,Current!B:S,18,false) -> #N/A | E57: =E56+1 -> 56 | I57: =IFERROR(__xludf.DUMMYFUNCTION("""COMPUTED_VALUE"""),"Ted Shen") -> Ted Shen
C58: =VLOOKUP(A58,Current!B:S,18,false) -> #N/A | E58: =E57+1 -> 57 | I58: =IFERROR(__xludf.DUMMYFUNCTION("""COMPUTED_VALUE"""),"Tom Le") -> Tom Le
C59: =VLOOKUP(A59,Current!B:S,18,false) -> #N/A | E59: =E58+1 -> 58 | I59: =IFERROR(__xludf.DUMMYFUNCTION("""COMPUTED_VALUE"""),"Tony Lin") -> Tony Lin
C60: =VLOOKUP(A60,Current!B:S,18,false) -> #N/A | E60: =E59+1 -> 59 | I60: =IFERROR(__xludf.DUMMYFUNCTION("""COMPUTED_VALUE"""),"Trinath Goteti") -> Trinath Goteti
C61: =VLOOKUP(A61,Current!B:S,18,false) -> #N/A | E61: =E60+1 -> 60 | I61: =IFERROR(__xludf.DUMMYFUNCTION("""COMPUTED_VALUE"""),"Trish Newlin") -> Trish Newlin
C62: =VLOOKUP(A62,Current!B:S,18,false) -> #N/A | E62: =E61+1 -> 61 | I62: =IFERROR(__xludf.DUMMYFUNCTION("""COMPUTED_VALUE"""),"Troy Wong") -> Troy Wong
C63: =VLOOKUP(A63,Current!B:S,18,false) -> #N/A | E63: =E62+1 -> 62 | I63: =IFERROR(__xludf.DUMMYFUNCTION("""COMPUTED_VALUE"""),"Vinaya Kajla") -> Vinaya Kajla
C64: =VLOOKUP(A64,Current!B:S,18,false) -> #N/A | E64: =E63+1 -> 63 | I64: =IFERROR(__xludf.DUMMYFUNCTION("""COMPUTED_VALUE"""),"Vinz Solano") -> Vinz Solano
C65: =VLOOKUP(A65,Current!B:S,18,false) -> #N/A | E65: =E64+1 -> 64 | I65: =IFERROR(__xludf.DUMMYFUNCTION("""COMPUTED_VALUE"""),"Vishnu Amarnath") -> Vishnu Amarnath
C66: =VLOOKUP(A66,Current!B:S,18,false) -> #N/A | E66: =E65+1 -> 65 | I66: =IFERROR(__xludf.DUMMYFUNCTION("""COMPUTED_VALUE"""),"Wayne Liu") -> Wayne Liu
C67: =VLOOKUP(A67,Current!B:S,18,false) -> #N/A | E67: =E66+1 -> 66

Sheet Waitlist
A1: =IFERROR(__xludf.DUMMYFUNCTION("IMPORTRANGE(""1vk67ABbS4TvdE0gnpv39mwReeTC8qhP2vyc266Yeuy8"",""Waitlist!A1:D99"")"),"#REF!") -> #REF!
G4: Here is the link to add new players to the waitlist.
G5: tinyurl.com/UTCWaitList

Sheet 122824
B1: Standings as of | C1: 45654
B2: Number of Weeks Played | D2: 26 | AB2: =text(C1-7,"mm/dd/yy") -> 12/21/24
C3: Beginning of week | F3: Current Week Scores | N3: End of week | Q3: Jul-Dec 2024 | R3: Jan-Jun 2025
A4: Ranking | B4: Name of Player | C4: Games Won | D4: Sets Won | E4: Games Won / Match | F4: Check IN | G4: Court # | H4: Set 0 | I4: Set 1 | J4: Set 2 | K4: Set 3 | L4: Games Won | M4: Sets Won | N4: Games Won | O4: Sets Won | P4: Waiver | Q4: Fee | R4: Fee | S4: Sit outs | T4: No Shows | U4: Absent | V4: Positions Gained/Lost | W4: Ranking
A5: 1 | B5: Adrian Tay | C5: 392 | D5: 47 | E5: =(C5-(U5*9)-(S5*13))/($D$2-U5-S5) -> 17.333333 | F5: 4 | G5: 0 | H5: 9 | I5: 0 | J5: 0 | K5: 0 | L5: 9 | M5: 0 | N5: =C5+L5 -> 401 | O5: =D5+M5 -> 47 | P5: X | Q5: X | R5: X | S5: =if(H5=13,1,0)+VLOOKUP(B5,indirect($AB$2&"!B:T"),18,false) -> 2 | U5: =if(H5=9,1,0)+VLOOKUP(B5,indirect($AB$2&"!B:U"),20,false) -> 6 | V5: =VLOOKUP(B5,indirect($AB$2&"!B$5:w$70"),22,false)-A5 -> 0 | W5: 1
A6: =A5+1 -> 2 | B6: David Shin | C6: 336 | D6: 28 | E6: =(C6-(U6*9)-(S6*13))/($D$2-U6-S6) -> 14 | F6: 1 | G6: 1 | H6: 0 | I6: 6 | J6: 5 | K6: 7 | L6: 18 | M6: 2 | N6: =C6+L6 -> 354 | O6: =D6+M6 -> 30 | P6: X | Q6: X | R6: X | S6: =if(H6=13,1,0)+VLOOKUP(B6,indirect($AB$2&"!B:T"),18,false) -> 3 | U6: =if(H6=9,1,0)+VLOOKUP(B6,indirect($AB$2&"!B:U"),20,false) -> 5 | V6: =VLOOKUP(B6,indirect($AB$2&"!B$5:w$70"),22,false)-A6 -> 1 | W6: =W5+1 -> 2
A7: =A6+1 -> 3 | B7: Tom Le | C7: 331 | D7: 32 | E7: =(C7-(U7*9)-(S7*13))/($D$2-U7-S7) -> 14.105263 | F7: 1 | G7: 1 | H7: 0 | I7: 6 | J7: 7 | K7: 6 | L7: 19 | M7: 2 | N7: =C7+L7 -> 350 | O7: =D7+M7 -> 34 | P7: X | Q7: X | R7: X | S7: =if(H7=13,1,0)+VLOOKUP(B7,indirect($AB$2&"!B:T"),18,false) -> 0 | U7: =if(H7=9,1,0)+VLOOKUP(B7,indirect($AB$2&"!B:U"),20,false) -> 7 | V7: =VLOOKUP(B7,indirect($AB$2&"!B$5:w$70"),22,false)-A7 -> 1 | W7: =W6+1 -> 3
A8: =A7+1 -> 4 | B8: Ted Shen | C8: 331 | D8: 30 | E8: =(C8-(U8*9)-(S8*13))/($D$2-U8-S8) -> 13.043478 | F8: 1 | G8: 1 | H8: 0 | I8: 0 | J8: 7 | K8: 7 | L8: 14 | M8: 2 | N8: =C8+L8 -> 345 | O8: =D8+M8 -> 32 | P8: X | Q8: X | R8: X | S8: =if(H8=13,1,0)+VLOOKUP(B8,indirect($AB$2&"!B:T"),18,false) -> 1 | U8: =if(H8=9,1,0)+VLOOKUP(B8,indirect($AB$2&"!B:U"),20,false) -> 2 | V8: =VLOOKUP(B8,indirect($AB$2&"!B$5:w$70"),22,false)-A8 -> 6 | W8: =W7+1 -> 4
A9: =A8+1 -> 5 | B9: Frank Moon | C9: 329 | D9: 31 | E9: =(C9-(U9*9)-(S9*13))/($D$2-U9-S9) -> 12.958333 | F9: 3 | G9: 0 | H9: 9 | I9: 0 | J9: 0 | K9: 0 | L9: 9 | M9: 0 | N9: =C9+L9 -> 338 | O9: =D9+M9 -> 31 | P9: X | Q9: X | R9: X | S9: =if(H9=13,1,0)+VLOOKUP(B9,indirect($AB$2&"!B:T"),18,false) -> 0 | U9: =if(H9=9,1,0)+VLOOKUP(B9,indirect($AB$2&"!B:U"),20,false) -> 2 | V9: =VLOOKUP(B9,indirect($AB$2&"!B$5:w$70"),22,false)-A9 -> 0 | W9: =W8+1 -> 5
A10: =A9+1 -> 6 | B10: Scott Li | C10: 329 | D10: 25 | E10: =(C10-(U10*9)-(S10*13))/($D$2-U10-S10) -> 13.55 | F10: 1 | G10: 1 | H10: 0 | I10: 0 | J10: 5 | K10: 6 | L10: 11 | M10: 0 | N10: =C10+L10 -> 340 | O10: =D10+M10 -> 25 | P10: X | Q10: X | R10: X | S10: =if(H10=13,1,0)+VLOOKUP(B10,indirect($AB$2&"!B:T"),18,false) -> 1 | U10: =if(H10=9,1,0)+VLOOKUP(B10,indirect($AB$2&"!B:U"),20,false) -> 5 | V10: =VLOOKUP(B10,indirect($AB$2&"!B$5:w$70"),22,false)-A10 -> 0 | W10: =W9+1 -> 6
A11: =A10+1 -> 7 | B11: Lam Bui | C11: 327 | D11: 27 | E11: =(C11-(U11*9)-(S11*13))/($D$2-U11-S11) -> 15.538462 | F11: 3 | G11: 0 | H11: 9 | I11: 0 | J11: 0 | K11: 0 | L11: 9 | M11: 0 | N11: =C11+L11 -> 336 | O11: =D11+M11 -> 27 | P11: X | Q11: X | R11: X | S11: =if(H11=13,1,0)+VLOOKUP(B11,indirect($AB$2&"!B:T"),18,false) -> 2 | U11: =if(H11=9,1,0)+VLOOKUP(B11,indirect($AB$2&"!B:U"),20,false) -> 11 | V11: =VLOOKUP(B11,indirect($AB$2&"!B$5:w$70"),22,false)-A11 -> -5 | W11: =W10+1 -> 7
A12: =A11+1 -> 8 | B12: Suleman Alidina | C12: 326 | D12: 31 | E12: =(C12-(U12*9)-(S12*13))/($D$2-U12-S12) -> 13.4 | F12: 1 | G12: 2 | H12: 0 | I12: 5 | J12: 6 | K12: 5 | L12: 16 | M12: 1 | N12: =C12+L12 -> 342 | O12: =D12+M12 -> 32 | P12: X | Q12: X | R12: X | S12: =if(H12=13,1,0)+VLOOKUP(B12,indirect($AB$2&"!B:T"),18,false) -> 1 | U12: =if(H12=9,1,0)+VLOOKUP(B12,indirect($AB$2&"!B:U"),20,false) -> 5 | V12: =VLOOKUP(B12,indirect($AB$2&"!B$5:w$70"),22,false)-A12 -> -1 | W12: =W11+1 -> 8
A13: =A12+1 -> 9 | B13: Pulkit Mathur | C13: 326 | D13: 29 | E13: =(C13-(U13*9)-(S13*13))/($D$2-U13-S13) -> 16 | F13: 1 | G13: 2 | H13: 0 | I13: 7 | J13: 6 | K13: 7 | L13: 20 | M13: 3 | N13: =C13+L13 -> 346 | O13: =D13+M13 -> 32 | P13: X | Q13: X | R13: X | S13: =if(H13=13,1,0)+VLOOKUP(B13,indirect($AB$2&"!B:T"),18,false) -> 2 | U13: =if(H13=9,1,0)+VLOOKUP(B13,indirect($AB$2&"!B:U"),20,false) -> 12 | V13: =VLOOKUP(B13,indirect($AB$2&"!B$5:w$70"),22,false)-A13 -> 4 | W13: =W12+1 -> 9
A14: =A13+1 -> 10 | B14: Alejandro Mejia | C14: 325 | D14: 34 | E14: =(C14-(U14*9)-(S14*13))/($D$2-U14-S14) -> 13.789474 | F14: 3 | G14: 0 | H14: 9 | I14: 0 | J14: 0 | K14: 0 | L14: 9 | M14: 0 | N14: =C14+L14 -> 334 | O14: =D14+M14 -> 34 | P14: X | Q14: X | R14: X | S14: =if(H14=13,1,0)+VLOOKUP(B14,indirect($AB$2&"!B:T"),18,false) -> 0 | U14: =if(H14=9,1,0)+VLOOKUP(B14,indirect($AB$2&"!B:U"),20,false) -> 7 | V14: =VLOOKUP(B14,indirect($AB$2&"!B$5:w$70"),22,false)-A14 -> -1 | W14: =W13+1 -> 10
A15: =A14+1 -> 11 | B15: Pavan Akkimsetty | C15: 324 | D15: 26 | E15: =(C15-(U15*9)-(S15*13))/($D$2-U15-S15) -> 14.625 | F15: 3 | G15: 0 | H15: 9 | I15: 0 | J15: 0 | K15: 0 | L15: 9 | M15: 0 | N15: =C15+L15 -> 333 | O15: =D15+M15 -> 26 | P15: X | Q15: X | R15: X | S15: =if(H15=13,1,0)+VLOOKUP(B15,indirect($AB$2&"!B:T"),18,false) -> 0 | U15: =if(H15=9,1,0)+VLOOKUP(B15,indirect($AB$2&"!B:U"),20,false) -> 10 | V15: =VLOOKUP(B15,indirect($AB$2&"!B$5:w$70"),22,false)-A15 -> 1 | W15: =W14+1 -> 11
A16: =A15+1 -> 12 | B16: Herman Au | C16: 323 | D16: 21 | E16: =(C16-(U16*9)-(S16*13))/($D$2-U16-S16) -> 12.666667 | F16: 2 | G16: 2 | H16: 0 | I16: 5 | J16: 0 | K16: 7 | L16: 12 | M16: 1 | N16: =C16+L16 -> 335 | O16: =D16+M16 -> 22 | P16: X | Q16: X | R16: X | S16: =if(H16=13,1,0)+VLOOKUP(B16,indirect($AB$2&"!B:T"),18,false) -> 3 | U16: =if(H16=9,1,0)+VLOOKUP(B16,indirect($AB$2&"!B:U"),20,false) -> 2 | V16: =VLOOKUP(B16,indirect($AB$2&"!B$5:w$70"),22,false)-A16 -> -1 | W16: =W15+1 -> 12
A17: =A16+1 -> 13 | B17: James Phan | C17: 322 | D17: 26 | E17: =(C17-(U17*9)-(S17*13))/($D$2-U17-S17) -> 16.272727 | F17: 5 | G17: 0 | H17: 13 | I17: 0 | J17: 0 | K17: 0 | L17: 13 | M17: 0 | N17: =C17+L17 -> 335 | O17: =D17+M17 -> 26 | P17: X | Q17: X | R17: X | S17: =if(H17=13,1,0)+VLOOKUP(B17,indirect($AB$2&"!B:T"),18,false) -> 2 | U17: =if(H17=9,1,0)+VLOOKUP(B17,indirect($AB$2&"!B:U"),20,false) -> 13 | V17: =VLOOKUP(B17,indirect($AB$2&"!B$5:w$70"),22,false)-A17 -> -5 | W17: =W16+1 -> 13
... A65: =A64+1 -> 61 | B65: Eric Pan | C65: 234 | D65: 3 | E65: =(C65-(U65*9)-(S65*13))/($D$2-U65-S65) -> 9 | F65: 3 | G65: 0 | H65: 9 | I65: 0 | J65: 0 | K65: 0 | L65: 9 | M65: 0 | N65: =C65+L65 -> 243 | O65: =D65+M65 -> 3 | P65: X | Q65: X | R65: X | S65: =if(H65=13,1,0)+VLOOKUP(B65,indirect($AB$2&"!B:T"),18,false) -> 0 | U65: =if(H65=9,1,0)+VLOOKUP(B65,indirect($AB$2&"!B:U"),20,false) -> 25 | V65: =VLOOKUP(B65,indirect($AB$2&"!B$5:w$70"),22,false)-A65 -> 0 | W65: =W64+1 -> 61
A66: =A65+1 -> 62 | B66: Peter Homsey | C66: 229 | D66: 0 | E66: =(C66-(U66*9)-(S66*13))/($D$2-U66-S66) -> 4.5 | F66: 3 | H66: 9 | L66: 9 | N66: =C66+L66 -> 238 | O66: =D66+M66 -> 0 | P66: X | Q66: X | R66: N | S66: =if(H66=13,1,0)+VLOOKUP(B66,indirect($AB$2&"!B:T"),18,false) -> 1 | U66: =if(H66=9,1,0)+VLOOKUP(B66,indirect($AB$2&"!B:U"),20,false) -> 23 | W66: =W65+1 -> 62
A67: =A66+1 -> 63 | B67: Amit Patel | C67: 229 | D67: 0 | E67: =(C67-(U67*9)-(S67*13))/($D$2-U67-S67) -> 0 | F67: 3 | G67: 0 | H67: 9 | I67: 0 | J67: 0 | K67: 0 | L67: 9 | M67: 0 | N67: =C67+L67 -> 238 | O67: =D67+M67 -> 0 | P67: X | Q67: X | R67: N | S67: =if(H67=13,1,0)+VLOOKUP(B67,indirect($AB$2&"!B:T"),18,false) -> 1 | U67: =if(H67=9,1,0)+VLOOKUP(B67,indirect($AB$2&"!B:U"),20,false) -> 24 | V67: =VLOOKUP(B67,indirect($AB$2&"!B$5:w$70"),22,false)-A67 -> 0 | W67: =W66+1 -> 63
A68: =A67+1 -> 64 | B68: Joyce Zhu | C68: 219 | D68: 11 | E68: =(C68-(U68*9)-(S68*13))/($D$2-U68-S68) -> 8.0625 | F68: 3 | G68: 0 | H68: 9 | I68: 0 | J68: 0 | K68: 0 | L68: 9 | M68: 0 | N68: =C68+L68 -> 228 | O68: =D68+M68 -> 11 | P68: X | Q68: X | R68: X | S68: =if(H68=13,1,0)+VLOOKUP(B68,indirect($AB$2&"!B:T"),18,false) -> 0 | U68: =if(H68=9,1,0)+VLOOKUP(B68,indirect($AB$2&"!B:U"),20,false) -> 10 | V68: =VLOOKUP(B68,indirect($AB$2&"!B$5:w$70"),22,false)-A68 -> 0 | W68: =W67+1 -> 64
A69: =A68+1 -> 65 | B69: Jose Ortiz | C69: 216 | D69: 0 | E69: =(C69-(U69*9)-(S69*13))/($D$2-U69-S69) -> #DIV/0! | F69: 3 | G69: 0 | H69: 9 | I69: 0 | J69: 0 | K69: 0 | L69: 9 | M69: 0 | N69: =C69+L69 -> 225 | O69: =D69+M69 -> 0 | P69: X | Q69: X | R69: N | S69: =if(H69=13,1,0)+VLOOKUP(B69,indirect($AB$2&"!B:T"),18,false) -> 0 | U69: =if(H69=9,1,0)+VLOOKUP(B69,indirect($AB$2&"!B:U"),20,false) -> 26 | V69: =VLOOKUP(B69,indirect($AB$2&"!B$5:w$70"),22,false)-A69 -> 0 | W69: =W68+1 -> 65
B72: =COUNTA(B5:B69) -> 65
P77: Renewed | R77: =COUNTIF(R5:R69,"X") -> 55
B78: Top Scores | C78: Games | D78: Sets | E78: Court # | P78: Not Renewing | R78: =countif(R5:R69,"N") -> 10
B79: =IFERROR(__xludf.DUMMYFUNCTION("QUERY(B5:M69,""Select B, L, M, G where L >= 18 order by L desc,M desc"",0)"),"Pulkit Mathur") -> Pulkit Mathur | C79: =IFERROR(__xludf.DUMMYFUNCTION("""COMPUTED_VALUE"""),20.0) -> 20 | D79: =IFERROR(__xludf.DUMMYFUNCTION("""COMPUTED_VALUE"""),3.0) -> 3 | E79: =IFERROR(__xludf.DUMMYFUNCTION("""COMPUTED_VALUE"""),2.0) -> 2 | P79: To Renew | R79: =countif(R5:R69,"") -> 0
B80: =IFERROR(__xludf.DUMMYFUNCTION("""COMPUTED_VALUE"""),"Tom Le") -> Tom Le | C80: =IFERROR(__xludf.DUMMYFUNCTION("""COMPUTED_VALUE"""),19.0) -> 19 | D80: =IFERROR(__xludf.DUMMYFUNCTION("""COMPUTED_VALUE"""),2.0) -> 2 | E80: =IFERROR(__xludf.DUMMYFUNCTION("""COMPUTED_VALUE"""),1.0) -> 1 | P80: Total | R80: =sum(R77:R79) -> 65
B81: =IFERROR(__xludf.DUMMYFUNCTION("""COMPUTED_VALUE"""),"Robert Chang") -> Robert Chang | C81: =IFERROR(__xludf.DUMMYFUNCTION("""COMPUTED_VALUE"""),18.0) -> 18 | D81: =IFERROR(__xludf.DUMMYFUNCTION("""COMPUTED_VALUE"""),3.0) -> 3 | E81: =IFERROR(__xludf.DUMMYFUNCTION("""COMPUTED_VALUE"""),3.0) -> 3
B82: =IFERROR(__xludf.DUMMYFUNCTION("""COMPUTED_VALUE"""),"Sean Chang") -> Sean Chang | C82: =IFERROR(__xludf.DUMMYFUNCTION("""COMPUTED_VALUE"""),18.0) -> 18 | D82: =IFERROR(__xludf.DUMMYFUNCTION("""COMPUTED_VALUE"""),3.0) -> 3 | E82: =IFERROR(__xludf.DUMMYFUNCTION("""COMPUTED_VALUE"""),5.0) -> 5 | P82: * Jimmy Awolesi paid for Jan-Dec 2025
B83: =IFERROR(__xludf.DUMMYFUNCTION("""COMPUTED_VALUE"""),"Wayne Liu") -> Wayne Liu | C83: =IFERROR(__xludf.DUMMYFUNCTION("""COMPUTED_VALUE"""),18.0) -> 18 | D83: =IFERROR(__xludf.DUMMYFUNCTION("""COMPUTED_VALUE"""),3.0) -> 3 | E83: =IFERROR(__xludf.DUMMYFUNCTION("""COMPUTED_VALUE"""),6.0) -> 6
B84: =IFERROR(__xludf.DUMMYFUNCTION("""COMPUTED_VALUE"""),"Sandy Weyant") -> Sandy Weyant | C84: =IFERROR(__xludf.DUMMYFUNCTION("""COMPUTED_VALUE"""),18.0) -> 18 | D84: =IFERROR(__xludf.DUMMYFUNCTION("""COMPUTED_VALUE"""),3.0) -> 3 | E84: =IFERROR(__xludf.DUMMYFUNCTION("""COMPUTED_VALUE"""),7.0) -> 7
B85: =IFERROR(__xludf.DUMMYFUNCTION("""COMPUTED_VALUE"""),"David Shin") -> David Shin | C85: =IFERROR(__xludf.DUMMYFUNCTION("""COMPUTED_VALUE"""),18.0) -> 18 | D85: =IFERROR(__xludf.DUMMYFUNCTION("""COMPUTED_VALUE"""),2.0) -> 2 | E85: =IFERROR(__xludf.DUMMYFUNCTION("""COMPUTED_VALUE"""),1.0) -> 1
B92: Top 10 Movements (UP) | C92: Positions Moved | D92: Position Last week | E92: Position This week | F92: Points this week | G92: Court | L92: Cross Check
B93: =IFERROR(__xludf.DUMMYFUNCTION("query(B5:V69,""select B, V order by V Desc Limit 10"")"),"Chinna Ponnaganti") -> Chinna Ponnaganti | C93: =IFERROR(__xludf.DUMMYFUNCTION("""COMPUTED_VALUE"""),7.0) -> 7 | D93: =VLOOKUP(B93,indirect($AB$2&"!B$5:w$70"),22, false) -> 28 | E93: =VLOOKUP(B93,B$5:W$69,22, false) -> 21 | F93: =VLOOKUP(B93,indirect($AB$2&"!B$5:U$70"),11, false) -> 19 | G93: =VLOOKUP(B93,indirect($AB$2&"!B$5:U$70"),6, false) -> 5 | L93: =if(D93-E93=C93,"ok","Error") -> ok
B94: =IFERROR(__xludf.DUMMYFUNCTION("""COMPUTED_VALUE"""),"Ted Shen") -> Ted Shen | C94: =IFERROR(__xludf.DUMMYFUNCTION("""COMPUTED_VALUE"""),6.0) -> 6 | D94: =VLOOKUP(B94,indirect($AB$2&"!B$5:w$70"),22, false) -> 10 | E94: =VLOOKUP(B94,B$5:W$69,22, false) -> 4 | F94: =VLOOKUP(B94,indirect($AB$2&"!B$5:U$70"),11, false) -> 19 | G94: =VLOOKUP(B94,indirect($AB$2&"!B$5:U$70"),6, false) -> 2 | L94: =if(D94-E94=C94,"ok","Error") -> ok
B95: =IFERROR(__xludf.DUMMYFUNCTION("""COMPUTED_VALUE"""),"Wayne Liu") -> Wayne Liu | C95: =IFERROR(__xludf.DUMMYFUNCTION("""COMPUTED_VALUE"""),5.0) -> 5 | D95: =VLOOKUP(B95,indirect($AB$2&"!B$5:w$70"),22, false) -> 39 | E95: =VLOOKUP(B95,B$5:W$69,22, false) -> 34 | F95: =VLOOKUP(B95,indirect($AB$2&"!B$5:U$70"),11, false) -> 17 | G95: =VLOOKUP(B95,indirect($AB$2&"!B$5:U$70"),6, false) -> 7 | L95: =if(D95-E95=C95,"ok","Error") -> ok
B96: =IFERROR(__xludf.DUMMYFUNCTION("""COMPUTED_VALUE"""),"Santosh Sundaresan ") -> Santosh Sundaresan | C96: =IFERROR(__xludf.DUMMYFUNCTION("""COMPUTED_VALUE"""),5.0) -> 5 | D96: =VLOOKUP(B96,indirect($AB$2&"!B$5:w$70"),22, false) -> 55 | E96: =VLOOKUP(B96,B$5:W$69,22, false) -> 50 | F96: =VLOOKUP(B96,indirect($AB$2&"!B$5:U$70"),11, false) -> 17 | G96: =VLOOKUP(B96,indirect($AB$2&"!B$5:U$70"),6, false) -> 8 | L96: =if(D96-E96=C96,"ok","Error") -> ok
B97: =IFERROR(__xludf.DUMMYFUNCTION("""COMPUTED_VALUE"""),"Pulkit Mathur") -> Pulkit Mathur | C97: =IFERROR(__xludf.DUMMYFUNCTION("""COMPUTED_VALUE"""),4.0) -> 4 | D97: =VLOOKUP(B97,indirect($AB$2&"!B$5:w$70"),22, false) -> 13 | E97: =VLOOKUP(B97,B$5:W$69,22, false) -> 9 | F97: =VLOOKUP(B97,indirect($AB$2&"!B$5:U$70"),11, false) -> 19 | G97: =VLOOKUP(B97,indirect($AB$2&"!B$5:U$70"),6, false) -> 3 | L97: =if(D97-E97=C97,"ok","Error") -> ok
B98: =IFERROR(__xludf.DUMMYFUNCTION("""COMPUTED_VALUE"""),"Robert Chang") -> Robert Chang | C98: =IFERROR(__xludf.DUMMYFUNCTION("""COMPUTED_VALUE"""),4.0) -> 4 | D98: =VLOOKUP(B98,indirect($AB$2&"!B$5:w$70"),22, false) -> 21 | E98: =VLOOKUP(B98,B$5:W$69,22, false) -> 17 | F98: =VLOOKUP(B98,indirect($AB$2&"!B$5:U$70"),11, false) -> 18 | G98: =VLOOKUP(B98,indirect($AB$2&"!B$5:U$70"),6, false) -> 4 | L98: =if(D98-E98=C98,"ok","Error") -> ok
B99: =IFERROR(__xludf.DUMMYFUNCTION("""COMPUTED_VALUE"""),"Jim Miao") -> Jim Miao | C99: =IFERROR(__xludf.DUMMYFUNCTION("""COMPUTED_VALUE"""),2.0) -> 2 | D99: =VLOOKUP(B99,indirect($AB$2&"!B$5:w$70"),22, false) -> 30 | E99: =VLOOKUP(B99,B$5:W$69,22, false) -> 28 | F99: =VLOOKUP(B99,indirect($AB$2&"!B$5:U$70"),11, false) -> 15 | G99: =VLOOKUP(B99,indirect($AB$2&"!B$5:U$70"),6, false) -> 5 | L99: =if(D99-E99=C99,"ok","Error") -> ok
B100: =IFERROR(__xludf.DUMMYFUNCTION("""COMPUTED_VALUE"""),"Mauricio Palacios") -> Mauricio Palacios | C100: =IFERROR(__xludf.DUMMYFUNCTION("""COMPUTED_VALUE"""),2.0) -> 2 | D100: =VLOOKUP(B100,indirect($AB$2&"!B$5:w$70"),22, false) -> 33 | E100: =VLOOKUP(B100,B$5:W$69,22, false) -> 31 | F100: =VLOOKUP(B100,indirect($AB$2&"!B$5:U$70"),11, false) -> 19 | G100: =VLOOKUP(B100,indirect($AB$2&"!B$5:U$70"),6, false) -> 6 | L100: =if(D100-E100=C100,"ok","Error") -> ok
B101: =IFERROR(__xludf.DUMMYFUNCTION("""COMPUTED_VALUE"""),"Trish Newlin") -> Trish Newlin | C101: =IFERROR(__xludf.DUMMYFUNCTION("""COMPUTED_VALUE"""),2.0) -> 2 | D101: =VLOOKUP(B101,indirect($AB$2&"!B$5:w$70"),22, false) -> 46 | E101: =VLOOKUP(B101,B$5:W$69,22, false) -> 44 | F101: =VLOOKUP(B101,indirect($AB$2&"!B$5:U$70"),11, false) -> 17 | G101: =VLOOKUP(B101,indirect($AB$2&"!B$5:U$70"),6, false) -> 7 | L101: =if(D101-E101=C101,"ok","Error") -> ok
B102: =IFERROR(__xludf.DUMMYFUNCTION("""COMPUTED_VALUE"""),"Sandy Weyant") -> Sandy Weyant | C102: =IFERROR(__xludf.DUMMYFUNCTION("""COMPUTED_VALUE"""),2.0) -> 2 | D102: =VLOOKUP(B102,indirect($AB$2&"!B$5:w$70"),22, false) -> 47 | E102: =VLOOKUP(B102,B$5:W$69,22, false) -> 45 | F102: =VLOOKUP(B102,indirect($AB$2&"!B$5:U$70"),11, false) -> 17 | G102: =VLOOKUP(B102,indirect($AB$2&"!B$5:U$70"),6, false) -> 7 | L102: =if(D102-E102=C102,"ok","Error") -> ok
B105: Top 10 Movements (Down) | C105: Positions | D105: Position Last week | E105: Position This week | F105: Points this week | G105: Court | L105: Cross Check
B106: =IFERROR(__xludf.DUMMYFUNCTION("query(B5:V69,""select B, V order by V asc Limit 10"")"),"Peter Homsey") -> Peter Homsey | D106: =VLOOKUP(B106,indirect($AB$2&"!B$5:w$70"),22, false) -> 62 | E106: =VLOOKUP(B106,B$5:W$69,22, false) -> 62 | F106: =VLOOKUP(B106,indirect($AB$2&"!B$5:U$70"),11, false) -> 9 | G106: =VLOOKUP(B106,indirect($AB$2&"!B$5:U$70"),6, false) | L106: =if(D106-E106=C106,"ok","Error") -> ok
B107: =IFERROR(__xludf.DUMMYFUNCTION("""COMPUTED_VALUE"""),"Lam Bui") -> Lam Bui | C107: =IFERROR(__xludf.DUMMYFUNCTION("""COMPUTED_VALUE"""),-5.0) -> -5 | D107: =VLOOKUP(B107,indirect($AB$2&"!B$5:w$70"),22, false) -> 2 | E107: =VLOOKUP(B107,B$5:W$69,22, false) -> 7 | F107: =VLOOKUP(B107,indirect($AB$2&"!B$5:U$70"),11, false) -> 9 | G107: =VLOOKUP(B107,indirect($AB$2&"!B$5:U$70"),6, false) -> 0 | L107: =if(D107-E107=C107,"ok","Error") -> ok
B108: =IFERROR(__xludf.DUMMYFUNCTION("""COMPUTED_VALUE"""),"James Phan") -> James Phan | C108: =IFERROR(__xludf.DUMMYFUNCTION("""COMPUTED_VALUE"""),-5.0) -> -5 | D108: =VLOOKUP(B108,indirect($AB$2&"!B$5:w$70"),22, false) -> 8 | E108: =VLOOKUP(B108,B$5:W$69,22, false) -> 13 | F108: =VLOOKUP(B108,indirect($AB$2&"!B$5:U$70"),11, false) -> 9 | G108: =VLOOKUP(B108,indirect($AB$2&"!B$5:U$70"),6, false) -> 0 | L108: =if(D108-E108=C108,"ok","Error") -> ok
B109: =IFERROR(__xludf.DUMMYFUNCTION("""COMPUTED_VALUE"""),"Luis Hsu") -> Luis Hsu | C109: =IFERROR(__xludf.DUMMYFUNCTION("""COMPUTED_VALUE"""),-3.0) -> -3 | D109: =VLOOKUP(B109,indirect($AB$2&"!B$5:w$70"),22, false) -> 26 | E109: =VLOOKUP(B109,B$5:W$69,22, false) -> 29 | F109: =VLOOKUP(B109,indirect($AB$2&"!B$5:U$70"),11, false) -> 9 | G109: =VLOOKUP(B109,indirect($AB$2&"!B$5:U$70"),6, false) -> 0 | L109: =if(D109-E109=C109,"ok","Error") -> ok
B110: =IFERROR(__xludf.DUMMYFUNCTION("""COMPUTED_VALUE"""),"Alex Hou") -> Alex Hou | C110: =IFERROR(__xludf.DUMMYFUNCTION("""COMPUTED_VALUE"""),-2.0) -> -2 | D110: =VLOOKUP(B110,indirect($AB$2&"!B$5:w$70"),22, false) -> 20 | E110: =VLOOKUP(B110,B$5:W$69,22, false) -> 22 | F110: =VLOOKUP(B110,indirect($AB$2&"!B$5:U$70"),11, false) -> 9 | G110: =VLOOKUP(B110,indirect($AB$2&"!B$5:U$70"),6, false) -> 0 | L110: =if(D110-E110=C110,"ok","Error") -> ok
B111: =IFERROR(__xludf.DUMMYFUNCTION("""COMPUTED_VALUE"""),"Sean Chang") -> Sean Chang | C111: =IFERROR(__xludf.DUMMYFUNCTION("""COMPUTED_VALUE"""),-2.0) -> -2 | D111: =VLOOKUP(B111,indirect($AB$2&"!B$5:w$70"),22, false) -> 25 | E111: =VLOOKUP(B111,B$5:W$69,22, false) -> 27 | F111: =VLOOKUP(B111,indirect($AB$2&"!B$5:U$70"),11, false) -> 9 | G111: =VLOOKUP(B111,indirect($AB$2&"!B$5:U$70"),6, false) -> 4 | L111: =if(D111-E111=C111,"ok","Error") -> ok
B112: =IFERROR(__xludf.DUMMYFUNCTION("""COMPUTED_VALUE"""),"Lloyd Sagar") -> Lloyd Sagar | C112: =IFERROR(__xludf.DUMMYFUNCTION("""COMPUTED_VALUE"""),-2.0) -> -2 | D112: =VLOOKUP(B112,indirect($AB$2&"!B$5:w$70"),22, false) -> 31 | E112: =VLOOKUP(B112,B$5:W$69,22, false) -> 33 | F112: =VLOOKUP(B112,indirect($AB$2&"!B$5:U$70"),11, false) -> 9 | G112: =VLOOKUP(B112,indirect($AB$2&"!B$5:U$70"),6, false) -> 0 | L112: =if(D112-E112=C112,"ok","Error") -> ok
B113: =IFERROR(__xludf.DUMMYFUNCTION("""COMPUTED_VALUE"""),"Manuel Rivera") -> Manuel Rivera | C113: =IFERROR(__xludf.DUMMYFUNCTION("""COMPUTED_VALUE"""),-2.0) -> -2 | D113: =VLOOKUP(B113,indirect($AB$2&"!B$5:w$70"),22, false) -> 34 | E113: =VLOOKUP(B113,B$5:W$69,22, false) -> 36 | F113: =VLOOKUP(B113,indirect($AB$2&"!B$5:U$70"),11, false) -> 9 | G113: =VLOOKUP(B113,indirect($AB$2&"!B$5:U$70"),6, false) -> 0 | L113: =if(D113-E113=C113,"ok","Error") -> ok
B114: =IFERROR(__xludf.DUMMYFUNCTION("""COMPUTED_VALUE"""),"Sai Dilip Ponnaganti") -> Sai Dilip Ponnaganti | C114: =IFERROR(__xludf.DUMMYFUNCTION("""COMPUTED_VALUE"""),-2.0) -> -2 | D114: =VLOOKUP(B114,indirect($AB$2&"!B$5:w$70"),22, false) -> 36 | E114: =VLOOKUP(B114,B$5:W$69,22, false) -> 38 | F114: =VLOOKUP(B114,indirect($AB$2&"!B$5:U$70"),11, false) -> 9 | G114: =VLOOKUP(B114,indirect($AB$2&"!B$5:U$70"),6, false) -> 0 | L114: =if(D114-E114=C114,"ok","Error") -> ok
B115: =IFERROR(__xludf.DUMMYFUNCTION("""COMPUTED_VALUE"""),"Nicole Ni") -> Nicole Ni | C115: =IFERROR(__xludf.DUMMYFUNCTION("""COMPUTED_VALUE"""),-2.0) -> -2 | D115: =VLOOKUP(B115,indirect($AB$2&"!B$5:w$70"),22, false) -> 44 | E115: =VLOOKUP(B115,B$5:W$69,22, false) -> 46 | F115: =VLOOKUP(B115,indirect($AB$2&"!B$5:U$70"),11, false) -> 13 | G115: =VLOOKUP(B115,indirect($AB$2&"!B$5:U$70"),6, false) -> 0 | L115: =if(D115-E115=C115,"ok","Error") -> ok
A121: Renewals for January - June 2025
B122: Members Renewed | C122: Members to Renew | F122: Members Not Renewing | I122: New Members Joined/invited*
A123: 1 | B123: =IFERROR(__xludf.DUMMYFUNCTION("query(B5:V69,""select B where R = 'X' order by B asc"")"),"Adrian Tay") -> Adrian Tay | C123: =IFERROR(__xludf.DUMMYFUNCTION("query(B5:V69,""select B where R = '' order by B asc"")"),"#N/A") -> #N/A | F123: =IFERROR(__xludf.DUMMYFUNCTION("query(B5:V69,""select B where R = 'N' order by B asc"")"),"Amit Patel") -> Amit Patel | I123: Allen Zhang
A124: =A123+1 -> 2 | B124: =IFERROR(__xludf.DUMMYFUNCTION("""COMPUTED_VALUE"""),"Alejandro Mejia") -> Alejandro Mejia | F124: =IFERROR(__xludf.DUMMYFUNCTION("""COMPUTED_VALUE"""),"Arun Mallikarjuna") -> Arun Mallikarjuna | I124: Ethan Gu
A125: =A124+1 -> 3 | B125: =IFERROR(__xludf.DUMMYFUNCTION("""COMPUTED_VALUE"""),"Alex Hou") -> Alex Hou | F125: =IFERROR(__xludf.DUMMYFUNCTION("""COMPUTED_VALUE"""),"Christopher Li") -> Christopher Li | I125: Basudev Thoppai Vidyasankar
A126: =A125+1 -> 4 | B126: =IFERROR(__xludf.DUMMYFUNCTION("""COMPUTED_VALUE"""),"Andrew Wen") -> Andrew Wen | F126: =IFERROR(__xludf.DUMMYFUNCTION("""COMPUTED_VALUE"""),"Jose Ortiz") -> Jose Ortiz | I126: Hongyuan Wen
A127: =A126+1 -> 5 | B127: =IFERROR(__xludf.DUMMYFUNCTION("""COMPUTED_VALUE"""),"Balaji Alahari") -> Balaji Alahari | F127: =IFERROR(__xludf.DUMMYFUNCTION("""COMPUTED_VALUE"""),"Nohely Mejia") -> Nohely Mejia | I127: Tyler Leong
A128: =A127+1 -> 6 | B128: =IFERROR(__xludf.DUMMYFUNCTION("""COMPUTED_VALUE"""),"Chinna Ponnaganti") -> Chinna Ponnaganti | F128: =IFERROR(__xludf.DUMMYFUNCTION("""COMPUTED_VALUE"""),"Peter Cheng") -> Peter Cheng | I128: Vicki Martinet
A129: =A128+1 -> 7 | B129: =IFERROR(__xludf.DUMMYFUNCTION("""COMPUTED_VALUE"""),"Cid Macaraeg") -> Cid Macaraeg | F129: =IFERROR(__xludf.DUMMYFUNCTION("""COMPUTED_VALUE"""),"Peter Homsey") -> Peter Homsey | I129: Barathi Sundaram
A130: =A129+1 -> 8 | B130: =IFERROR(__xludf.DUMMYFUNCTION("""COMPUTED_VALUE"""),"Coco Yan") -> Coco Yan | F130: =IFERROR(__xludf.DUMMYFUNCTION("""COMPUTED_VALUE"""),"Sai Dilip Ponnaganti") -> Sai Dilip Ponnaganti | I130: Alan Sung
A131: =A130+1 -> 9 | B131: =IFERROR(__xludf.DUMMYFUNCTION("""COMPUTED_VALUE"""),"David Shin") -> David Shin | F131: =IFERROR(__xludf.DUMMYFUNCTION("""COMPUTED_VALUE"""),"Tony Lin") -> Tony Lin | I131: Hubert J Sung
A132: =A131+1 -> 10 | B132: =IFERROR(__xludf.DUMMYFUNCTION("""COMPUTED_VALUE"""),"Elayaraja Thangaraj ") -> Elayaraja Thangaraj | F132: =IFERROR(__xludf.DUMMYFUNCTION("""COMPUTED_VALUE"""),"Vinz Solano") -> Vinz Solano | I132: Tina Hanson
A133: =A132+1 -> 11 | B133: =IFERROR(__xludf.DUMMYFUNCTION("""COMPUTED_VALUE"""),"Eric Pan") -> Eric Pan
A134: =A133+1 -> 12 | B134: =IFERROR(__xludf.DUMMYFUNCTION("""COMPUTED_VALUE"""),"Eric Tan") -> Eric Tan
A135: =A134+1 -> 13 | B135: =IFERROR(__xludf.DUMMYFUNCTION("""COMPUTED_VALUE"""),"Erik Hoeckmann") -> Erik Hoeckmann
A136: =A135+1 -> 14 | B136: =IFERROR(__xludf.DUMMYFUNCTION("""COMPUTED_VALUE"""),"Frank Moon") -> Frank Moon
A137: =A136+1 -> 15 | B137: =IFERROR(__xludf.DUMMYFUNCTION("""COMPUTED_VALUE"""),"Herman Au") -> Herman Au
A138: =A137+1 -> 16 | B138: =IFERROR(__xludf.DUMMYFUNCTION("""COMPUTED_VALUE"""),"James Phan") -> James Phan
A139: =A138+1 -> 17 | B139: =IFERROR(__xludf.DUMMYFUNCTION("""COMPUTED_VALUE"""),"Jim Miao") -> Jim Miao
A140: =A139+1 -> 18 | B140: =IFERROR(__xludf.DUMMYFUNCTION("""COMPUTED_VALUE"""),"Jimmy Awolesi") -> Jimmy Awolesi
A141: =A140+1 -> 19 | B141: =IFERROR(__xludf.DUMMYFUNCTION("""COMPUTED_VALUE"""),"Joe Luzzi") -> Joe Luzzi
A142: =A141+1 -> 20 | B142: =IFERROR(__xludf.DUMMYFUNCTION("""COMPUTED_VALUE"""),"Jonathan Phan") -> Jonathan Phan
A143: =A142+1 -> 21 | B143: =IFERROR(__xludf.DUMMYFUNCTION("""COMPUTED_VALUE"""),"Joyce Zhu") -> Joyce Zhu
A144: =A143+1 -> 22 | B144: =IFERROR(__xludf.DUMMYFUNCTION("""COMPUTED_VALUE"""),"Kumar Palakeel") -> Kumar Palakeel
A145: =A144+1 -> 23 | B145: =IFERROR(__xludf.DUMMYFUNCTION("""COMPUTED_VALUE"""),"Lam Bui") -> Lam Bui
A146: =A145+1 -> 24 | B146: =IFERROR(__xludf.DUMMYFUNCTION("""COMPUTED_VALUE"""),"Leigh-Anh Nguyen") -> Leigh-Anh Nguyen
A147: =A146+1 -> 25 | B147: =IFERROR(__xludf.DUMMYFUNCTION("""COMPUTED_VALUE"""),"Lloyd Sagar") -> Lloyd Sagar
A148: =A147+1 -> 26 | B148: =IFERROR(__xludf.DUMMYFUNCTION("""COMPUTED_VALUE"""),"Luis Hsu") -> Luis Hsu
A149: =A148+1 -> 27 | B149: =IFERROR(__xludf.DUMMYFUNCTION("""COMPUTED_VALUE"""),"Manish Anand") -> Manish Anand
A150: =A149+1 -> 28 | B150: =IFERROR(__xludf.DUMMYFUNCTION("""COMPUTED_VALUE"""),"Manuel Rivera") -> Manuel Rivera
A151: =A150+1 -> 29 | B151: =IFERROR(__xludf.DUMMYFUNCTION("""COMPUTED_VALUE"""),"Matthew Huang") -> Matthew Huang
A152: =A151+1 -> 30 | B152: =IFERROR(__xludf.DUMMYFUNCTION("""COMPUTED_VALUE"""),"Mauricio Palacios") -> Mauricio Palacios
A153: =A152+1 -> 31 | B153: =IFERROR(__xludf.DUMMYFUNCTION("""COMPUTED_VALUE"""),"Naveen Raj") -> Naveen Raj
A154: =A153+1 -> 32 | B154: =IFERROR(__xludf.DUMMYFUNCTION("""COMPUTED_VALUE"""),"Nicole Ni") -> Nicole Ni
A155: =A154+1 -> 33 | B155: =IFERROR(__xludf.DUMMYFUNCTION("""COMPUTED_VALUE"""),"Oscar Bonilla") -> Oscar Bonilla
A156: =A155+1 -> 34 | B156: =IFERROR(__xludf.DUMMYFUNCTION("""COMPUTED_VALUE"""),"Pavan Akkimsetty") -> Pavan Akkimsetty
A157: =A156+1 -> 35 | B157: =IFERROR(__xludf.DUMMYFUNCTION("""COMPUTED_VALUE"""),"Pulkit Mathur") -> Pulkit Mathur
A158: =A157+1 -> 36 | B158: =IFERROR(__xludf.DUMMYFUNCTION("""COMPUTED_VALUE"""),"Rajasekar Ramasamy") -> Rajasekar Ramasamy
A159: =A158+1 -> 37 | B159: =IFERROR(__xludf.DUMMYFUNCTION("""COMPUTED_VALUE"""),"Rajesh Dorairaj") -> Rajesh Dorairaj
A160: =A159+1 -> 38 | B160: =IFERROR(__xludf.DUMMYFUNCTION("""COMPUTED_VALUE"""),"Ramesh Bandaru") -> Ramesh Bandaru
A161: =A160+1 -> 39 | B161: =IFERROR(__xludf.DUMMYFUNCTION("""COMPUTED_VALUE"""),"Robert Chang") -> Robert Chang
A162: =A161+1 -> 40 | B162: =IFERROR(__xludf.DUMMYFUNCTION("""COMPUTED_VALUE"""),"Sandy Weyant") -> Sandy Weyant
A163: =A162+1 -> 41 | B163: =IFERROR(__xludf.DUMMYFUNCTION("""COMPUTED_VALUE"""),"Sanjaye Elayattu") -> Sanjaye Elayattu
A164: =A163+1 -> 42 | B164: =IFERROR(__xludf.DUMMYFUNCTION("""COMPUTED_VALUE"""),"Santosh Sundaresan ") -> Santosh Sundaresan
A165: =A164+1 -> 43 | B165: =IFERROR(__xludf.DUMMYFUNCTION("""COMPUTED_VALUE"""),"Saravanan Veerapandian") -> Saravanan Veerapandian
A166: =A165+1 -> 44 | B166: =IFERROR(__xludf.DUMMYFUNCTION("""COMPUTED_VALUE"""),"Scott Li") -> Scott Li
...

Sheet 122124
B1: Standings as of | C1: 45647
B2: Number of Weeks Played | D2: 25 | AB2: =text(C1-7,"mm/dd/yy") -> 12/14/24
C3: Beginning of week | F3: Current Week Scores | N3: End of week | Q3: Jul-Dec 2024 | R3: Jan-Jun 2025
A4: Ranking | B4: Name of Player | C4: Games Won | D4: Sets Won | E4: Games Won / Match | F4: Check IN | G4: Court # | H4: Set 0 | I4: Set 1 | J4: Set 2 | K4: Set 3 | L4: Games Won | M4: Sets Won | N4: Games Won | O4: Sets Won | P4: Waiver | Q4: Fee | R4: Fee | S4: Sit outs | T4: No Shows | U4: Absent | V4: Positions Gained/Lost | W4: Ranking
A5: 1 | B5: Adrian Tay | C5: 372 | D5: 44 | E5: =(C5-(U5*9)-(S5*13))/($D$2-U5-S5) -> 16.722222 | F5: 1 | G5: 1 | H5: 0 | I5: 7 | J5: 6 | K5: 7 | L5: 20 | M5: 3 | N5: =C5+L5 -> 392 | O5: =D5+M5 -> 47 | P5: X | Q5: X | R5: X | S5: =if(H5=13,1,0)+VLOOKUP(B5,indirect($AB$2&"!B:T"),18,false) -> 2 | U5: =if(H5=9,1,0)+VLOOKUP(B5,indirect($AB$2&"!B:U"),20,false) -> 5 | V5: =VLOOKUP(B5,indirect($AB$2&"!B$5:w$70"),22,false)-A5 -> 0 | W5: 1
A6: =A5+1 -> 2 | B6: Lam Bui | C6: 318 | D6: 27 | E6: =(C6-(U6*9)-(S6*13))/($D$2-U6-S6) -> 15.538462 | F6: 3 | G6: 0 | H6: 9 | I6: 0 | J6: 0 | K6: 0 | L6: 9 | M6: 0 | N6: =C6+L6 -> 327 | O6: =D6+M6 -> 27 | P6: X | Q6: X | R6: X | S6: =if(H6=13,1,0)+VLOOKUP(B6,indirect($AB$2&"!B:T"),18,false) -> 2 | U6: =if(H6=9,1,0)+VLOOKUP(B6,indirect($AB$2&"!B:U"),20,false) -> 10 | V6: =VLOOKUP(B6,indirect($AB$2&"!B$5:w$70"),22,false)-A6 -> 1 | W6: =W5+1 -> 2
A7: =A6+1 -> 3 | B7: David Shin | C7: 318 | D7: 27 | E7: =(C7-(U7*9)-(S7*13))/($D$2-U7-S7) -> 13.764706 | F7: 2 | G7: 1 | H7: 0 | I7: 6 | J7: 6 | K7: 6 | L7: 18 | M7: 1 | N7: =C7+L7 -> 336 | O7: =D7+M7 -> 28 | P7: X | Q7: X | R7: X | S7: =if(H7=13,1,0)+VLOOKUP(B7,indirect($AB$2&"!B:T"),18,false) -> 3 | U7: =if(H7=9,1,0)+VLOOKUP(B7,indirect($AB$2&"!B:U"),20,false) -> 5 | V7: =VLOOKUP(B7,indirect($AB$2&"!B$5:w$70"),22,false)-A7 -> -1 | W7: =W6+1 -> 3
A8: =A7+1 -> 4 | B8: Tom Le | C8: 317 | D8: 31 | E8: =(C8-(U8*9)-(S8*13))/($D$2-U8-S8) -> 14.111111 | F8: 1 | G8: 1 | H8: 0 | I8: 7 | J8: 1 | K8: 6 | L8: 14 | M8: 1 | N8: =C8+L8 -> 331 | O8: =D8+M8 -> 32 | P8: X | Q8: X | R8: X | S8: =if(H8=13,1,0)+VLOOKUP(B8,indirect($AB$2&"!B:T"),18,false) -> 0 | U8: =if(H8=9,1,0)+VLOOKUP(B8,indirect($AB$2&"!B:U"),20,false) -> 7 | V8: =VLOOKUP(B8,indirect($AB$2&"!B$5:w$70"),22,false)-A8 -> 2 | W8: =W7+1 -> 4
A9: =A8+1 -> 5 | B9: Frank Moon | C9: 315 | D9: 30 | E9: =(C9-(U9*9)-(S9*13))/($D$2-U9-S9) -> 12.75 | F9: 1 | G9: 1 | H9: 0 | I9: 6 | J9: 1 | K9: 7 | L9: 14 | M9: 1 | N9: =C9+L9 -> 329 | O9: =D9+M9 -> 31 | P9: X | Q9: X | R9: X | S9: =if(H9=13,1,0)+VLOOKUP(B9,indirect($AB$2&"!B:T"),18,false) -> 0 | U9: =if(H9=9,1,0)+VLOOKUP(B9,indirect($AB$2&"!B:U"),20,false) -> 1 | V9: =VLOOKUP(B9,indirect($AB$2&"!B$5:w$70"),22,false)-A9 -> 2 | W9: =W8+1 -> 5
A10: =A9+1 -> 6 | B10: Scott Li | C10: 314 | D10: 24 | E10: =(C10-(U10*9)-(S10*13))/($D$2-U10-S10) -> 13.473684 | F10: 1 | G10: 2 | H10: 0 | I10: 6 | J10: 4 | K10: 5 | L10: 15 | M10: 1 | N10: =C10+L10 -> 329 | O10: =D10+M10 -> 25 | P10: X | Q10: X | R10: X | S10: =if(H10=13,1,0)+VLOOKUP(B10,indirect($AB$2&"!B:T"),18,false) -> 1 | U10: =if(H10=9,1,0)+VLOOKUP(B10,indirect($AB$2&"!B:U"),20,false) -> 5 | V10: =VLOOKUP(B10,indirect($AB$2&"!B$5:w$70"),22,false)-A10 -> 3 | W10: =W9+1 -> 6
A11: =A10+1 -> 7 | B11: Suleman Alidina | C11: 313 | D11: 30 | E11: =(C11-(U11*9)-(S11*13))/($D$2-U11-S11) -> 13.421053 | F11: 1 | G11: 2 | H11: 0 | I11: 2 | J11: 6 | K11: 5 | L11: 13 | M11: 1 | N11: =C11+L11 -> 326 | O11: =D11+M11 -> 31 | P11: X | Q11: X | R11: X | S11: =if(H11=13,1,0)+VLOOKUP(B11,indirect($AB$2&"!B:T"),18,false) -> 1 | U11: =if(H11=9,1,0)+VLOOKUP(B11,indirect($AB$2&"!B:U"),20,false) -> 5 | V11: =VLOOKUP(B11,indirect($AB$2&"!B$5:w$70"),22,false)-A11 -> -3 | W11: =W10+1 -> 7
A12: =A11+1 -> 8 | B12: James Phan | C12: 313 | D12: 26 | E12: =(C12-(U12*9)-(S12*13))/($D$2-U12-S12) -> 16.636364 | F12: 3 | G12: 0 | H12: 9 | I12: 0 | J12: 0 | K12: 0 | L12: 9 | M12: 0 | N12: =C12+L12 -> 322 | O12: =D12+M12 -> 26 | P12: X | Q12: X | R12: X | S12: =if(H12=13,1,0)+VLOOKUP(B12,indirect($AB$2&"!B:T"),18,false) -> 1 | U12: =if(H12=9,1,0)+VLOOKUP(B12,indirect($AB$2&"!B:U"),20,false) -> 13 | V12: =VLOOKUP(B12,indirect($AB$2&"!B$5:w$70"),22,false)-A12 -> -3 | W12: =W11+1 -> 8
A13: =A12+1 -> 9 | B13: Alejandro Mejia | C13: 312 | D13: 33 | E13: =(C13-(U13*9)-(S13*13))/($D$2-U13-S13) -> 13.578947 | F13: 1 | G13: 2 | H13: 0 | I13: 2 | J13: 4 | K13: 7 | L13: 13 | M13: 1 | N13: =C13+L13 -> 325 | O13: =D13+M13 -> 34 | P13: X | Q13: X | R13: X | S13: =if(H13=13,1,0)+VLOOKUP(B13,indirect($AB$2&"!B:T"),18,false) -> 0 | U13: =if(H13=9,1,0)+VLOOKUP(B13,indirect($AB$2&"!B:U"),20,false) -> 6 | V13: =VLOOKUP(B13,indirect($AB$2&"!B$5:w$70"),22,false)-A13 -> 3 | W13: =W12+1 -> 9
A14: =A13+1 -> 10 | B14: Ted Shen | C14: 312 | D14: 27 | E14: =(C14-(U14*9)-(S14*13))/($D$2-U14-S14) -> 12.772727 | F14: 1 | G14: 2 | H14: 0 | I14: 6 | J14: 6 | K14: 7 | L14: 19 | M14: 3 | N14: =C14+L14 -> 331 | O14: =D14+M14 -> 30 | P14: X | Q14: X | R14: X | S14: =if(H14=13,1,0)+VLOOKUP(B14,indirect($AB$2&"!B:T"),18,false) -> 1 | U14: =if(H14=9,1,0)+VLOOKUP(B14,indirect($AB$2&"!B:U"),20,false) -> 2 | V14: =VLOOKUP(B14,indirect($AB$2&"!B$5:w$70"),22,false)-A14 -> 1 | W14: =W13+1 -> 10
A15: =A14+1 -> 11 | B15: Herman Au | C15: 310 | D15: 20 | E15: =(C15-(U15*9)-(S15*13))/($D$2-U15-S15) -> 12.65 | F15: 1 | G15: 3 | H15: 0 | I15: 2 | J15: 5 | K15: 6 | L15: 13 | M15: 1 | N15: =C15+L15 -> 323 | O15: =D15+M15 -> 21 | P15: X | Q15: X | R15: X | S15: =if(H15=13,1,0)+VLOOKUP(B15,indirect($AB$2&"!B:T"),18,false) -> 3 | U15: =if(H15=9,1,0)+VLOOKUP(B15,indirect($AB$2&"!B:U"),20,false) -> 2 | V15: =VLOOKUP(B15,indirect($AB$2&"!B$5:w$70"),22,false)-A15 -> 3 | W15: =W14+1 -> 11
A16: =A15+1 -> 12 | B16: Pavan Akkimsetty | C16: 309 | D16: 25 | E16: =(C16-(U16*9)-(S16*13))/($D$2-U16-S16) -> 14.25 | F16: 1 | G16: 3 | H16: 0 | I16: 6 | J16: 5 | K16: 4 | L16: 15 | M16: 1 | N16: =C16+L16 -> 324 | O16: =D16+M16 -> 26 | P16: X | Q16: X | R16: X | S16: =if(H16=13,1,0)+VLOOKUP(B16,indirect($AB$2&"!B:T"),18,false) -> 0 | U16: =if(H16=9,1,0)+VLOOKUP(B16,indirect($AB$2&"!B:U"),20,false) -> 9 | V16: =VLOOKUP(B16,indirect($AB$2&"!B$5:w$70"),22,false)-A16 -> -4 | W16: =W15+1 -> 12
A17: =A16+1 -> 13 | B17: Pulkit Mathur | C17: 307 | D17: 26 | E17: =(C17-(U17*9)-(S17*13))/($D$2-U17-S17) -> 15.727273 | F17: 1 | G17: 3 | H17: 0 | I17: 6 | J17: 7 | K17: 6 | L17: 19 | M17: 3 | N17: =C17+L17 -> 326 | O17: =D17+M17 -> 29 | P17: X | Q17: X | R17: X | S17: =if(H17=13,1,0)+VLOOKUP(B17,indirect($AB$2&"!B:T"),18,false) -> 2 | U17: =if(H17=9,1,0)+VLOOKUP(B17,indirect($AB$2&"!B:U"),20,false) -> 12 | V17: =VLOOKUP(B17,indirect($AB$2&"!B$5:w$70"),22,false)-A17 -> 2 | W17: =W16+1 -> 13
... A65: =A64+1 -> 61 | B65: Eric Pan | C65: 225 | D65: 3 | E65: =(C65-(U65*9)-(S65*13))/($D$2-U65-S65) -> 9 | F65: 3 | G65: 0 | H65: 9 | I65: 0 | J65: 0 | K65: 0 | L65: 9 | M65: 0 | N65: =C65+L65 -> 234 | O65: =D65+M65 -> 3 | P65: X | Q65: X | R65: X | S65: =if(H65=13,1,0)+VLOOKUP(B65,indirect($AB$2&"!B:T"),18,false) -> 0 | U65: =if(H65=9,1,0)+VLOOKUP(B65,indirect($AB$2&"!B:U"),20,false) -> 24 | V65: =VLOOKUP(B65,indirect($AB$2&"!B$5:w$70"),22,false)-A65 -> -1 | W65: =W64+1 -> 61
A66: =A65+1 -> 62 | B66: Peter Homsey | C66: 220 | D66: 0 | E66: =(C66-(U66*9)-(S66*13))/($D$2-U66-S66) -> 4.5 | F66: 3 | H66: 9 | L66: 9 | N66: =C66+L66 -> 229 | O66: =D66+M66 -> 0 | P66: X | Q66: X | R66: N | S66: =if(H66=13,1,0)+VLOOKUP(B66,indirect($AB$2&"!B:T"),18,false) -> 1 | U66: =if(H66=9,1,0)+VLOOKUP(B66,indirect($AB$2&"!B:U"),20,false) -> 22 | W66: =W65+1 -> 62
A67: =A66+1 -> 63 | B67: Amit Patel | C67: 220 | D67: 0 | E67: =(C67-(U67*9)-(S67*13))/($D$2-U67-S67) -> 0 | F67: 3 | G67: 0 | H67: 9 | I67: 0 | J67: 0 | K67: 0 | L67: 9 | M67: 0 | N67: =C67+L67 -> 229 | O67: =D67+M67 -> 0 | P67: X | Q67: X | R67: N | S67: =if(H67=13,1,0)+VLOOKUP(B67,indirect($AB$2&"!B:T"),18,false) -> 1 | U67: =if(H67=9,1,0)+VLOOKUP(B67,indirect($AB$2&"!B:U"),20,false) -> 23 | V67: =VLOOKUP(B67,indirect($AB$2&"!B$5:w$70"),22,false)-A67 -> 0 | W67: =W66+1 -> 63
A68: =A67+1 -> 64 | B68: Joyce Zhu | C68: 208 | D68: 11 | E68: =(C68-(U68*9)-(S68*13))/($D$2-U68-S68) -> 7.9375 | F68: 1 | G68: 8 | H68: 0 | I68: 2 | J68: 5 | K68: 4 | L68: 11 | M68: 0 | N68: =C68+L68 -> 219 | O68: =D68+M68 -> 11 | P68: X | Q68: X | R68: X | S68: =if(H68=13,1,0)+VLOOKUP(B68,indirect($AB$2&"!B:T"),18,false) -> 0 | U68: =if(H68=9,1,0)+VLOOKUP(B68,indirect($AB$2&"!B:U"),20,false) -> 9 | V68: =VLOOKUP(B68,indirect($AB$2&"!B$5:w$70"),22,false)-A68 -> 1 | W68: =W67+1 -> 64
A69: =A68+1 -> 65 | B69: Jose Ortiz | C69: 207 | D69: 0 | E69: =(C69-(U69*9)-(S69*13))/($D$2-U69-S69) -> #DIV/0! | F69: 3 | G69: 0 | H69: 9 | I69: 0 | J69: 0 | K69: 0 | L69: 9 | M69: 0 | N69: =C69+L69 -> 216 | O69: =D69+M69 -> 0 | P69: X | Q69: X | R69: N | S69: =if(H69=13,1,0)+VLOOKUP(B69,indirect($AB$2&"!B:T"),18,false) -> 0 | U69: =if(H69=9,1,0)+VLOOKUP(B69,indirect($AB$2&"!B:U"),20,false) -> 25 | V69: =VLOOKUP(B69,indirect($AB$2&"!B$5:w$70"),22,false)-A69 -> -1 | W69: =W68+1 -> 65
B72: =COUNTA(B5:B69) -> 65
P77: Renewed | R77: =COUNTIF(R5:R69,"X") -> 55
B78: Top Scores | C78: Games | D78: Sets | E78: Court # | P78: Not Renewing | R78: =countif(R5:R69,"N") -> 10
B79: =IFERROR(__xludf.DUMMYFUNCTION("QUERY(B5:M69,""Select B, L, M, G where L >= 18 order by L desc,M desc"",0)"),"Adrian Tay") -> Adrian Tay | C79: =IFERROR(__xludf.DUMMYFUNCTION("""COMPUTED_VALUE"""),20.0) -> 20 | D79: =IFERROR(__xludf.DUMMYFUNCTION("""COMPUTED_VALUE"""),3.0) -> 3 | E79: =IFERROR(__xludf.DUMMYFUNCTION("""COMPUTED_VALUE"""),1.0) -> 1 | P79: To Renew | R79: =countif(R5:R69,"") -> 0
B80: =IFERROR(__xludf.DUMMYFUNCTION("""COMPUTED_VALUE"""),"Ted Shen") -> Ted Shen | C80: =IFERROR(__xludf.DUMMYFUNCTION("""COMPUTED_VALUE"""),19.0) -> 19 | D80: =IFERROR(__xludf.DUMMYFUNCTION("""COMPUTED_VALUE"""),3.0) -> 3 | E80: =IFERROR(__xludf.DUMMYFUNCTION("""COMPUTED_VALUE"""),2.0) -> 2 | P80: Total | R80: =sum(R77:R79) -> 65
B81: =IFERROR(__xludf.DUMMYFUNCTION("""COMPUTED_VALUE"""),"Pulkit Mathur") -> Pulkit Mathur | C81: =IFERROR(__xludf.DUMMYFUNCTION("""COMPUTED_VALUE"""),19.0) -> 19 | D81: =IFERROR(__xludf.DUMMYFUNCTION("""COMPUTED_VALUE"""),3.0) -> 3 | E81: =IFERROR(__xludf.DUMMYFUNCTION("""COMPUTED_VALUE"""),3.0) -> 3
B82: =IFERROR(__xludf.DUMMYFUNCTION("""COMPUTED_VALUE"""),"Chinna Ponnaganti") -> Chinna Ponnaganti | C82: =IFERROR(__xludf.DUMMYFUNCTION("""COMPUTED_VALUE"""),19.0) -> 19 | D82: =IFERROR(__xludf.DUMMYFUNCTION("""COMPUTED_VALUE"""),3.0) -> 3 | E82: =IFERROR(__xludf.DUMMYFUNCTION("""COMPUTED_VALUE"""),5.0) -> 5 | P82: * Jimmy Awolesi paid for Jan-Dec 2025
B83: =IFERROR(__xludf.DUMMYFUNCTION("""COMPUTED_VALUE"""),"Mauricio Palacios") -> Mauricio Palacios | C83: =IFERROR(__xludf.DUMMYFUNCTION("""COMPUTED_VALUE"""),19.0) -> 19 | D83: =IFERROR(__xludf.DUMMYFUNCTION("""COMPUTED_VALUE"""),3.0) -> 3 | E83: =IFERROR(__xludf.DUMMYFUNCTION("""COMPUTED_VALUE"""),6.0) -> 6
B84: =IFERROR(__xludf.DUMMYFUNCTION("""COMPUTED_VALUE"""),"Robert Chang") -> Robert Chang | C84: =IFERROR(__xludf.DUMMYFUNCTION("""COMPUTED_VALUE"""),18.0) -> 18 | D84: =IFERROR(__xludf.DUMMYFUNCTION("""COMPUTED_VALUE"""),3.0) -> 3 | E84: =IFERROR(__xludf.DUMMYFUNCTION("""COMPUTED_VALUE"""),4.0) -> 4
B85: =IFERROR(__xludf.DUMMYFUNCTION("""COMPUTED_VALUE"""),"David Shin") -> David Shin | C85: =IFERROR(__xludf.DUMMYFUNCTION("""COMPUTED_VALUE"""),18.0) -> 18 | D85: =IFERROR(__xludf.DUMMYFUNCTION("""COMPUTED_VALUE"""),1.0) -> 1 | E85: =IFERROR(__xludf.DUMMYFUNCTION("""COMPUTED_VALUE"""),1.0) -> 1
B92: Top 10 Movements (UP) | C92: Positions Moved | D92: Position Last week | E92: Position This week | F92: Points this week | G92: Court | L92: Cross Check
B93: =IFERROR(__xludf.DUMMYFUNCTION("query(B5:V69,""select B, V order by V Desc Limit 10"")"),"Sandy Weyant") -> Sandy Weyant | C93: =IFERROR(__xludf.DUMMYFUNCTION("""COMPUTED_VALUE"""),6.0) -> 6 | D93: =VLOOKUP(B93,indirect($AB$2&"!B$5:w$70"),22, false) -> 53 | E93: =VLOOKUP(B93,B$5:W$69,22, false) -> 47 | F93: =VLOOKUP(B93,indirect($AB$2&"!B$5:U$70"),11, false) -> 18 | G93: =VLOOKUP(B93,indirect($AB$2&"!B$5:U$70"),6, false) -> 8 | L93: =if(D93-E93=C93,"ok","Error") -> ok
B94: =IFERROR(__xludf.DUMMYFUNCTION("""COMPUTED_VALUE"""),"Cid Macaraeg") -> Cid Macaraeg | C94: =IFERROR(__xludf.DUMMYFUNCTION("""COMPUTED_VALUE"""),4.0) -> 4 | D94: =VLOOKUP(B94,indirect($AB$2&"!B$5:w$70"),22, false) -> 27 | E94: =VLOOKUP(B94,B$5:W$69,22, false) -> 23 | F94: =VLOOKUP(B94,indirect($AB$2&"!B$5:U$70"),11, false) -> 20 | G94: =VLOOKUP(B94,indirect($AB$2&"!B$5:U$70"),6, false) -> 5 | L94: =if(D94-E94=C94,"ok","Error") -> ok
B95: =IFERROR(__xludf.DUMMYFUNCTION("""COMPUTED_VALUE"""),"Mauricio Palacios") -> Mauricio Palacios | C95: =IFERROR(__xludf.DUMMYFUNCTION("""COMPUTED_VALUE"""),4.0) -> 4 | D95: =VLOOKUP(B95,indirect($AB$2&"!B$5:w$70"),22, false) -> 37 | E95: =VLOOKUP(B95,B$5:W$69,22, false) -> 33 | F95: =VLOOKUP(B95,indirect($AB$2&"!B$5:U$70"),11, false) -> 18 | G95: =VLOOKUP(B95,indirect($AB$2&"!B$5:U$70"),6, false) -> 6 | L95: =if(D95-E95=C95,"ok","Error") -> ok
B96: =IFERROR(__xludf.DUMMYFUNCTION("""COMPUTED_VALUE"""),"Scott Li") -> Scott Li | C96: =IFERROR(__xludf.DUMMYFUNCTION("""COMPUTED_VALUE"""),3.0) -> 3 | D96: =VLOOKUP(B96,indirect($AB$2&"!B$5:w$70"),22, false) -> 9 | E96: =VLOOKUP(B96,B$5:W$69,22, false) -> 6 | F96: =VLOOKUP(B96,indirect($AB$2&"!B$5:U$70"),11, false) -> 16 | G96: =VLOOKUP(B96,indirect($AB$2&"!B$5:U$70"),6, false) -> 2 | L96: =if(D96-E96=C96,"ok","Error") -> ok
B97: =IFERROR(__xludf.DUMMYFUNCTION("""COMPUTED_VALUE"""),"Alejandro Mejia") -> Alejandro Mejia | C97: =IFERROR(__xludf.DUMMYFUNCTION("""COMPUTED_VALUE"""),3.0) -> 3 | D97: =VLOOKUP(B97,indirect($AB$2&"!B$5:w$70"),22, false) -> 12 | E97: =VLOOKUP(B97,B$5:W$69,22, false) -> 9 | F97: =VLOOKUP(B97,indirect($AB$2&"!B$5:U$70"),11, false) -> 17 | G97: =VLOOKUP(B97,indirect($AB$2&"!B$5:U$70"),6, false) -> 2 | L97: =if(D97-E97=C97,"ok","Error") -> ok
B98: =IFERROR(__xludf.DUMMYFUNCTION("""COMPUTED_VALUE"""),"Herman Au") -> Herman Au | C98: =IFERROR(__xludf.DUMMYFUNCTION("""COMPUTED_VALUE"""),3.0) -> 3 | D98: =VLOOKUP(B98,indirect($AB$2&"!B$5:w$70"),22, false) -> 14 | E98: =VLOOKUP(B98,B$5:W$69,22, false) -> 11 | F98: =VLOOKUP(B98,indirect($AB$2&"!B$5:U$70"),11, false) -> 17 | G98: =VLOOKUP(B98,indirect($AB$2&"!B$5:U$70"),6, false) -> 3 | L98: =if(D98-E98=C98,"ok","Error") -> ok
B99: =IFERROR(__xludf.DUMMYFUNCTION("""COMPUTED_VALUE"""),"Matthew Huang") -> Matthew Huang | C99: =IFERROR(__xludf.DUMMYFUNCTION("""COMPUTED_VALUE"""),3.0) -> 3 | D99: =VLOOKUP(B99,indirect($AB$2&"!B$5:w$70"),22, false) -> 20 | E99: =VLOOKUP(B99,B$5:W$69,22, false) -> 17 | F99: =VLOOKUP(B99,indirect($AB$2&"!B$5:U$70"),11, false) -> 18 | G99: =VLOOKUP(B99,indirect($AB$2&"!B$5:U$70"),6, false) -> 4 | L99: =if(D99-E99=C99,"ok","Error") -> ok
B100: =IFERROR(__xludf.DUMMYFUNCTION("""COMPUTED_VALUE"""),"Alex Hou") -> Alex Hou | C100: =IFERROR(__xludf.DUMMYFUNCTION("""COMPUTED_VALUE"""),3.0) -> 3 | D100: =VLOOKUP(B100,indirect($AB$2&"!B$5:w$70"),22, false) -> 23 | E100: =VLOOKUP(B100,B$5:W$69,22, false) -> 20 | F100: =VLOOKUP(B100,indirect($AB$2&"!B$5:U$70"),11, false) -> 16 | G100: =VLOOKUP(B100,indirect($AB$2&"!B$5:U$70"),6, false) -> 4 | L100: =if(D100-E100=C100,"ok","Error") -> ok
B101: =IFERROR(__xludf.DUMMYFUNCTION("""COMPUTED_VALUE"""),"Troy Wong") -> Troy Wong | C101: =IFERROR(__xludf.DUMMYFUNCTION("""COMPUTED_VALUE"""),3.0) -> 3 | D101: =VLOOKUP(B101,indirect($AB$2&"!B$5:w$70"),22, false) -> 25 | E101: =VLOOKUP(B101,B$5:W$69,22, false) -> 22 | F101: =VLOOKUP(B101,indirect($AB$2&"!B$5:U$70"),11, false) -> 20 | G101: =VLOOKUP(B101,indirect($AB$2&"!B$5:U$70"),6, false) -> 4 | L101: =if(D101-E101=C101,"ok","Error") -> ok
B102: =IFERROR(__xludf.DUMMYFUNCTION("""COMPUTED_VALUE"""),"Wayne Liu") -> Wayne Liu | C102: =IFERROR(__xludf.DUMMYFUNCTION("""COMPUTED_VALUE"""),3.0) -> 3 | D102: =VLOOKUP(B102,indirect($AB$2&"!B$5:w$70"),22, false) -> 42 | E102: =VLOOKUP(B102,B$5:W$69,22, false) -> 39 | F102: =VLOOKUP(B102,indirect($AB$2&"!B$5:U$70"),11, false) -> 14 | G102: =VLOOKUP(B102,indirect($AB$2&"!B$5:U$70"),6, false) -> 7 | L102: =if(D102-E102=C102,"ok","Error") -> ok
B105: Top 10 Movements (Down) | C105: Positions | D105: Position Last week | E105: Position This week | F105: Points this week | G105: Court | L105: Cross Check
B106: =IFERROR(__xludf.DUMMYFUNCTION("query(B5:V69,""select B, V order by V asc Limit 10"")"),"Peter Homsey") -> Peter Homsey | D106: =VLOOKUP(B106,indirect($AB$2&"!B$5:w$70"),22, false) -> 62 | E106: =VLOOKUP(B106,B$5:W$69,22, false) -> 62 | F106: =VLOOKUP(B106,indirect($AB$2&"!B$5:U$70"),11, false) -> 9 | G106: =VLOOKUP(B106,indirect($AB$2&"!B$5:U$70"),6, false) | L106: =if(D106-E106=C106,"ok","Error") -> ok
B107: =IFERROR(__xludf.DUMMYFUNCTION("""COMPUTED_VALUE"""),"Pavan Akkimsetty") -> Pavan Akkimsetty | C107: =IFERROR(__xludf.DUMMYFUNCTION("""COMPUTED_VALUE"""),-4.0) -> -4 | D107: =VLOOKUP(B107,indirect($AB$2&"!B$5:w$70"),22, false) -> 8 | E107: =VLOOKUP(B107,B$5:W$69,22, false) -> 12 | F107: =VLOOKUP(B107,indirect($AB$2&"!B$5:U$70"),11, false) -> 11 | G107: =VLOOKUP(B107,indirect($AB$2&"!B$5:U$70"),6, false) -> 2 | L107: =if(D107-E107=C107,"ok","Error") -> ok
B108: =IFERROR(__xludf.DUMMYFUNCTION("""COMPUTED_VALUE"""),"Joe Luzzi") -> Joe Luzzi | C108: =IFERROR(__xludf.DUMMYFUNCTION("""COMPUTED_VALUE"""),-4.0) -> -4 | D108: =VLOOKUP(B108,indirect($AB$2&"!B$5:w$70"),22, false) -> 10 | E108: =VLOOKUP(B108,B$5:W$69,22, false) -> 14 | F108: =VLOOKUP(B108,indirect($AB$2&"!B$5:U$70"),11, false) -> 9 | G108: =VLOOKUP(B108,indirect($AB$2&"!B$5:U$70"),6, false) -> 0 | L108: =if(D108-E108=C108,"ok","Error") -> ok
B109: =IFERROR(__xludf.DUMMYFUNCTION("""COMPUTED_VALUE"""),"Sean Chang") -> Sean Chang | C109: =IFERROR(__xludf.DUMMYFUNCTION("""COMPUTED_VALUE"""),-4.0) -> -4 | D109: =VLOOKUP(B109,indirect($AB$2&"!B$5:w$70"),22, false) -> 21 | E109: =VLOOKUP(B109,B$5:W$69,22, false) -> 25 | F109: =VLOOKUP(B109,indirect($AB$2&"!B$5:U$70"),11, false) -> 9 | G109: =VLOOKUP(B109,indirect($AB$2&"!B$5:U$70"),6, false) -> 0 | L109: =if(D109-E109=C109,"ok","Error") -> ok
B110: =IFERROR(__xludf.DUMMYFUNCTION("""COMPUTED_VALUE"""),"Luis Hsu") -> Luis Hsu | C110: =IFERROR(__xludf.DUMMYFUNCTION("""COMPUTED_VALUE"""),-4.0) -> -4 | D110: =VLOOKUP(B110,indirect($AB$2&"!B$5:w$70"),22, false) -> 22 | E110: =VLOOKUP(B110,B$5:W$69,22, false) -> 26 | F110: =VLOOKUP(B110,indirect($AB$2&"!B$5:U$70"),11, false) -> 9 | G110: =VLOOKUP(B110,indirect($AB$2&"!B$5:U$70"),6, false) -> 0 | L110: =if(D110-E110=C110,"ok","Error") -> ok
B111: =IFERROR(__xludf.DUMMYFUNCTION("""COMPUTED_VALUE"""),"Suleman Alidina") -> Suleman Alidina | C111: =IFERROR(__xludf.DUMMYFUNCTION("""COMPUTED_VALUE"""),-3.0) -> -3 | D111: =VLOOKUP(B111,indirect($AB$2&"!B$5:w$70"),22, false) -> 4 | E111: =VLOOKUP(B111,B$5:W$69,22, false) -> 7 | F111: =VLOOKUP(B111,indirect($AB$2&"!B$5:U$70"),11, false) -> 9 | G111: =VLOOKUP(B111,indirect($AB$2&"!B$5:U$70"),6, false) -> 0 | L111: =if(D111-E111=C111,"ok","Error") -> ok
B112: =IFERROR(__xludf.DUMMYFUNCTION("""COMPUTED_VALUE"""),"James Phan") -> James Phan | C112: =IFERROR(__xludf.DUMMYFUNCTION("""COMPUTED_VALUE"""),-3.0) -> -3 | D112: =VLOOKUP(B112,indirect($AB$2&"!B$5:w$70"),22, false) -> 5 | E112: =VLOOKUP(B112,B$5:W$69,22, false) -> 8 | F112: =VLOOKUP(B112,indirect($AB$2&"!B$5:U$70"),11, false) -> 9 | G112: =VLOOKUP(B112,indirect($AB$2&"!B$5:U$70"),6, false) -> 0 | L112: =if(D112-E112=C112,"ok","Error") -> ok
B113: =IFERROR(__xludf.DUMMYFUNCTION("""COMPUTED_VALUE"""),"Christopher Li") -> Christopher Li | C113: =IFERROR(__xludf.DUMMYFUNCTION("""COMPUTED_VALUE"""),-3.0) -> -3 | D113: =VLOOKUP(B113,indirect($AB$2&"!B$5:w$70"),22, false) -> 16 | E113: =VLOOKUP(B113,B$5:W$69,22, false) -> 19 | F113: =VLOOKUP(B113,indirect($AB$2&"!B$5:U$70"),11, false) -> 9 | G113: =VLOOKUP(B113,indirect($AB$2&"!B$5:U$70"),6, false) -> 0 | L113: =if(D113-E113=C113,"ok","Error") -> ok
B114: =IFERROR(__xludf.DUMMYFUNCTION("""COMPUTED_VALUE"""),"Sanjaye Elayattu") -> Sanjaye Elayattu | C114: =IFERROR(__xludf.DUMMYFUNCTION("""COMPUTED_VALUE"""),-3.0) -> -3 | D114: =VLOOKUP(B114,indirect($AB$2&"!B$5:w$70"),22, false) -> 24 | E114: =VLOOKUP(B114,B$5:W$69,22, false) -> 27 | F114: =VLOOKUP(B114,indirect($AB$2&"!B$5:U$70"),11, false) -> 9 | G114: =VLOOKUP(B114,indirect($AB$2&"!B$5:U$70"),6, false) -> 0 | L114: =if(D114-E114=C114,"ok","Error") -> ok
B115: =IFERROR(__xludf.DUMMYFUNCTION("""COMPUTED_VALUE"""),"Arun Mallikarjuna") -> Arun Mallikarjuna | C115: =IFERROR(__xludf.DUMMYFUNCTION("""COMPUTED_VALUE"""),-2.0) -> -2 | D115: =VLOOKUP(B115,indirect($AB$2&"!B$5:w$70"),22, false) -> 13 | E115: =VLOOKUP(B115,B$5:W$69,22, false) -> 15 | F115: =VLOOKUP(B115,indirect($AB$2&"!B$5:U$70"),11, false) -> 9 | G115: =VLOOKUP(B115,indirect($AB$2&"!B$5:U$70"),6, false) -> 0 | L115: =if(D115-E115=C115,"ok","Error") -> ok
A121: Renewals for January - June 2025
B122: Members Renewed | C122: Members to Renew | F122: Members Not Renewing | I122: New Members Joined/invited*
A123: 1 | B123: =IFERROR(__xludf.DUMMYFUNCTION("query(B5:V69,""select B where R = 'X' order by B asc"")"),"Adrian Tay") -> Adrian Tay | C123: =IFERROR(__xludf.DUMMYFUNCTION("query(B5:V69,""select B where R = '' order by B asc"")"),"#N/A") -> #N/A | F123: =IFERROR(__xludf.DUMMYFUNCTION("query(B5:V69,""select B where R = 'N' order by B asc"")"),"Amit Patel") -> Amit Patel | I123: Allen Zhang
A124: =A123+1 -> 2 | B124: =IFERROR(__xludf.DUMMYFUNCTION("""COMPUTED_VALUE"""),"Alejandro Mejia") -> Alejandro Mejia | F124: =IFERROR(__xludf.DUMMYFUNCTION("""COMPUTED_VALUE"""),"Arun Mallikarjuna") -> Arun Mallikarjuna | I124: Ethan Gu
A125: =A124+1 -> 3 | B125: =IFERROR(__xludf.DUMMYFUNCTION("""COMPUTED_VALUE"""),"Alex Hou") -> Alex Hou | F125: =IFERROR(__xludf.DUMMYFUNCTION("""COMPUTED_VALUE"""),"Christopher Li") -> Christopher Li | I125: Basudev Thoppai Vidyasankar
A126: =A125+1 -> 4 | B126: =IFERROR(__xludf.DUMMYFUNCTION("""COMPUTED_VALUE"""),"Andrew Wen") -> Andrew Wen | F126: =IFERROR(__xludf.DUMMYFUNCTION("""COMPUTED_VALUE"""),"Jose Ortiz") -> Jose Ortiz | I126: Hongyuan Wen
A127: =A126+1 -> 5 | B127: =IFERROR(__xludf.DUMMYFUNCTION("""COMPUTED_VALUE"""),"Balaji Alahari") -> Balaji Alahari | F127: =IFERROR(__xludf.DUMMYFUNCTION("""COMPUTED_VALUE"""),"Nohely Mejia") -> Nohely Mejia | I127: Tyler Leong
A128: =A127+1 -> 6 | B128: =IFERROR(__xludf.DUMMYFUNCTION("""COMPUTED_VALUE"""),"Chinna Ponnaganti") -> Chinna Ponnaganti | F128: =IFERROR(__xludf.DUMMYFUNCTION("""COMPUTED_VALUE"""),"Peter Cheng") -> Peter Cheng | I128: Vicki Martinet
A129: =A128+1 -> 7 | B129: =IFERROR(__xludf.DUMMYFUNCTION("""COMPUTED_VALUE"""),"Cid Macaraeg") -> Cid Macaraeg | F129: =IFERROR(__xludf.DUMMYFUNCTION("""COMPUTED_VALUE"""),"Peter Homsey") -> Peter Homsey | I129: Barathi Sundaram
A130: =A129+1 -> 8 | B130: =IFERROR(__xludf.DUMMYFUNCTION("""COMPUTED_VALUE"""),"Coco Yan") -> Coco Yan | F130: =IFERROR(__xludf.DUMMYFUNCTION("""COMPUTED_VALUE"""),"Sai Dilip Ponnaganti") -> Sai Dilip Ponnaganti | I130: Alan Sung
A131: =A130+1 -> 9 | B131: =IFERROR(__xludf.DUMMYFUNCTION("""COMPUTED_VALUE"""),"David Shin") -> David Shin | F131: =IFERROR(__xludf.DUMMYFUNCTION("""COMPUTED_VALUE"""),"Tony Lin") -> Tony Lin | I131: Hubert J Sung
A132: =A131+1 -> 10 | B132: =IFERROR(__xludf.DUMMYFUNCTION("""COMPUTED_VALUE"""),"Elayaraja Thangaraj ") -> Elayaraja Thangaraj | F132: =IFERROR(__xludf.DUMMYFUNCTION("""COMPUTED_VALUE"""),"Vinz Solano") -> Vinz Solano | I132: Tina Hanson
A133: =A132+1 -> 11 | B133: =IFERROR(__xludf.DUMMYFUNCTION("""COMPUTED_VALUE"""),"Eric Pan") -> Eric Pan
A134: =A133+1 -> 12 | B134: =IFERROR(__xludf.DUMMYFUNCTION("""COMPUTED_VALUE"""),"Eric Tan") -> Eric Tan
A135: =A134+1 -> 13 | B135: =IFERROR(__xludf.DUMMYFUNCTION("""COMPUTED_VALUE"""),"Erik Hoeckmann") -> Erik Hoeckmann
A136: =A135+1 -> 14 | B136: =IFERROR(__xludf.DUMMYFUNCTION("""COMPUTED_VALUE"""),"Frank Moon") -> Frank Moon
A137: =A136+1 -> 15 | B137: =IFERROR(__xludf.DUMMYFUNCTION("""COMPUTED_VALUE"""),"Herman Au") -> Herman Au
A138: =A137+1 -> 16 | B138: =IFERROR(__xludf.DUMMYFUNCTION("""COMPUTED_VALUE"""),"James Phan") -> James Phan
A139: =A138+1 -> 17 | B139: =IFERROR(__xludf.DUMMYFUNCTION("""COMPUTED_VALUE"""),"Jim Miao") -> Jim Miao
A140: =A139+1 -> 18 | B140: =IFERROR(__xludf.DUMMYFUNCTION("""COMPUTED_VALUE"""),"Jimmy Awolesi") -> Jimmy Awolesi
A141: =A140+1 -> 19 | B141: =IFERROR(__xludf.DUMMYFUNCTION("""COMPUTED_VALUE"""),"Joe Luzzi") -> Joe Luzzi
A142: =A141+1 -> 20 | B142: =IFERROR(__xludf.DUMMYFUNCTION("""COMPUTED_VALUE"""),"Jonathan Phan") -> Jonathan Phan
A143: =A142+1 -> 21 | B143: =IFERROR(__xludf.DUMMYFUNCTION("""COMPUTED_VALUE"""),"Joyce Zhu") -> Joyce Zhu
A144: =A143+1 -> 22 | B144: =IFERROR(__xludf.DUMMYFUNCTION("""COMPUTED_VALUE"""),"Kumar Palakeel") -> Kumar Palakeel
A145: =A144+1 -> 23 | B145: =IFERROR(__xludf.DUMMYFUNCTION("""COMPUTED_VALUE"""),"Lam Bui") -> Lam Bui
A146: =A145+1 -> 24 | B146: =IFERROR(__xludf.DUMMYFUNCTION("""COMPUTED_VALUE"""),"Leigh-Anh Nguyen") -> Leigh-Anh Nguyen
A147: =A146+1 -> 25 | B147: =IFERROR(__xludf.DUMMYFUNCTION("""COMPUTED_VALUE"""),"Lloyd Sagar") -> Lloyd Sagar
A148: =A147+1 -> 26 | B148: =IFERROR(__xludf.DUMMYFUNCTION("""COMPUTED_VALUE"""),"Luis Hsu") -> Luis Hsu
A149: =A148+1 -> 27 | B149: =IFERROR(__xludf.DUMMYFUNCTION("""COMPUTED_VALUE"""),"Manish Anand") -> Manish Anand
A150: =A149+1 -> 28 | B150: =IFERROR(__xludf.DUMMYFUNCTION("""COMPUTED_VALUE"""),"Manuel Rivera") -> Manuel Rivera
A151: =A150+1 -> 29 | B151: =IFERROR(__xludf.DUMMYFUNCTION("""COMPUTED_VALUE"""),"Matthew Huang") -> Matthew Huang
A152: =A151+1 -> 30 | B152: =IFERROR(__xludf.DUMMYFUNCTION("""COMPUTED_VALUE"""),"Mauricio Palacios") -> Mauricio Palacios
A153: =A152+1 -> 31 | B153: =IFERROR(__xludf.DUMMYFUNCTION("""COMPUTED_VALUE"""),"Naveen Raj") -> Naveen Raj
A154: =A153+1 -> 32 | B154: =IFERROR(__xludf.DUMMYFUNCTION("""COMPUTED_VALUE"""),"Nicole Ni") -> Nicole Ni
A155: =A154+1 -> 33 | B155: =IFERROR(__xludf.DUMMYFUNCTION("""COMPUTED_VALUE"""),"Oscar Bonilla") -> Oscar Bonilla
A156: =A155+1 -> 34 | B156: =IFERROR(__xludf.DUMMYFUNCTION("""COMPUTED_VALUE"""),"Pavan Akkimsetty") -> Pavan Akkimsetty
A157: =A156+1 -> 35 | B157: =IFERROR(__xludf.DUMMYFUNCTION("""COMPUTED_VALUE"""),"Pulkit Mathur") -> Pulkit Mathur
A158: =A157+1 -> 36 | B158: =IFERROR(__xludf.DUMMYFUNCTION("""COMPUTED_VALUE"""),"Rajasekar Ramasamy") -> Rajasekar Ramasamy
A159: =A158+1 -> 37 | B159: =IFERROR(__xludf.DUMMYFUNCTION("""COMPUTED_VALUE"""),"Rajesh Dorairaj") -> Rajesh Dorairaj
A160: =A159+1 -> 38 | B160: =IFERROR(__xludf.DUMMYFUNCTION("""COMPUTED_VALUE"""),"Ramesh Bandaru") -> Ramesh Bandaru
A161: =A160+1 -> 39 | B161: =IFERROR(__xludf.DUMMYFUNCTION("""COMPUTED_VALUE"""),"Robert Chang") -> Robert Chang
A162: =A161+1 -> 40 | B162: =IFERROR(__xludf.DUMMYFUNCTION("""COMPUTED_VALUE"""),"Sandy Weyant") -> Sandy Weyant
A163: =A162+1 -> 41 | B163: =IFERROR(__xludf.DUMMYFUNCTION("""COMPUTED_VALUE"""),"Sanjaye Elayattu") -> Sanjaye Elayattu
A164: =A163+1 -> 42 | B164: =IFERROR(__xludf.DUMMYFUNCTION("""COMPUTED_VALUE"""),"Santosh Sundaresan ") -> Santosh Sundaresan
A165: =A164+1 -> 43 | B165: =IFERROR(__xludf.DUMMYFUNCTION("""COMPUTED_VALUE"""),"Saravanan Veerapandian") -> Saravanan Veerapandian
A166: =A165+1 -> 44 | B166: =IFERROR(__xludf.DUMMYFUNCTION("""COMPUTED_VALUE"""),"Scott Li") -> Scott Li
...

Sheet 121424
B1: Standings as of | C1: 45640
B2: Number of Weeks Played | D2: 24 | AB2: =text(C1-7,"mm/dd/yy") -> 12/07/24
C3: Beginning of week | F3: Current Week Scores | N3: End of week | Q3: Jul-Dec 2024 | R3: Jan-Jun 2025
A4: Ranking | B4: Name of Player | C4: Games Won | D4: Sets Won | E4: Games Won / Match | F4: Check IN | G4: Court # | H4: Set 0 | I4: Set 1 | J4: Set 2 | K4: Set 3 | L4: Games Won | M4: Sets Won | N4: Games Won | O4: Sets Won | P4: Waiver | Q4: Fee | R4: Fee | S4: Sit outs | T4: No Shows | U4: Absent | V4: Positions Gained/Lost | W4: Ranking
A5: 1 | B5: Adrian Tay | C5: 354 | D5: 41 | E5: =(C5-(U5*9)-(S5*13))/($D$2-U5-S5) -> 16.647059 | F5: 1 | G5: 1 | H5: 0 | I5: 6 | J5: 6 | K5: 6 | L5: 18 | M5: 3 | N5: =C5+L5 -> 372 | O5: =D5+M5 -> 44 | P5: X | Q5: X | S5: =if(H5=13,1,0)+VLOOKUP(B5,indirect($AB$2&"!B:T"),18,false) -> 2 | U5: =if(H5=9,1,0)+VLOOKUP(B5,indirect($AB$2&"!B:U"),20,false) -> 5 | V5: =VLOOKUP(B5,indirect($AB$2&"!B$5:w$70"),22,false)-A5 -> 0 | W5: 1
A6: =A5+1 -> 2 | B6: David Shin | C6: 309 | D6: 27 | E6: =(C6-(U6*9)-(S6*13))/($D$2-U6-S6) -> 14.0625 | F6: 3 | G6: 0 | H6: 9 | I6: 0 | J6: 0 | K6: 0 | L6: 9 | M6: 0 | N6: =C6+L6 -> 318 | O6: =D6+M6 -> 27 | P6: X | Q6: X | R6: X | S6: =if(H6=13,1,0)+VLOOKUP(B6,indirect($AB$2&"!B:T"),18,false) -> 3 | U6: =if(H6=9,1,0)+VLOOKUP(B6,indirect($AB$2&"!B:U"),20,false) -> 5 | V6: =VLOOKUP(B6,indirect($AB$2&"!B$5:w$70"),22,false)-A6 -> 2 | W6: =W5+1 -> 2
A7: =A6+1 -> 3 | B7: Lam Bui | C7: 306 | D7: 26 | E7: =(C7-(U7*9)-(S7*13))/($D$2-U7-S7) -> 15.307692 | F7: 1 | G7: 1 | H7: 0 | I7: 2 | J7: 4 | K7: 6 | L7: 12 | M7: 1 | N7: =C7+L7 -> 318 | O7: =D7+M7 -> 27 | P7: X | Q7: X | R7: X | S7: =if(H7=13,1,0)+VLOOKUP(B7,indirect($AB$2&"!B:T"),18,false) -> 2 | U7: =if(H7=9,1,0)+VLOOKUP(B7,indirect($AB$2&"!B:U"),20,false) -> 9 | V7: =VLOOKUP(B7,indirect($AB$2&"!B$5:w$70"),22,false)-A7 -> 0 | W7: =W6+1 -> 3
A8: =A7+1 -> 4 | B8: Suleman Alidina | C8: 304 | D8: 30 | E8: =(C8-(U8*9)-(S8*13))/($D$2-U8-S8) -> 13.666667 | F8: 3 | G8: 0 | H8: 9 | I8: 0 | J8: 0 | K8: 0 | L8: 9 | M8: 0 | N8: =C8+L8 -> 313 | O8: =D8+M8 -> 30 | P8: X | Q8: X | R8: X | S8: =if(H8=13,1,0)+VLOOKUP(B8,indirect($AB$2&"!B:T"),18,false) -> 1 | U8: =if(H8=9,1,0)+VLOOKUP(B8,indirect($AB$2&"!B:U"),20,false) -> 5 | V8: =VLOOKUP(B8,indirect($AB$2&"!B$5:w$70"),22,false)-A8 -> 1 | W8: =W7+1 -> 4
A9: =A8+1 -> 5 | B9: James Phan | C9: 304 | D9: 26 | E9: =(C9-(U9*9)-(S9*13))/($D$2-U9-S9) -> 16.636364 | F9: 3 | G9: 0 | H9: 9 | I9: 0 | J9: 0 | K9: 0 | L9: 9 | M9: 0 | N9: =C9+L9 -> 313 | O9: =D9+M9 -> 26 | P9: X | Q9: X | R9: X | S9: =if(H9=13,1,0)+VLOOKUP(B9,indirect($AB$2&"!B:T"),18,false) -> 1 | U9: =if(H9=9,1,0)+VLOOKUP(B9,indirect($AB$2&"!B:U"),20,false) -> 12 | V9: =VLOOKUP(B9,indirect($AB$2&"!B$5:w$70"),22,false)-A9 -> 2 | W9: =W8+1 -> 5
A10: =A9+1 -> 6 | B10: Tom Le | C10: 303 | D10: 30 | E10: =(C10-(U10*9)-(S10*13))/($D$2-U10-S10) -> 14.117647 | F10: 1 | G10: 1 | H10: 0 | I10: 6 | J10: 4 | K10: 4 | L10: 14 | M10: 1 | N10: =C10+L10 -> 317 | O10: =D10+M10 -> 31 | P10: X | Q10: X | R10: X | S10: =if(H10=13,1,0)+VLOOKUP(B10,indirect($AB$2&"!B:T"),18,false) -> 0 | U10: =if(H10=9,1,0)+VLOOKUP(B10,indirect($AB$2&"!B:U"),20,false) -> 7 | V10: =VLOOKUP(B10,indirect($AB$2&"!B$5:w$70"),22,false)-A10 -> -4 | W10: =W9+1 -> 6
A11: =A10+1 -> 7 | B11: Frank Moon | C11: 303 | D11: 29 | E11: =(C11-(U11*9)-(S11*13))/($D$2-U11-S11) -> 12.782609 | F11: 1 | G11: 1 | H11: 0 | I11: 2 | J11: 6 | K11: 4 | L11: 12 | M11: 1 | N11: =C11+L11 -> 315 | O11: =D11+M11 -> 30 | P11: X | Q11: X | R11: X | S11: =if(H11=13,1,0)+VLOOKUP(B11,indirect($AB$2&"!B:T"),18,false) -> 0 | U11: =if(H11=9,1,0)+VLOOKUP(B11,indirect($AB$2&"!B:U"),20,false) -> 1 | V11: =VLOOKUP(B11,indirect($AB$2&"!B$5:w$70"),22,false)-A11 -> -1 | W11: =W10+1 -> 7
A12: =A11+1 -> 8 | B12: Pavan Akkimsetty | C12: 298 | D12: 25 | E12: =(C12-(U12*9)-(S12*13))/($D$2-U12-S12) -> 14.466667 | F12: 1 | G12: 2 | H12: 0 | I12: 3 | J12: 5 | K12: 3 | L12: 11 | M12: 0 | N12: =C12+L12 -> 309 | O12: =D12+M12 -> 25 | P12: X | Q12: X | R12: X | S12: =if(H12=13,1,0)+VLOOKUP(B12,indirect($AB$2&"!B:T"),18,false) -> 0 | U12: =if(H12=9,1,0)+VLOOKUP(B12,indirect($AB$2&"!B:U"),20,false) -> 9 | V12: =VLOOKUP(B12,indirect($AB$2&"!B$5:w$70"),22,false)-A12 -> 0 | W12: =W11+1 -> 8
A13: =A12+1 -> 9 | B13: Scott Li | C13: 298 | D13: 22 | E13: =(C13-(U13*9)-(S13*13))/($D$2-U13-S13) -> 13.333333 | F13: 1 | G13: 2 | H13: 0 | I13: 6 | J13: 7 | K13: 3 | L13: 16 | M13: 2 | N13: =C13+L13 -> 314 | O13: =D13+M13 -> 24 | P13: X | Q13: X | R13: X | S13: =if(H13=13,1,0)+VLOOKUP(B13,indirect($AB$2&"!B:T"),18,false) -> 1 | U13: =if(H13=9,1,0)+VLOOKUP(B13,indirect($AB$2&"!B:U"),20,false) -> 5 | V13: =VLOOKUP(B13,indirect($AB$2&"!B$5:w$70"),22,false)-A13 -> 2 | W13: =W12+1 -> 9
A14: =A13+1 -> 10 | B14: Joe Luzzi | C14: 297 | D14: 21 | E14: =(C14-(U14*9)-(S14*13))/($D$2-U14-S14) -> 12.611111 | F14: 3 | G14: 0 | H14: 9 | I14: 0 | J14: 0 | K14: 0 | L14: 9 | M14: 0 | N14: =C14+L14 -> 306 | O14: =D14+M14 -> 21 | P14: X | Q14: X | R14: X | S14: =if(H14=13,1,0)+VLOOKUP(B14,indirect($AB$2&"!B:T"),18,false) -> 4 | U14: =if(H14=9,1,0)+VLOOKUP(B14,indirect($AB$2&"!B:U"),20,false) -> 2 | V14: =VLOOKUP(B14,indirect($AB$2&"!B$5:w$70"),22,false)-A14 -> 2 | W14: =W13+1 -> 10
A15: =A14+1 -> 11 | B15: Ted Shen | C15: 296 | D15: 25 | E15: =(C15-(U15*9)-(S15*13))/($D$2-U15-S15) -> 12.619048 | F15: 1 | G15: 2 | H15: 0 | I15: 3 | J15: 7 | K15: 6 | L15: 16 | M15: 2 | N15: =C15+L15 -> 312 | O15: =D15+M15 -> 27 | P15: X | Q15: X | R15: X | S15: =if(H15=13,1,0)+VLOOKUP(B15,indirect($AB$2&"!B:T"),18,false) -> 1 | U15: =if(H15=9,1,0)+VLOOKUP(B15,indirect($AB$2&"!B:U"),20,false) -> 2 | V15: =VLOOKUP(B15,indirect($AB$2&"!B$5:w$70"),22,false)-A15 -> -1 | W15: =W14+1 -> 11
A16: =A15+1 -> 12 | B16: Alejandro Mejia | C16: 295 | D16: 31 | E16: =(C16-(U16*9)-(S16*13))/($D$2-U16-S16) -> 13.388889 | F16: 1 | G16: 2 | H16: 0 | I16: 6 | J16: 5 | K16: 6 | L16: 17 | M16: 2 | N16: =C16+L16 -> 312 | O16: =D16+M16 -> 33 | P16: X | Q16: X | R16: X | S16: =if(H16=13,1,0)+VLOOKUP(B16,indirect($AB$2&"!B:T"),18,false) -> 0 | U16: =if(H16=9,1,0)+VLOOKUP(B16,indirect($AB$2&"!B:U"),20,false) -> 6 | V16: =VLOOKUP(B16,indirect($AB$2&"!B$5:w$70"),22,false)-A16 -> 4 | W16: =W15+1 -> 12
A17: =A16+1 -> 13 | B17: Arun Mallikarjuna | C17: 295 | D17: 25 | E17: =(C17-(U17*9)-(S17*13))/($D$2-U17-S17) -> 12.705882 | F17: 3 | G17: 0 | H17: 9 | I17: 0 | J17: 0 | K17: 0 | L17: 9 | M17: 0 | N17: =C17+L17 -> 304 | O17: =D17+M17 -> 25 | P17: X | Q17: X | R17: N | S17: =if(H17=13,1,0)+VLOOKUP(B17,indirect($AB$2&"!B:T"),18,false) -> 4 | U17: =if(H17=9,1,0)+VLOOKUP(B17,indirect($AB$2&"!B:U"),20,false) -> 3 | V17: =VLOOKUP(B17,indirect($AB$2&"!B$5:w$70"),22,false)-A17 -> -4 | W17: =W16+1 -> 13
... A65: =A64+1 -> 61 | B65: Leigh-Anh Nguyen | C65: 212 | D65: 4 | E65: =(C65-(U65*9)-(S65*13))/($D$2-U65-S65) -> 8 | F65: 1 | G65: 8 | H65: 0 | I65: 6 | J65: 4 | K65: 3 | L65: 13 | M65: 1 | N65: =C65+L65 -> 225 | O65: =D65+M65 -> 5 | P65: X | Q65: X | R65: X | S65: =if(H65=13,1,0)+VLOOKUP(B65,indirect($AB$2&"!B:T"),18,false) -> 0 | U65: =if(H65=9,1,0)+VLOOKUP(B65,indirect($AB$2&"!B:U"),20,false) -> 20 | V65: =VLOOKUP(B65,indirect($AB$2&"!B$5:w$70"),22,false)-A65 -> 0 | W65: =W64+1 -> 61
A66: =A65+1 -> 62 | B66: Peter Homsey | C66: 211 | D66: 0 | E66: =(C66-(U66*9)-(S66*13))/($D$2-U66-S66) -> 4.5 | F66: 3 | H66: 9 | L66: 9 | N66: =C66+L66 -> 220 | O66: =D66+M66 -> 0 | P66: X | Q66: X | R66: N | S66: =if(H66=13,1,0)+VLOOKUP(B66,indirect($AB$2&"!B:T"),18,false) -> 1 | U66: =if(H66=9,1,0)+VLOOKUP(B66,indirect($AB$2&"!B:U"),20,false) -> 21 | W66: =W65+1 -> 62
A67: =A66+1 -> 63 | B67: Amit Patel | C67: 211 | D67: 0 | E67: =(C67-(U67*9)-(S67*13))/($D$2-U67-S67) -> 0 | F67: 3 | G67: 0 | H67: 9 | I67: 0 | J67: 0 | K67: 0 | L67: 9 | M67: 0 | N67: =C67+L67 -> 220 | O67: =D67+M67 -> 0 | P67: X | Q67: X | R67: N | S67: =if(H67=13,1,0)+VLOOKUP(B67,indirect($AB$2&"!B:T"),18,false) -> 1 | U67: =if(H67=9,1,0)+VLOOKUP(B67,indirect($AB$2&"!B:U"),20,false) -> 22 | V67: =VLOOKUP(B67,indirect($AB$2&"!B$5:w$70"),22,false)-A67 -> 0 | W67: =W66+1 -> 63
A68: =A67+1 -> 64 | B68: Jose Ortiz | C68: 198 | D68: 0 | E68: =(C68-(U68*9)-(S68*13))/($D$2-U68-S68) -> #DIV/0! | F68: 3 | G68: 0 | H68: 9 | I68: 0 | J68: 0 | K68: 0 | L68: 9 | M68: 0 | N68: =C68+L68 -> 207 | O68: =D68+M68 -> 0 | P68: X | Q68: X | R68: N | S68: =if(H68=13,1,0)+VLOOKUP(B68,indirect($AB$2&"!B:T"),18,false) -> 0 | U68: =if(H68=9,1,0)+VLOOKUP(B68,indirect($AB$2&"!B:U"),20,false) -> 24 | V68: =VLOOKUP(B68,indirect($AB$2&"!B$5:w$70"),22,false)-A68 -> 0 | W68: =W67+1 -> 64
A69: =A68+1 -> 65 | B69: Joyce Zhu | C69: 195 | D69: 10 | E69: =(C69-(U69*9)-(S69*13))/($D$2-U69-S69) -> 7.6 | F69: 1 | G69: 8 | H69: 0 | I69: 4 | J69: 6 | K69: 3 | L69: 13 | M69: 1 | N69: =C69+L69 -> 208 | O69: =D69+M69 -> 11 | P69: X | Q69: X | R69: X | S69: =if(H69=13,1,0)+VLOOKUP(B69,indirect($AB$2&"!B:T"),18,false) -> 0 | U69: =if(H69=9,1,0)+VLOOKUP(B69,indirect($AB$2&"!B:U"),20,false) -> 9 | V69: =VLOOKUP(B69,indirect($AB$2&"!B$5:w$70"),22,false)-A69 -> 0 | W69: =W68+1 -> 65
B72: =COUNTA(B5:B69) -> 65
P77: Renewed | R77: =COUNTIF(R5:R69,"X") -> 54
B78: Top Scores | C78: Games | D78: Sets | P78: Not Renewing | R78: =countif(R5:R69,"N") -> 10
B79: =IFERROR(__xludf.DUMMYFUNCTION("QUERY(B5:M69,""Select B, L, M where L >= 18 order by L desc,M desc"",0)"),"Troy Wong") -> Troy Wong | C79: =IFERROR(__xludf.DUMMYFUNCTION("""COMPUTED_VALUE"""),20.0) -> 20 | D79: =IFERROR(__xludf.DUMMYFUNCTION("""COMPUTED_VALUE"""),3.0) -> 3 | P79: To Renew | R79: =countif(R5:R69,"") -> 1
B80: =IFERROR(__xludf.DUMMYFUNCTION("""COMPUTED_VALUE"""),"Cid Macaraeg") -> Cid Macaraeg | C80: =IFERROR(__xludf.DUMMYFUNCTION("""COMPUTED_VALUE"""),20.0) -> 20 | D80: =IFERROR(__xludf.DUMMYFUNCTION("""COMPUTED_VALUE"""),3.0) -> 3 | P80: Total | R80: =sum(R77:R79) -> 65
B81: =IFERROR(__xludf.DUMMYFUNCTION("""COMPUTED_VALUE"""),"Susanta Mishra") -> Susanta Mishra | C81: =IFERROR(__xludf.DUMMYFUNCTION("""COMPUTED_VALUE"""),19.0) -> 19 | D81: =IFERROR(__xludf.DUMMYFUNCTION("""COMPUTED_VALUE"""),3.0) -> 3
B82: =IFERROR(__xludf.DUMMYFUNCTION("""COMPUTED_VALUE"""),"Adrian Tay") -> Adrian Tay | C82: =IFERROR(__xludf.DUMMYFUNCTION("""COMPUTED_VALUE"""),18.0) -> 18 | D82: =IFERROR(__xludf.DUMMYFUNCTION("""COMPUTED_VALUE"""),3.0) -> 3 | P82: * Jimmy Awolesi paid for Jan-Dec 2025
B83: =IFERROR(__xludf.DUMMYFUNCTION("""COMPUTED_VALUE"""),"Mauricio Palacios") -> Mauricio Palacios | C83: =IFERROR(__xludf.DUMMYFUNCTION("""COMPUTED_VALUE"""),18.0) -> 18 | D83: =IFERROR(__xludf.DUMMYFUNCTION("""COMPUTED_VALUE"""),3.0) -> 3
B84: =IFERROR(__xludf.DUMMYFUNCTION("""COMPUTED_VALUE"""),"Sandy Weyant") -> Sandy Weyant | C84: =IFERROR(__xludf.DUMMYFUNCTION("""COMPUTED_VALUE"""),18.0) -> 18 | D84: =IFERROR(__xludf.DUMMYFUNCTION("""COMPUTED_VALUE"""),3.0) -> 3
B85: =IFERROR(__xludf.DUMMYFUNCTION("""COMPUTED_VALUE"""),"Pulkit Mathur") -> Pulkit Mathur | C85: =IFERROR(__xludf.DUMMYFUNCTION("""COMPUTED_VALUE"""),18.0) -> 18 | D85: =IFERROR(__xludf.DUMMYFUNCTION("""COMPUTED_VALUE"""),2.0) -> 2
B86: =IFERROR(__xludf.DUMMYFUNCTION("""COMPUTED_VALUE"""),"Matthew Huang") -> Matthew Huang | C86: =IFERROR(__xludf.DUMMYFUNCTION("""COMPUTED_VALUE"""),18.0) -> 18 | D86: =IFERROR(__xludf.DUMMYFUNCTION("""COMPUTED_VALUE"""),1.0) -> 1
B92: Top 10 Movements (UP) | C92: Positions Moved | D92: Position Last week | E92: Position This week | F92: Points this week | G92: Court | L92: Cross Check
B93: =IFERROR(__xludf.DUMMYFUNCTION("query(B5:V69,""select B, V order by V Desc Limit 10"")"),"Susanta Mishra") -> Susanta Mishra | C93: =IFERROR(__xludf.DUMMYFUNCTION("""COMPUTED_VALUE"""),8.0) -> 8 | D93: =VLOOKUP(B93,indirect($AB$2&"!B$5:w$70"),22, false) -> 54 | E93: =VLOOKUP(B93,B$5:W$69,22, false) -> 46 | F93: =VLOOKUP(B93,indirect($AB$2&"!B$5:U$70"),11, false) -> 18 | G93: =VLOOKUP(B93,indirect($AB$2&"!B$5:U$70"),6, false) -> 7 | L93: =if(D93-E93=C93,"ok","Error") -> ok
B94: =IFERROR(__xludf.DUMMYFUNCTION("""COMPUTED_VALUE"""),"Pulkit Mathur") -> Pulkit Mathur | C94: =IFERROR(__xludf.DUMMYFUNCTION("""COMPUTED_VALUE"""),5.0) -> 5 | D94: =VLOOKUP(B94,indirect($AB$2&"!B$5:w$70"),22, false) -> 20 | E94: =VLOOKUP(B94,B$5:W$69,22, false) -> 15 | F94: =VLOOKUP(B94,indirect($AB$2&"!B$5:U$70"),11, false) -> 17 | G94: =VLOOKUP(B94,indirect($AB$2&"!B$5:U$70"),6, false) -> 4 | L94: =if(D94-E94=C94,"ok","Error") -> ok
B95: =IFERROR(__xludf.DUMMYFUNCTION("""COMPUTED_VALUE"""),"Lloyd Sagar") -> Lloyd Sagar | C95: =IFERROR(__xludf.DUMMYFUNCTION("""COMPUTED_VALUE"""),5.0) -> 5 | D95: =VLOOKUP(B95,indirect($AB$2&"!B$5:w$70"),22, false) -> 34 | E95: =VLOOKUP(B95,B$5:W$69,22, false) -> 29 | F95: =VLOOKUP(B95,indirect($AB$2&"!B$5:U$70"),11, false) -> 18 | G95: =VLOOKUP(B95,indirect($AB$2&"!B$5:U$70"),6, false) -> 5 | L95: =if(D95-E95=C95,"ok","Error") -> ok
B96: =IFERROR(__xludf.DUMMYFUNCTION("""COMPUTED_VALUE"""),"Elayaraja Thangaraj ") -> Elayaraja Thangaraj | C96: =IFERROR(__xludf.DUMMYFUNCTION("""COMPUTED_VALUE"""),5.0) -> 5 | D96: =VLOOKUP(B96,indirect($AB$2&"!B$5:w$70"),22, false) -> 37 | E96: =VLOOKUP(B96,B$5:W$69,22, false) -> 32 | F96: =VLOOKUP(B96,indirect($AB$2&"!B$5:U$70"),11, false) -> 19 | G96: =VLOOKUP(B96,indirect($AB$2&"!B$5:U$70"),6, false) -> 6 | L96: =if(D96-E96=C96,"ok","Error") -> ok
B97: =IFERROR(__xludf.DUMMYFUNCTION("""COMPUTED_VALUE"""),"Alejandro Mejia") -> Alejandro Mejia | C97: =IFERROR(__xludf.DUMMYFUNCTION("""COMPUTED_VALUE"""),4.0) -> 4 | D97: =VLOOKUP(B97,indirect($AB$2&"!B$5:w$70"),22, false) -> 16 | E97: =VLOOKUP(B97,B$5:W$69,22, false) -> 12 | F97: =VLOOKUP(B97,indirect($AB$2&"!B$5:U$70"),11, false) -> 18 | G97: =VLOOKUP(B97,indirect($AB$2&"!B$5:U$70"),6, false) -> 3 | L97: =if(D97-E97=C97,"ok","Error") -> ok
B98: =IFERROR(__xludf.DUMMYFUNCTION("""COMPUTED_VALUE"""),"Sanjaye Elayattu") -> Sanjaye Elayattu | C98: =IFERROR(__xludf.DUMMYFUNCTION("""COMPUTED_VALUE"""),3.0) -> 3 | D98: =VLOOKUP(B98,indirect($AB$2&"!B$5:w$70"),22, false) -> 27 | E98: =VLOOKUP(B98,B$5:W$69,22, false) -> 24 | F98: =VLOOKUP(B98,indirect($AB$2&"!B$5:U$70"),11, false) -> 17 | G98: =VLOOKUP(B98,indirect($AB$2&"!B$5:U$70"),6, false) -> 4 | L98: =if(D98-E98=C98,"ok","Error") -> ok
B99: =IFERROR(__xludf.DUMMYFUNCTION("""COMPUTED_VALUE"""),"David Shin") -> David Shin | C99: =IFERROR(__xludf.DUMMYFUNCTION("""COMPUTED_VALUE"""),2.0) -> 2 | D99: =VLOOKUP(B99,indirect($AB$2&"!B$5:w$70"),22, false) -> 4 | E99: =VLOOKUP(B99,B$5:W$69,22, false) -> 2 | F99: =VLOOKUP(B99,indirect($AB$2&"!B$5:U$70"),11, false) -> 20 | G99: =VLOOKUP(B99,indirect($AB$2&"!B$5:U$70"),6, false) -> 1 | L99: =if(D99-E99=C99,"ok","Error") -> ok
B100: =IFERROR(__xludf.DUMMYFUNCTION("""COMPUTED_VALUE"""),"James Phan") -> James Phan | C100: =IFERROR(__xludf.DUMMYFUNCTION("""COMPUTED_VALUE"""),2.0) -> 2 | D100: =VLOOKUP(B100,indirect($AB$2&"!B$5:w$70"),22, false) -> 7 | E100: =VLOOKUP(B100,B$5:W$69,22, false) -> 5 | F100: =VLOOKUP(B100,indirect($AB$2&"!B$5:U$70"),11, false) -> 18 | G100: =VLOOKUP(B100,indirect($AB$2&"!B$5:U$70"),6, false) -> 2 | L100: =if(D100-E100=C100,"ok","Error") -> ok
B101: =IFERROR(__xludf.DUMMYFUNCTION("""COMPUTED_VALUE"""),"Scott Li") -> Scott Li | C101: =IFERROR(__xludf.DUMMYFUNCTION("""COMPUTED_VALUE"""),2.0) -> 2 | D101: =VLOOKUP(B101,indirect($AB$2&"!B$5:w$70"),22, false) -> 11 | E101: =VLOOKUP(B101,B$5:W$69,22, false) -> 9 | F101: =VLOOKUP(B101,indirect($AB$2&"!B$5:U$70"),11, false) -> 14 | G101: =VLOOKUP(B101,indirect($AB$2&"!B$5:U$70"),6, false) -> 3 | L101: =if(D101-E101=C101,"ok","Error") -> ok
B102: =IFERROR(__xludf.DUMMYFUNCTION("""COMPUTED_VALUE"""),"Joe Luzzi") -> Joe Luzzi | C102: =IFERROR(__xludf.DUMMYFUNCTION("""COMPUTED_VALUE"""),2.0) -> 2 | D102: =VLOOKUP(B102,indirect($AB$2&"!B$5:w$70"),22, false) -> 12 | E102: =VLOOKUP(B102,B$5:W$69,22, false) -> 10 | F102: =VLOOKUP(B102,indirect($AB$2&"!B$5:U$70"),11, false) -> 14 | G102: =VLOOKUP(B102,indirect($AB$2&"!B$5:U$70"),6, false) -> 3 | L102: =if(D102-E102=C102,"ok","Error") -> ok
B105: Top 10 Movements (Down) | C105: Positions | D105: Position Last week | E105: Position This week | F105: Points this week | G105: Court | L105: Cross Check
B106: =IFERROR(__xludf.DUMMYFUNCTION("query(B5:V69,""select B, V order by V asc Limit 10"")"),"Peter Homsey") -> Peter Homsey | D106: =VLOOKUP(B106,indirect($AB$2&"!B$5:w$70"),22, false) -> 62 | E106: =VLOOKUP(B106,B$5:W$69,22, false) -> 62 | F106: =VLOOKUP(B106,indirect($AB$2&"!B$5:U$70"),11, false) -> 9 | G106: =VLOOKUP(B106,indirect($AB$2&"!B$5:U$70"),6, false) | L106: =if(D106-E106=C106,"ok","Error") -> ok
B107: =IFERROR(__xludf.DUMMYFUNCTION("""COMPUTED_VALUE"""),"Tom Le") -> Tom Le | C107: =IFERROR(__xludf.DUMMYFUNCTION("""COMPUTED_VALUE"""),-4.0) -> -4 | D107: =VLOOKUP(B107,indirect($AB$2&"!B$5:w$70"),22, false) -> 2 | E107: =VLOOKUP(B107,B$5:W$69,22, false) -> 6 | F107: =VLOOKUP(B107,indirect($AB$2&"!B$5:U$70"),11, false) -> 9 | G107: =VLOOKUP(B107,indirect($AB$2&"!B$5:U$70"),6, false) -> 0 | L107: =if(D107-E107=C107,"ok","Error") -> ok
B108: =IFERROR(__xludf.DUMMYFUNCTION("""COMPUTED_VALUE"""),"Arun Mallikarjuna") -> Arun Mallikarjuna | C108: =IFERROR(__xludf.DUMMYFUNCTION("""COMPUTED_VALUE"""),-4.0) -> -4 | D108: =VLOOKUP(B108,indirect($AB$2&"!B$5:w$70"),22, false) -> 9 | E108: =VLOOKUP(B108,B$5:W$69,22, false) -> 13 | F108: =VLOOKUP(B108,indirect($AB$2&"!B$5:U$70"),11, false) -> 11 | G108: =VLOOKUP(B108,indirect($AB$2&"!B$5:U$70"),6, false) -> 2 | L108: =if(D108-E108=C108,"ok","Error") -> ok
B109: =IFERROR(__xludf.DUMMYFUNCTION("""COMPUTED_VALUE"""),"Christopher Li") -> Christopher Li | C109: =IFERROR(__xludf.DUMMYFUNCTION("""COMPUTED_VALUE"""),-3.0) -> -3 | D109: =VLOOKUP(B109,indirect($AB$2&"!B$5:w$70"),22, false) -> 13 | E109: =VLOOKUP(B109,B$5:W$69,22, false) -> 16 | F109: =VLOOKUP(B109,indirect($AB$2&"!B$5:U$70"),11, false) -> 9 | G109: =VLOOKUP(B109,indirect($AB$2&"!B$5:U$70"),6, false) -> 0 | L109: =if(D109-E109=C109,"ok","Error") -> ok
B110: =IFERROR(__xludf.DUMMYFUNCTION("""COMPUTED_VALUE"""),"Rajasekar Ramasamy") -> Rajasekar Ramasamy | C110: =IFERROR(__xludf.DUMMYFUNCTION("""COMPUTED_VALUE"""),-3.0) -> -3 | D110: =VLOOKUP(B110,indirect($AB$2&"!B$5:w$70"),22, false) -> 14 | E110: =VLOOKUP(B110,B$5:W$69,22, false) -> 17 | F110: =VLOOKUP(B110,indirect($AB$2&"!B$5:U$70"),11, false) -> 9 | G110: =VLOOKUP(B110,indirect($AB$2&"!B$5:U$70"),6, false) -> 0 | L110: =if(D110-E110=C110,"ok","Error") -> ok
B111: =IFERROR(__xludf.DUMMYFUNCTION("""COMPUTED_VALUE"""),"Manuel Rivera") -> Manuel Rivera | C111: =IFERROR(__xludf.DUMMYFUNCTION("""COMPUTED_VALUE"""),-3.0) -> -3 | D111: =VLOOKUP(B111,indirect($AB$2&"!B$5:w$70"),22, false) -> 30 | E111: =VLOOKUP(B111,B$5:W$69,22, false) -> 33 | F111: =VLOOKUP(B111,indirect($AB$2&"!B$5:U$70"),11, false) -> 7 | G111: =VLOOKUP(B111,indirect($AB$2&"!B$5:U$70"),6, false) -> 5 | L111: =if(D111-E111=C111,"ok","Error") -> ok
B112: =IFERROR(__xludf.DUMMYFUNCTION("""COMPUTED_VALUE"""),"Vinz Solano") -> Vinz Solano | C112: =IFERROR(__xludf.DUMMYFUNCTION("""COMPUTED_VALUE"""),-3.0) -> -3 | D112: =VLOOKUP(B112,indirect($AB$2&"!B$5:w$70"),22, false) -> 35 | E112: =VLOOKUP(B112,B$5:W$69,22, false) -> 38 | F112: =VLOOKUP(B112,indirect($AB$2&"!B$5:U$70"),11, false) -> 9 | G112: =VLOOKUP(B112,indirect($AB$2&"!B$5:U$70"),6, false) -> 0 | L112: =if(D112-E112=C112,"ok","Error") -> ok
B113: =IFERROR(__xludf.DUMMYFUNCTION("""COMPUTED_VALUE"""),"Saravanan Veerapandian") -> Saravanan Veerapandian | C113: =IFERROR(__xludf.DUMMYFUNCTION("""COMPUTED_VALUE"""),-3.0) -> -3 | D113: =VLOOKUP(B113,indirect($AB$2&"!B$5:w$70"),22, false) -> 45 | E113: =VLOOKUP(B113,B$5:W$69,22, false) -> 48 | F113: =VLOOKUP(B113,indirect($AB$2&"!B$5:U$70"),11, false) -> 6 | G113: =VLOOKUP(B113,indirect($AB$2&"!B$5:U$70"),6, false) -> 7 | L113: =if(D113-E113=C113,"ok","Error") -> ok
B114: =IFERROR(__xludf.DUMMYFUNCTION("""COMPUTED_VALUE"""),"Troy Wong") -> Troy Wong | C114: =IFERROR(__xludf.DUMMYFUNCTION("""COMPUTED_VALUE"""),-2.0) -> -2 | D114: =VLOOKUP(B114,indirect($AB$2&"!B$5:w$70"),22, false) -> 23 | E114: =VLOOKUP(B114,B$5:W$69,22, false) -> 25 | F114: =VLOOKUP(B114,indirect($AB$2&"!B$5:U$70"),11, false) -> 9 | G114: =VLOOKUP(B114,indirect($AB$2&"!B$5:U$70"),6, false) -> 0 | L114: =if(D114-E114=C114,"ok","Error") -> ok
B115: =IFERROR(__xludf.DUMMYFUNCTION("""COMPUTED_VALUE"""),"Erik Hoeckmann") -> Erik Hoeckmann | C115: =IFERROR(__xludf.DUMMYFUNCTION("""COMPUTED_VALUE"""),-2.0) -> -2 | D115: =VLOOKUP(B115,indirect($AB$2&"!B$5:w$70"),22, false) -> 24 | E115: =VLOOKUP(B115,B$5:W$69,22, false) -> 26 | F115: =VLOOKUP(B115,indirect($AB$2&"!B$5:U$70"),11, false) -> 9 | G115: =VLOOKUP(B115,indirect($AB$2&"!B$5:U$70"),6, false) -> 0 | L115: =if(D115-E115=C115,"ok","Error") -> ok
A121: Renewals for January - June 2025
B122: Members Renewed | C122: Members to Renew | F122: Members Not Renewing | I122: New Members Joined/invited*
A123: 1 | B123: =IFERROR(__xludf.DUMMYFUNCTION("query(B5:V69,""select B where R = 'X' order by B asc"")"),"Alejandro Mejia") -> Alejandro Mejia | C123: =IFERROR(__xludf.DUMMYFUNCTION("query(B5:V69,""select B where R = '' order by B asc"")"),"Adrian Tay") -> Adrian Tay | F123: =IFERROR(__xludf.DUMMYFUNCTION("query(B5:V69,""select B where R = 'N' order by B asc"")"),"Amit Patel") -> Amit Patel | I123: Allen Zhang
A124: =A123+1 -> 2 | B124: =IFERROR(__xludf.DUMMYFUNCTION("""COMPUTED_VALUE"""),"Alex Hou") -> Alex Hou | F124: =IFERROR(__xludf.DUMMYFUNCTION("""COMPUTED_VALUE"""),"Arun Mallikarjuna") -> Arun Mallikarjuna | I124: Ethan Gu
A125: =A124+1 -> 3 | B125: =IFERROR(__xludf.DUMMYFUNCTION("""COMPUTED_VALUE"""),"Andrew Wen") -> Andrew Wen | F125: =IFERROR(__xludf.DUMMYFUNCTION("""COMPUTED_VALUE"""),"Christopher Li") -> Christopher Li | I125: Basudev Thoppai Vidyasankar
A126: =A125+1 -> 4 | B126: =IFERROR(__xludf.DUMMYFUNCTION("""COMPUTED_VALUE"""),"Balaji Alahari") -> Balaji Alahari | F126: =IFERROR(__xludf.DUMMYFUNCTION("""COMPUTED_VALUE"""),"Jose Ortiz") -> Jose Ortiz | I126: Hongyuan Wen
A127: =A126+1 -> 5 | B127: =IFERROR(__xludf.DUMMYFUNCTION("""COMPUTED_VALUE"""),"Chinna Ponnaganti") -> Chinna Ponnaganti | F127: =IFERROR(__xludf.DUMMYFUNCTION("""COMPUTED_VALUE"""),"Nohely Mejia") -> Nohely Mejia | I127: Tyler Leong
A128: =A127+1 -> 6 | B128: =IFERROR(__xludf.DUMMYFUNCTION("""COMPUTED_VALUE"""),"Cid Macaraeg") -> Cid Macaraeg | F128: =IFERROR(__xludf.DUMMYFUNCTION("""COMPUTED_VALUE"""),"Peter Cheng") -> Peter Cheng | I128: Vicki Martinet
A129: =A128+1 -> 7 | B129: =IFERROR(__xludf.DUMMYFUNCTION("""COMPUTED_VALUE"""),"Coco Yan") -> Coco Yan | F129: =IFERROR(__xludf.DUMMYFUNCTION("""COMPUTED_VALUE"""),"Peter Homsey") -> Peter Homsey | I129: Barathi Sundaram
A130: =A129+1 -> 8 | B130: =IFERROR(__xludf.DUMMYFUNCTION("""COMPUTED_VALUE"""),"David Shin") -> David Shin | F130: =IFERROR(__xludf.DUMMYFUNCTION("""COMPUTED_VALUE"""),"Sai Dilip Ponnaganti") -> Sai Dilip Ponnaganti | I130: Alan Sung
A131: =A130+1 -> 9 | B131: =IFERROR(__xludf.DUMMYFUNCTION("""COMPUTED_VALUE"""),"Elayaraja Thangaraj ") -> Elayaraja Thangaraj | F131: =IFERROR(__xludf.DUMMYFUNCTION("""COMPUTED_VALUE"""),"Tony Lin") -> Tony Lin | I131: Hubert J Sung
A132: =A131+1 -> 10 | B132: =IFERROR(__xludf.DUMMYFUNCTION("""COMPUTED_VALUE"""),"Eric Pan") -> Eric Pan | F132: =IFERROR(__xludf.DUMMYFUNCTION("""COMPUTED_VALUE"""),"Vinz Solano") -> Vinz Solano | I132: Tina Hanson
A133: =A132+1 -> 11 | B133: =IFERROR(__xludf.DUMMYFUNCTION("""COMPUTED_VALUE"""),"Eric Tan") -> Eric Tan
A134: =A133+1 -> 12 | B134: =IFERROR(__xludf.DUMMYFUNCTION("""COMPUTED_VALUE"""),"Erik Hoeckmann") -> Erik Hoeckmann
A135: =A134+1 -> 13 | B135: =IFERROR(__xludf.DUMMYFUNCTION("""COMPUTED_VALUE"""),"Frank Moon") -> Frank Moon
A136: =A135+1 -> 14 | B136: =IFERROR(__xludf.DUMMYFUNCTION("""COMPUTED_VALUE"""),"Herman Au") -> Herman Au
A137: =A136+1 -> 15 | B137: =IFERROR(__xludf.DUMMYFUNCTION("""COMPUTED_VALUE"""),"James Phan") -> James Phan
A138: =A137+1 -> 16 | B138: =IFERROR(__xludf.DUMMYFUNCTION("""COMPUTED_VALUE"""),"Jim Miao") -> Jim Miao
A139: =A138+1 -> 17 | B139: =IFERROR(__xludf.DUMMYFUNCTION("""COMPUTED_VALUE"""),"Jimmy Awolesi") -> Jimmy Awolesi
A140: =A139+1 -> 18 | B140: =IFERROR(__xludf.DUMMYFUNCTION("""COMPUTED_VALUE"""),"Joe Luzzi") -> Joe Luzzi
A141: =A140+1 -> 19 | B141: =IFERROR(__xludf.DUMMYFUNCTION("""COMPUTED_VALUE"""),"Jonathan Phan") -> Jonathan Phan
A142: =A141+1 -> 20 | B142: =IFERROR(__xludf.DUMMYFUNCTION("""COMPUTED_VALUE"""),"Joyce Zhu") -> Joyce Zhu
A143: =A142+1 -> 21 | B143: =IFERROR(__xludf.DUMMYFUNCTION("""COMPUTED_VALUE"""),"Kumar Palakeel") -> Kumar Palakeel
A144: =A143+1 -> 22 | B144: =IFERROR(__xludf.DUMMYFUNCTION("""COMPUTED_VALUE"""),"Lam Bui") -> Lam Bui
A145: =A144+1 -> 23 | B145: =IFERROR(__xludf.DUMMYFUNCTION("""COMPUTED_VALUE"""),"Leigh-Anh Nguyen") -> Leigh-Anh Nguyen
A146: =A145+1 -> 24 | B146: =IFERROR(__xludf.DUMMYFUNCTION("""COMPUTED_VALUE"""),"Lloyd Sagar") -> Lloyd Sagar
A147: =A146+1 -> 25 | B147: =IFERROR(__xludf.DUMMYFUNCTION("""COMPUTED_VALUE"""),"Luis Hsu") -> Luis Hsu
A148: =A147+1 -> 26 | B148: =IFERROR(__xludf.DUMMYFUNCTION("""COMPUTED_VALUE"""),"Manish Anand") -> Manish Anand
A149: =A148+1 -> 27 | B149: =IFERROR(__xludf.DUMMYFUNCTION("""COMPUTED_VALUE"""),"Manuel Rivera") -> Manuel Rivera
A150: =A149+1 -> 28 | B150: =IFERROR(__xludf.DUMMYFUNCTION("""COMPUTED_VALUE"""),"Matthew Huang") -> Matthew Huang
A151: =A150+1 -> 29 | B151: =IFERROR(__xludf.DUMMYFUNCTION("""COMPUTED_VALUE"""),"Mauricio Palacios") -> Mauricio Palacios
A152: =A151+1 -> 30 | B152: =IFERROR(__xludf.DUMMYFUNCTION("""COMPUTED_VALUE"""),"Naveen Raj") -> Naveen Raj
A153: =A152+1 -> 31 | B153: =IFERROR(__xludf.DUMMYFUNCTION("""COMPUTED_VALUE"""),"Nicole Ni") -> Nicole Ni
A154: =A153+1 -> 32 | B154: =IFERROR(__xludf.DUMMYFUNCTION("""COMPUTED_VALUE"""),"Oscar Bonilla") -> Oscar Bonilla
A155: =A154+1 -> 33 | B155: =IFERROR(__xludf.DUMMYFUNCTION("""COMPUTED_VALUE"""),"Pavan Akkimsetty") -> Pavan Akkimsetty
A156: =A155+1 -> 34 | B156: =IFERROR(__xludf.DUMMYFUNCTION("""COMPUTED_VALUE"""),"Pulkit Mathur") -> Pulkit Mathur
A157: =A156+1 -> 35 | B157: =IFERROR(__xludf.DUMMYFUNCTION("""COMPUTED_VALUE"""),"Rajasekar Ramasamy") -> Rajasekar Ramasamy
A158: =A157+1 -> 36 | B158: =IFERROR(__xludf.DUMMYFUNCTION("""COMPUTED_VALUE"""),"Rajesh Dorairaj") -> Rajesh Dorairaj
A159: =A158+1 -> 37 | B159: =IFERROR(__xludf.DUMMYFUNCTION("""COMPUTED_VALUE"""),"Ramesh Bandaru") -> Ramesh Bandaru
A160: =A159+1 -> 38 | B160: =IFERROR(__xludf.DUMMYFUNCTION("""COMPUTED_VALUE"""),"Robert Chang") -> Robert Chang
A161: =A160+1 -> 39 | B161: =IFERROR(__xludf.DUMMYFUNCTION("""COMPUTED_VALUE"""),"Sandy Weyant") -> Sandy Weyant
A162: =A161+1 -> 40 | B162: =IFERROR(__xludf.DUMMYFUNCTION("""COMPUTED_VALUE"""),"Sanjaye Elayattu") -> Sanjaye Elayattu
A163: =A162+1 -> 41 | B163: =IFERROR(__xludf.DUMMYFUNCTION("""COMPUTED_VALUE"""),"Santosh Sundaresan ") -> Santosh Sundaresan
A164: =A163+1 -> 42 | B164: =IFERROR(__xludf.DUMMYFUNCTION("""COMPUTED_VALUE"""),"Saravanan Veerapandian") -> Saravanan Veerapandian
A165: =A164+1 -> 43 | B165: =IFERROR(__xludf.DUMMYFUNCTION("""COMPUTED_VALUE"""),"Scott Li") -> Scott Li
...

Sheet 120724
B1: Standings as of | C1: 45633
B2: Number of Weeks Played | D2: 23 | AB2: =text(C1-7,"mm/dd/yy") -> 11/30/24
C3: Beginning of week | F3: Current Week Scores | N3: End of week | Q3: Jul-Dec 2024 | R3: Jan-Jun 2025
A4: Ranking | B4: Name of Player | C4: Games Won | D4: Sets Won | E4: Games Won / Match | F4: Check IN | G4: Court # | H4: Set 0 | I4: Set 1 | J4: Set 2 | K4: Set 3 | L4: Games Won | M4: Sets Won | N4: Games Won | O4: Sets Won | P4: Waiver | Q4: Fee | R4: Fee | S4: Sit outs | T4: No Shows | U4: Absent | V4: Positions Gained/Lost | W4: Ranking
A5: 1 | B5: Adrian Tay | C5: 345 | D5: 41 | E5: =(C5-(U5*9)-(S5*13))/($D$2-U5-S5) -> 17.125 | F5: 3 | G5: 0 | H5: 9 | I5: 0 | J5: 0 | K5: 0 | L5: 9 | M5: 0 | N5: =C5+L5 -> 354 | O5: =D5+M5 -> 41 | P5: X | Q5: X | S5: =if(H5=13,1,0)+VLOOKUP(B5,indirect($AB$2&"!B:T"),18,false) -> 2 | U5: =if(H5=9,1,0)+VLOOKUP(B5,indirect($AB$2&"!B:U"),20,false) -> 5 | V5: =VLOOKUP(B5,indirect($AB$2&"!B$5:w$70"),22,false)-A5 -> 0 | W5: 1
A6: =A5+1 -> 2 | B6: Tom Le | C6: 294 | D6: 30 | E6: =(C6-(U6*9)-(S6*13))/($D$2-U6-S6) -> 14.4375 | F6: 3 | G6: 0 | H6: 9 | I6: 0 | J6: 0 | K6: 0 | L6: 9 | M6: 0 | N6: =C6+L6 -> 303 | O6: =D6+M6 -> 30 | P6: X | Q6: X | R6: X | S6: =if(H6=13,1,0)+VLOOKUP(B6,indirect($AB$2&"!B:T"),18,false) -> 0 | U6: =if(H6=9,1,0)+VLOOKUP(B6,indirect($AB$2&"!B:U"),20,false) -> 7 | V6: =VLOOKUP(B6,indirect($AB$2&"!B$5:w$70"),22,false)-A6 -> 1 | W6: =W5+1 -> 2
A7: =A6+1 -> 3 | B7: Lam Bui | C7: 291 | D7: 25 | E7: =(C7-(U7*9)-(S7*13))/($D$2-U7-S7) -> 15.333333 | F7: 2 | G7: 1 | H7: 0 | I7: 3 | J7: 5 | K7: 7 | L7: 15 | M7: 1 | N7: =C7+L7 -> 306 | O7: =D7+M7 -> 26 | P7: X | Q7: X | R7: X | S7: =if(H7=13,1,0)+VLOOKUP(B7,indirect($AB$2&"!B:T"),18,false) -> 2 | U7: =if(H7=9,1,0)+VLOOKUP(B7,indirect($AB$2&"!B:U"),20,false) -> 9 | V7: =VLOOKUP(B7,indirect($AB$2&"!B$5:w$70"),22,false)-A7 -> 1 | W7: =W6+1 -> 3
A8: =A7+1 -> 4 | B8: David Shin | C8: 289 | D8: 24 | E8: =(C8-(U8*9)-(S8*13))/($D$2-U8-S8) -> 13.375 | F8: 1 | G8: 1 | H8: 0 | I8: 6 | J8: 7 | K8: 7 | L8: 20 | M8: 3 | N8: =C8+L8 -> 309 | O8: =D8+M8 -> 27 | P8: X | Q8: X | R8: X | S8: =if(H8=13,1,0)+VLOOKUP(B8,indirect($AB$2&"!B:T"),18,false) -> 3 | U8: =if(H8=9,1,0)+VLOOKUP(B8,indirect($AB$2&"!B:U"),20,false) -> 4 | V8: =VLOOKUP(B8,indirect($AB$2&"!B$5:w$70"),22,false)-A8 -> 4 | W8: =W7+1 -> 4
A9: =A8+1 -> 5 | B9: Suleman Alidina | C9: 288 | D9: 29 | E9: =(C9-(U9*9)-(S9*13))/($D$2-U9-S9) -> 13.277778 | F9: 1 | G9: 1 | H9: 0 | I9: 3 | J9: 7 | K9: 6 | L9: 16 | M9: 1 | N9: =C9+L9 -> 304 | O9: =D9+M9 -> 30 | P9: X | Q9: X | R9: X | S9: =if(H9=13,1,0)+VLOOKUP(B9,indirect($AB$2&"!B:T"),18,false) -> 1 | U9: =if(H9=9,1,0)+VLOOKUP(B9,indirect($AB$2&"!B:U"),20,false) -> 4 | V9: =VLOOKUP(B9,indirect($AB$2&"!B$5:w$70"),22,false)-A9 -> 0 | W9: =W8+1 -> 5
A10: =A9+1 -> 6 | B10: Frank Moon | C10: 286 | D10: 28 | E10: =(C10-(U10*9)-(S10*13))/($D$2-U10-S10) -> 12.590909 | F10: 1 | G10: 1 | H10: 0 | I10: 6 | J10: 5 | K10: 6 | L10: 17 | M10: 1 | N10: =C10+L10 -> 303 | O10: =D10+M10 -> 29 | P10: X | Q10: X | R10: X | S10: =if(H10=13,1,0)+VLOOKUP(B10,indirect($AB$2&"!B:T"),18,false) -> 0 | U10: =if(H10=9,1,0)+VLOOKUP(B10,indirect($AB$2&"!B:U"),20,false) -> 1 | V10: =VLOOKUP(B10,indirect($AB$2&"!B$5:w$70"),22,false)-A10 -> 4 | W10: =W9+1 -> 6
A11: =A10+1 -> 7 | B11: James Phan | C11: 286 | D11: 23 | E11: =(C11-(U11*9)-(S11*13))/($D$2-U11-S11) -> 15.818182 | F11: 2 | G11: 2 | H11: 0 | I11: 6 | J11: 6 | K11: 6 | L11: 18 | M11: 3 | N11: =C11+L11 -> 304 | O11: =D11+M11 -> 26 | P11: X | Q11: X | R11: X | S11: =if(H11=13,1,0)+VLOOKUP(B11,indirect($AB$2&"!B:T"),18,false) -> 1 | U11: =if(H11=9,1,0)+VLOOKUP(B11,indirect($AB$2&"!B:U"),20,false) -> 11 | V11: =VLOOKUP(B11,indirect($AB$2&"!B$5:w$70"),22,false)-A11 -> -5 | W11: =W10+1 -> 7
A12: =A11+1 -> 8 | B12: Pavan Akkimsetty | C12: 285 | D12: 24 | E12: =(C12-(U12*9)-(S12*13))/($D$2-U12-S12) -> 14.571429 | F12: 1 | G12: 2 | H12: 0 | I12: 4 | J12: 6 | K12: 3 | L12: 13 | M12: 1 | N12: =C12+L12 -> 298 | O12: =D12+M12 -> 25 | P12: X | Q12: X | R12: X | S12: =if(H12=13,1,0)+VLOOKUP(B12,indirect($AB$2&"!B:T"),18,false) -> 0 | U12: =if(H12=9,1,0)+VLOOKUP(B12,indirect($AB$2&"!B:U"),20,false) -> 9 | V12: =VLOOKUP(B12,indirect($AB$2&"!B$5:w$70"),22,false)-A12 -> 6 | W12: =W11+1 -> 8
A13: =A12+1 -> 9 | B13: Arun Mallikarjuna | C13: 284 | D13: 24 | E13: =(C13-(U13*9)-(S13*13))/($D$2-U13-S13) -> 12.588235 | F13: 1 | G13: 2 | H13: 0 | I13: 6 | J13: 2 | K13: 3 | L13: 11 | M13: 1 | N13: =C13+L13 -> 295 | O13: =D13+M13 -> 25 | P13: X | Q13: X | R13: N | S13: =if(H13=13,1,0)+VLOOKUP(B13,indirect($AB$2&"!B:T"),18,false) -> 4 | U13: =if(H13=9,1,0)+VLOOKUP(B13,indirect($AB$2&"!B:U"),20,false) -> 2 | V13: =VLOOKUP(B13,indirect($AB$2&"!B$5:w$70"),22,false)-A13 -> 3 | W13: =W12+1 -> 9
A14: =A13+1 -> 10 | B14: Ted Shen | C14: 284 | D14: 24 | E14: =(C14-(U14*9)-(S14*13))/($D$2-U14-S14) -> 12.65 | F14: 1 | G14: 2 | H14: 0 | I14: 4 | J14: 2 | K14: 6 | L14: 12 | M14: 1 | N14: =C14+L14 -> 296 | O14: =D14+M14 -> 25 | P14: X | Q14: X | R14: X | S14: =if(H14=13,1,0)+VLOOKUP(B14,indirect($AB$2&"!B:T"),18,false) -> 1 | U14: =if(H14=9,1,0)+VLOOKUP(B14,indirect($AB$2&"!B:U"),20,false) -> 2 | V14: =VLOOKUP(B14,indirect($AB$2&"!B$5:w$70"),22,false)-A14 -> -4 | W14: =W13+1 -> 10
A15: =A14+1 -> 11 | B15: Scott Li | C15: 284 | D15: 21 | E15: =(C15-(U15*9)-(S15*13))/($D$2-U15-S15) -> 13.294118 | F15: 1 | G15: 3 | H15: 0 | I15: 4 | J15: 6 | K15: 4 | L15: 14 | M15: 1 | N15: =C15+L15 -> 298 | O15: =D15+M15 -> 22 | P15: X | Q15: X | R15: X | S15: =if(H15=13,1,0)+VLOOKUP(B15,indirect($AB$2&"!B:T"),18,false) -> 1 | U15: =if(H15=9,1,0)+VLOOKUP(B15,indirect($AB$2&"!B:U"),20,false) -> 5 | V15: =VLOOKUP(B15,indirect($AB$2&"!B$5:w$70"),22,false)-A15 -> 5 | W15: =W14+1 -> 11
A16: =A15+1 -> 12 | B16: Joe Luzzi | C16: 283 | D16: 20 | E16: =(C16-(U16*9)-(S16*13))/($D$2-U16-S16) -> 12.333333 | F16: 2 | G16: 3 | H16: 0 | I16: 4 | J16: 4 | K16: 6 | L16: 14 | M16: 1 | N16: =C16+L16 -> 297 | O16: =D16+M16 -> 21 | P16: X | Q16: X | R16: X | S16: =if(H16=13,1,0)+VLOOKUP(B16,indirect($AB$2&"!B:T"),18,false) -> 4 | U16: =if(H16=9,1,0)+VLOOKUP(B16,indirect($AB$2&"!B:U"),20,false) -> 1 | V16: =VLOOKUP(B16,indirect($AB$2&"!B$5:w$70"),22,false)-A16 -> -3 | W16: =W15+1 -> 12
A17: =A16+1 -> 13 | B17: Christopher Li | C17: 280 | D17: 23 | E17: =(C17-(U17*9)-(S17*13))/($D$2-U17-S17) -> 15.9 | F17: 3 | G17: 0 | H17: 9 | I17: 0 | J17: 0 | K17: 0 | L17: 9 | M17: 0 | N17: =C17+L17 -> 289 | O17: =D17+M17 -> 23 | P17: X | Q17: X | R17: N | S17: =if(H17=13,1,0)+VLOOKUP(B17,indirect($AB$2&"!B:T"),18,false) -> 1 | U17: =if(H17=9,1,0)+VLOOKUP(B17,indirect($AB$2&"!B:U"),20,false) -> 12 | V17: =VLOOKUP(B17,indirect($AB$2&"!B$5:w$70"),22,false)-A17 -> -6 | W17: =W16+1 -> 13
A18: =A17+1 -> 14 | B18: Rajasekar Ramasamy | C18: 280 | D18: 23 | E18: =(C18-(U18*9)-(S18*13))/($D$2-U18-S18) -> 13.0625 | F18: 3 | G18: 0 | H18: 9 | I18: 0 | J18: 0 | K18: 0 | L18: 9 | M18: 0 | N18: =C18+L18 -> 289 | O18: =D18+M18 -> 23 | P18: X | Q18: X | R18: X | S18: =if(H18=13,1,0)+VLOOKUP(B18,indirect($AB$2&"!B:T"),18,false) -> 2 | U18: =if(H18=9,1,0)+VLOOKUP(B18,indirect($AB$2&"!B:U"),20,false) -> 5 | V18: =VLOOKUP(B18,indirect($AB$2&"!B$5:w$70"),22,false)-A18 -> 4 | W18: =W17+1 -> 14
A19: =A18+1 -> 15 | B19: Herman Au | C19: 279 | D19: 17 | E19: =(C19-(U19*9)-(S19*13))/($D$2-U19-S19) -> 12.333333 | F19: 1 | G19: 3 | H19: 0 | I19: 6 | J19: 4 | K19: 4 | L19: 14 | M19: 1 | N19: =C19+L19 -> 293 | O19: =D19+M19 -> 18 | P19: X | Q19: X | S19: =if(H19=13,1,0)+VLOOKUP(B19,indirect($AB$2&"!B:T"),18,false) -> 3 | U19: =if(H19=9,1,0)+VLOOKUP(B19,indirect($AB$2&"!B:U"),20,false) -> 2 | V19: =VLOOKUP(B19,indirect($AB$2&"!B$5:w$70"),22,false)-A19 -> 2 | W19: =W18+1 -> 15
A20: =A19+1 -> 16 | B20: Alejandro Mejia | C20: 277 | D20: 28 | E20: =(C20-(U20*9)-(S20*13))/($D$2-U20-S20) -> 13.117647 | F20: 1 | G20: 3 | H20: 0 | I20: 6 | J20: 6 | K20: 6 | L20: 18 | M20: 3 | N20: =C20+L20 -> 295 | O20: =D20+M20 -> 31 | P20: X | Q20: X | R20: X | S20: =if(H20=13,1,0)+VLOOKUP(B20,indirect($AB$2&"!B:T"),18,false) -> 0 | U20: =if(H20=9,1,0)+VLOOKUP(B20,indirect($AB$2&"!B:U"),20,false) -> 6 | V20: =VLOOKUP(B20,indirect($AB$2&"!B$5:w$70"),22,false)-A20 -> -5 | W20: =W19+1 -> 16
A21: =A20+1 -> 17 | B21: Jonathan Phan | C21: 275 | D21: 23 | E21: =(C21-(U21*9)-(S21*13))/($D$2-U21-S21) -> 13.266667 | F21: 3 | G21: 0 | H21: 9 | I21: 0 | J21: 0 | K21: 0 | L21: 9 | M21: 0 | N21: =C21+L21 -> 284 | O21: =D21+M21 -> 23 | P21: X | Q21: X | R21: X | S21: =if(H21=13,1,0)+VLOOKUP(B21,indirect($AB$2&"!B:T"),18,false) -> 1 | U21: =if(H21=9,1,0)+VLOOKUP(B21,indirect($AB$2&"!B:U"),20,false) -> 7 | V21: =VLOOKUP(B21,indirect($AB$2&"!B$5:w$70"),22,false)-A21 -> -4 | W21: =W20+1 -> 17
A22: =A21+1 -> 18 | B22: Robert Chang | C22: 275 | D22: 18 | E22: =(C22-(U22*9)-(S22*13))/($D$2-U22-S22) -> 15.857143 | F22: 3 | G22: 0 | H22: 9 | I22: 0 | J22: 0 | K22: 0 | L22: 9 | M22: 0 | N22: =C22+L22 -> 284 | O22: =D22+M22 -> 18 | P22: X | Q22: X | R22: X | S22: =if(H22=13,1,0)+VLOOKUP(B22,indirect($AB$2&"!B:T"),18,false) -> 5 | U22: =if(H22=9,1,0)+VLOOKUP(B22,indirect($AB$2&"!B:U"),20,false) -> 11 | V22: =VLOOKUP(B22,indirect($AB$2&"!B$5:w$70"),22,false)-A22 -> 3 | W22: =W21+1 -> 18
A23: =A22+1 -> 19 | B23: Matthew Huang | C23: 273 | D23: 19 | E23: =(C23-(U23*9)-(S23*13))/($D$2-U23-S23) -> 13.5 | F23: 3 | G23: 0 | H23: 9 | I23: 0 | J23: 0 | K23: 0 | L23: 9 | M23: 0 | N23: =C23+L23 -> 282 | O23: =D23+M23 -> 19 | P23: X | Q23: X | R23: X | S23: =if(H23=13,1,0)+VLOOKUP(B23,indirect($AB$2&"!B:T"),18,false) -> 3 | U23: =if(H23=9,1,0)+VLOOKUP(B23,indirect($AB$2&"!B:U"),20,false) -> 8 | V23: =VLOOKUP(B23,indirect($AB$2&"!B$5:w$70"),22,false)-A23 -> -4 | W23: =W22+1 -> 19
A24: =A23+1 -> 20 | B24: Pulkit Mathur | C24: 272 | D24: 22 | E24: =(C24-(U24*9)-(S24*13))/($D$2-U24-S24) -> 15.333333 | F24: 1 | G24: 4 | H24: 0 | I24: 4 | J24: 6 | K24: 7 | L24: 17 | M24: 2 | N24: =C24+L24 -> 289 | O24: =D24+M24 -> 24 | P24: X | Q24: X | R24: X | S24: =if(H24=13,1,0)+VLOOKUP(B24,indirect($AB$2&"!B:T"),18,false) -> 2 | U24: =if(H24=9,1,0)+VLOOKUP(B24,indirect($AB$2&"!B:U"),20,false) -> 12 | V24: =VLOOKUP(B24,indirect($AB$2&"!B$5:w$70"),22,false)-A24 -> 5 | W24: =W23+1 -> 20
A25: =A24+1 -> 21 | B25: Sean Chang | C25: 270 | D25: 19 | E25: =(C25-(U25*9)-(S25*13))/($D$2-U25-S25) -> 13.230769 | F25: 3 | G25: 0 | H25: 9 | I25: 0 | J25: 0 | K25: 0 | L25: 9 | M25: 0 | N25: =C25+L25 -> 279 | O25: =D25+M25 -> 19 | P25: X | Q25: X | R25: X | S25: =if(H25=13,1,0)+VLOOKUP(B25,indirect($AB$2&"!B:T"),18,false) -> 2 | U25: =if(H25=9,1,0)+VLOOKUP(B25,indirect($AB$2&"!B:U"),20,false) -> 8 | V25: =VLOOKUP(B25,indirect($AB$2&"!B$5:w$70"),22,false)-A25 -> -1 | W25: =W24+1 -> 21
A26: =A25+1 -> 22 | B26: Luis Hsu | C26: 269 | D26: 19 | E26: =(C26-(U26*9)-(S26*13))/($D$2-U26-S26) -> 13.909091 | F26: 3 | G26: 0 | H26: 9 | I26: 0 | J26: 0 | K26: 0 | L26: 9 | M26: 0 | N26: =C26+L26 -> 278 | O26: =D26+M26 -> 19 | P26: X | Q26: X | R26: X | S26: =if(H26=13,1,0)+VLOOKUP(B26,indirect($AB$2&"!B:T"),18,false) -> 2 | U26: =if(H26=9,1,0)+VLOOKUP(B26,indirect($AB$2&"!B:U"),20,false) -> 10 | V26: =VLOOKUP(B26,indirect($AB$2&"!B$5:w$70"),22,false)-A26 -> -3 | W26: =W25+1 -> 22
A27: =A26+1 -> 23 | B27: Troy Wong | C27: 264 | D27: 15 | E27: =(C27-(U27*9)-(S27*13))/($D$2-U27-S27) -> 13.454545 | F27: 3 | G27: 0 | H27: 9 | I27: 0 | J27: 0 | K27: 0 | L27: 9 | M27: 0 | N27: =C27+L27 -> 273 | O27: =D27+M27 -> 15 | P27: X | Q27: X | R27: X | S27: =if(H27=13,1,0)+VLOOKUP(B27,indirect($AB$2&"!B:T"),18,false) -> 2 | U27: =if(H27=9,1,0)+VLOOKUP(B27,indirect($AB$2&"!B:U"),20,false) -> 10 | V27: =VLOOKUP(B27,indirect($AB$2&"!B$5:w$70"),22,false)-A27 -> -1 | W27: =W26+1 -> 23
A28: =A27+1 -> 24 | B28: Erik Hoeckmann | C28: 263 | D28: 21 | E28: =(C28-(U28*9)-(S28*13))/($D$2-U28-S28) -> 13 | F28: 3 | G28: 0 | H28: 9 | I28: 0 | J28: 0 | K28: 0 | L28: 9 | M28: 0 | N28: =C28+L28 -> 272 | O28: =D28+M28 -> 21 | P28: X | Q28: X | R28: X | S28: =if(H28=13,1,0)+VLOOKUP(B28,indirect($AB$2&"!B:T"),18,false) -> 2 | U28: =if(H28=9,1,0)+VLOOKUP(B28,indirect($AB$2&"!B:U"),20,false) -> 9 | V28: =VLOOKUP(B28,indirect($AB$2&"!B$5:w$70"),22,false)-A28 -> 0 | W28: =W27+1 -> 24
A29: =A28+1 -> 25 | B29: Alex Hou | C29: 262 | D29: 21 | E29: =(C29-(U29*9)-(S29*13))/($D$2-U29-S29) -> 11.5 | F29: 1 | G29: 4 | H29: 0 | I29: 6 | J29: 2 | K29: 7 | L29: 15 | M29: 2 | N29: =C29+L29 -> 277 | O29: =D29+M29 -> 23 | P29: X | Q29: X | R29: X | S29: =if(H29=13,1,0)+VLOOKUP(B29,indirect($AB$2&"!B:T"),18,false) -> 0 | U29: =if(H29=9,1,0)+VLOOKUP(B29,indirect($AB$2&"!B:U"),20,false) -> 1 | V29: =VLOOKUP(B29,indirect($AB$2&"!B$5:w$70"),22,false)-A29 -> -2 | W29: =W28+1 -> 25
A30: =A29+1 -> 26 | B30: Cid Macaraeg | C30: 262 | D30: 19 | E30: =(C30-(U30*9)-(S30*13))/($D$2-U30-S30) -> 14.1 | F30: 3 | G30: 0 | H30: 9 | I30: 0 | J30: 0 | K30: 0 | L30: 9 | M30: 0 | N30: =C30+L30 -> 271 | O30: =D30+M30 -> 19 | P30: X | Q30: X | R30: X | S30: =if(H30=13,1,0)+VLOOKUP(B30,indirect($AB$2&"!B:T"),18,false) -> 1 | U30: =if(H30=9,1,0)+VLOOKUP(B30,indirect($AB$2&"!B:U"),20,false) -> 12 | V30: =VLOOKUP(B30,indirect($AB$2&"!B$5:w$70"),22,false)-A30 -> 0 | W30: =W29+1 -> 26
A31: =A30+1 -> 27 | B31: Sanjaye Elayattu | C31: 260 | D31: 18 | E31: =(C31-(U31*9)-(S31*13))/($D$2-U31-S31) -> 12.769231 | F31: 1 | G31: 4 | H31: 0 | I31: 6 | J31: 6 | K31: 5 | L31: 17 | M31: 2 | N31: =C31+L31 -> 277 | O31: =D31+M31 -> 20 | P31: X | Q31: X | R31: X | S31: =if(H31=13,1,0)+VLOOKUP(B31,indirect($AB$2&"!B:T"),18,false) -> 1 | U31: =if(H31=9,1,0)+VLOOKUP(B31,indirect($AB$2&"!B:U"),20,false) -> 9 | V31: =VLOOKUP(B31,indirect($AB$2&"!B$5:w$70"),22,false)-A31 -> 0 | W31: =W30+1 -> 27
... A65: =A64+1 -> 61 | B65: Leigh-Anh Nguyen | C65: 203 | D65: 4 | E65: =(C65-(U65*9)-(S65*13))/($D$2-U65-S65) -> 7.6666667 | F65: 3 | G65: 0 | H65: 9 | I65: 0 | J65: 0 | K65: 0 | L65: 9 | M65: 0 | N65: =C65+L65 -> 212 | O65: =D65+M65 -> 4 | P65: X | Q65: X | R65: X | S65: =if(H65=13,1,0)+VLOOKUP(B65,indirect($AB$2&"!B:T"),18,false) -> 0 | U65: =if(H65=9,1,0)+VLOOKUP(B65,indirect($AB$2&"!B:U"),20,false) -> 20 | V65: =VLOOKUP(B65,indirect($AB$2&"!B$5:w$70"),22,false)-A65 -> 0 | W65: =W64+1 -> 61
A66: =A65+1 -> 62 | B66: Peter Homsey | C66: 202 | D66: 0 | E66: =(C66-(U66*9)-(S66*13))/($D$2-U66-S66) -> 4.5 | F66: 3 | H66: 9 | L66: 9 | N66: =C66+L66 -> 211 | O66: =D66+M66 -> 0 | P66: X | Q66: X | R66: N | S66: =if(H66=13,1,0)+VLOOKUP(B66,indirect($AB$2&"!B:T"),18,false) -> 1 | U66: =if(H66=9,1,0)+VLOOKUP(B66,indirect($AB$2&"!B:U"),20,false) -> 20 | W66: =W65+1 -> 62
A67: =A66+1 -> 63 | B67: Amit Patel | C67: 202 | D67: 0 | E67: =(C67-(U67*9)-(S67*13))/($D$2-U67-S67) -> 0 | F67: 3 | G67: 0 | H67: 9 | I67: 0 | J67: 0 | K67: 0 | L67: 9 | M67: 0 | N67: =C67+L67 -> 211 | O67: =D67+M67 -> 0 | P67: X | Q67: X | R67: N | S67: =if(H67=13,1,0)+VLOOKUP(B67,indirect($AB$2&"!B:T"),18,false) -> 1 | U67: =if(H67=9,1,0)+VLOOKUP(B67,indirect($AB$2&"!B:U"),20,false) -> 21 | V67: =VLOOKUP(B67,indirect($AB$2&"!B$5:w$70"),22,false)-A67 -> 0 | W67: =W66+1 -> 63
A68: =A67+1 -> 64 | B68: Jose Ortiz | C68: 189 | D68: 0 | E68: =(C68-(U68*9)-(S68*13))/($D$2-U68-S68) -> #DIV/0! | F68: 3 | G68: 0 | H68: 9 | I68: 0 | J68: 0 | K68: 0 | L68: 9 | M68: 0 | N68: =C68+L68 -> 198 | O68: =D68+M68 -> 0 | P68: X | Q68: X | S68: =if(H68=13,1,0)+VLOOKUP(B68,indirect($AB$2&"!B:T"),18,false) -> 0 | U68: =if(H68=9,1,0)+VLOOKUP(B68,indirect($AB$2&"!B:U"),20,false) -> 23 | V68: =VLOOKUP(B68,indirect($AB$2&"!B$5:w$70"),22,false)-A68 -> 1 | W68: =W67+1 -> 64
A69: =A68+1 -> 65 | B69: Joyce Zhu | C69: 187 | D69: 9 | E69: =(C69-(U69*9)-(S69*13))/($D$2-U69-S69) -> 7.5714286 | F69: 1 | G69: 7 | H69: 0 | I69: 6 | J69: 2 | K69: 0 | L69: 8 | M69: 1 | N69: =C69+L69 -> 195 | O69: =D69+M69 -> 10 | P69: X | Q69: X | R69: X | S69: =if(H69=13,1,0)+VLOOKUP(B69,indirect($AB$2&"!B:T"),18,false) -> 0 | U69: =if(H69=9,1,0)+VLOOKUP(B69,indirect($AB$2&"!B:U"),20,false) -> 9 | V69: =VLOOKUP(B69,indirect($AB$2&"!B$5:w$70"),22,false)-A69 -> -1 | W69: =W68+1 -> 65
B72: =COUNTA(B5:B69) -> 65
P77: Renewed | R77: =COUNTIF(R5:R69,"X") -> 53
B78: Top Scores | C78: Games | D78: Sets | P78: Not Renewing | R78: =countif(R5:R69,"N") -> 9
B79: =IFERROR(__xludf.DUMMYFUNCTION("QUERY(B5:M69,""Select B, L, M where L >= 18 order by L desc,M desc"",0)"),"David Shin") -> David Shin | C79: =IFERROR(__xludf.DUMMYFUNCTION("""COMPUTED_VALUE"""),20.0) -> 20 | D79: =IFERROR(__xludf.DUMMYFUNCTION("""COMPUTED_VALUE"""),3.0) -> 3 | P79: To Renew | R79: =countif(R5:R69,"") -> 3
B80: =IFERROR(__xludf.DUMMYFUNCTION("""COMPUTED_VALUE"""),"Elayaraja Thangaraj ") -> Elayaraja Thangaraj | C80: =IFERROR(__xludf.DUMMYFUNCTION("""COMPUTED_VALUE"""),19.0) -> 19 | D80: =IFERROR(__xludf.DUMMYFUNCTION("""COMPUTED_VALUE"""),3.0) -> 3 | P80: Total | R80: =sum(R77:R79) -> 65
B81: =IFERROR(__xludf.DUMMYFUNCTION("""COMPUTED_VALUE"""),"James Phan") -> James Phan | C81: =IFERROR(__xludf.DUMMYFUNCTION("""COMPUTED_VALUE"""),18.0) -> 18 | D81: =IFERROR(__xludf.DUMMYFUNCTION("""COMPUTED_VALUE"""),3.0) -> 3
B82: =IFERROR(__xludf.DUMMYFUNCTION("""COMPUTED_VALUE"""),"Alejandro Mejia") -> Alejandro Mejia | C82: =IFERROR(__xludf.DUMMYFUNCTION("""COMPUTED_VALUE"""),18.0) -> 18 | D82: =IFERROR(__xludf.DUMMYFUNCTION("""COMPUTED_VALUE"""),3.0) -> 3 | P82: * Jimmy Awolesi paid for Jan-Dec 2025
B83: =IFERROR(__xludf.DUMMYFUNCTION("""COMPUTED_VALUE"""),"Lloyd Sagar") -> Lloyd Sagar | C83: =IFERROR(__xludf.DUMMYFUNCTION("""COMPUTED_VALUE"""),18.0) -> 18 | D83: =IFERROR(__xludf.DUMMYFUNCTION("""COMPUTED_VALUE"""),3.0) -> 3
B84: =IFERROR(__xludf.DUMMYFUNCTION("""COMPUTED_VALUE"""),"Susanta Mishra") -> Susanta Mishra | C84: =IFERROR(__xludf.DUMMYFUNCTION("""COMPUTED_VALUE"""),18.0) -> 18 | D84: =IFERROR(__xludf.DUMMYFUNCTION("""COMPUTED_VALUE"""),3.0) -> 3
B92: Top 10 Movements (UP) | C92: Positions Moved | D92: Position Last week | E92: Position This week | F92: Points this week | G92: Court | L92: Cross Check
B93: =IFERROR(__xludf.DUMMYFUNCTION("query(B5:V69,""select B, V order by V Desc Limit 10"")"),"Pavan Akkimsetty") -> Pavan Akkimsetty | C93: =IFERROR(__xludf.DUMMYFUNCTION("""COMPUTED_VALUE"""),6.0) -> 6 | D93: =VLOOKUP(B93,indirect($AB$2&"!B$5:w$70"),22, false) -> 14 | E93: =VLOOKUP(B93,B$5:W$69,22, false) -> 8 | F93: =VLOOKUP(B93,indirect($AB$2&"!B$5:U$70"),11, false) -> 19 | G93: =VLOOKUP(B93,indirect($AB$2&"!B$5:U$70"),6, false) -> 3 | L93: =if(D93-E93=C93,"ok","Error") -> ok
B94: =IFERROR(__xludf.DUMMYFUNCTION("""COMPUTED_VALUE"""),"Mauricio Palacios") -> Mauricio Palacios | C94: =IFERROR(__xludf.DUMMYFUNCTION("""COMPUTED_VALUE"""),6.0) -> 6 | D94: =VLOOKUP(B94,indirect($AB$2&"!B$5:w$70"),22, false) -> 42 | E94: =VLOOKUP(B94,B$5:W$69,22, false) -> 36 | F94: =VLOOKUP(B94,indirect($AB$2&"!B$5:U$70"),11, false) -> 18 | G94: =VLOOKUP(B94,indirect($AB$2&"!B$5:U$70"),6, false) -> 6 | L94: =if(D94-E94=C94,"ok","Error") -> ok
B95: =IFERROR(__xludf.DUMMYFUNCTION("""COMPUTED_VALUE"""),"Scott Li") -> Scott Li | C95: =IFERROR(__xludf.DUMMYFUNCTION("""COMPUTED_VALUE"""),5.0) -> 5 | D95: =VLOOKUP(B95,indirect($AB$2&"!B$5:w$70"),22, false) -> 16 | E95: =VLOOKUP(B95,B$5:W$69,22, false) -> 11 | F95: =VLOOKUP(B95,indirect($AB$2&"!B$5:U$70"),11, false) -> 20 | G95: =VLOOKUP(B95,indirect($AB$2&"!B$5:U$70"),6, false) -> 3 | L95: =if(D95-E95=C95,"ok","Error") -> ok
B96: =IFERROR(__xludf.DUMMYFUNCTION("""COMPUTED_VALUE"""),"Pulkit Mathur") -> Pulkit Mathur | C96: =IFERROR(__xludf.DUMMYFUNCTION("""COMPUTED_VALUE"""),5.0) -> 5 | D96: =VLOOKUP(B96,indirect($AB$2&"!B$5:w$70"),22, false) -> 25 | E96: =VLOOKUP(B96,B$5:W$69,22, false) -> 20 | F96: =VLOOKUP(B96,indirect($AB$2&"!B$5:U$70"),11, false) -> 18 | G96: =VLOOKUP(B96,indirect($AB$2&"!B$5:U$70"),6, false) -> 5 | L96: =if(D96-E96=C96,"ok","Error") -> ok
B97: =IFERROR(__xludf.DUMMYFUNCTION("""COMPUTED_VALUE"""),"David Shin") -> David Shin | C97: =IFERROR(__xludf.DUMMYFUNCTION("""COMPUTED_VALUE"""),4.0) -> 4 | D97: =VLOOKUP(B97,indirect($AB$2&"!B$5:w$70"),22, false) -> 8 | E97: =VLOOKUP(B97,B$5:W$69,22, false) -> 4 | F97: =VLOOKUP(B97,indirect($AB$2&"!B$5:U$70"),11, false) -> 18 | G97: =VLOOKUP(B97,indirect($AB$2&"!B$5:U$70"),6, false) -> 2 | L97: =if(D97-E97=C97,"ok","Error") -> ok
B98: =IFERROR(__xludf.DUMMYFUNCTION("""COMPUTED_VALUE"""),"Frank Moon") -> Frank Moon | C98: =IFERROR(__xludf.DUMMYFUNCTION("""COMPUTED_VALUE"""),4.0) -> 4 | D98: =VLOOKUP(B98,indirect($AB$2&"!B$5:w$70"),22, false) -> 10 | E98: =VLOOKUP(B98,B$5:W$69,22, false) -> 6 | F98: =VLOOKUP(B98,indirect($AB$2&"!B$5:U$70"),11, false) -> 16 | G98: =VLOOKUP(B98,indirect($AB$2&"!B$5:U$70"),6, false) -> 2 | L98: =if(D98-E98=C98,"ok","Error") -> ok
B99: =IFERROR(__xludf.DUMMYFUNCTION("""COMPUTED_VALUE"""),"Rajasekar Ramasamy") -> Rajasekar Ramasamy | C99: =IFERROR(__xludf.DUMMYFUNCTION("""COMPUTED_VALUE"""),4.0) -> 4 | D99: =VLOOKUP(B99,indirect($AB$2&"!B$5:w$70"),22, false) -> 18 | E99: =VLOOKUP(B99,B$5:W$69,22, false) -> 14 | F99: =VLOOKUP(B99,indirect($AB$2&"!B$5:U$70"),11, false) -> 19 | G99: =VLOOKUP(B99,indirect($AB$2&"!B$5:U$70"),6, false) -> 3 | L99: =if(D99-E99=C99,"ok","Error") -> ok
B100: =IFERROR(__xludf.DUMMYFUNCTION("""COMPUTED_VALUE"""),"Arun Mallikarjuna") -> Arun Mallikarjuna | C100: =IFERROR(__xludf.DUMMYFUNCTION("""COMPUTED_VALUE"""),3.0) -> 3 | D100: =VLOOKUP(B100,indirect($AB$2&"!B$5:w$70"),22, false) -> 12 | E100: =VLOOKUP(B100,B$5:W$69,22, false) -> 9 | F100: =VLOOKUP(B100,indirect($AB$2&"!B$5:U$70"),11, false) -> 16 | G100: =VLOOKUP(B100,indirect($AB$2&"!B$5:U$70"),6, false) -> 2 | L100: =if(D100-E100=C100,"ok","Error") -> ok
B101: =IFERROR(__xludf.DUMMYFUNCTION("""COMPUTED_VALUE"""),"Robert Chang") -> Robert Chang | C101: =IFERROR(__xludf.DUMMYFUNCTION("""COMPUTED_VALUE"""),3.0) -> 3 | D101: =VLOOKUP(B101,indirect($AB$2&"!B$5:w$70"),22, false) -> 21 | E101: =VLOOKUP(B101,B$5:W$69,22, false) -> 18 | F101: =VLOOKUP(B101,indirect($AB$2&"!B$5:U$70"),11, false) -> 18 | G101: =VLOOKUP(B101,indirect($AB$2&"!B$5:U$70"),6, false) -> 4 | L101: =if(D101-E101=C101,"ok","Error") -> ok
B102: =IFERROR(__xludf.DUMMYFUNCTION("""COMPUTED_VALUE"""),"Trinath Goteti") -> Trinath Goteti | C102: =IFERROR(__xludf.DUMMYFUNCTION("""COMPUTED_VALUE"""),3.0) -> 3 | D102: =VLOOKUP(B102,indirect($AB$2&"!B$5:w$70"),22, false) -> 51 | E102: =VLOOKUP(B102,B$5:W$69,22, false) -> 48 | F102: =VLOOKUP(B102,indirect($AB$2&"!B$5:U$70"),11, false) -> 12 | G102: =VLOOKUP(B102,indirect($AB$2&"!B$5:U$70"),6, false) -> 7 | L102: =if(D102-E102=C102,"ok","Error") -> ok
B105: Top 10 Movements (Down) | C105: Positions | D105: Position Last week | E105: Position This week | F105: Points this week | G105: Court | L105: Cross Check
B106: =IFERROR(__xludf.DUMMYFUNCTION("query(B5:V69,""select B, V order by V asc Limit 10"")"),"Peter Homsey") -> Peter Homsey | D106: =VLOOKUP(B106,indirect($AB$2&"!B$5:w$70"),22, false) -> 62 | E106: =VLOOKUP(B106,B$5:W$69,22, false) -> 62 | F106: =VLOOKUP(B106,indirect($AB$2&"!B$5:U$70"),11, false) -> 0 | G106: =VLOOKUP(B106,indirect($AB$2&"!B$5:U$70"),6, false) -> 0 | L106: =if(D106-E106=C106,"ok","Error") -> ok
B107: =IFERROR(__xludf.DUMMYFUNCTION("""COMPUTED_VALUE"""),"Christopher Li") -> Christopher Li | C107: =IFERROR(__xludf.DUMMYFUNCTION("""COMPUTED_VALUE"""),-6.0) -> -6 | D107: =VLOOKUP(B107,indirect($AB$2&"!B$5:w$70"),22, false) -> 7 | E107: =VLOOKUP(B107,B$5:W$69,22, false) -> 13 | F107: =VLOOKUP(B107,indirect($AB$2&"!B$5:U$70"),11, false) -> 9 | G107: =VLOOKUP(B107,indirect($AB$2&"!B$5:U$70"),6, false) -> 0 | L107: =if(D107-E107=C107,"ok","Error") -> ok
B108: =IFERROR(__xludf.DUMMYFUNCTION("""COMPUTED_VALUE"""),"James Phan") -> James Phan | C108: =IFERROR(__xludf.DUMMYFUNCTION("""COMPUTED_VALUE"""),-5.0) -> -5 | D108: =VLOOKUP(B108,indirect($AB$2&"!B$5:w$70"),22, false) -> 2 | E108: =VLOOKUP(B108,B$5:W$69,22, false) -> 7 | F108: =VLOOKUP(B108,indirect($AB$2&"!B$5:U$70"),11, false) -> 9 | G108: =VLOOKUP(B108,indirect($AB$2&"!B$5:U$70"),6, false) -> 0 | L108: =if(D108-E108=C108,"ok","Error") -> ok
B109: =IFERROR(__xludf.DUMMYFUNCTION("""COMPUTED_VALUE"""),"Alejandro Mejia") -> Alejandro Mejia | C109: =IFERROR(__xludf.DUMMYFUNCTION("""COMPUTED_VALUE"""),-5.0) -> -5 | D109: =VLOOKUP(B109,indirect($AB$2&"!B$5:w$70"),22, false) -> 11 | E109: =VLOOKUP(B109,B$5:W$69,22, false) -> 16 | F109: =VLOOKUP(B109,indirect($AB$2&"!B$5:U$70"),11, false) -> 9 | G109: =VLOOKUP(B109,indirect($AB$2&"!B$5:U$70"),6, false) -> 0 | L109: =if(D109-E109=C109,"ok","Error") -> ok
B110: =IFERROR(__xludf.DUMMYFUNCTION("""COMPUTED_VALUE"""),"Ted Shen") -> Ted Shen | C110: =IFERROR(__xludf.DUMMYFUNCTION("""COMPUTED_VALUE"""),-4.0) -> -4 | D110: =VLOOKUP(B110,indirect($AB$2&"!B$5:w$70"),22, false) -> 6 | E110: =VLOOKUP(B110,B$5:W$69,22, false) -> 10 | F110: =VLOOKUP(B110,indirect($AB$2&"!B$5:U$70"),11, false) -> 13 | G110: =VLOOKUP(B110,indirect($AB$2&"!B$5:U$70"),6, false) -> 1 | L110: =if(D110-E110=C110,"ok","Error") -> ok
B111: =IFERROR(__xludf.DUMMYFUNCTION("""COMPUTED_VALUE"""),"Jonathan Phan") -> Jonathan Phan | C111: =IFERROR(__xludf.DUMMYFUNCTION("""COMPUTED_VALUE"""),-4.0) -> -4 | D111: =VLOOKUP(B111,indirect($AB$2&"!B$5:w$70"),22, false) -> 13 | E111: =VLOOKUP(B111,B$5:W$69,22, false) -> 17 | F111: =VLOOKUP(B111,indirect($AB$2&"!B$5:U$70"),11, false) -> 9 | G111: =VLOOKUP(B111,indirect($AB$2&"!B$5:U$70"),6, false) -> 0 | L111: =if(D111-E111=C111,"ok","Error") -> ok
B112: =IFERROR(__xludf.DUMMYFUNCTION("""COMPUTED_VALUE"""),"Matthew Huang") -> Matthew Huang | C112: =IFERROR(__xludf.DUMMYFUNCTION("""COMPUTED_VALUE"""),-4.0) -> -4 | D112: =VLOOKUP(B112,indirect($AB$2&"!B$5:w$70"),22, false) -> 15 | E112: =VLOOKUP(B112,B$5:W$69,22, false) -> 19 | F112: =VLOOKUP(B112,indirect($AB$2&"!B$5:U$70"),11, false) -> 9 | G112: =VLOOKUP(B112,indirect($AB$2&"!B$5:U$70"),6, false) -> 0 | L112: =if(D112-E112=C112,"ok","Error") -> ok
B113: =IFERROR(__xludf.DUMMYFUNCTION("""COMPUTED_VALUE"""),"Joe Luzzi") -> Joe Luzzi | C113: =IFERROR(__xludf.DUMMYFUNCTION("""COMPUTED_VALUE"""),-3.0) -> -3 | D113: =VLOOKUP(B113,indirect($AB$2&"!B$5:w$70"),22, false) -> 9 | E113: =VLOOKUP(B113,B$5:W$69,22, false) -> 12 | F113: =VLOOKUP(B113,indirect($AB$2&"!B$5:U$70"),11, false) -> 12 | G113: =VLOOKUP(B113,indirect($AB$2&"!B$5:U$70"),6, false) -> 2 | L113: =if(D113-E113=C113,"ok","Error") -> ok
B114: =IFERROR(__xludf.DUMMYFUNCTION("""COMPUTED_VALUE"""),"Luis Hsu") -> Luis Hsu | C114: =IFERROR(__xludf.DUMMYFUNCTION("""COMPUTED_VALUE"""),-3.0) -> -3 | D114: =VLOOKUP(B114,indirect($AB$2&"!B$5:w$70"),22, false) -> 19 | E114: =VLOOKUP(B114,B$5:W$69,22, false) -> 22 | F114: =VLOOKUP(B114,indirect($AB$2&"!B$5:U$70"),11, false) -> 9 | G114: =VLOOKUP(B114,indirect($AB$2&"!B$5:U$70"),6, false) -> 0 | L114: =if(D114-E114=C114,"ok","Error") -> ok
B115: =IFERROR(__xludf.DUMMYFUNCTION("""COMPUTED_VALUE"""),"Alex Hou") -> Alex Hou | C115: =IFERROR(__xludf.DUMMYFUNCTION("""COMPUTED_VALUE"""),-2.0) -> -2 | D115: =VLOOKUP(B115,indirect($AB$2&"!B$5:w$70"),22, false) -> 23 | E115: =VLOOKUP(B115,B$5:W$69,22, false) -> 25 | F115: =VLOOKUP(B115,indirect($AB$2&"!B$5:U$70"),11, false) -> 8 | G115: =VLOOKUP(B115,indirect($AB$2&"!B$5:U$70"),6, false) -> 4 | L115: =if(D115-E115=C115,"ok","Error") -> ok
A121: Renewals for January - June 2025
B122: Members Renewed | C122: Members to Renew | F122: Members Not Renewing | I122: New Members Joined/invited*
A123: 1 | B123: =IFERROR(__xludf.DUMMYFUNCTION("query(B5:V69,""select B where R = 'X' order by B asc"")"),"Alejandro Mejia") -> Alejandro Mejia | C123: =IFERROR(__xludf.DUMMYFUNCTION("query(B5:V69,""select B where R = '' order by B asc"")"),"Adrian Tay") -> Adrian Tay | F123: =IFERROR(__xludf.DUMMYFUNCTION("query(B5:V69,""select B where R = 'N' order by B asc"")"),"Amit Patel") -> Amit Patel | I123: Allen Zhang
A124: =A123+1 -> 2 | B124: =IFERROR(__xludf.DUMMYFUNCTION("""COMPUTED_VALUE"""),"Alex Hou") -> Alex Hou | C124: =IFERROR(__xludf.DUMMYFUNCTION("""COMPUTED_VALUE"""),"Herman Au") -> Herman Au | F124: =IFERROR(__xludf.DUMMYFUNCTION("""COMPUTED_VALUE"""),"Arun Mallikarjuna") -> Arun Mallikarjuna | I124: Ethan Gu
A125: =A124+1 -> 3 | B125: =IFERROR(__xludf.DUMMYFUNCTION("""COMPUTED_VALUE"""),"Andrew Wen") -> Andrew Wen | C125: =IFERROR(__xludf.DUMMYFUNCTION("""COMPUTED_VALUE"""),"Jose Ortiz") -> Jose Ortiz | F125: =IFERROR(__xludf.DUMMYFUNCTION("""COMPUTED_VALUE"""),"Christopher Li") -> Christopher Li | I125: Basudev Thoppai Vidyasankar
A126: =A125+1 -> 4 | B126: =IFERROR(__xludf.DUMMYFUNCTION("""COMPUTED_VALUE"""),"Balaji Alahari") -> Balaji Alahari | F126: =IFERROR(__xludf.DUMMYFUNCTION("""COMPUTED_VALUE"""),"Nohely Mejia") -> Nohely Mejia | I126: Hongyuan Wen
A127: =A126+1 -> 5 | B127: =IFERROR(__xludf.DUMMYFUNCTION("""COMPUTED_VALUE"""),"Chinna Ponnaganti") -> Chinna Ponnaganti | F127: =IFERROR(__xludf.DUMMYFUNCTION("""COMPUTED_VALUE"""),"Peter Cheng") -> Peter Cheng | I127: Tyler Leong
A128: =A127+1 -> 6 | B128: =IFERROR(__xludf.DUMMYFUNCTION("""COMPUTED_VALUE"""),"Cid Macaraeg") -> Cid Macaraeg | F128: =IFERROR(__xludf.DUMMYFUNCTION("""COMPUTED_VALUE"""),"Peter Homsey") -> Peter Homsey | I128: Vicki Martinet
A129: =A128+1 -> 7 | B129: =IFERROR(__xludf.DUMMYFUNCTION("""COMPUTED_VALUE"""),"Coco Yan") -> Coco Yan | F129: =IFERROR(__xludf.DUMMYFUNCTION("""COMPUTED_VALUE"""),"Sai Dilip Ponnaganti") -> Sai Dilip Ponnaganti | I129: Barathi Sundaram
A130: =A129+1 -> 8 | B130: =IFERROR(__xludf.DUMMYFUNCTION("""COMPUTED_VALUE"""),"David Shin") -> David Shin | F130: =IFERROR(__xludf.DUMMYFUNCTION("""COMPUTED_VALUE"""),"Tony Lin") -> Tony Lin | I130: Alan Sung
A131: =A130+1 -> 9 | B131: =IFERROR(__xludf.DUMMYFUNCTION("""COMPUTED_VALUE"""),"Elayaraja Thangaraj ") -> Elayaraja Thangaraj | F131: =IFERROR(__xludf.DUMMYFUNCTION("""COMPUTED_VALUE"""),"Vinz Solano") -> Vinz Solano | I131: Hubert J Sung* | O131: * invited
A132: =A131+1 -> 10 | B132: =IFERROR(__xludf.DUMMYFUNCTION("""COMPUTED_VALUE"""),"Eric Pan") -> Eric Pan
A133: =A132+1 -> 11 | B133: =IFERROR(__xludf.DUMMYFUNCTION("""COMPUTED_VALUE"""),"Eric Tan") -> Eric Tan
A134: =A133+1 -> 12 | B134: =IFERROR(__xludf.DUMMYFUNCTION("""COMPUTED_VALUE"""),"Erik Hoeckmann") -> Erik Hoeckmann
A135: =A134+1 -> 13 | B135: =IFERROR(__xludf.DUMMYFUNCTION("""COMPUTED_VALUE"""),"Frank Moon") -> Frank Moon
A136: =A135+1 -> 14 | B136: =IFERROR(__xludf.DUMMYFUNCTION("""COMPUTED_VALUE"""),"James Phan") -> James Phan
A137: =A136+1 -> 15 | B137: =IFERROR(__xludf.DUMMYFUNCTION("""COMPUTED_VALUE"""),"Jim Miao") -> Jim Miao
A138: =A137+1 -> 16 | B138: =IFERROR(__xludf.DUMMYFUNCTION("""COMPUTED_VALUE"""),"Jimmy Awolesi") -> Jimmy Awolesi
A139: =A138+1 -> 17 | B139: =IFERROR(__xludf.DUMMYFUNCTION("""COMPUTED_VALUE"""),"Joe Luzzi") -> Joe Luzzi
A140: =A139+1 -> 18 | B140: =IFERROR(__xludf.DUMMYFUNCTION("""COMPUTED_VALUE"""),"Jonathan Phan") -> Jonathan Phan
A141: =A140+1 -> 19 | B141: =IFERROR(__xludf.DUMMYFUNCTION("""COMPUTED_VALUE"""),"Joyce Zhu") -> Joyce Zhu
A142: =A141+1 -> 20 | B142: =IFERROR(__xludf.DUMMYFUNCTION("""COMPUTED_VALUE"""),"Kumar Palakeel") -> Kumar Palakeel
A143: =A142+1 -> 21 | B143: =IFERROR(__xludf.DUMMYFUNCTION("""COMPUTED_VALUE"""),"Lam Bui") -> Lam Bui
A144: =A143+1 -> 22 | B144: =IFERROR(__xludf.DUMMYFUNCTION("""COMPUTED_VALUE"""),"Leigh-Anh Nguyen") -> Leigh-Anh Nguyen
A145: =A144+1 -> 23 | B145: =IFERROR(__xludf.DUMMYFUNCTION("""COMPUTED_VALUE"""),"Lloyd Sagar") -> Lloyd Sagar
A146: =A145+1 -> 24 | B146: =IFERROR(__xludf.DUMMYFUNCTION("""COMPUTED_VALUE"""),"Luis Hsu") -> Luis Hsu
A147: =A146+1 -> 25 | B147: =IFERROR(__xludf.DUMMYFUNCTION("""COMPUTED_VALUE"""),"Manish Anand") -> Manish Anand
A148: =A147+1 -> 26 | B148: =IFERROR(__xludf.DUMMYFUNCTION("""COMPUTED_VALUE"""),"Manuel Rivera") -> Manuel Rivera
A149: =A148+1 -> 27 | B149: =IFERROR(__xludf.DUMMYFUNCTION("""COMPUTED_VALUE"""),"Matthew Huang") -> Matthew Huang
A150: =A149+1 -> 28 | B150: =IFERROR(__xludf.DUMMYFUNCTION("""COMPUTED_VALUE"""),"Mauricio Palacios") -> Mauricio Palacios
A151: =A150+1 -> 29 | B151: =IFERROR(__xludf.DUMMYFUNCTION("""COMPUTED_VALUE"""),"Naveen Raj") -> Naveen Raj
A152: =A151+1 -> 30 | B152: =IFERROR(__xludf.DUMMYFUNCTION("""COMPUTED_VALUE"""),"Nicole Ni") -> Nicole Ni
A153: =A152+1 -> 31 | B153: =IFERROR(__xludf.DUMMYFUNCTION("""COMPUTED_VALUE"""),"Oscar Bonilla") -> Oscar Bonilla
...

Sheet 113024
B1: Standings as of | C1: 45626
B2: Number of Weeks Played | D2: 22 | AB2: =text(C1-7,"mm/dd/yy") -> 11/23/24
C3: Beginning of week | F3: Current Week Scores | N3: End of week | Q3: Jul-Dec 2024 | R3: Jan-Jun 2025
A4: Ranking | B4: Name of Player | C4: Games Won | D4: Sets Won | E4: Games Won / Match | F4: Check IN | G4: Court # | H4: Set 0 | I4: Set 1 | J4: Set 2 | K4: Set 3 | L4: Games Won | M4: Sets Won | N4: Games Won | O4: Sets Won | P4: Waiver | Q4: Fee | R4: Fee | S4: Sit outs | T4: No Shows | U4: Absent | V4: Positions Gained/Lost | W4: Ranking
A5: 1 | B5: Adrian Tay | C5: 336 | D5: 41 | E5: =(C5-(U5*9)-(S5*13))/($D$2-U5-S5) -> 17.125 | F5: 3 | G5: 0 | H5: 9 | I5: 0 | J5: 0 | K5: 0 | L5: 9 | M5: 0 | N5: =C5+L5 -> 345 | O5: =D5+M5 -> 41 | P5: X | Q5: X | S5: =if(H5=13,1,0)+VLOOKUP(B5,indirect($AB$2&"!B:T"),18,false) -> 2 | U5: =if(H5=9,1,0)+VLOOKUP(B5,indirect($AB$2&"!B:U"),20,false) -> 4 | V5: =VLOOKUP(B5,indirect($AB$2&"!B$5:w$70"),22,false)-A5 -> 0 | W5: 1
A6: =A5+1 -> 2 | B6: James Phan | C6: 277 | D6: 23 | E6: =(C6-(U6*9)-(S6*13))/($D$2-U6-S6) -> 16.5 | F6: 3 | G6: 0 | H6: 9 | I6: 0 | J6: 0 | K6: 0 | L6: 9 | M6: 0 | N6: =C6+L6 -> 286 | O6: =D6+M6 -> 23 | P6: X | Q6: X | R6: X | S6: =if(H6=13,1,0)+VLOOKUP(B6,indirect($AB$2&"!B:T"),18,false) -> 1 | U6: =if(H6=9,1,0)+VLOOKUP(B6,indirect($AB$2&"!B:U"),20,false) -> 11 | V6: =VLOOKUP(B6,indirect($AB$2&"!B$5:w$70"),22,false)-A6 -> 8 | W6: =W5+1 -> 2
A7: =A6+1 -> 3 | B7: Tom Le | C7: 276 | D7: 28 | E7: =(C7-(U7*9)-(S7*13))/($D$2-U7-S7) -> 13.875 | F7: 1 | G7: 1 | H7: 0 | I7: 6 | J7: 6 | K7: 6 | L7: 18 | M7: 2 | N7: =C7+L7 -> 294 | O7: =D7+M7 -> 30 | P7: X | Q7: X | R7: X | S7: =if(H7=13,1,0)+VLOOKUP(B7,indirect($AB$2&"!B:T"),18,false) -> 0 | U7: =if(H7=9,1,0)+VLOOKUP(B7,indirect($AB$2&"!B:U"),20,false) -> 6 | V7: =VLOOKUP(B7,indirect($AB$2&"!B$5:w$70"),22,false)-A7 -> -1 | W7: =W6+1 -> 3
A8: =A7+1 -> 4 | B8: Lam Bui | C8: 274 | D8: 23 | E8: =(C8-(U8*9)-(S8*13))/($D$2-U8-S8) -> 15.181818 | F8: 1 | G8: 1 | H8: 0 | I8: 4 | J8: 7 | K8: 6 | L8: 17 | M8: 2 | N8: =C8+L8 -> 291 | O8: =D8+M8 -> 25 | P8: X | Q8: X | R8: X | S8: =if(H8=13,1,0)+VLOOKUP(B8,indirect($AB$2&"!B:T"),18,false) -> 2 | U8: =if(H8=9,1,0)+VLOOKUP(B8,indirect($AB$2&"!B:U"),20,false) -> 9 | V8: =VLOOKUP(B8,indirect($AB$2&"!B$5:w$70"),22,false)-A8 -> 8 | W8: =W7+1 -> 4
A9: =A8+1 -> 5 | B9: Suleman Alidina | C9: 272 | D9: 27 | E9: =(C9-(U9*9)-(S9*13))/($D$2-U9-S9) -> 13.117647 | F9: 1 | G9: 1 | H9: 0 | I9: 6 | J9: 7 | K9: 3 | L9: 16 | M9: 2 | N9: =C9+L9 -> 288 | O9: =D9+M9 -> 29 | P9: X | Q9: X | R9: X | S9: =if(H9=13,1,0)+VLOOKUP(B9,indirect($AB$2&"!B:T"),18,false) -> 1 | U9: =if(H9=9,1,0)+VLOOKUP(B9,indirect($AB$2&"!B:U"),20,false) -> 4 | V9: =VLOOKUP(B9,indirect($AB$2&"!B$5:w$70"),22,false)-A9 -> -2 | W9: =W8+1 -> 5
A10: =A9+1 -> 6 | B10: Ted Shen | C10: 271 | D10: 24 | E10: =(C10-(U10*9)-(S10*13))/($D$2-U10-S10) -> 12.631579 | F10: 1 | G10: 1 | H10: 0 | I10: 4 | J10: 6 | K10: 3 | L10: 13 | M10: 0 | N10: =C10+L10 -> 284 | O10: =D10+M10 -> 24 | P10: X | Q10: X | R10: X | S10: =if(H10=13,1,0)+VLOOKUP(B10,indirect($AB$2&"!B:T"),18,false) -> 1 | U10: =if(H10=9,1,0)+VLOOKUP(B10,indirect($AB$2&"!B:U"),20,false) -> 2 | V10: =VLOOKUP(B10,indirect($AB$2&"!B$5:w$70"),22,false)-A10 -> -2 | W10: =W9+1 -> 6
A11: =A10+1 -> 7 | B11: Christopher Li | C11: 271 | D11: 23 | E11: =(C11-(U11*9)-(S11*13))/($D$2-U11-S11) -> 15.9 | F11: 3 | G11: 0 | H11: 9 | I11: 0 | J11: 0 | K11: 0 | L11: 9 | M11: 0 | N11: =C11+L11 -> 280 | O11: =D11+M11 -> 23 | P11: X | Q11: X | R11: N | S11: =if(H11=13,1,0)+VLOOKUP(B11,indirect($AB$2&"!B:T"),18,false) -> 1 | U11: =if(H11=9,1,0)+VLOOKUP(B11,indirect($AB$2&"!B:U"),20,false) -> 11 | V11: =VLOOKUP(B11,indirect($AB$2&"!B$5:w$70"),22,false)-A11 -> -2 | W11: =W10+1 -> 7
A12: =A11+1 -> 8 | B12: David Shin | C12: 271 | D12: 22 | E12: =(C12-(U12*9)-(S12*13))/($D$2-U12-S12) -> 13.066667 | F12: 2 | G12: 2 | H12: 0 | I12: 6 | J12: 6 | K12: 6 | L12: 18 | M12: 2 | N12: =C12+L12 -> 289 | O12: =D12+M12 -> 24 | P12: X | Q12: X | R12: X | S12: =if(H12=13,1,0)+VLOOKUP(B12,indirect($AB$2&"!B:T"),18,false) -> 3 | U12: =if(H12=9,1,0)+VLOOKUP(B12,indirect($AB$2&"!B:U"),20,false) -> 4 | V12: =VLOOKUP(B12,indirect($AB$2&"!B$5:w$70"),22,false)-A12 -> -2 | W12: =W11+1 -> 8
A13: =A12+1 -> 9 | B13: Joe Luzzi | C13: 271 | D13: 20 | E13: =(C13-(U13*9)-(S13*13))/($D$2-U13-S13) -> 12.352941 | F13: 2 | G13: 2 | H13: 0 | I13: 3 | J13: 6 | K13: 3 | L13: 12 | M13: 0 | N13: =C13+L13 -> 283 | O13: =D13+M13 -> 20 | P13: X | Q13: X | R13: X | S13: =if(H13=13,1,0)+VLOOKUP(B13,indirect($AB$2&"!B:T"),18,false) -> 4 | U13: =if(H13=9,1,0)+VLOOKUP(B13,indirect($AB$2&"!B:U"),20,false) -> 1 | V13: =VLOOKUP(B13,indirect($AB$2&"!B$5:w$70"),22,false)-A13 -> 0 | W13: =W12+1 -> 9
A14: =A13+1 -> 10 | B14: Frank Moon | C14: 270 | D14: 26 | E14: =(C14-(U14*9)-(S14*13))/($D$2-U14-S14) -> 12.428571 | F14: 1 | G14: 2 | H14: 0 | I14: 6 | J14: 7 | K14: 3 | L14: 16 | M14: 2 | N14: =C14+L14 -> 286 | O14: =D14+M14 -> 28 | P14: X | Q14: X | R14: X | S14: =if(H14=13,1,0)+VLOOKUP(B14,indirect($AB$2&"!B:T"),18,false) -> 0 | U14: =if(H14=9,1,0)+VLOOKUP(B14,indirect($AB$2&"!B:U"),20,false) -> 1 | V14: =VLOOKUP(B14,indirect($AB$2&"!B$5:w$70"),22,false)-A14 -> 3 | W14: =W13+1 -> 10
A15: =A14+1 -> 11 | B15: Alejandro Mejia | C15: 268 | D15: 28 | E15: =(C15-(U15*9)-(S15*13))/($D$2-U15-S15) -> 13.375 | F15: 3 | G15: 0 | H15: 9 | I15: 0 | J15: 0 | K15: 0 | L15: 9 | M15: 0 | N15: =C15+L15 -> 277 | O15: =D15+M15 -> 28 | P15: X | Q15: X | R15: X | S15: =if(H15=13,1,0)+VLOOKUP(B15,indirect($AB$2&"!B:T"),18,false) -> 0 | U15: =if(H15=9,1,0)+VLOOKUP(B15,indirect($AB$2&"!B:U"),20,false) -> 6 | V15: =VLOOKUP(B15,indirect($AB$2&"!B$5:w$70"),22,false)-A15 -> -4 | W15: =W14+1 -> 11
A16: =A15+1 -> 12 | B16: Arun Mallikarjuna | C16: 268 | D16: 22 | E16: =(C16-(U16*9)-(S16*13))/($D$2-U16-S16) -> 12.375 | F16: 1 | G16: 2 | H16: 0 | I16: 3 | J16: 7 | K16: 6 | L16: 16 | M16: 2 | N16: =C16+L16 -> 284 | O16: =D16+M16 -> 24 | P16: X | Q16: X | R16: N | S16: =if(H16=13,1,0)+VLOOKUP(B16,indirect($AB$2&"!B:T"),18,false) -> 4 | U16: =if(H16=9,1,0)+VLOOKUP(B16,indirect($AB$2&"!B:U"),20,false) -> 2 | V16: =VLOOKUP(B16,indirect($AB$2&"!B$5:w$70"),22,false)-A16 -> -4 | W16: =W15+1 -> 12
A17: =A16+1 -> 13 | B17: Jonathan Phan | C17: 266 | D17: 23 | E17: =(C17-(U17*9)-(S17*13))/($D$2-U17-S17) -> 13.266667 | F17: 3 | G17: 0 | H17: 9 | I17: 0 | J17: 0 | K17: 0 | L17: 9 | M17: 0 | N17: =C17+L17 -> 275 | O17: =D17+M17 -> 23 | P17: X | Q17: X | R17: X | S17: =if(H17=13,1,0)+VLOOKUP(B17,indirect($AB$2&"!B:T"),18,false) -> 1 | U17: =if(H17=9,1,0)+VLOOKUP(B17,indirect($AB$2&"!B:U"),20,false) -> 6 | V17: =VLOOKUP(B17,indirect($AB$2&"!B$5:w$70"),22,false)-A17 -> -2 | W17: =W16+1 -> 13
... A20: =A19+1 -> 16 | B20: Scott Li | C20: 264 | D20: 19 | E20: =(C20-(U20*9)-(S20*13))/($D$2-U20-S20) -> 12.875 | F20: 1 | G20: 3 | H20: 0 | I20: 7 | J20: 6 | K20: 7 | L20: 20 | M20: 2 | N20: =C20+L20 -> 284 | O20: =D20+M20 -> 21 | P20: X | Q20: X | R20: X | S20: =if(H20=13,1,0)+VLOOKUP(B20,indirect($AB$2&"!B:T"),18,false) -> 1 | U20: =if(H20=9,1,0)+VLOOKUP(B20,indirect($AB$2&"!B:U"),20,false) -> 5 | V20: =VLOOKUP(B20,indirect($AB$2&"!B$5:w$70"),22,false)-A20 -> 3 | W20: =W19+1 -> 16
A21: =A20+1 -> 17 | B21: Herman Au | C21: 263 | D21: 17 | E21: =(C21-(U21*9)-(S21*13))/($D$2-U21-S21) -> 12.117647 | F21: 1 | G21: 3 | H21: 0 | I21: 5 | J21: 6 | K21: 5 | L21: 16 | M21: 0 | N21: =C21+L21 -> 279 | O21: =D21+M21 -> 17 | P21: X | Q21: X | S21: =if(H21=13,1,0)+VLOOKUP(B21,indirect($AB$2&"!B:T"),18,false) -> 3 | U21: =if(H21=9,1,0)+VLOOKUP(B21,indirect($AB$2&"!B:U"),20,false) -> 2 | V21: =VLOOKUP(B21,indirect($AB$2&"!B$5:w$70"),22,false)-A21 -> -3 | W21: =W20+1 -> 17
A22: =A21+1 -> 18 | B22: Rajasekar Ramasamy | C22: 261 | D22: 21 | E22: =(C22-(U22*9)-(S22*13))/($D$2-U22-S22) -> 12.4375 | F22: 1 | G22: 3 | H22: 0 | I22: 7 | J22: 7 | K22: 5 | L22: 19 | M22: 2 | N22: =C22+L22 -> 280 | O22: =D22+M22 -> 23 | P22: X | Q22: X | R22: X | S22: =if(H22=13,1,0)+VLOOKUP(B22,indirect($AB$2&"!B:T"),18,false) -> 2 | U22: =if(H22=9,1,0)+VLOOKUP(B22,indirect($AB$2&"!B:U"),20,false) -> 4 | V22: =VLOOKUP(B22,indirect($AB$2&"!B$5:w$70"),22,false)-A22 -> -2 | W22: =W21+1 -> 18
A23: =A22+1 -> 19 | B23: Luis Hsu | C23: 260 | D23: 19 | E23: =(C23-(U23*9)-(S23*13))/($D$2-U23-S23) -> 13.909091 | F23: 3 | G23: 0 | H23: 9 | I23: 0 | J23: 0 | K23: 0 | L23: 9 | M23: 0 | N23: =C23+L23 -> 269 | O23: =D23+M23 -> 19 | P23: X | Q23: X | R23: X | S23: =if(H23=13,1,0)+VLOOKUP(B23,indirect($AB$2&"!B:T"),18,false) -> 2 | U23: =if(H23=9,1,0)+VLOOKUP(B23,indirect($AB$2&"!B:U"),20,false) -> 9 | V23: =VLOOKUP(B23,indirect($AB$2&"!B$5:w$70"),22,false)-A23 -> -2 | W23: =W22+1 -> 19
A24: =A23+1 -> 20 | B24: Sean Chang | C24: 259 | D24: 18 | E24: =(C24-(U24*9)-(S24*13))/($D$2-U24-S24) -> 13.076923 | F24: 2 | G24: 4 | H24: 0 | I24: 2 | J24: 6 | K24: 3 | L24: 11 | M24: 1 | N24: =C24+L24 -> 270 | O24: =D24+M24 -> 19 | P24: X | Q24: X | R24: X | S24: =if(H24=13,1,0)+VLOOKUP(B24,indirect($AB$2&"!B:T"),18,false) -> 2 | U24: =if(H24=9,1,0)+VLOOKUP(B24,indirect($AB$2&"!B:U"),20,false) -> 7 | V24: =VLOOKUP(B24,indirect($AB$2&"!B$5:w$70"),22,false)-A24 -> 0 | W24: =W23+1 -> 20
A25: =A24+1 -> 21 | B25: Robert Chang | C25: 257 | D25: 15 | E25: =(C25-(U25*9)-(S25*13))/($D$2-U25-S25) -> 14.571429 | F25: 1 | G25: 4 | H25: 0 | I25: 6 | J25: 6 | K25: 6 | L25: 18 | M25: 3 | N25: =C25+L25 -> 275 | O25: =D25+M25 -> 18 | P25: X | Q25: X | R25: X | S25: =if(H25=13,1,0)+VLOOKUP(B25,indirect($AB$2&"!B:T"),18,false) -> 5 | U25: =if(H25=9,1,0)+VLOOKUP(B25,indirect($AB$2&"!B:U"),20,false) -> 10 | V25: =VLOOKUP(B25,indirect($AB$2&"!B$5:w$70"),22,false)-A25 -> 6 | W25: =W24+1 -> 21
A26: =A25+1 -> 22 | B26: Troy Wong | C26: 255 | D26: 15 | E26: =(C26-(U26*9)-(S26*13))/($D$2-U26-S26) -> 13.454545 | F26: 3 | G26: 0 | H26: 9 | I26: 0 | J26: 0 | K26: 0 | L26: 9 | M26: 0 | N26: =C26+L26 -> 264 | O26: =D26+M26 -> 15 | P26: X | Q26: X | R26: X | S26: =if(H26=13,1,0)+VLOOKUP(B26,indirect($AB$2&"!B:T"),18,false) -> 2 | U26: =if(H26=9,1,0)+VLOOKUP(B26,indirect($AB$2&"!B:U"),20,false) -> 9 | V26: =VLOOKUP(B26,indirect($AB$2&"!B$5:w$70"),22,false)-A26 -> 2 | W26: =W25+1 -> 22
A27: =A26+1 -> 23 | B27: Alex Hou | C27: 254 | D27: 20 | E27: =(C27-(U27*9)-(S27*13))/($D$2-U27-S27) -> 11.666667 | F27: 1 | G27: 4 | H27: 0 | I27: 2 | J27: 0 | K27: 6 | L27: 8 | M27: 1 | N27: =C27+L27 -> 262 | O27: =D27+M27 -> 21 | P27: X | Q27: X | R27: X | S27: =if(H27=13,1,0)+VLOOKUP(B27,indirect($AB$2&"!B:T"),18,false) -> 0 | U27: =if(H27=9,1,0)+VLOOKUP(B27,indirect($AB$2&"!B:U"),20,false) -> 1 | V27: =VLOOKUP(B27,indirect($AB$2&"!B$5:w$70"),22,false)-A27 -> -2 | W27: =W26+1 -> 23
A28: =A27+1 -> 24 | B28: Erik Hoeckmann | C28: 254 | D28: 20 | E28: =(C28-(U28*9)-(S28*13))/($D$2-U28-S28) -> 13 | F28: 1 | G28: 4 | H28: 0 | I28: 6 | J28: 0 | K28: 3 | L28: 9 | M28: 1 | N28: =C28+L28 -> 263 | O28: =D28+M28 -> 21 | P28: X | Q28: X | R28: X | S28: =if(H28=13,1,0)+VLOOKUP(B28,indirect($AB$2&"!B:T"),18,false) -> 2 | U28: =if(H28=9,1,0)+VLOOKUP(B28,indirect($AB$2&"!B:U"),20,false) -> 8 | V28: =VLOOKUP(B28,indirect($AB$2&"!B$5:w$70"),22,false)-A28 -> -1 | W28: =W27+1 -> 24
A29: =A28+1 -> 25 | B29: Pulkit Mathur | C29: 254 | D29: 19 | E29: =(C29-(U29*9)-(S29*13))/($D$2-U29-S29) -> 15 | F29: 1 | G29: 5 | H29: 0 | I29: 6 | J29: 6 | K29: 6 | L29: 18 | M29: 3 | N29: =C29+L29 -> 272 | O29: =D29+M29 -> 22 | P29: X | Q29: X | R29: X | S29: =if(H29=13,1,0)+VLOOKUP(B29,indirect($AB$2&"!B:T"),18,false) -> 2 | U29: =if(H29=9,1,0)+VLOOKUP(B29,indirect($AB$2&"!B:U"),20,false) -> 12 | V29: =VLOOKUP(B29,indirect($AB$2&"!B$5:w$70"),22,false)-A29 -> -3 | W29: =W28+1 -> 25
A30: =A29+1 -> 26 | B30: Cid Macaraeg | C30: 253 | D30: 19 | E30: =(C30-(U30*9)-(S30*13))/($D$2-U30-S30) -> 14.1 | F30: 3 | G30: 0 | H30: 9 | I30: 0 | J30: 0 | K30: 0 | L30: 9 | M30: 0 | N30: =C30+L30 -> 262 | O30: =D30+M30 -> 19 | P30: X | Q30: X | R30: X | S30: =if(H30=13,1,0)+VLOOKUP(B30,indirect($AB$2&"!B:T"),18,false) -> 1 | U30: =if(H30=9,1,0)+VLOOKUP(B30,indirect($AB$2&"!B:U"),20,false) -> 11 | V30: =VLOOKUP(B30,indirect($AB$2&"!B$5:w$70"),22,false)-A30 -> -1 | W30: =W29+1 -> 26
A31: =A30+1 -> 27 | B31: Sanjaye Elayattu | C31: 249 | D31: 17 | E31: =(C31-(U31*9)-(S31*13))/($D$2-U31-S31) -> 12.916667 | F31: 1 | G31: 5 | H31: 0 | I31: 2 | J31: 3 | K31: 6 | L31: 11 | M31: 1 | N31: =C31+L31 -> 260 | O31: =D31+M31 -> 18 | P31: X | Q31: X | R31: X | S31: =if(H31=13,1,0)+VLOOKUP(B31,indirect($AB$2&"!B:T"),18,false) -> 1 | U31: =if(H31=9,1,0)+VLOOKUP(B31,indirect($AB$2&"!B:U"),20,false) -> 9 | V31: =VLOOKUP(B31,indirect($AB$2&"!B$5:w$70"),22,false)-A31 -> 3 | W31: =W30+1 -> 27
A32: =A31+1 -> 28 | B32: Manuel Rivera | C32: 247 | D32: 14 | E32: =(C32-(U32*9)-(S32*13))/($D$2-U32-S32) -> 12.7 | F32: 3 | G32: 0 | H32: 9 | I32: 0 | J32: 0 | K32: 0 | L32: 9 | M32: 0 | N32: =C32+L32 -> 256 | O32: =D32+M32 -> 14 | P32: X | Q32: X | R32: X | S32: =if(H32=13,1,0)+VLOOKUP(B32,indirect($AB$2&"!B:T"),18,false) -> 3 | U32: =if(H32=9,1,0)+VLOOKUP(B32,indirect($AB$2&"!B:U"),20,false) -> 9 | V32: =VLOOKUP(B32,indirect($AB$2&"!B$5:w$70"),22,false)-A32 -> -2 | W32: =W31+1 -> 28
A33: =A32+1 -> 29 | B33: Ramesh Bandaru | C33: 246 | D33: 16 | E33: =(C33-(U33*9)-(S33*13))/($D$2-U33-S33) -> 12.428571 | F33: 1 | G33: 5 | H33: 0 | I33: 2 | J33: 6 | K33: 4 | L33: 12 | M33: 1 | N33: =C33+L33 -> 258 | O33: =D33+M33 -> 17 | P33: X | Q33: X | R33: X | S33: =if(H33=13,1,0)+VLOOKUP(B33,indirect($AB$2&"!B:T"),18,false) -> 0 | U33: =if(H33=9,1,0)+VLOOKUP(B33,indirect($AB$2&"!B:U"),20,false) -> 8 | V33: =VLOOKUP(B33,indirect($AB$2&"!B$5:w$70"),22,false)-A33 -> -1 | W33: =W32+1 -> 29
... A53: =A52+1 -> 49 | B53: Balaji Alahari | C53: 217 | D53: 7 | E53: =(C53-(U53*9)-(S53*13))/($D$2-U53-S53) -> 11.2 | F53: 3 | G53: 0 | H53: 9 | I53: 0 | J53: 0 | K53: 0 | L53: 9 | M53: 0 | N53: =C53+L53 -> 226 | O53: =D53+M53 -> 7 | P53: X | Q53: X | R53: X | S53: =if(H53=13,1,0)+VLOOKUP(B53,indirect($AB$2&"!B:T"),18,false) -> 2 | U53: =if(H53=9,1,0)+VLOOKUP(B53,indirect($AB$2&"!B:U"),20,false) -> 15 | V53: =VLOOKUP(B53,indirect($AB$2&"!B$5:w$70"),22,false)-A53 -> 0 | W53: =W52+1 -> 49
A54: =A53+1 -> 50 | B54: Tony Lin | C54: 217 | D54: 6 | E54: =(C54-(U54*9)-(S54*13))/($D$2-U54-S54) -> 14.5 | F54: 3 | G54: 0 | H54: 9 | I54: 0 | J54: 0 | K54: 0 | L54: 9 | M54: 0 | N54: =C54+L54 -> 226 | O54: =D54+M54 -> 6 | P54: X | Q54: X | S54: =if(H54=13,1,0)+VLOOKUP(B54,indirect($AB$2&"!B:T"),18,false) -> 2 | U54: =if(H54=9,1,0)+VLOOKUP(B54,indirect($AB$2&"!B:U"),20,false) -> 18 | V54: =VLOOKUP(B54,indirect($AB$2&"!B$5:w$70"),22,false)-A54 -> 0 | W54: =W53+1 -> 50
A55: =A54+1 -> 51 | B55: Trinath Goteti | C55: 215 | D55: 7 | E55: =(C55-(U55*9)-(S55*13))/($D$2-U55-S55) -> 12.25 | F55: 2 | G55: 7 | H55: 0 | I55: 0 | J55: 6 | K55: 6 | L55: 12 | M55: 2 | N55: =C55+L55 -> 227 | O55: =D55+M55 -> 9 | P55: X | Q55: X | R55: X | S55: =if(H55=13,1,0)+VLOOKUP(B55,indirect($AB$2&"!B:T"),18,false) -> 1 | U55: =if(H55=9,1,0)+VLOOKUP(B55,indirect($AB$2&"!B:U"),20,false) -> 17 | V55: =VLOOKUP(B55,indirect($AB$2&"!B$5:w$70"),22,false)-A55 -> 4 | W55: =W54+1 -> 51
A56: =A55+1 -> 52 | B56: Naveen Raj | C56: 215 | D56: 6 | E56: =(C56-(U56*9)-(S56*13))/($D$2-U56-S56) -> 11.6 | F56: 3 | G56: 0 | H56: 9 | I56: 0 | J56: 0 | K56: 0 | L56: 9 | M56: 0 | N56: =C56+L56 -> 224 | O56: =D56+M56 -> 6 | P56: X | Q56: X | R56: X | S56: =if(H56=13,1,0)+VLOOKUP(B56,indirect($AB$2&"!B:T"),18,false) -> 1 | U56: =if(H56=9,1,0)+VLOOKUP(B56,indirect($AB$2&"!B:U"),20,false) -> 16 | V56: =VLOOKUP(B56,indirect($AB$2&"!B$5:w$70"),22,false)-A56 -> 0 | W56: =W55+1 -> 52
A57: =A56+1 -> 53 | B57: Santosh Sundaresan | C57: 214 | D57: 5 | E57: =(C57-(U57*9)-(S57*13))/($D$2-U57-S57) -> 11.666667 | F57: 3 | G57: 0 | H57: 9 | I57: 0 | J57: 0 | K57: 0 | L57: 9 | M57: 0 | N57: =C57+L57 -> 223 | O57: =D57+M57 -> 5 | P57: X | Q57: X | R57: X | S57: =if(H57=13,1,0)+VLOOKUP(B57,indirect($AB$2&"!B:T"),18,false) -> 2 | U57: =if(H57=9,1,0)+VLOOKUP(B57,indirect($AB$2&"!B:U"),20,false) -> 17 | V57: =VLOOKUP(B57,indirect($AB$2&"!B$5:w$70"),22,false)-A57 -> -2 | W57: =W56+1 -> 53
A58: =A57+1 -> 54 | B58: Sandy Weyant | C58: 210 | D58: 10 | E58: =(C58-(U58*9)-(S58*13))/($D$2-U58-S58) -> 10.090909 | F58: 1 | G58: 7 | H58: 0 | I58: 6 | J58: 6 | K58: 2 | L58: 14 | M58: 2 | N58: =C58+L58 -> 224 | O58: =D58+M58 -> 12 | P58: X | Q58: X | R58: X | S58: =if(H58=13,1,0)+VLOOKUP(B58,indirect($AB$2&"!B:T"),18,false) -> 0 | U58: =if(H58=9,1,0)+VLOOKUP(B58,indirect($AB$2&"!B:U"),20,false) -> 11 | V58: =VLOOKUP(B58,indirect($AB$2&"!B$5:w$70"),22,false)-A58 -> -1 | W58: =W57+1 -> 54
A59: =A58+1 -> 55 | B59: Susanta Mishra | C59: 209 | D59: 3 | E59: =(C59-(U59*9)-(S59*13))/($D$2-U59-S59) -> 10 | F59: 1 | G59: 7 | H59: 0 | I59: 6 | J59: 3 | K59: 6 | L59: 15 | M59: 2 | N59: =C59+L59 -> 224 | O59: =D59+M59 -> 5 | P59: X | Q59: X | R59: X | S59: =if(H59=13,1,0)+VLOOKUP(B59,indirect($AB$2&"!B:T"),18,false) -> 2 | U59: =if(H59=9,1,0)+VLOOKUP(B59,indirect($AB$2&"!B:U"),20,false) -> 17 | V59: =VLOOKUP(B59,indirect($AB$2&"!B$5:w$70"),22,false)-A59 -> -1 | W59: =W58+1 -> 55
A60: =A59+1 -> 56 | B60: Vinaya Kajla | C60: 205 | D60: 9 | E60: =(C60-(U60*9)-(S60*13))/($D$2-U60-S60) -> 9.375 | F60: 3 | G60: 0 | H60: 9 | I60: 0 | J60: 0 | K60: 0 | L60: 9 | M60: 0 | N60: =C60+L60 -> 214 | O60: =D60+M60 -> 9 | P60: X | Q60: X | R60: X | S60: =if(H60=13,1,0)+VLOOKUP(B60,indirect($AB$2&"!B:T"),18,false) -> 1 | U60: =if(H60=9,1,0)+VLOOKUP(B60,indirect($AB$2&"!B:U"),20,false) -> 13 | V60: =VLOOKUP(B60,indirect($AB$2&"!B$5:w$70"),22,false)-A60 -> 0 | W60: =W59+1 -> 56
A61: =A60+1 -> 57 | B61: Vishnu Amarnath | C61: 202 | D61: 3 | E61: =(C61-(U61*9)-(S61*13))/($D$2-U61-S61) -> 9 | F61: 3 | G61: 0 | H61: 9 | I61: 0 | J61: 0 | K61: 0 | L61: 9 | M61: 0 | N61: =C61+L61 -> 211 | O61: =D61+M61 -> 3 | P61: X | Q61: X | R61: X | S61: =if(H61=13,1,0)+VLOOKUP(B61,indirect($AB$2&"!B:T"),18,false) -> 1 | U61: =if(H61=9,1,0)+VLOOKUP(B61,indirect($AB$2&"!B:U"),20,false) -> 17 | V61: =VLOOKUP(B61,indirect($AB$2&"!B$5:w$70"),22,false)-A61 -> 0 | W61: =W60+1 -> 57
A62: =A61+1 -> 58 | B62: Manish Anand | C62: 201 | D62: 5 | E62: =(C62-(U62*9)-(S62*13))/($D$2-U62-S62) -> 10.5 | F62: 3 | G62: 0 | H62: 9 | I62: 0 | J62: 0 | K62: 0 | L62: 9 | M62: 0 | N62: =C62+L62 -> 210 | O62: =D62+M62 -> 5 | P62: X | Q62: X | R62: X | S62: =if(H62=13,1,0)+VLOOKUP(B62,indirect($AB$2&"!B:T"),18,false) -> 0 | U62: =if(H62=9,1,0)+VLOOKUP(B62,indirect($AB$2&"!B:U"),20,false) -> 20 | V62: =VLOOKUP(B62,indirect($AB$2&"!B$5:w$70"),22,false)-A62 -> 0 | W62: =W61+1 -> 58
A63: =A62+1 -> 59 | B63: Nohely Mejia | C63: 199 | D63: 3 | E63: =(C63-(U63*9)-(S63*13))/($D$2-U63-S63) -> 7.5 | F63: 4 | G63: 0 | H63: 9 | I63: 0 | J63: 0 | K63: 0 | L63: 9 | M63: 0 | N63: =C63+L63 -> 208 | O63: =D63+M63 -> 3 | P63: X | Q63: X | R63: N | S63: =if(H63=13,1,0)+VLOOKUP(B63,indirect($AB$2&"!B:T"),18,false) -> 1 | U63: =if(H63=9,1,0)+VLOOKUP(B63,indirect($AB$2&"!B:U"),20,false) -> 19 | V63: =VLOOKUP(B63,indirect($AB$2&"!B$5:w$70"),22,false)-A63 -> 0 | W63: =W62+1 -> 59
A64: =A63+1 -> 60 | B64: Eric Pan | C64: 198 | D64: 3 | E64: =(C64-(U64*9)-(S64*13))/($D$2-U64-S64) -> 9 | F64: 3 | G64: 0 | H64: 9 | I64: 0 | J64: 0 | K64: 0 | L64: 9 | M64: 0 | N64: =C64+L64 -> 207 | O64: =D64+M64 -> 3 | P64: X | Q64: X | R64: X | S64: =if(H64=13,1,0)+VLOOKUP(B64,indirect($AB$2&"!B:T"),18,false) -> 0 | U64: =if(H64=9,1,0)+VLOOKUP(B64,indirect($AB$2&"!B:U"),20,false) -> 21 | V64: =VLOOKUP(B64,indirect($AB$2&"!B$5:w$70"),22,false)-A64 -> 0 | W64: =W63+1 -> 60
A65: =A64+1 -> 61 | B65: Leigh-Anh Nguyen | C65: 194 | D65: 4 | E65: =(C65-(U65*9)-(S65*13))/($D$2-U65-S65) -> 7.6666667 | F65: 3 | G65: 0 | H65: 9 | I65: 0 | J65: 0 | K65: 0 | L65: 9 | M65: 0 | N65: =C65+L65 -> 203 | O65: =D65+M65 -> 4 | P65: X | Q65: X | R65: X | S65: =if(H65=13,1,0)+VLOOKUP(B65,indirect($AB$2&"!B:T"),18,false) -> 0 | U65: =if(H65=9,1,0)+VLOOKUP(B65,indirect($AB$2&"!B:U"),20,false) -> 19 | V65: =VLOOKUP(B65,indirect($AB$2&"!B$5:w$70"),22,false)-A65 -> 0 | W65: =W64+1 -> 61
A66: =A65+1 -> 62 | B66: Peter Homsey | C66: 193 | D66: 0 | E66: =(C66-(U66*9)-(S66*13))/($D$2-U66-S66) -> 4.5 | F66: 0 | G66: 0 | H66: 0 | I66: 0 | J66: 0 | K66: 0 | L66: 0 | M66: 0 | N66: =C66+L66 -> 193 | O66: =D66+M66 -> 0 | P66: X | Q66: X | R66: N | S66: =if(H66=13,1,0)+VLOOKUP(B66,indirect($AB$2&"!B:T"),18,false) -> 1 | U66: =if(H66=9,1,0)+VLOOKUP(B66,indirect($AB$2&"!B:U"),20,false) -> 19 | W66: =W65+1 -> 62
A67: =A66+1 -> 63 | B67: Amit Patel | C67: 193 | D67: 0 | E67: =(C67-(U67*9)-(S67*13))/($D$2-U67-S67) -> 0 | F67: 3 | G67: 0 | H67: 9 | I67: 0 | J67: 0 | K67: 0 | L67: 9 | M67: 0 | N67: =C67+L67 -> 202 | O67: =D67+M67 -> 0 | P67: X | Q67: X | R67: N | S67: =if(H67=13,1,0)+VLOOKUP(B67,indirect($AB$2&"!B:T"),18,false) -> 1 | U67: =if(H67=9,1,0)+VLOOKUP(B67,indirect($AB$2&"!B:U"),20,false) -> 20 | V67: =VLOOKUP(B67,indirect($AB$2&"!B$5:w$70"),22,false)-A67 -> 0 | W67: =W66+1 -> 63
A68: =A67+1 -> 64 | B68: Joyce Zhu | C68: 182 | D68: 9 | E68: =(C68-(U68*9)-(S68*13))/($D$2-U68-S68) -> 7.7692308 | F68: 1 | G68: 7 | H68: 0 | I68: 0 | J68: 3 | K68: 2 | L68: 5 | M68: 0 | N68: =C68+L68 -> 187 | O68: =D68+M68 -> 9 | P68: X | Q68: X | R68: X | S68: =if(H68=13,1,0)+VLOOKUP(B68,indirect($AB$2&"!B:T"),18,false) -> 0 | U68: =if(H68=9,1,0)+VLOOKUP(B68,indirect($AB$2&"!B:U"),20,false) -> 9 | V68: =VLOOKUP(B68,indirect($AB$2&"!B$5:w$70"),22,false)-A68 -> 0 | W68: =W67+1 -> 64
A69: =A68+1 -> 65 | B69: Jose Ortiz | C69: 180 | D69: 0 | E69: =(C69-(U69*9)-(S69*13))/($D$2-U69-S69) -> #DIV/0! | F69: 3 | G69: 0 | H69: 9 | I69: 0 | J69: 0 | K69: 0 | L69: 9 | M69: 0 | N69: =C69+L69 -> 189 | O69: =D69+M69 -> 0 | P69: X | Q69: X | S69: =if(H69=13,1,0)+VLOOKUP(B69,indirect($AB$2&"!B:T"),18,false) -> 0 | U69: =if(H69=9,1,0)+VLOOKUP(B69,indirect($AB$2&"!B:U"),20,false) -> 22 | V69: =VLOOKUP(B69,indirect($AB$2&"!B$5:w$70"),22,false)-A69 -> 0 | W69: =W68+1 -> 65
B72: =COUNTA(B5:B69) -> 65
P77: Renewed | R77: =COUNTIF(R5:R69,"X") -> 53
B78: Top Scores | C78: Games | D78: Sets | P78: Not Renewing | R78: =countif(R5:R69,"N") -> 8
B79: =IFERROR(__xludf.DUMMYFUNCTION("QUERY(B5:M69,""Select B, L, M where L >= 18 order by L desc,M desc"",0)"),"Scott Li") -> Scott Li | C79: =IFERROR(__xludf.DUMMYFUNCTION("""COMPUTED_VALUE"""),20.0) -> 20 | D79: =IFERROR(__xludf.DUMMYFUNCTION("""COMPUTED_VALUE"""),2.0) -> 2 | P79: To Renew | R79: =countif(R5:R69,"") -> 4
B80: =IFERROR(__xludf.DUMMYFUNCTION("""COMPUTED_VALUE"""),"Pavan Akkimsetty") -> Pavan Akkimsetty | C80: =IFERROR(__xludf.DUMMYFUNCTION("""COMPUTED_VALUE"""),19.0) -> 19 | D80: =IFERROR(__xludf.DUMMYFUNCTION("""COMPUTED_VALUE"""),2.0) -> 2 | P80: Total | R80: =sum(R77:R79) -> 65
B81: =IFERROR(__xludf.DUMMYFUNCTION("""COMPUTED_VALUE"""),"Rajasekar Ramasamy") -> Rajasekar Ramasamy | C81: =IFERROR(__xludf.DUMMYFUNCTION("""COMPUTED_VALUE"""),19.0) -> 19 | D81: =IFERROR(__xludf.DUMMYFUNCTION("""COMPUTED_VALUE"""),2.0) -> 2
B82: =IFERROR(__xludf.DUMMYFUNCTION("""COMPUTED_VALUE"""),"Robert Chang") -> Robert Chang | C82: =IFERROR(__xludf.DUMMYFUNCTION("""COMPUTED_VALUE"""),18.0) -> 18 | D82: =IFERROR(__xludf.DUMMYFUNCTION("""COMPUTED_VALUE"""),3.0) -> 3 | P82: * Jimmy Awolesi paid for Jan-Dec 2025
B83: =IFERROR(__xludf.DUMMYFUNCTION("""COMPUTED_VALUE"""),"Pulkit Mathur") -> Pulkit Mathur | C83: =IFERROR(__xludf.DUMMYFUNCTION("""COMPUTED_VALUE"""),18.0) -> 18 | D83: =IFERROR(__xludf.DUMMYFUNCTION("""COMPUTED_VALUE"""),3.0) -> 3
B84: =IFERROR(__xludf.DUMMYFUNCTION("""COMPUTED_VALUE"""),"Mauricio Palacios") -> Mauricio Palacios | C84: =IFERROR(__xludf.DUMMYFUNCTION("""COMPUTED_VALUE"""),18.0) -> 18 | D84: =IFERROR(__xludf.DUMMYFUNCTION("""COMPUTED_VALUE"""),3.0) -> 3
B85: =IFERROR(__xludf.DUMMYFUNCTION("""COMPUTED_VALUE"""),"Tom Le") -> Tom Le | C85: =IFERROR(__xludf.DUMMYFUNCTION("""COMPUTED_VALUE"""),18.0) -> 18 | D85: =IFERROR(__xludf.DUMMYFUNCTION("""COMPUTED_VALUE"""),2.0) -> 2
B86: =IFERROR(__xludf.DUMMYFUNCTION("""COMPUTED_VALUE"""),"David Shin") -> David Shin | C86: =IFERROR(__xludf.DUMMYFUNCTION("""COMPUTED_VALUE"""),18.0) -> 18 | D86: =IFERROR(__xludf.DUMMYFUNCTION("""COMPUTED_VALUE"""),2.0) -> 2
B92: Top 10 Movements (UP) | C92: Positions Moved | D92: Position Last week | E92: Position This week | F92: Points this week | G92: Court | L92: Cross Check
B93: =IFERROR(__xludf.DUMMYFUNCTION("query(B5:V69,""select B, V order by V Desc Limit 10"")"),"James Phan") -> James Phan | C93: =IFERROR(__xludf.DUMMYFUNCTION("""COMPUTED_VALUE"""),8.0) -> 8 | D93: =VLOOKUP(B93,indirect($AB$2&"!B$5:w$70"),22, false) -> 10 | E93: =VLOOKUP(B93,B$5:W$69,22, false) -> 2 | F93: =VLOOKUP(B93,indirect($AB$2&"!B$5:U$70"),11, false) -> 19 | G93: =VLOOKUP(B93,indirect($AB$2&"!B$5:U$70"),6, false) -> 2 | L93: =if(D93-E93=C93,"ok","Error") -> ok
B94: =IFERROR(__xludf.DUMMYFUNCTION("""COMPUTED_VALUE"""),"Lam Bui") -> Lam Bui | C94: =IFERROR(__xludf.DUMMYFUNCTION("""COMPUTED_VALUE"""),8.0) -> 8 | D94: =VLOOKUP(B94,indirect($AB$2&"!B$5:w$70"),22, false) -> 12 | E94: =VLOOKUP(B94,B$5:W$69,22, false) -> 4 | F94: =VLOOKUP(B94,indirect($AB$2&"!B$5:U$70"),11, false) -> 18 | G94: =VLOOKUP(B94,indirect($AB$2&"!B$5:U$70"),6, false) -> 2 | L94: =if(D94-E94=C94,"ok","Error") -> ok
B95: =IFERROR(__xludf.DUMMYFUNCTION("""COMPUTED_VALUE"""),"Robert Chang") -> Robert Chang | C95: =IFERROR(__xludf.DUMMYFUNCTION("""COMPUTED_VALUE"""),6.0) -> 6 | D95: =VLOOKUP(B95,indirect($AB$2&"!B$5:w$70"),22, false) -> 27 | E95: =VLOOKUP(B95,B$5:W$69,22, false) -> 21 | F95: =VLOOKUP(B95,indirect($AB$2&"!B$5:U$70"),11, false) -> 19 | G95: =VLOOKUP(B95,indirect($AB$2&"!B$5:U$70"),6, false) -> 5 | L95: =if(D95-E95=C95,"ok","Error") -> ok
B96: =IFERROR(__xludf.DUMMYFUNCTION("""COMPUTED_VALUE"""),"Sai Dilip Ponnaganti") -> Sai Dilip Ponnaganti | C96: =IFERROR(__xludf.DUMMYFUNCTION("""COMPUTED_VALUE"""),6.0) -> 6 | D96: =VLOOKUP(B96,indirect($AB$2&"!B$5:w$70"),22, false) -> 40 | E96: =VLOOKUP(B96,B$5:W$69,22, false) -> 34 | F96: =VLOOKUP(B96,indirect($AB$2&"!B$5:U$70"),11, false) -> 19 | G96: =VLOOKUP(B96,indirect($AB$2&"!B$5:U$70"),6, false) -> 6 | L96: =if(D96-E96=C96,"ok","Error") -> ok
B97: =IFERROR(__xludf.DUMMYFUNCTION("""COMPUTED_VALUE"""),"Kumar Palakeel") -> Kumar Palakeel | C97: =IFERROR(__xludf.DUMMYFUNCTION("""COMPUTED_VALUE"""),4.0) -> 4 | D97: =VLOOKUP(B97,indirect($AB$2&"!B$5:w$70"),22, false) -> 45 | E97: =VLOOKUP(B97,B$5:W$69,22, false) -> 41 | F97: =VLOOKUP(B97,indirect($AB$2&"!B$5:U$70"),11, false) -> 15 | G97: =VLOOKUP(B97,indirect($AB$2&"!B$5:U$70"),6, false) -> 7 | L97: =if(D97-E97=C97,"ok","Error") -> ok
B98: =IFERROR(__xludf.DUMMYFUNCTION("""COMPUTED_VALUE"""),"Trinath Goteti") -> Trinath Goteti | C98: =IFERROR(__xludf.DUMMYFUNCTION("""COMPUTED_VALUE"""),4.0) -> 4 | D98: =VLOOKUP(B98,indirect($AB$2&"!B$5:w$70"),22, false) -> 55 | E98: =VLOOKUP(B98,B$5:W$69,22, false) -> 51 | F98: =VLOOKUP(B98,indirect($AB$2&"!B$5:U$70"),11, false) -> 18 | G98: =VLOOKUP(B98,indirect($AB$2&"!B$5:U$70"),6, false) -> 8 | L98: =if(D98-E98=C98,"ok","Error") -> ok
B99: =IFERROR(__xludf.DUMMYFUNCTION("""COMPUTED_VALUE"""),"Frank Moon") -> Frank Moon | C99: =IFERROR(__xludf.DUMMYFUNCTION("""COMPUTED_VALUE"""),3.0) -> 3 | D99: =VLOOKUP(B99,indirect($AB$2&"!B$5:w$70"),22, false) -> 13 | E99: =VLOOKUP(B99,B$5:W$69,22, false) -> 10 | F99: =VLOOKUP(B99,indirect($AB$2&"!B$5:U$70"),11, false) -> 15 | G99: =VLOOKUP(B99,indirect($AB$2&"!B$5:U$70"),6, false) -> 2 | L99: =if(D99-E99=C99,"ok","Error") -> ok
B100: =IFERROR(__xludf.DUMMYFUNCTION("""COMPUTED_VALUE"""),"Matthew Huang") -> Matthew Huang | C100: =IFERROR(__xludf.DUMMYFUNCTION("""COMPUTED_VALUE"""),3.0) -> 3 | D100: =VLOOKUP(B100,indirect($AB$2&"!B$5:w$70"),22, false) -> 18 | E100: =VLOOKUP(B100,B$5:W$69,22, false) -> 15 | F100: =VLOOKUP(B100,indirect($AB$2&"!B$5:U$70"),11, false) -> 0 | G100: =VLOOKUP(B100,indirect($AB$2&"!B$5:U$70"),6, false) -> 3 | L100: =if(D100-E100=C100,"ok","Error") -> ok
B101: =IFERROR(__xludf.DUMMYFUNCTION("""COMPUTED_VALUE"""),"Scott Li") -> Scott Li | C101: =IFERROR(__xludf.DUMMYFUNCTION("""COMPUTED_VALUE"""),3.0) -> 3 | D101: =VLOOKUP(B101,indirect($AB$2&"!B$5:w$70"),22, false) -> 19 | E101: =VLOOKUP(B101,B$5:W$69,22, false) -> 16 | F101: =VLOOKUP(B101,indirect($AB$2&"!B$5:U$70"),11, false) -> 0 | G101: =VLOOKUP(B101,indirect($AB$2&"!B$5:U$70"),6, false) -> 3 | L101: =if(D101-E101=C101,"ok","Error") -> ok
B102: =IFERROR(__xludf.DUMMYFUNCTION("""COMPUTED_VALUE"""),"Sanjaye Elayattu") -> Sanjaye Elayattu | C102: =IFERROR(__xludf.DUMMYFUNCTION("""COMPUTED_VALUE"""),3.0) -> 3 | D102: =VLOOKUP(B102,indirect($AB$2&"!B$5:w$70"),22, false) -> 30 | E102: =VLOOKUP(B102,B$5:W$69,22, false) -> 27 | F102: =VLOOKUP(B102,indirect($AB$2&"!B$5:U$70"),11, false) -> 15 | G102: =VLOOKUP(B102,indirect($AB$2&"!B$5:U$70"),6, false) -> 5 | L102: =if(D102-E102=C102,"ok","Error") -> ok
B105: Top 10 Movements (Down) | C105: Positions | D105: Position Last week | E105: Position This week | F105: Points this week | G105: Court | L105: Cross Check
