Workbook

Sheet Current
B1: Standings as of | C1: 46200
B2: Number of Weeks Played | D2: 25 | AC2: =text(C1,"mm/dd/yy") -> 06/27/26
C3: Beginning of week | F3: Current Week Scores | N3: End of week | Q3: Jan-Jun 2026 | R3: Jul-Dec 2026
A4: Ranking | B4: Name of Player | C4: Games Won | D4: Sets Won | E4: Games Won / Match | F4: Check IN | G4: Court # | H4: Set 0 | I4: Set 1 | J4: Set 2 | K4: Set 3 | L4: Games Won | M4: Sets Won | N4: Games Won | O4: Sets Won | P4: Waiver | Q4: Fee | R4: Fee | S4: Games Played | T4: Sit outs | U4: No Shows | V4: Absent | W4: Positions Gained/Lost | X4: Ranking | Y4: Perfect attendence | Z4: Check
A5: 1 | B5: Andrew Yao | C5: 381 | D5: 50 | E5: =if(S5>0,(C5-(V5*9)-(T5*13))/S5,0) -> 16.090909 | F5: =if(isna(VLOOKUP(B5,Checkin!A:B,2,false)),0,VLOOKUP(B5,Checkin!A:B,2,false)) -> 0 | G5: =if(OR($F5=1, $F5=2),VLOOKUP($B5,Courts!$B$2:$K$50,10,false),0) -> 0 | H5: =IF(OR(F5=3,F5=4),9,IF(F5=5,13,0)) -> 0 | I5: =if(OR($F5=1, $F5=2),VLOOKUP($B5,Courts!$B$2:$J$50,5,false),0) -> 0 | J5: =if(OR($F5=1, $F5=2),VLOOKUP($B5,Courts!$B$2:$J$50,6,false),0) -> 0 | K5: =if(OR($F5=1, $F5=2),VLOOKUP($B5,Courts!$B$2:$J$50,7,false),0) -> 0 | L5: =H5+I5+J5+K5 -> 0 | M5: =if(OR($F5=1, $F5=2),VLOOKUP($B5,Courts!$B$2:$J$50,9,false),0) -> 0 | N5: =C5+L5 -> 381 | O5: =D5+M5 -> 50 | P5: X | Q5: X | R5: X | S5: =vlookup(B5,indirect("'" & AC$2 & "'!B5:W79"),18,false)++if(text(C$1,"mm/dd/yy")=$AC$2,0,if(H5>0,0,1)) -> 22 | T5: =if(H5=13,1,0)+vlookup(B5,indirect("'" & AC$2 & "'!B5:W79"),19,false) -> 0 | V5: =vlookup(B5,indirect("'" & AC$2 & "'!B5:W79"),21,false)+if(text(C$1,"mm/dd/yy")=$AC$2,0,if(H5=9,1,0)) -> 3 | W5: =vlookup(B5,indirect("'" & AC$2 & "'!B5:x79"),23,false)-X5 -> 0 | X5: 1 | Y5: =if(S5=D$2,"Y","N") -> N | Z5: =if($D$2=sum(S5:V5),"","Error")
A6: =A5+1 -> 2 | B6: Pulkit Mathur | C6: 371 | D6: 42 | E6: =if(S6>0,(C6-(V6*9)-(T6*13))/S6,0) -> 15.952381 | F6: =if(isna(VLOOKUP(B6,Checkin!A:B,2,false)),0,VLOOKUP(B6,Checkin!A:B,2,false)) -> 0 | G6: =if(OR($F6=1, $F6=2),VLOOKUP($B6,Courts!$B$2:$K$50,10,false),0) -> 0 | H6: =IF(OR(F6=3,F6=4),9,IF(F6=5,13,0)) -> 0 | I6: =if(OR($F6=1, $F6=2),VLOOKUP($B6,Courts!$B$2:$J$50,5,false),0) -> 0 | J6: =if(OR($F6=1, $F6=2),VLOOKUP($B6,Courts!$B$2:$J$50,6,false),0) -> 0 | K6: =if(OR($F6=1, $F6=2),VLOOKUP($B6,Courts!$B$2:$J$50,7,false),0) -> 0 | L6: =H6+I6+J6+K6 -> 0 | M6: =if(OR($F6=1, $F6=2),VLOOKUP($B6,Courts!$B$2:$J$50,9,false),0) -> 0 | N6: =C6+L6 -> 371 | O6: =D6+M6 -> 42 | P6: X | Q6: X | R6: X | S6: =vlookup(B6,indirect("'" & AC$2 & "'!B5:W79"),18,false)++if(text(C$1,"mm/dd/yy")=$AC$2,0,if(H6>0,0,1)) -> 21 | T6: =if(H6=13,1,0)+vlookup(B6,indirect("'" & AC$2 & "'!B5:W79"),19,false) -> 0 | V6: =vlookup(B6,indirect("'" & AC$2 & "'!B5:W79"),21,false)+if(text(C$1,"mm/dd/yy")=$AC$2,0,if(H6=9,1,0)) -> 4 | W6: =vlookup(B6,indirect("'" & AC$2 & "'!B5:x79"),23,false)-X6 -> 0 | X6: =X5+1 -> 2 | Y6: =if(S6=D$2,"Y","N") -> N | Z6: =if($D$2=sum(S6:V6),"","Error")
A7: =A6+1 -> 3 | B7: Sandeep Kamalon | C7: 355 | D7: 36 | E7: =if(S7>0,(C7-(V7*9)-(T7*13))/S7,0) -> 14.909091 | F7: =if(isna(VLOOKUP(B7,Checkin!A:B,2,false)),0,VLOOKUP(B7,Checkin!A:B,2,false)) -> 0 | G7: =if(OR($F7=1, $F7=2),VLOOKUP($B7,Courts!$B$2:$K$50,10,false),0) -> 0 | H7: =IF(OR(F7=3,F7=4),9,IF(F7=5,13,0)) -> 0 | I7: =if(OR($F7=1, $F7=2),VLOOKUP($B7,Courts!$B$2:$J$50,5,false),0) -> 0 | J7: =if(OR($F7=1, $F7=2),VLOOKUP($B7,Courts!$B$2:$J$50,6,false),0) -> 0 | K7: =if(OR($F7=1, $F7=2),VLOOKUP($B7,Courts!$B$2:$J$50,7,false),0) -> 0 | L7: =H7+I7+J7+K7 -> 0 | M7: =if(OR($F7=1, $F7=2),VLOOKUP($B7,Courts!$B$2:$J$50,9,false),0) -> 0 | N7: =C7+L7 -> 355 | O7: =D7+M7 -> 36 | P7: X | Q7: X | R7: X | S7: =vlookup(B7,indirect("'" & AC$2 & "'!B5:W79"),18,false)++if(text(C$1,"mm/dd/yy")=$AC$2,0,if(H7>0,0,1)) -> 22 | T7: =if(H7=13,1,0)+vlookup(B7,indirect("'" & AC$2 & "'!B5:W79"),19,false) -> 0 | V7: =vlookup(B7,indirect("'" & AC$2 & "'!B5:W79"),21,false)+if(text(C$1,"mm/dd/yy")=$AC$2,0,if(H7=9,1,0)) -> 3 | W7: =vlookup(B7,indirect("'" & AC$2 & "'!B5:x79"),23,false)-X7 -> 0 | X7: =X6+1 -> 3 | Y7: =if(S7=D$2,"Y","N") -> N | Z7: =if($D$2=sum(S7:V7),"","Error")
A8: =A7+1 -> 4 | B8: Tom Le | C8: 336 | D8: 34 | E8: =if(S8>0,(C8-(V8*9)-(T8*13))/S8,0) -> 17.230769 | F8: =if(isna(VLOOKUP(B8,Checkin!A:B,2,false)),0,VLOOKUP(B8,Checkin!A:B,2,false)) -> 0 | G8: =if(OR($F8=1, $F8=2),VLOOKUP($B8,Courts!$B$2:$K$50,10,false),0) -> 0 | H8: =IF(OR(F8=3,F8=4),9,IF(F8=5,13,0)) -> 0 | I8: =if(OR($F8=1, $F8=2),VLOOKUP($B8,Courts!$B$2:$J$50,5,false),0) -> 0 | J8: =if(OR($F8=1, $F8=2),VLOOKUP($B8,Courts!$B$2:$J$50,6,false),0) -> 0 | K8: =if(OR($F8=1, $F8=2),VLOOKUP($B8,Courts!$B$2:$J$50,7,false),0) -> 0 | L8: =H8+I8+J8+K8 -> 0 | M8: =if(OR($F8=1, $F8=2),VLOOKUP($B8,Courts!$B$2:$J$50,9,false),0) -> 0 | N8: =C8+L8 -> 336 | O8: =D8+M8 -> 34 | P8: X | Q8: X | R8: X | S8: =vlookup(B8,indirect("'" & AC$2 & "'!B5:W79"),18,false)++if(text(C$1,"mm/dd/yy")=$AC$2,0,if(H8>0,0,1)) -> 13 | T8: =if(H8=13,1,0)+vlookup(B8,indirect("'" & AC$2 & "'!B5:W79"),19,false) -> 1 | V8: =vlookup(B8,indirect("'" & AC$2 & "'!B5:W79"),21,false)+if(text(C$1,"mm/dd/yy")=$AC$2,0,if(H8=9,1,0)) -> 11 | W8: =vlookup(B8,indirect("'" & AC$2 & "'!B5:x79"),23,false)-X8 -> 2 | X8: =X7+1 -> 4 | Y8: =if(S8=D$2,"Y","N") -> N | Z8: =if($D$2=sum(S8:V8),"","Error")
A9: =A8+1 -> 5 | B9: Suleman Alidina | C9: 334 | D9: 28 | E9: =if(S9>0,(C9-(V9*9)-(T9*13))/S9,0) -> 13.85 | F9: =if(isna(VLOOKUP(B9,Checkin!A:B,2,false)),0,VLOOKUP(B9,Checkin!A:B,2,false)) -> 0 | G9: =if(OR($F9=1, $F9=2),VLOOKUP($B9,Courts!$B$2:$K$50,10,false),0) -> 0 | H9: =IF(OR(F9=3,F9=4),9,IF(F9=5,13,0)) -> 0 | I9: =if(OR($F9=1, $F9=2),VLOOKUP($B9,Courts!$B$2:$J$50,5,false),0) -> 0 | J9: =if(OR($F9=1, $F9=2),VLOOKUP($B9,Courts!$B$2:$J$50,6,false),0) -> 0 | K9: =if(OR($F9=1, $F9=2),VLOOKUP($B9,Courts!$B$2:$J$50,7,false),0) -> 0 | L9: =H9+I9+J9+K9 -> 0 | M9: =if(OR($F9=1, $F9=2),VLOOKUP($B9,Courts!$B$2:$J$50,9,false),0) -> 0 | N9: =C9+L9 -> 334 | O9: =D9+M9 -> 28 | P9: X | Q9: X | R9: X | S9: =vlookup(B9,indirect("'" & AC$2 & "'!B5:W79"),18,false)++if(text(C$1,"mm/dd/yy")=$AC$2,0,if(H9>0,0,1)) -> 20 | T9: =if(H9=13,1,0)+vlookup(B9,indirect("'" & AC$2 & "'!B5:W79"),19,false) -> 3 | V9: =vlookup(B9,indirect("'" & AC$2 & "'!B5:W79"),21,false)+if(text(C$1,"mm/dd/yy")=$AC$2,0,if(H9=9,1,0)) -> 2 | W9: =vlookup(B9,indirect("'" & AC$2 & "'!B5:x79"),23,false)-X9 -> -1 | X9: =X8+1 -> 5 | Y9: =if(S9=D$2,"Y","N") -> N | Z9: =if($D$2=sum(S9:V9),"","Error")
A10: =A9+1 -> 6 | B10: Pavan Akkimsetty | C10: 330 | D10: 30 | E10: =if(S10>0,(C10-(V10*9)-(T10*13))/S10,0) -> 14.611111 | F10: =if(isna(VLOOKUP(B10,Checkin!A:B,2,false)),0,VLOOKUP(B10,Checkin!A:B,2,false)) -> 0 | G10: =if(OR($F10=1, $F10=2),VLOOKUP($B10,Courts!$B$2:$K$50,10,false),0) -> 0 | H10: =IF(OR(F10=3,F10=4),9,IF(F10=5,13,0)) -> 0 | I10: =if(OR($F10=1, $F10=2),VLOOKUP($B10,Courts!$B$2:$J$50,5,false),0) -> 0 | J10: =if(OR($F10=1, $F10=2),VLOOKUP($B10,Courts!$B$2:$J$50,6,false),0) -> 0 | K10: =if(OR($F10=1, $F10=2),VLOOKUP($B10,Courts!$B$2:$J$50,7,false),0) -> 0 | L10: =H10+I10+J10+K10 -> 0 | M10: =if(OR($F10=1, $F10=2),VLOOKUP($B10,Courts!$B$2:$J$50,9,false),0) -> 0 | N10: =C10+L10 -> 330 | O10: =D10+M10 -> 30 | P10: X | Q10: X | R10: X | S10: =vlookup(B10,indirect("'" & AC$2 & "'!B5:W79"),18,false)++if(text(C$1,"mm/dd/yy")=$AC$2,0,if(H10>0,0,1)) -> 18 | T10: =if(H10=13,1,0)+vlookup(B10,indirect("'" & AC$2 & "'!B5:W79"),19,false) -> 1 | V10: =vlookup(B10,indirect("'" & AC$2 & "'!B5:W79"),21,false)+if(text(C$1,"mm/dd/yy")=$AC$2,0,if(H10=9,1,0)) -> 6 | W10: =vlookup(B10,indirect("'" & AC$2 & "'!B5:x79"),23,false)-X10 -> -1 | X10: =X9+1 -> 6 | Y10: =if(S10=D$2,"Y","N") -> N | Z10: =if($D$2=sum(S10:V10),"","Error")
A11: =A10+1 -> 7 | B11: Darren Wong | C11: 326 | D11: 31 | E11: =if(S11>0,(C11-(V11*9)-(T11*13))/S11,0) -> 16.769231 | F11: =if(isna(VLOOKUP(B11,Checkin!A:B,2,false)),0,VLOOKUP(B11,Checkin!A:B,2,false)) -> 0 | G11: =if(OR($F11=1, $F11=2),VLOOKUP($B11,Courts!$B$2:$K$50,10,false),0) -> 0 | H11: =IF(OR(F11=3,F11=4),9,IF(F11=5,13,0)) -> 0 | I11: =if(OR($F11=1, $F11=2),VLOOKUP($B11,Courts!$B$2:$J$50,5,false),0) -> 0 | J11: =if(OR($F11=1, $F11=2),VLOOKUP($B11,Courts!$B$2:$J$50,6,false),0) -> 0 | K11: =if(OR($F11=1, $F11=2),VLOOKUP($B11,Courts!$B$2:$J$50,7,false),0) -> 0 | L11: =H11+I11+J11+K11 -> 0 | M11: =if(OR($F11=1, $F11=2),VLOOKUP($B11,Courts!$B$2:$J$50,9,false),0) -> 0 | N11: =C11+L11 -> 326 | O11: =D11+M11 -> 31 | P11: X | Q11: X | R11: X | S11: =vlookup(B11,indirect("'" & AC$2 & "'!B5:W79"),18,false)++if(text(C$1,"mm/dd/yy")=$AC$2,0,if(H11>0,0,1)) -> 13 | T11: =if(H11=13,1,0)+vlookup(B11,indirect("'" & AC$2 & "'!B5:W79"),19,false) -> 0 | V11: =vlookup(B11,indirect("'" & AC$2 & "'!B5:W79"),21,false)+if(text(C$1,"mm/dd/yy")=$AC$2,0,if(H11=9,1,0)) -> 12 | W11: =vlookup(B11,indirect("'" & AC$2 & "'!B5:x79"),23,false)-X11 -> 8 | X11: =X10+1 -> 7 | Y11: =if(S11=D$2,"Y","N") -> N | Z11: =if($D$2=sum(S11:V11),"","Error")
A12: =A11+1 -> 8 | B12: Matthew Huang | C12: 325 | D12: 30 | E12: =if(S12>0,(C12-(V12*9)-(T12*13))/S12,0) -> 15 | F12: =if(isna(VLOOKUP(B12,Checkin!A:B,2,false)),0,VLOOKUP(B12,Checkin!A:B,2,false)) -> 0 | G12: =if(OR($F12=1, $F12=2),VLOOKUP($B12,Courts!$B$2:$K$50,10,false),0) -> 0 | H12: =IF(OR(F12=3,F12=4),9,IF(F12=5,13,0)) -> 0 | I12: =if(OR($F12=1, $F12=2),VLOOKUP($B12,Courts!$B$2:$J$50,5,false),0) -> 0 | J12: =if(OR($F12=1, $F12=2),VLOOKUP($B12,Courts!$B$2:$J$50,6,false),0) -> 0 | K12: =if(OR($F12=1, $F12=2),VLOOKUP($B12,Courts!$B$2:$J$50,7,false),0) -> 0 | L12: =H12+I12+J12+K12 -> 0 | M12: =if(OR($F12=1, $F12=2),VLOOKUP($B12,Courts!$B$2:$J$50,9,false),0) -> 0 | N12: =C12+L12 -> 325 | O12: =D12+M12 -> 30 | P12: X | Q12: X | R12: X | S12: =vlookup(B12,indirect("'" & AC$2 & "'!B5:W79"),18,false)++if(text(C$1,"mm/dd/yy")=$AC$2,0,if(H12>0,0,1)) -> 16 | T12: =if(H12=13,1,0)+vlookup(B12,indirect("'" & AC$2 & "'!B5:W79"),19,false) -> 1 | V12: =vlookup(B12,indirect("'" & AC$2 & "'!B5:W79"),21,false)+if(text(C$1,"mm/dd/yy")=$AC$2,0,if(H12=9,1,0)) -> 8 | W12: =vlookup(B12,indirect("'" & AC$2 & "'!B5:x79"),23,false)-X12 -> 2 | X12: =X11+1 -> 8 | Y12: =if(S12=D$2,"Y","N") -> N | Z12: =if($D$2=sum(S12:V12),"","Error")
A13: =A12+1 -> 9 | B13: Ethan Gu | C13: 325 | D13: 25 | E13: =if(S13>0,(C13-(V13*9)-(T13*13))/S13,0) -> 14.263158 | F13: =if(isna(VLOOKUP(B13,Checkin!A:B,2,false)),0,VLOOKUP(B13,Checkin!A:B,2,false)) -> 0 | G13: =if(OR($F13=1, $F13=2),VLOOKUP($B13,Courts!$B$2:$K$50,10,false),0) -> 0 | H13: =IF(OR(F13=3,F13=4),9,IF(F13=5,13,0)) -> 0 | I13: =if(OR($F13=1, $F13=2),VLOOKUP($B13,Courts!$B$2:$J$50,5,false),0) -> 0 | J13: =if(OR($F13=1, $F13=2),VLOOKUP($B13,Courts!$B$2:$J$50,6,false),0) -> 0 | K13: =if(OR($F13=1, $F13=2),VLOOKUP($B13,Courts!$B$2:$J$50,7,false),0) -> 0 | L13: =H13+I13+J13+K13 -> 0 | M13: =if(OR($F13=1, $F13=2),VLOOKUP($B13,Courts!$B$2:$J$50,9,false),0) -> 0 | N13: =C13+L13 -> 325 | O13: =D13+M13 -> 25 | P13: X | Q13: X | R13: X | S13: =vlookup(B13,indirect("'" & AC$2 & "'!B5:W79"),18,false)++if(text(C$1,"mm/dd/yy")=$AC$2,0,if(H13>0,0,1)) -> 19 | T13: =if(H13=13,1,0)+vlookup(B13,indirect("'" & AC$2 & "'!B5:W79"),19,false) -> 0 | V13: =vlookup(B13,indirect("'" & AC$2 & "'!B5:W79"),21,false)+if(text(C$1,"mm/dd/yy")=$AC$2,0,if(H13=9,1,0)) -> 6 | W13: =vlookup(B13,indirect("'" & AC$2 & "'!B5:x79"),23,false)-X13 -> -1 | X13: =X12+1 -> 9 | Y13: =if(S13=D$2,"Y","N") -> N | Z13: =if($D$2=sum(S13:V13),"","Error")
A14: =A13+1 -> 10 | B14: Erik Hoeckmann | C14: 324 | D14: 29 | E14: =if(S14>0,(C14-(V14*9)-(T14*13))/S14,0) -> 13.75 | F14: =if(isna(VLOOKUP(B14,Checkin!A:B,2,false)),0,VLOOKUP(B14,Checkin!A:B,2,false)) -> 0 | G14: =if(OR($F14=1, $F14=2),VLOOKUP($B14,Courts!$B$2:$K$50,10,false),0) -> 0 | H14: =IF(OR(F14=3,F14=4),9,IF(F14=5,13,0)) -> 0 | I14: =if(OR($F14=1, $F14=2),VLOOKUP($B14,Courts!$B$2:$J$50,5,false),0) -> 0 | J14: =if(OR($F14=1, $F14=2),VLOOKUP($B14,Courts!$B$2:$J$50,6,false),0) -> 0 | K14: =if(OR($F14=1, $F14=2),VLOOKUP($B14,Courts!$B$2:$J$50,7,false),0) -> 0 | L14: =H14+I14+J14+K14 -> 0 | M14: =if(OR($F14=1, $F14=2),VLOOKUP($B14,Courts!$B$2:$J$50,9,false),0) -> 0 | N14: =C14+L14 -> 324 | O14: =D14+M14 -> 29 | P14: X | Q14: X | R14: X | S14: =vlookup(B14,indirect("'" & AC$2 & "'!B5:W79"),18,false)++if(text(C$1,"mm/dd/yy")=$AC$2,0,if(H14>0,0,1)) -> 20 | T14: =if(H14=13,1,0)+vlookup(B14,indirect("'" & AC$2 & "'!B5:W79"),19,false) -> 1 | V14: =vlookup(B14,indirect("'" & AC$2 & "'!B5:W79"),21,false)+if(text(C$1,"mm/dd/yy")=$AC$2,0,if(H14=9,1,0)) -> 4 | W14: =vlookup(B14,indirect("'" & AC$2 & "'!B5:x79"),23,false)-X14 -> -3 | X14: =X13+1 -> 10 | Y14: =if(S14=D$2,"Y","N") -> N | Z14: =if($D$2=sum(S14:V14),"","Error")
A15: =A14+1 -> 11 | B15: David Shin | C15: 323 | D15: 30 | E15: =if(S15>0,(C15-(V15*9)-(T15*13))/S15,0) -> 13.7 | F15: =if(isna(VLOOKUP(B15,Checkin!A:B,2,false)),0,VLOOKUP(B15,Checkin!A:B,2,false)) -> 0 | G15: =if(OR($F15=1, $F15=2),VLOOKUP($B15,Courts!$B$2:$K$50,10,false),0) -> 0 | H15: =IF(OR(F15=3,F15=4),9,IF(F15=5,13,0)) -> 0 | I15: =if(OR($F15=1, $F15=2),VLOOKUP($B15,Courts!$B$2:$J$50,5,false),0) -> 0 | J15: =if(OR($F15=1, $F15=2),VLOOKUP($B15,Courts!$B$2:$J$50,6,false),0) -> 0 | K15: =if(OR($F15=1, $F15=2),VLOOKUP($B15,Courts!$B$2:$J$50,7,false),0) -> 0 | L15: =H15+I15+J15+K15 -> 0 | M15: =if(OR($F15=1, $F15=2),VLOOKUP($B15,Courts!$B$2:$J$50,9,false),0) -> 0 | N15: =C15+L15 -> 323 | O15: =D15+M15 -> 30 | P15: X | Q15: X | R15: X | S15: =vlookup(B15,indirect("'" & AC$2 & "'!B5:W79"),18,false)++if(text(C$1,"mm/dd/yy")=$AC$2,0,if(H15>0,0,1)) -> 20 | T15: =if(H15=13,1,0)+vlookup(B15,indirect("'" & AC$2 & "'!B5:W79"),19,false) -> 1 | V15: =vlookup(B15,indirect("'" & AC$2 & "'!B5:W79"),21,false)+if(text(C$1,"mm/dd/yy")=$AC$2,0,if(H15=9,1,0)) -> 4 | W15: =vlookup(B15,indirect("'" & AC$2 & "'!B5:x79"),23,false)-X15 -> -2 | X15: =X14+1 -> 11 | Y15: =if(S15=D$2,"Y","N") -> N | Z15: =if($D$2=sum(S15:V15),"","Error")
A16: =A15+1 -> 12 | B16: Manish Anand | C16: 322 | D16: 29 | E16: =if(S16>0,(C16-(V16*9)-(T16*13))/S16,0) -> 14.388889 | F16: =if(isna(VLOOKUP(B16,Checkin!A:B,2,false)),0,VLOOKUP(B16,Checkin!A:B,2,false)) -> 0 | G16: =if(OR($F16=1, $F16=2),VLOOKUP($B16,Courts!$B$2:$K$50,10,false),0) -> 0 | H16: =IF(OR(F16=3,F16=4),9,IF(F16=5,13,0)) -> 0 | I16: =if(OR($F16=1, $F16=2),VLOOKUP($B16,Courts!$B$2:$J$50,5,false),0) -> 0 | J16: =if(OR($F16=1, $F16=2),VLOOKUP($B16,Courts!$B$2:$J$50,6,false),0) -> 0 | K16: =if(OR($F16=1, $F16=2),VLOOKUP($B16,Courts!$B$2:$J$50,7,false),0) -> 0 | L16: =H16+I16+J16+K16 -> 0 | M16: =if(OR($F16=1, $F16=2),VLOOKUP($B16,Courts!$B$2:$J$50,9,false),0) -> 0 | N16: =C16+L16 -> 322 | O16: =D16+M16 -> 29 | P16: X | Q16: X | R16: X | S16: =vlookup(B16,indirect("'" & AC$2 & "'!B5:W79"),18,false)++if(text(C$1,"mm/dd/yy")=$AC$2,0,if(H16>0,0,1)) -> 18 | T16: =if(H16=13,1,0)+vlookup(B16,indirect("'" & AC$2 & "'!B5:W79"),19,false) -> 0 | V16: =vlookup(B16,indirect("'" & AC$2 & "'!B5:W79"),21,false)+if(text(C$1,"mm/dd/yy")=$AC$2,0,if(H16=9,1,0)) -> 7 | W16: =vlookup(B16,indirect("'" & AC$2 & "'!B5:x79"),23,false)-X16 -> 0 | X16: =X15+1 -> 12 | Y16: =if(S16=D$2,"Y","N") -> N | Z16: =if($D$2=sum(S16:V16),"","Error")
A17: =A16+1 -> 13 | B17: Frank Moon | C17: 321 | D17: 35 | E17: =if(S17>0,(C17-(V17*9)-(T17*13))/S17,0) -> 13 | F17: =if(isna(VLOOKUP(B17,Checkin!A:B,2,false)),0,VLOOKUP(B17,Checkin!A:B,2,false)) -> 0 | G17: =if(OR($F17=1, $F17=2),VLOOKUP($B17,Courts!$B$2:$K$50,10,false),0) -> 0 | H17: =IF(OR(F17=3,F17=4),9,IF(F17=5,13,0)) -> 0 | I17: =if(OR($F17=1, $F17=2),VLOOKUP($B17,Courts!$B$2:$J$50,5,false),0) -> 0 | J17: =if(OR($F17=1, $F17=2),VLOOKUP($B17,Courts!$B$2:$J$50,6,false),0) -> 0 | K17: =if(OR($F17=1, $F17=2),VLOOKUP($B17,Courts!$B$2:$J$50,7,false),0) -> 0 | L17: =H17+I17+J17+K17 -> 0 | M17: =if(OR($F17=1, $F17=2),VLOOKUP($B17,Courts!$B$2:$J$50,9,false),0) -> 0 | N17: =C17+L17 -> 321 | O17: =D17+M17 -> 35 | P17: X | Q17: X | R17: X | S17: =vlookup(B17,indirect("'" & AC$2 & "'!B5:W79"),18,false)++if(text(C$1,"mm/dd/yy")=$AC$2,0,if(H17>0,0,1)) -> 24 | T17: =if(H17=13,1,0)+vlookup(B17,indirect("'" & AC$2 & "'!B5:W79"),19,false) -> 0 | V17: =vlookup(B17,indirect("'" & AC$2 & "'!B5:W79"),21,false)+if(text(C$1,"mm/dd/yy")=$AC$2,0,if(H17=9,1,0)) -> 1 | W17: =vlookup(B17,indirect("'" & AC$2 & "'!B5:x79"),23,false)-X17 -> -2 | X17: =X16+1 -> 13 | Y17: =if(S17=D$2,"Y","N") -> N | Z17: =if($D$2=sum(S17:V17),"","Error")
... A56: =A55+1 -> 52 | B56: Ramesh Bandaru | C56: 274 | D56: 18 | E56: =if(S56>0,(C56-(V56*9)-(T56*13))/S56,0) -> 13.454545 | F56: =if(isna(VLOOKUP(B56,Checkin!A:B,2,false)),0,VLOOKUP(B56,Checkin!A:B,2,false)) -> 0 | G56: =if(OR($F56=1, $F56=2),VLOOKUP($B56,Courts!$B$2:$K$50,10,false),0) -> 0 | H56: =IF(OR(F56=3,F56=4),9,IF(F56=5,13,0)) -> 0 | I56: =if(OR($F56=1, $F56=2),VLOOKUP($B56,Courts!$B$2:$J$50,5,false),0) -> 0 | J56: =if(OR($F56=1, $F56=2),VLOOKUP($B56,Courts!$B$2:$J$50,6,false),0) -> 0 | K56: =if(OR($F56=1, $F56=2),VLOOKUP($B56,Courts!$B$2:$J$50,7,false),0) -> 0 | L56: =H56+I56+J56+K56 -> 0 | M56: =if(OR($F56=1, $F56=2),VLOOKUP($B56,Courts!$B$2:$J$50,9,false),0) -> 0 | N56: =C56+L56 -> 274 | O56: =D56+M56 -> 18 | P56: X | Q56: X | R56: X | S56: =vlookup(B56,indirect("'" & AC$2 & "'!B5:W79"),18,false)++if(text(C$1,"mm/dd/yy")=$AC$2,0,if(H56>0,0,1)) -> 11 | T56: =if(H56=13,1,0)+vlookup(B56,indirect("'" & AC$2 & "'!B5:W79"),19,false) -> 0 | V56: =vlookup(B56,indirect("'" & AC$2 & "'!B5:W79"),21,false)+if(text(C$1,"mm/dd/yy")=$AC$2,0,if(H56=9,1,0)) -> 14 | W56: =vlookup(B56,indirect("'" & AC$2 & "'!B5:x79"),23,false)-X56 -> -1 | X56: =X55+1 -> 52 | Y56: =if(S56=D$2,"Y","N") -> N | Z56: =if($D$2=sum(S56:V56),"","Error")
A57: =A56+1 -> 53 | B57: Adrian Tay | C57: 269 | D57: 14 | E57: =if(S57>0,(C57-(V57*9)-(T57*13))/S57,0) -> 17.8 | F57: =if(isna(VLOOKUP(B57,Checkin!A:B,2,false)),0,VLOOKUP(B57,Checkin!A:B,2,false)) -> 0 | G57: =if(OR($F57=1, $F57=2),VLOOKUP($B57,Courts!$B$2:$K$50,10,false),0) -> 0 | H57: =IF(OR(F57=3,F57=4),9,IF(F57=5,13,0)) -> 0 | I57: =if(OR($F57=1, $F57=2),VLOOKUP($B57,Courts!$B$2:$J$50,5,false),0) -> 0 | J57: =if(OR($F57=1, $F57=2),VLOOKUP($B57,Courts!$B$2:$J$50,6,false),0) -> 0 | K57: =if(OR($F57=1, $F57=2),VLOOKUP($B57,Courts!$B$2:$J$50,7,false),0) -> 0 | L57: =H57+I57+J57+K57 -> 0 | M57: =if(OR($F57=1, $F57=2),VLOOKUP($B57,Courts!$B$2:$J$50,9,false),0) -> 0 | N57: =C57+L57 -> 269 | O57: =D57+M57 -> 14 | P57: X | Q57: X | S57: =vlookup(B57,indirect("'" & AC$2 & "'!B5:W79"),18,false)++if(text(C$1,"mm/dd/yy")=$AC$2,0,if(H57>0,0,1)) -> 5 | T57: =if(H57=13,1,0)+vlookup(B57,indirect("'" & AC$2 & "'!B5:W79"),19,false) -> 0 | V57: =vlookup(B57,indirect("'" & AC$2 & "'!B5:W79"),21,false)+if(text(C$1,"mm/dd/yy")=$AC$2,0,if(H57=9,1,0)) -> 20 | W57: =vlookup(B57,indirect("'" & AC$2 & "'!B5:x79"),23,false)-X57 -> 0 | X57: =X56+1 -> 53 | Y57: =if(S57=D$2,"Y","N") -> N | Z57: =if($D$2=sum(S57:V57),"","Error")
A58: =A57+1 -> 54 | B58: Andrew Wen | C58: 268 | D58: 12 | E58: =if(S58>0,(C58-(V58*9)-(T58*13))/S58,0) -> 14.833333 | F58: =if(isna(VLOOKUP(B58,Checkin!A:B,2,false)),0,VLOOKUP(B58,Checkin!A:B,2,false)) -> 0 | G58: =if(OR($F58=1, $F58=2),VLOOKUP($B58,Courts!$B$2:$K$50,10,false),0) -> 0 | H58: =IF(OR(F58=3,F58=4),9,IF(F58=5,13,0)) -> 0 | I58: =if(OR($F58=1, $F58=2),VLOOKUP($B58,Courts!$B$2:$J$50,5,false),0) -> 0 | J58: =if(OR($F58=1, $F58=2),VLOOKUP($B58,Courts!$B$2:$J$50,6,false),0) -> 0 | K58: =if(OR($F58=1, $F58=2),VLOOKUP($B58,Courts!$B$2:$J$50,7,false),0) -> 0 | L58: =H58+I58+J58+K58 -> 0 | M58: =if(OR($F58=1, $F58=2),VLOOKUP($B58,Courts!$B$2:$J$50,9,false),0) -> 0 | N58: =C58+L58 -> 268 | O58: =D58+M58 -> 12 | P58: X | Q58: X | R58: X | S58: =vlookup(B58,indirect("'" & AC$2 & "'!B5:W79"),18,false)++if(text(C$1,"mm/dd/yy")=$AC$2,0,if(H58>0,0,1)) -> 6 | T58: =if(H58=13,1,0)+vlookup(B58,indirect("'" & AC$2 & "'!B5:W79"),19,false) -> 2 | V58: =vlookup(B58,indirect("'" & AC$2 & "'!B5:W79"),21,false)+if(text(C$1,"mm/dd/yy")=$AC$2,0,if(H58=9,1,0)) -> 17 | W58: =vlookup(B58,indirect("'" & AC$2 & "'!B5:x79"),23,false)-X58 -> 1 | X58: =X57+1 -> 54 | Y58: =if(S58=D$2,"Y","N") -> N | Z58: =if($D$2=sum(S58:V58),"","Error")
A59: =A58+1 -> 55 | B59: Susanta Mishra | C59: 263 | D59: 12 | E59: =if(S59>0,(C59-(V59*9)-(T59*13))/S59,0) -> 18.5 | F59: =if(isna(VLOOKUP(B59,Checkin!A:B,2,false)),0,VLOOKUP(B59,Checkin!A:B,2,false)) -> 0 | G59: =if(OR($F59=1, $F59=2),VLOOKUP($B59,Courts!$B$2:$K$50,10,false),0) -> 0 | H59: =IF(OR(F59=3,F59=4),9,IF(F59=5,13,0)) -> 0 | I59: =if(OR($F59=1, $F59=2),VLOOKUP($B59,Courts!$B$2:$J$50,5,false),0) -> 0 | J59: =if(OR($F59=1, $F59=2),VLOOKUP($B59,Courts!$B$2:$J$50,6,false),0) -> 0 | K59: =if(OR($F59=1, $F59=2),VLOOKUP($B59,Courts!$B$2:$J$50,7,false),0) -> 0 | L59: =H59+I59+J59+K59 -> 0 | M59: =if(OR($F59=1, $F59=2),VLOOKUP($B59,Courts!$B$2:$J$50,9,false),0) -> 0 | N59: =C59+L59 -> 263 | O59: =D59+M59 -> 12 | P59: X | Q59: X | R59: X | S59: =vlookup(B59,indirect("'" & AC$2 & "'!B5:W79"),18,false)++if(text(C$1,"mm/dd/yy")=$AC$2,0,if(H59>0,0,1)) -> 4 | T59: =if(H59=13,1,0)+vlookup(B59,indirect("'" & AC$2 & "'!B5:W79"),19,false) -> 0 | V59: =vlookup(B59,indirect("'" & AC$2 & "'!B5:W79"),21,false)+if(text(C$1,"mm/dd/yy")=$AC$2,0,if(H59=9,1,0)) -> 21 | W59: =vlookup(B59,indirect("'" & AC$2 & "'!B5:x79"),23,false)-X59 -> -1 | X59: =X58+1 -> 55 | Y59: =if(S59=D$2,"Y","N") -> N | Z59: =if($D$2=sum(S59:V59),"","Error")
A60: =A59+1 -> 56 | B60: Troy Wong | C60: 257 | D60: 10 | E60: =if(S60>0,(C60-(V60*9)-(T60*13))/S60,0) -> 15.4 | F60: =if(isna(VLOOKUP(B60,Checkin!A:B,2,false)),0,VLOOKUP(B60,Checkin!A:B,2,false)) -> 0 | G60: =if(OR($F60=1, $F60=2),VLOOKUP($B60,Courts!$B$2:$K$50,10,false),0) -> 0 | H60: =IF(OR(F60=3,F60=4),9,IF(F60=5,13,0)) -> 0 | I60: =if(OR($F60=1, $F60=2),VLOOKUP($B60,Courts!$B$2:$J$50,5,false),0) -> 0 | J60: =if(OR($F60=1, $F60=2),VLOOKUP($B60,Courts!$B$2:$J$50,6,false),0) -> 0 | K60: =if(OR($F60=1, $F60=2),VLOOKUP($B60,Courts!$B$2:$J$50,7,false),0) -> 0 | L60: =H60+I60+J60+K60 -> 0 | M60: =if(OR($F60=1, $F60=2),VLOOKUP($B60,Courts!$B$2:$J$50,9,false),0) -> 0 | N60: =C60+L60 -> 257 | O60: =D60+M60 -> 10 | P60: X | Q60: X | R60: X | S60: =vlookup(B60,indirect("'" & AC$2 & "'!B5:W79"),18,false)++if(text(C$1,"mm/dd/yy")=$AC$2,0,if(H60>0,0,1)) -> 5 | T60: =if(H60=13,1,0)+vlookup(B60,indirect("'" & AC$2 & "'!B5:W79"),19,false) -> 0 | V60: =vlookup(B60,indirect("'" & AC$2 & "'!B5:W79"),21,false)+if(text(C$1,"mm/dd/yy")=$AC$2,0,if(H60=9,1,0)) -> 20 | W60: =vlookup(B60,indirect("'" & AC$2 & "'!B5:x79"),23,false)-X60 -> 0 | X60: =X59+1 -> 56 | Y60: =if(S60=D$2,"Y","N") -> N | Z60: =if($D$2=sum(S60:V60),"","Error")
A61: =A60+1 -> 57 | B61: Camille Jung | C61: 254 | D61: 12 | E61: =if(S61>0,(C61-(V61*9)-(T61*13))/S61,0) -> 10.3125 | F61: =if(isna(VLOOKUP(B61,Checkin!A:B,2,false)),0,VLOOKUP(B61,Checkin!A:B,2,false)) -> 0 | G61: =if(OR($F61=1, $F61=2),VLOOKUP($B61,Courts!$B$2:$K$50,10,false),0) -> 0 | H61: =IF(OR(F61=3,F61=4),9,IF(F61=5,13,0)) -> 0 | I61: =if(OR($F61=1, $F61=2),VLOOKUP($B61,Courts!$B$2:$J$50,5,false),0) -> 0 | J61: =if(OR($F61=1, $F61=2),VLOOKUP($B61,Courts!$B$2:$J$50,6,false),0) -> 0 | K61: =if(OR($F61=1, $F61=2),VLOOKUP($B61,Courts!$B$2:$J$50,7,false),0) -> 0 | L61: =H61+I61+J61+K61 -> 0 | M61: =if(OR($F61=1, $F61=2),VLOOKUP($B61,Courts!$B$2:$J$50,9,false),0) -> 0 | N61: =C61+L61 -> 254 | O61: =D61+M61 -> 12 | P61: X | Q61: X | R61: X | S61: =vlookup(B61,indirect("'" & AC$2 & "'!B5:W79"),18,false)++if(text(C$1,"mm/dd/yy")=$AC$2,0,if(H61>0,0,1)) -> 16 | T61: =if(H61=13,1,0)+vlookup(B61,indirect("'" & AC$2 & "'!B5:W79"),19,false) -> 2 | V61: =vlookup(B61,indirect("'" & AC$2 & "'!B5:W79"),21,false)+if(text(C$1,"mm/dd/yy")=$AC$2,0,if(H61=9,1,0)) -> 7 | W61: =vlookup(B61,indirect("'" & AC$2 & "'!B5:x79"),23,false)-X61 -> 1 | X61: =X60+1 -> 57 | Y61: =if(S61=D$2,"Y","N") -> N | Z61: =if($D$2=sum(S61:V61),"","Error")
A62: =A61+1 -> 58 | B62: Art Hui | C62: 254 | D62: 8 | E62: =if(S62>0,(C62-(V62*9)-(T62*13))/S62,0) -> 13.166667 | F62: =if(isna(VLOOKUP(B62,Checkin!A:B,2,false)),0,VLOOKUP(B62,Checkin!A:B,2,false)) -> 0 | G62: =if(OR($F62=1, $F62=2),VLOOKUP($B62,Courts!$B$2:$K$50,10,false),0) -> 0 | H62: =IF(OR(F62=3,F62=4),9,IF(F62=5,13,0)) -> 0 | I62: =if(OR($F62=1, $F62=2),VLOOKUP($B62,Courts!$B$2:$J$50,5,false),0) -> 0 | J62: =if(OR($F62=1, $F62=2),VLOOKUP($B62,Courts!$B$2:$J$50,6,false),0) -> 0 | K62: =if(OR($F62=1, $F62=2),VLOOKUP($B62,Courts!$B$2:$J$50,7,false),0) -> 0 | L62: =H62+I62+J62+K62 -> 0 | M62: =if(OR($F62=1, $F62=2),VLOOKUP($B62,Courts!$B$2:$J$50,9,false),0) -> 0 | N62: =C62+L62 -> 254 | O62: =D62+M62 -> 8 | P62: X | Q62: X | R62: X | S62: =vlookup(B62,indirect("'" & AC$2 & "'!B5:W79"),18,false)++if(text(C$1,"mm/dd/yy")=$AC$2,0,if(H62>0,0,1)) -> 6 | T62: =if(H62=13,1,0)+vlookup(B62,indirect("'" & AC$2 & "'!B5:W79"),19,false) -> 1 | V62: =vlookup(B62,indirect("'" & AC$2 & "'!B5:W79"),21,false)+if(text(C$1,"mm/dd/yy")=$AC$2,0,if(H62=9,1,0)) -> 18 | W62: =vlookup(B62,indirect("'" & AC$2 & "'!B5:x79"),23,false)-X62 -> -1 | X62: =X61+1 -> 58 | Y62: =if(S62=D$2,"Y","N") -> N | Z62: =if($D$2=sum(S62:V62),"","Error")
A63: =A62+1 -> 59 | B63: Ranjith Doraiswamy | C63: 251 | D63: 13 | E63: =if(S63>0,(C63-(V63*9)-(T63*13))/S63,0) -> 10.857143 | F63: =if(isna(VLOOKUP(B63,Checkin!A:B,2,false)),0,VLOOKUP(B63,Checkin!A:B,2,false)) -> 0 | G63: =if(OR($F63=1, $F63=2),VLOOKUP($B63,Courts!$B$2:$K$50,10,false),0) -> 0 | H63: =IF(OR(F63=3,F63=4),9,IF(F63=5,13,0)) -> 0 | I63: =if(OR($F63=1, $F63=2),VLOOKUP($B63,Courts!$B$2:$J$50,5,false),0) -> 0 | J63: =if(OR($F63=1, $F63=2),VLOOKUP($B63,Courts!$B$2:$J$50,6,false),0) -> 0 | K63: =if(OR($F63=1, $F63=2),VLOOKUP($B63,Courts!$B$2:$J$50,7,false),0) -> 0 | L63: =H63+I63+J63+K63 -> 0 | M63: =if(OR($F63=1, $F63=2),VLOOKUP($B63,Courts!$B$2:$J$50,9,false),0) -> 0 | N63: =C63+L63 -> 251 | O63: =D63+M63 -> 13 | P63: X | Q63: X | R63: X | S63: =vlookup(B63,indirect("'" & AC$2 & "'!B5:W79"),18,false)++if(text(C$1,"mm/dd/yy")=$AC$2,0,if(H63>0,0,1)) -> 14 | T63: =if(H63=13,1,0)+vlookup(B63,indirect("'" & AC$2 & "'!B5:W79"),19,false) -> 0 | V63: =vlookup(B63,indirect("'" & AC$2 & "'!B5:W79"),21,false)+if(text(C$1,"mm/dd/yy")=$AC$2,0,if(H63=9,1,0)) -> 11 | W63: =vlookup(B63,indirect("'" & AC$2 & "'!B5:x79"),23,false)-X63 -> 4 | X63: =X62+1 -> 59 | Y63: =if(S63=D$2,"Y","N") -> N | Z63: =if($D$2=sum(S63:V63),"","Error")
A64: =A63+1 -> 60 | B64: Vicki Martinet | C64: 250 | D64: 10 | E64: =if(S64>0,(C64-(V64*9)-(T64*13))/S64,0) -> 13.166667 | F64: =if(isna(VLOOKUP(B64,Checkin!A:B,2,false)),0,VLOOKUP(B64,Checkin!A:B,2,false)) -> 0 | G64: =if(OR($F64=1, $F64=2),VLOOKUP($B64,Courts!$B$2:$K$50,10,false),0) -> 0 | H64: =IF(OR(F64=3,F64=4),9,IF(F64=5,13,0)) -> 0 | I64: =if(OR($F64=1, $F64=2),VLOOKUP($B64,Courts!$B$2:$J$50,5,false),0) -> 0 | J64: =if(OR($F64=1, $F64=2),VLOOKUP($B64,Courts!$B$2:$J$50,6,false),0) -> 0 | K64: =if(OR($F64=1, $F64=2),VLOOKUP($B64,Courts!$B$2:$J$50,7,false),0) -> 0 | L64: =H64+I64+J64+K64 -> 0 | M64: =if(OR($F64=1, $F64=2),VLOOKUP($B64,Courts!$B$2:$J$50,9,false),0) -> 0 | N64: =C64+L64 -> 250 | O64: =D64+M64 -> 10 | P64: X | Q64: X | R64: X | S64: =vlookup(B64,indirect("'" & AC$2 & "'!B5:W79"),18,false)++if(text(C$1,"mm/dd/yy")=$AC$2,0,if(H64>0,0,1)) -> 6 | T64: =if(H64=13,1,0)+vlookup(B64,indirect("'" & AC$2 & "'!B5:W79"),19,false) -> 0 | V64: =vlookup(B64,indirect("'" & AC$2 & "'!B5:W79"),21,false)+if(text(C$1,"mm/dd/yy")=$AC$2,0,if(H64=9,1,0)) -> 19 | W64: =vlookup(B64,indirect("'" & AC$2 & "'!B5:x79"),23,false)-X64 -> -1 | X64: =X63+1 -> 60 | Y64: =if(S64=D$2,"Y","N") -> N | Z64: =if($D$2=sum(S64:V64),"","Error")
A65: =A64+1 -> 61 | B65: Jonathan Phan | C65: 245 | D65: 6 | E65: =if(S65>0,(C65-(V65*9)-(T65*13))/S65,0) -> 14.333333 | F65: =if(isna(VLOOKUP(B65,Checkin!A:B,2,false)),0,VLOOKUP(B65,Checkin!A:B,2,false)) -> 0 | G65: =if(OR($F65=1, $F65=2),VLOOKUP($B65,Courts!$B$2:$K$50,10,false),0) -> 0 | H65: =IF(OR(F65=3,F65=4),9,IF(F65=5,13,0)) -> 0 | I65: =if(OR($F65=1, $F65=2),VLOOKUP($B65,Courts!$B$2:$J$50,5,false),0) -> 0 | J65: =if(OR($F65=1, $F65=2),VLOOKUP($B65,Courts!$B$2:$J$50,6,false),0) -> 0 | K65: =if(OR($F65=1, $F65=2),VLOOKUP($B65,Courts!$B$2:$J$50,7,false),0) -> 0 | L65: =H65+I65+J65+K65 -> 0 | M65: =if(OR($F65=1, $F65=2),VLOOKUP($B65,Courts!$B$2:$J$50,9,false),0) -> 0 | N65: =C65+L65 -> 245 | O65: =D65+M65 -> 6 | P65: X | Q65: X | R65: X | S65: =vlookup(B65,indirect("'" & AC$2 & "'!B5:W79"),18,false)++if(text(C$1,"mm/dd/yy")=$AC$2,0,if(H65>0,0,1)) -> 3 | T65: =if(H65=13,1,0)+vlookup(B65,indirect("'" & AC$2 & "'!B5:W79"),19,false) -> 1 | V65: =vlookup(B65,indirect("'" & AC$2 & "'!B5:W79"),21,false)+if(text(C$1,"mm/dd/yy")=$AC$2,0,if(H65=9,1,0)) -> 21 | W65: =vlookup(B65,indirect("'" & AC$2 & "'!B5:x79"),23,false)-X65 -> -1 | X65: =X64+1 -> 61 | Y65: =if(S65=D$2,"Y","N") -> N | Z65: =if($D$2=sum(S65:V65),"","Error")
A66: =A65+1 -> 62 | B66: Joyce Zhu | C66: 245 | D66: 6 | E66: =if(S66>0,(C66-(V66*9)-(T66*13))/S66,0) -> 11.222222 | F66: =if(isna(VLOOKUP(B66,Checkin!A:B,2,false)),0,VLOOKUP(B66,Checkin!A:B,2,false)) -> 0 | G66: =if(OR($F66=1, $F66=2),VLOOKUP($B66,Courts!$B$2:$K$50,10,false),0) -> 0 | H66: =IF(OR(F66=3,F66=4),9,IF(F66=5,13,0)) -> 0 | I66: =if(OR($F66=1, $F66=2),VLOOKUP($B66,Courts!$B$2:$J$50,5,false),0) -> 0 | J66: =if(OR($F66=1, $F66=2),VLOOKUP($B66,Courts!$B$2:$J$50,6,false),0) -> 0 | K66: =if(OR($F66=1, $F66=2),VLOOKUP($B66,Courts!$B$2:$J$50,7,false),0) -> 0 | L66: =H66+I66+J66+K66 -> 0 | M66: =if(OR($F66=1, $F66=2),VLOOKUP($B66,Courts!$B$2:$J$50,9,false),0) -> 0 | N66: =C66+L66 -> 245 | O66: =D66+M66 -> 6 | P66: X | Q66: X | R66: X | S66: =vlookup(B66,indirect("'" & AC$2 & "'!B5:W79"),18,false)++if(text(C$1,"mm/dd/yy")=$AC$2,0,if(H66>0,0,1)) -> 9 | T66: =if(H66=13,1,0)+vlookup(B66,indirect("'" & AC$2 & "'!B5:W79"),19,false) -> 0 | V66: =vlookup(B66,indirect("'" & AC$2 & "'!B5:W79"),21,false)+if(text(C$1,"mm/dd/yy")=$AC$2,0,if(H66=9,1,0)) -> 16 | W66: =vlookup(B66,indirect("'" & AC$2 & "'!B5:x79"),23,false)-X66 -> -1 | X66: =X65+1 -> 62 | Y66: =if(S66=D$2,"Y","N") -> N | Z66: =if($D$2=sum(S66:V66),"","Error")
A67: =A66+1 -> 63 | B67: Santosh Sundaresan | C67: 244 | D67: 4 | E67: =if(S67>0,(C67-(V67*9)-(T67*13))/S67,0) -> 14.5 | F67: =if(isna(VLOOKUP(B67,Checkin!A:B,2,false)),0,VLOOKUP(B67,Checkin!A:B,2,false)) -> 0 | G67: =if(OR($F67=1, $F67=2),VLOOKUP($B67,Courts!$B$2:$K$50,10,false),0) -> 0 | H67: =IF(OR(F67=3,F67=4),9,IF(F67=5,13,0)) -> 0 | I67: =if(OR($F67=1, $F67=2),VLOOKUP($B67,Courts!$B$2:$J$50,5,false),0) -> 0 | J67: =if(OR($F67=1, $F67=2),VLOOKUP($B67,Courts!$B$2:$J$50,6,false),0) -> 0 | K67: =if(OR($F67=1, $F67=2),VLOOKUP($B67,Courts!$B$2:$J$50,7,false),0) -> 0 | L67: =H67+I67+J67+K67 -> 0 | M67: =if(OR($F67=1, $F67=2),VLOOKUP($B67,Courts!$B$2:$J$50,9,false),0) -> 0 | N67: =C67+L67 -> 244 | O67: =D67+M67 -> 4 | P67: X | Q67: X | R67: X | S67: =vlookup(B67,indirect("'" & AC$2 & "'!B5:W79"),18,false)++if(text(C$1,"mm/dd/yy")=$AC$2,0,if(H67>0,0,1)) -> 2 | T67: =if(H67=13,1,0)+vlookup(B67,indirect("'" & AC$2 & "'!B5:W79"),19,false) -> 2 | V67: =vlookup(B67,indirect("'" & AC$2 & "'!B5:W79"),21,false)+if(text(C$1,"mm/dd/yy")=$AC$2,0,if(H67=9,1,0)) -> 21 | W67: =vlookup(B67,indirect("'" & AC$2 & "'!B5:x79"),23,false)-X67 -> 3 | X67: =X66+1 -> 63 | Y67: =if(S67=D$2,"Y","N") -> N | Z67: =if($D$2=sum(S67:V67),"","Error")
A68: =A67+1 -> 64 | B68: Saravanan Veerapandian | C68: 243 | D68: 8 | E68: =if(S68>0,(C68-(V68*9)-(T68*13))/S68,0) -> 11.25 | F68: =if(isna(VLOOKUP(B68,Checkin!A:B,2,false)),0,VLOOKUP(B68,Checkin!A:B,2,false)) -> 0 | G68: =if(OR($F68=1, $F68=2),VLOOKUP($B68,Courts!$B$2:$K$50,10,false),0) -> 0 | H68: =IF(OR(F68=3,F68=4),9,IF(F68=5,13,0)) -> 0 | I68: =if(OR($F68=1, $F68=2),VLOOKUP($B68,Courts!$B$2:$J$50,5,false),0) -> 0 | J68: =if(OR($F68=1, $F68=2),VLOOKUP($B68,Courts!$B$2:$J$50,6,false),0) -> 0 | K68: =if(OR($F68=1, $F68=2),VLOOKUP($B68,Courts!$B$2:$J$50,7,false),0) -> 0 | L68: =H68+I68+J68+K68 -> 0 | M68: =if(OR($F68=1, $F68=2),VLOOKUP($B68,Courts!$B$2:$J$50,9,false),0) -> 0 | N68: =C68+L68 -> 243 | O68: =D68+M68 -> 8 | P68: X | Q68: X | R68: X | S68: =vlookup(B68,indirect("'" & AC$2 & "'!B5:W79"),18,false)++if(text(C$1,"mm/dd/yy")=$AC$2,0,if(H68>0,0,1)) -> 8 | T68: =if(H68=13,1,0)+vlookup(B68,indirect("'" & AC$2 & "'!B5:W79"),19,false) -> 0 | V68: =vlookup(B68,indirect("'" & AC$2 & "'!B5:W79"),21,false)+if(text(C$1,"mm/dd/yy")=$AC$2,0,if(H68=9,1,0)) -> 17 | W68: =vlookup(B68,indirect("'" & AC$2 & "'!B5:x79"),23,false)-X68 -> 3 | X68: =X67+1 -> 64 | Y68: =if(S68=D$2,"Y","N") -> N | Z68: =if($D$2=sum(S68:V68),"","Error")
A69: =A68+1 -> 65 | B69: Sandy Weyant | C69: 242 | D69: 12 | E69: =if(S69>0,(C69-(V69*9)-(T69*13))/S69,0) -> 10.888889 | F69: =if(isna(VLOOKUP(B69,Checkin!A:B,2,false)),0,VLOOKUP(B69,Checkin!A:B,2,false)) -> 0 | G69: =if(OR($F69=1, $F69=2),VLOOKUP($B69,Courts!$B$2:$K$50,10,false),0) -> 0 | H69: =IF(OR(F69=3,F69=4),9,IF(F69=5,13,0)) -> 0 | I69: =if(OR($F69=1, $F69=2),VLOOKUP($B69,Courts!$B$2:$J$50,5,false),0) -> 0 | J69: =if(OR($F69=1, $F69=2),VLOOKUP($B69,Courts!$B$2:$J$50,6,false),0) -> 0 | K69: =if(OR($F69=1, $F69=2),VLOOKUP($B69,Courts!$B$2:$J$50,7,false),0) -> 0 | L69: =H69+I69+J69+K69 -> 0 | M69: =if(OR($F69=1, $F69=2),VLOOKUP($B69,Courts!$B$2:$J$50,9,false),0) -> 0 | N69: =C69+L69 -> 242 | O69: =D69+M69 -> 12 | P69: X | Q69: X | R69: N | S69: =vlookup(B69,indirect("'" & AC$2 & "'!B5:W79"),18,false)++if(text(C$1,"mm/dd/yy")=$AC$2,0,if(H69>0,0,1)) -> 9 | T69: =if(H69=13,1,0)+vlookup(B69,indirect("'" & AC$2 & "'!B5:W79"),19,false) -> 0 | V69: =vlookup(B69,indirect("'" & AC$2 & "'!B5:W79"),21,false)+if(text(C$1,"mm/dd/yy")=$AC$2,0,if(H69=9,1,0)) -> 16 | W69: =vlookup(B69,indirect("'" & AC$2 & "'!B5:x79"),23,false)-X69 -> -3 | X69: =X68+1 -> 65 | Y69: =if(S69=D$2,"Y","N") -> N | Z69: =if($D$2=sum(S69:V69),"","Error")
... A74: =A73+1 -> 70 | B74: Balaji Alahari | C74: 235 | D74: 2 | E74: =if(S74>0,(C74-(V74*9)-(T74*13))/S74,0) -> 15 | F74: =if(isna(VLOOKUP(B74,Checkin!A:B,2,false)),0,VLOOKUP(B74,Checkin!A:B,2,false)) -> 0 | G74: =if(OR($F74=1, $F74=2),VLOOKUP($B74,Courts!$B$2:$K$50,10,false),0) -> 0 | H74: =IF(OR(F74=3,F74=4),9,IF(F74=5,13,0)) -> 0 | I74: =if(OR($F74=1, $F74=2),VLOOKUP($B74,Courts!$B$2:$J$50,5,false),0) -> 0 | J74: =if(OR($F74=1, $F74=2),VLOOKUP($B74,Courts!$B$2:$J$50,6,false),0) -> 0 | K74: =if(OR($F74=1, $F74=2),VLOOKUP($B74,Courts!$B$2:$J$50,7,false),0) -> 0 | L74: =H74+I74+J74+K74 -> 0 | M74: =if(OR($F74=1, $F74=2),VLOOKUP($B74,Courts!$B$2:$J$50,9,false),0) -> 0 | N74: =C74+L74 -> 235 | O74: =D74+M74 -> 2 | P74: X | Q74: X | R74: N | S74: =vlookup(B74,indirect("'" & AC$2 & "'!B5:W79"),18,false)++if(text(C$1,"mm/dd/yy")=$AC$2,0,if(H74>0,0,1)) -> 1 | T74: =if(H74=13,1,0)+vlookup(B74,indirect("'" & AC$2 & "'!B5:W79"),19,false) -> 1 | V74: =vlookup(B74,indirect("'" & AC$2 & "'!B5:W79"),21,false)+if(text(C$1,"mm/dd/yy")=$AC$2,0,if(H74=9,1,0)) -> 23 | W74: =vlookup(B74,indirect("'" & AC$2 & "'!B5:x79"),23,false)-X74 -> 0 | X74: =X73+1 -> 70 | Y74: =if(S74=D$2,"Y","N") -> N | Z74: =if($D$2=sum(S74:V74),"","Error")
A75: =A74+1 -> 71 | B75: Robert Chang | C75: 231 | D75: 1 | E75: =if(S75>0,(C75-(V75*9)-(T75*13))/S75,0) -> 15 | F75: =if(isna(VLOOKUP(B75,Checkin!A:B,2,false)),0,VLOOKUP(B75,Checkin!A:B,2,false)) -> 0 | G75: =if(OR($F75=1, $F75=2),VLOOKUP($B75,Courts!$B$2:$K$50,10,false),0) -> 0 | H75: =IF(OR(F75=3,F75=4),9,IF(F75=5,13,0)) -> 0 | I75: =if(OR($F75=1, $F75=2),VLOOKUP($B75,Courts!$B$2:$J$50,5,false),0) -> 0 | J75: =if(OR($F75=1, $F75=2),VLOOKUP($B75,Courts!$B$2:$J$50,6,false),0) -> 0 | K75: =if(OR($F75=1, $F75=2),VLOOKUP($B75,Courts!$B$2:$J$50,7,false),0) -> 0 | L75: =H75+I75+J75+K75 -> 0 | M75: =if(OR($F75=1, $F75=2),VLOOKUP($B75,Courts!$B$2:$J$50,9,false),0) -> 0 | N75: =C75+L75 -> 231 | O75: =D75+M75 -> 1 | P75: X | Q75: X | S75: =vlookup(B75,indirect("'" & AC$2 & "'!B5:W79"),18,false)++if(text(C$1,"mm/dd/yy")=$AC$2,0,if(H75>0,0,1)) -> 1 | T75: =if(H75=13,1,0)+vlookup(B75,indirect("'" & AC$2 & "'!B5:W79"),19,false) -> 0 | V75: =vlookup(B75,indirect("'" & AC$2 & "'!B5:W79"),21,false)+if(text(C$1,"mm/dd/yy")=$AC$2,0,if(H75=9,1,0)) -> 24 | W75: =vlookup(B75,indirect("'" & AC$2 & "'!B5:x79"),23,false)-X75 -> 0 | X75: =X74+1 -> 71 | Y75: =if(S75=D$2,"Y","N") -> N | Z75: =if($D$2=sum(S75:V75),"","Error")
A76: =A75+1 -> 72 | B76: Rajesh Dorairaj | C76: 230 | D76: 1 | E76: =if(S76>0,(C76-(V76*9)-(T76*13))/S76,0) -> 14 | F76: =if(isna(VLOOKUP(B76,Checkin!A:B,2,false)),0,VLOOKUP(B76,Checkin!A:B,2,false)) -> 0 | G76: =if(OR($F76=1, $F76=2),VLOOKUP($B76,Courts!$B$2:$K$50,10,false),0) -> 0 | H76: =IF(OR(F76=3,F76=4),9,IF(F76=5,13,0)) -> 0 | I76: =if(OR($F76=1, $F76=2),VLOOKUP($B76,Courts!$B$2:$J$50,5,false),0) -> 0 | J76: =if(OR($F76=1, $F76=2),VLOOKUP($B76,Courts!$B$2:$J$50,6,false),0) -> 0 | K76: =if(OR($F76=1, $F76=2),VLOOKUP($B76,Courts!$B$2:$J$50,7,false),0) -> 0 | L76: =H76+I76+J76+K76 -> 0 | M76: =if(OR($F76=1, $F76=2),VLOOKUP($B76,Courts!$B$2:$J$50,9,false),0) -> 0 | N76: =C76+L76 -> 230 | O76: =D76+M76 -> 1 | P76: X | Q76: X | R76: X | S76: =vlookup(B76,indirect("'" & AC$2 & "'!B5:W79"),18,false)++if(text(C$1,"mm/dd/yy")=$AC$2,0,if(H76>0,0,1)) -> 1 | T76: =if(H76=13,1,0)+vlookup(B76,indirect("'" & AC$2 & "'!B5:W79"),19,false) -> 0 | V76: =vlookup(B76,indirect("'" & AC$2 & "'!B5:W79"),21,false)+if(text(C$1,"mm/dd/yy")=$AC$2,0,if(H76=9,1,0)) -> 24 | W76: =vlookup(B76,indirect("'" & AC$2 & "'!B5:x79"),23,false)-X76 -> 0 | X76: =X75+1 -> 72 | Y76: =if(S76=D$2,"Y","N") -> N | Z76: =if($D$2=sum(S76:V76),"","Error")
A77: =A76+1 -> 73 | B77: Hubert J Sung | C77: 227 | D77: 1 | E77: =if(S77>0,(C77-(V77*9)-(T77*13))/S77,0) -> 11 | F77: =if(isna(VLOOKUP(B77,Checkin!A:B,2,false)),0,VLOOKUP(B77,Checkin!A:B,2,false)) -> 0 | G77: =if(OR($F77=1, $F77=2),VLOOKUP($B77,Courts!$B$2:$K$50,10,false),0) -> 0 | H77: =IF(OR(F77=3,F77=4),9,IF(F77=5,13,0)) -> 0 | I77: =if(OR($F77=1, $F77=2),VLOOKUP($B77,Courts!$B$2:$J$50,5,false),0) -> 0 | J77: =if(OR($F77=1, $F77=2),VLOOKUP($B77,Courts!$B$2:$J$50,6,false),0) -> 0 | K77: =if(OR($F77=1, $F77=2),VLOOKUP($B77,Courts!$B$2:$J$50,7,false),0) -> 0 | L77: =H77+I77+J77+K77 -> 0 | M77: =if(OR($F77=1, $F77=2),VLOOKUP($B77,Courts!$B$2:$J$50,9,false),0) -> 0 | N77: =C77+L77 -> 227 | O77: =D77+M77 -> 1 | P77: X | Q77: X | R77: N | S77: =vlookup(B77,indirect("'" & AC$2 & "'!B5:W79"),18,false)++if(text(C$1,"mm/dd/yy")=$AC$2,0,if(H77>0,0,1)) -> 1 | T77: =if(H77=13,1,0)+vlookup(B77,indirect("'" & AC$2 & "'!B5:W79"),19,false) -> 0 | V77: =vlookup(B77,indirect("'" & AC$2 & "'!B5:W79"),21,false)+if(text(C$1,"mm/dd/yy")=$AC$2,0,if(H77=9,1,0)) -> 24 | W77: =vlookup(B77,indirect("'" & AC$2 & "'!B5:x79"),23,false)-X77 -> 0 | X77: =X76+1 -> 73 | Y77: =if(S77=D$2,"Y","N") -> N | Z77: =if($D$2=sum(S77:V77),"","Error")
A78: =A77+1 -> 74 | B78: Barathi Sundaram | C78: 225 | D78: 0 | E78: =if(S78>0,(C78-(V78*9)-(T78*13))/S78,0) -> 9 | F78: =if(isna(VLOOKUP(B78,Checkin!A:B,2,false)),0,VLOOKUP(B78,Checkin!A:B,2,false)) -> 0 | G78: =if(OR($F78=1, $F78=2),VLOOKUP($B78,Courts!$B$2:$K$50,10,false),0) -> 0 | H78: =IF(OR(F78=3,F78=4),9,IF(F78=5,13,0)) -> 0 | I78: =if(OR($F78=1, $F78=2),VLOOKUP($B78,Courts!$B$2:$J$50,5,false),0) -> 0 | J78: =if(OR($F78=1, $F78=2),VLOOKUP($B78,Courts!$B$2:$J$50,6,false),0) -> 0 | K78: =if(OR($F78=1, $F78=2),VLOOKUP($B78,Courts!$B$2:$J$50,7,false),0) -> 0 | L78: =H78+I78+J78+K78 -> 0 | M78: =if(OR($F78=1, $F78=2),VLOOKUP($B78,Courts!$B$2:$J$50,9,false),0) -> 0 | N78: =C78+L78 -> 225 | O78: =D78+M78 -> 0 | P78: X | Q78: X | R78: N | S78: =vlookup(B78,indirect("'" & AC$2 & "'!B5:W79"),18,false)++if(text(C$1,"mm/dd/yy")=$AC$2,0,if(H78>0,0,1)) -> 1 | T78: =if(H78=13,1,0)+vlookup(B78,indirect("'" & AC$2 & "'!B5:W79"),19,false) -> 0 | V78: =vlookup(B78,indirect("'" & AC$2 & "'!B5:W79"),21,false)+if(text(C$1,"mm/dd/yy")=$AC$2,0,if(H78=9,1,0)) -> 24 | W78: =vlookup(B78,indirect("'" & AC$2 & "'!B5:x79"),23,false)-X78 -> 0 | X78: =X77+1 -> 74 | Y78: =if(S78=D$2,"Y","N") -> N | Z78: =if($D$2=sum(S78:V78),"","Error")
A79: =A78+1 -> 75 | B79: Leigh-Anh Nguyen | C79: 225 | D79: 0 | E79: =if(S79>0,(C79-(V79*9)-(T79*13))/S79,0) -> 0 | F79: =if(isna(VLOOKUP(B79,Checkin!A:B,2,false)),0,VLOOKUP(B79,Checkin!A:B,2,false)) -> 0 | G79: =if(OR($F79=1, $F79=2),VLOOKUP($B79,Courts!$B$2:$K$50,10,false),0) -> 0 | H79: =IF(OR(F79=3,F79=4),9,IF(F79=5,13,0)) -> 0 | I79: =if(OR($F79=1, $F79=2),VLOOKUP($B79,Courts!$B$2:$J$50,5,false),0) -> 0 | J79: =if(OR($F79=1, $F79=2),VLOOKUP($B79,Courts!$B$2:$J$50,6,false),0) -> 0 | K79: =if(OR($F79=1, $F79=2),VLOOKUP($B79,Courts!$B$2:$J$50,7,false),0) -> 0 | L79: =H79+I79+J79+K79 -> 0 | M79: =if(OR($F79=1, $F79=2),VLOOKUP($B79,Courts!$B$2:$J$50,9,false),0) -> 0 | N79: =C79+L79 -> 225 | O79: =D79+M79 -> 0 | P79: X | Q79: X | R79: N | S79: =vlookup(B79,indirect("'" & AC$2 & "'!B5:W79"),18,false)++if(text(C$1,"mm/dd/yy")=$AC$2,0,if(H79>0,0,1)) -> 0 | T79: =if(H79=13,1,0)+vlookup(B79,indirect("'" & AC$2 & "'!B5:W79"),19,false) -> 0 | V79: =vlookup(B79,indirect("'" & AC$2 & "'!B5:W79"),21,false)+if(text(C$1,"mm/dd/yy")=$AC$2,0,if(H79=9,1,0)) -> 25 | W79: =vlookup(B79,indirect("'" & AC$2 & "'!B5:x79"),23,false)-X79 -> 0 | X79: =X78+1 -> 75 | Y79: =if(S79=D$2,"Y","N") -> N | Z79: =if($D$2=sum(S79:V79),"","Error")
P83: Membership Renewals
P84: Renewed | R84: =countif(R5:R79,"X") -> 65 | S84: =R84/R87 -> 0.86666667
B85: For Publishing in the WhatsApp Group for the score updates on saturday | P85: Not Renewing | R85: =countif(R5:R79,"N") -> 8
P86: To Renew | R86: =countif(R5:R79,"") -> 2
P87: Total | R87: =sum(R84:R86) -> 75
B88: =concatenate("Top Scores : " &AC2) -> Top Scores : 06/27/26
B90: Name of Player | C90: Games | D90: Sets | E90: Court #
B91: =IFERROR(__xludf.DUMMYFUNCTION("QUERY(indirect(AC2 & ""!B5:M79""),""Select B, L, M, G where L >= 18 order by L desc,M desc"",0)"),"Darren Wong") -> Darren Wong | C91: =IFERROR(__xludf.DUMMYFUNCTION("""COMPUTED_VALUE"""),19.0) -> 19 | D91: =IFERROR(__xludf.DUMMYFUNCTION("""COMPUTED_VALUE"""),3.0) -> 3 | E91: =IFERROR(__xludf.DUMMYFUNCTION("""COMPUTED_VALUE"""),3.0) -> 3
B92: =IFERROR(__xludf.DUMMYFUNCTION("""COMPUTED_VALUE"""),"Eric Tan") -> Eric Tan | C92: =IFERROR(__xludf.DUMMYFUNCTION("""COMPUTED_VALUE"""),19.0) -> 19 | D92: =IFERROR(__xludf.DUMMYFUNCTION("""COMPUTED_VALUE"""),2.0) -> 2 | E92: =IFERROR(__xludf.DUMMYFUNCTION("""COMPUTED_VALUE"""),8.0) -> 8
B93: =IFERROR(__xludf.DUMMYFUNCTION("""COMPUTED_VALUE"""),"Tom Le") -> Tom Le | C93: =IFERROR(__xludf.DUMMYFUNCTION("""COMPUTED_VALUE"""),18.0) -> 18 | D93: =IFERROR(__xludf.DUMMYFUNCTION("""COMPUTED_VALUE"""),3.0) -> 3 | E93: =IFERROR(__xludf.DUMMYFUNCTION("""COMPUTED_VALUE"""),2.0) -> 2
B94: =IFERROR(__xludf.DUMMYFUNCTION("""COMPUTED_VALUE"""),"Jaya Sogata") -> Jaya Sogata | C94: =IFERROR(__xludf.DUMMYFUNCTION("""COMPUTED_VALUE"""),18.0) -> 18 | D94: =IFERROR(__xludf.DUMMYFUNCTION("""COMPUTED_VALUE"""),3.0) -> 3 | E94: =IFERROR(__xludf.DUMMYFUNCTION("""COMPUTED_VALUE"""),4.0) -> 4
B95: =IFERROR(__xludf.DUMMYFUNCTION("""COMPUTED_VALUE"""),"Rajasekar Ramasamy") -> Rajasekar Ramasamy | C95: =IFERROR(__xludf.DUMMYFUNCTION("""COMPUTED_VALUE"""),18.0) -> 18 | D95: =IFERROR(__xludf.DUMMYFUNCTION("""COMPUTED_VALUE"""),3.0) -> 3 | E95: =IFERROR(__xludf.DUMMYFUNCTION("""COMPUTED_VALUE"""),5.0) -> 5
B96: =IFERROR(__xludf.DUMMYFUNCTION("""COMPUTED_VALUE"""),"Vinotkumar Nagappan") -> Vinotkumar Nagappan | C96: =IFERROR(__xludf.DUMMYFUNCTION("""COMPUTED_VALUE"""),18.0) -> 18 | D96: =IFERROR(__xludf.DUMMYFUNCTION("""COMPUTED_VALUE"""),3.0) -> 3 | E96: =IFERROR(__xludf.DUMMYFUNCTION("""COMPUTED_VALUE"""),6.0) -> 6
B97: =IFERROR(__xludf.DUMMYFUNCTION("""COMPUTED_VALUE"""),"Vishnu Amarnath") -> Vishnu Amarnath | C97: =IFERROR(__xludf.DUMMYFUNCTION("""COMPUTED_VALUE"""),18.0) -> 18 | D97: =IFERROR(__xludf.DUMMYFUNCTION("""COMPUTED_VALUE"""),3.0) -> 3 | E97: =IFERROR(__xludf.DUMMYFUNCTION("""COMPUTED_VALUE"""),7.0) -> 7
B98: =IFERROR(__xludf.DUMMYFUNCTION("""COMPUTED_VALUE"""),"Andrew Wen") -> Andrew Wen | C98: =IFERROR(__xludf.DUMMYFUNCTION("""COMPUTED_VALUE"""),18.0) -> 18 | D98: =IFERROR(__xludf.DUMMYFUNCTION("""COMPUTED_VALUE"""),2.0) -> 2 | E98: =IFERROR(__xludf.DUMMYFUNCTION("""COMPUTED_VALUE"""),8.0) -> 8
B99: =IFERROR(__xludf.DUMMYFUNCTION("""COMPUTED_VALUE"""),"Ranjith Doraiswamy") -> Ranjith Doraiswamy | C99: =IFERROR(__xludf.DUMMYFUNCTION("""COMPUTED_VALUE"""),18.0) -> 18 | D99: =IFERROR(__xludf.DUMMYFUNCTION("""COMPUTED_VALUE"""),2.0) -> 2 | E99: =IFERROR(__xludf.DUMMYFUNCTION("""COMPUTED_VALUE"""),8.0) -> 8
B107: Top 10 Climbers
B109: Name of Player | C109: Positions Moved | D109: Position Last week | E109: Position This week | F109: Points this week | G109: Court | L109: Cross Check
B110: =IFERROR(__xludf.DUMMYFUNCTION("query(B5:W79,""select B, W order by W Desc Limit 10"")"),"Eric Tan") -> Eric Tan | C110: =IFERROR(__xludf.DUMMYFUNCTION("""COMPUTED_VALUE"""),11.0) -> 11 | D110: =VLOOKUP(B110,indirect($AC$2&"!B$5:X$79"),23, false) -> 52 | E110: =VLOOKUP(B110,B$5:X$79,23, false) -> 41 | F110: =VLOOKUP(B110,indirect($AC$2&"!B$5:U$79"),11, false) -> 19 | G110: =VLOOKUP(B110,indirect($AC$2&"!B$5:U$79"),6, false) -> 8 | L110: =if(D110-E110=C110,"ok","Error") -> ok
B111: =IFERROR(__xludf.DUMMYFUNCTION("""COMPUTED_VALUE"""),"Vinotkumar Nagappan") -> Vinotkumar Nagappan | C111: =IFERROR(__xludf.DUMMYFUNCTION("""COMPUTED_VALUE"""),9.0) -> 9 | D111: =VLOOKUP(B111,indirect($AC$2&"!B$5:X$79"),23, false) -> 33 | E111: =VLOOKUP(B111,B$5:X$79,23, false) -> 24 | F111: =VLOOKUP(B111,indirect($AC$2&"!B$5:U$79"),11, false) -> 18 | G111: =VLOOKUP(B111,indirect($AC$2&"!B$5:U$79"),6, false) -> 6 | L111: =if(D111-E111=C111,"ok","Error") -> ok
B112: =IFERROR(__xludf.DUMMYFUNCTION("""COMPUTED_VALUE"""),"Darren Wong") -> Darren Wong | C112: =IFERROR(__xludf.DUMMYFUNCTION("""COMPUTED_VALUE"""),8.0) -> 8 | D112: =VLOOKUP(B112,indirect($AC$2&"!B$5:X$79"),23, false) -> 15 | E112: =VLOOKUP(B112,B$5:X$79,23, false) -> 7 | F112: =VLOOKUP(B112,indirect($AC$2&"!B$5:U$79"),11, false) -> 19 | G112: =VLOOKUP(B112,indirect($AC$2&"!B$5:U$79"),6, false) -> 3 | L112: =if(D112-E112=C112,"ok","Error") -> ok
B113: =IFERROR(__xludf.DUMMYFUNCTION("""COMPUTED_VALUE"""),"Jaya Sogata") -> Jaya Sogata | C113: =IFERROR(__xludf.DUMMYFUNCTION("""COMPUTED_VALUE"""),7.0) -> 7 | D113: =VLOOKUP(B113,indirect($AC$2&"!B$5:X$79"),23, false) -> 24 | E113: =VLOOKUP(B113,B$5:X$79,23, false) -> 17 | F113: =VLOOKUP(B113,indirect($AC$2&"!B$5:U$79"),11, false) -> 18 | G113: =VLOOKUP(B113,indirect($AC$2&"!B$5:U$79"),6, false) -> 4 | L113: =if(D113-E113=C113,"ok","Error") -> ok
B114: =IFERROR(__xludf.DUMMYFUNCTION("""COMPUTED_VALUE"""),"Rajasekar Ramasamy") -> Rajasekar Ramasamy | C114: =IFERROR(__xludf.DUMMYFUNCTION("""COMPUTED_VALUE"""),7.0) -> 7 | D114: =VLOOKUP(B114,indirect($AC$2&"!B$5:X$79"),23, false) -> 25 | E114: =VLOOKUP(B114,B$5:X$79,23, false) -> 18 | F114: =VLOOKUP(B114,indirect($AC$2&"!B$5:U$79"),11, false) -> 18 | G114: =VLOOKUP(B114,indirect($AC$2&"!B$5:U$79"),6, false) -> 5 | L114: =if(D114-E114=C114,"ok","Error") -> ok
B115: =IFERROR(__xludf.DUMMYFUNCTION("""COMPUTED_VALUE"""),"Sean Chang") -> Sean Chang | C115: =IFERROR(__xludf.DUMMYFUNCTION("""COMPUTED_VALUE"""),5.0) -> 5 | D115: =VLOOKUP(B115,indirect($AC$2&"!B$5:X$79"),23, false) -> 30 | E115: =VLOOKUP(B115,B$5:X$79,23, false) -> 25 | F115: =VLOOKUP(B115,indirect($AC$2&"!B$5:U$79"),11, false) -> 13 | G115: =VLOOKUP(B115,indirect($AC$2&"!B$5:U$79"),6, false) -> 0 | L115: =if(D115-E115=C115,"ok","Error") -> ok
B116: =IFERROR(__xludf.DUMMYFUNCTION("""COMPUTED_VALUE"""),"Vishnu Amarnath") -> Vishnu Amarnath | C116: =IFERROR(__xludf.DUMMYFUNCTION("""COMPUTED_VALUE"""),5.0) -> 5 | D116: =VLOOKUP(B116,indirect($AC$2&"!B$5:X$79"),23, false) -> 44 | E116: =VLOOKUP(B116,B$5:X$79,23, false) -> 39 | F116: =VLOOKUP(B116,indirect($AC$2&"!B$5:U$79"),11, false) -> 18 | G116: =VLOOKUP(B116,indirect($AC$2&"!B$5:U$79"),6, false) -> 7 | L116: =if(D116-E116=C116,"ok","Error") -> ok
B117: =IFERROR(__xludf.DUMMYFUNCTION("""COMPUTED_VALUE"""),"Ranjith Doraiswamy") -> Ranjith Doraiswamy | C117: =IFERROR(__xludf.DUMMYFUNCTION("""COMPUTED_VALUE"""),4.0) -> 4 | D117: =VLOOKUP(B117,indirect($AC$2&"!B$5:X$79"),23, false) -> 63 | E117: =VLOOKUP(B117,B$5:X$79,23, false) -> 59 | F117: =VLOOKUP(B117,indirect($AC$2&"!B$5:U$79"),11, false) -> 18 | G117: =VLOOKUP(B117,indirect($AC$2&"!B$5:U$79"),6, false) -> 8 | L117: =if(D117-E117=C117,"ok","Error") -> ok
B118: =IFERROR(__xludf.DUMMYFUNCTION("""COMPUTED_VALUE"""),"Santosh Sundaresan") -> Santosh Sundaresan | C118: =IFERROR(__xludf.DUMMYFUNCTION("""COMPUTED_VALUE"""),3.0) -> 3 | D118: =VLOOKUP(B118,indirect($AC$2&"!B$5:X$79"),23, false) -> 66 | E118: =VLOOKUP(B118,B$5:X$79,23, false) -> 63 | F118: =VLOOKUP(B118,indirect($AC$2&"!B$5:U$79"),11, false) -> 13 | G118: =VLOOKUP(B118,indirect($AC$2&"!B$5:U$79"),6, false) -> 0 | L118: =if(D118-E118=C118,"ok","Error") -> ok
B119: =IFERROR(__xludf.DUMMYFUNCTION("""COMPUTED_VALUE"""),"Saravanan Veerapandian") -> Saravanan Veerapandian | C119: =IFERROR(__xludf.DUMMYFUNCTION("""COMPUTED_VALUE"""),3.0) -> 3 | D119: =VLOOKUP(B119,indirect($AC$2&"!B$5:X$79"),23, false) -> 67 | E119: =VLOOKUP(B119,B$5:X$79,23, false) -> 64 | F119: =VLOOKUP(B119,indirect($AC$2&"!B$5:U$79"),11, false) -> 15 | G119: =VLOOKUP(B119,indirect($AC$2&"!B$5:U$79"),6, false) -> 8 | L119: =if(D119-E119=C119,"ok","Error") -> ok
A125: =CONCATENATE("TOP 10 Players after " &D2 & " Weeks") -> TOP 10 Players after 25 Weeks
A127: Ranking | B127: Name of Player | C127: Games Won | D127: Sets Won | E127: Games Won / Match
A128: =A5 -> 1 | B128: =B5 -> Andrew Yao | C128: =C5 -> 381 | D128: =D5 -> 50 | E128: =E5 -> 16.090909
A129: =A6 -> 2 | B129: =B6 -> Pulkit Mathur | C129: =C6 -> 371 | D129: =D6 -> 42 | E129: =E6 -> 15.952381
A130: =A7 -> 3 | B130: =B7 -> Sandeep Kamalon | C130: =C7 -> 355 | D130: =D7 -> 36 | E130: =E7 -> 14.909091
A131: =A8 -> 4 | B131: =B8 -> Tom Le | C131: =C8 -> 336 | D131: =D8 -> 34 | E131: =E8 -> 17.230769
A132: =A9 -> 5 | B132: =B9 -> Suleman Alidina | C132: =C9 -> 334 | D132: =D9 -> 28 | E132: =E9 -> 13.85
A133: =A10 -> 6 | B133: =B10 -> Pavan Akkimsetty | C133: =C10 -> 330 | D133: =D10 -> 30 | E133: =E10 -> 14.611111
A134: =A11 -> 7 | B134: =B11 -> Darren Wong | C134: =C11 -> 326 | D134: =D11 -> 31 | E134: =E11 -> 16.769231
A135: =A12 -> 8 | B135: =B12 -> Matthew Huang | C135: =C12 -> 325 | D135: =D12 -> 30 | E135: =E12 -> 15
A136: =A13 -> 9 | B136: =B13 -> Ethan Gu | C136: =C13 -> 325 | D136: =D13 -> 25 | E136: =E13 -> 14.263158
A137: =A14 -> 10 | B137: =B14 -> Erik Hoeckmann | C137: =C14 -> 324 | D137: =D14 -> 29 | E137: =E14 -> 13.75
A142: Perfect Attendance
A144: No | B144: Name of the Player
A145: =if(B145<>"",1,0) -> 1 | B145: =IFERROR(__xludf.DUMMYFUNCTION("query(B5:Y79,""select B where Y = 'Y' order by B ASC"")"),"Eric Tan") -> Eric Tan
A146: =if(B146<>"",A145+1,0) -> 2 | B146: =IFERROR(__xludf.DUMMYFUNCTION("""COMPUTED_VALUE"""),"Wayne Liu") -> Wayne Liu
A147: =if(B147<>"",A146+1,0) -> 0
A148: =if(B148<>"",A147+1,0) -> 0
A149: =if(B149<>"",A148+1,0) -> 0
A150: =if(B150<>"",A149+1,0) -> 0
A151: =if(B151<>"",A150+1,0) -> 0
A152: =if(B152<>"",A151+1,0) -> 0
A153: =if(B153<>"",A152+1,0) -> 0
A154: =if(B154<>"",A153+1,0) -> 0
A155: =if(B155<>"",A154+1,0) -> 0
A156: =if(B156<>"",A155+1,0) -> 0
A157: =if(B157<>"",A156+1,0) -> 0
A158: =if(B158<>"",A157+1,0) -> 0
... A220: =if(B220<>"",A219+1,0) -> 0
B223: King of Kings
B225: Name of the Player | C225: No. of Weeks
B226: =Data!F117 -> Andrew Yao | C226: =Data!G117 -> 20
B227: =Data!F118 -> Pulkit Mathur | C227: =Data!G118 -> 3
B228: =Data!F119 -> Sandeep Kamalon | C228: =Data!G119 -> 2
B229: =Data!F120 -> Sanjaye Elayattu | C229: =Data!G120 -> 1
...

Sheet Courts
A1: Court # | B1: Name of the Player | C1: Games Won | D1: Sets Won | E1: Check In | F1: Set 1 | G1: Set 2 | H1: Set 3 | I1: Total Games won | J1: Sets Won | K1: Court # | L1: Scores Entered by | M1: WHS | N1: Count of Player at WHS | O1: Suggestion for WHS | P1: Admin | Q1: No WHS | S1: Set 1 | T1: Set 2 | U1: Set 3 | V1: Sets Won | AA1: Court # | AQ1: court # | AR1: Admin | AS1: Players
A2: 1 | B2: =IFERROR(__xludf.DUMMYFUNCTION("QUERY(indirect(""'"" & ""Current"" & ""'!B5:F79""),""Select B, C, D, F where F = 1 or F = 2 "",0)"),"#N/A") -> #N/A | I2: =sum(F2:H2) -> 0 | J2: =if(sum(F2:F5)=0,0,if(max(F2:F5)=F2,1,0)+if(max(G2:G5)=G2,1,0)+if(max(H2:H5)=H2,1,0)) -> 0 | K2: =A2 -> 1 | O2: =sum(N2:N5) -> 0 | P2: =countif(Z$73:Z$79,B2) -> 0 | Q2: =sum(P2:P5) -> 0 | S2: =if(sum(F2:F5)=0,"",if(or(max(F2:F5)=6, max(F2:F5)=7),"G","E")) | T2: =if(sum(G2:G5)=0,"",if(or(max(G2:G5)=6, max(G2:G5)=7),"G","E")) | U2: =if(sum(H2:H5)=0,"",if(or(max(H2:H5)=6, max(H2:H5)=7),"G","E")) | V2: =if(sum(F2:F5)=0,0,if(max(F2:F5)=F2,1,0)+if(max(G2:G5)=G2,1,0)+if(max(H2:H5)=H2,1,0)) -> 0 | W2: Max=6/7 | AA2: =if(M2<>"","W" & vlookup(B2,B$122:E$133,4,false),"D" & vlookup(B2,B44:E75,4,false)) -> #N/A | AQ2: =K2 -> 1 | AR2: =P2 -> 0 | AS2: =counta(B2) -> 1
A3: 1 | I3: =sum(F3:H3) -> 0 | J3: =if(sum(F2:F5)=0,0,if(max(F2:F5)=F3,1,0)+if(max(G2:G5)=G3,1,0)+if(max(H2:H5)=H3,1,0)) -> 0 | K3: =A3 -> 1 | P3: =countif(Z$73:Z$79,B3) -> 0 | S3: =if(sum(F2:F5)=0,"",if(SUMPRODUCT(1/COUNTIF(F2:F5, F2:F5))=2,"G","E")) | T3: =if(sum(G2:G5)=0,"",if(SUMPRODUCT(1/COUNTIF(G2:G5, G2:G5))=2,"G","E")) | U3: =if(sum(H2:H5)=0,"",if(SUMPRODUCT(1/COUNTIF(H2:H5, H2:H5))=2,"G","E")) | V3: =if(sum(F2:F5)=0,0,if(max(F2:F5)=F3,1,0)+if(max(G2:G5)=G3,1,0)+if(max(H2:H5)=H3,1,0)) -> 0 | W3: two equal scores | AA3: =if(M3<>"","W" & vlookup(B3,B$122:E$133,4,false),"D" & vlookup(B3,B45:E76,4,false)) -> #N/A | AD3: Court # | AE3: Scores | AQ3: =K3 -> 1 | AR3: =P3 -> 0 | AS3: =counta(B3) -> 0
A4: 1 | I4: =sum(F4:H4) -> 0 | J4: =if(sum(F2:F5)=0,0,if(max(F2:F5)=F4,1,0)+if(max(G2:G5)=G4,1,0)+if(max(H2:H5)=H4,1,0)) -> 0 | K4: =A4 -> 1 | P4: =countif(Z$73:Z$79,B4) -> 0 | S4: =if(sum(F2:F5)=0,"",if(and(max(F2:F5)=7, min(F2:F5)=6),"G",if(max(F2:F5)-min(F2:F5)>=2,"G","E"))) | T4: =if(sum(G2:G5)=0,"",if(and(max(G2:G5)=7, min(G2:G5)=6),"G",if(max(G2:G5)-min(G2:G5)>=2,"G","E"))) | U4: =if(sum(H2:H5)=0,"",if(and(max(H2:H5)=7, min(H2:H5)=6),"G",if(max(H2:H5)-min(H2:H5)>=2,"G","E"))) | V4: =if(sum(F2:F5)=0,0,if(max(F2:F5)=F4,1,0)+if(max(G2:G5)=G4,1,0)+if(max(H2:H5)=H4,1,0)) -> 0 | W4: Diff of 2 or tie breaker | AA4: =if(M4<>"","W" & vlookup(B4,B$122:E$133,4,false),"D" & vlookup(B4,B46:E77,4,false)) -> #N/A | AD4: 1 | AE4: =IF(B2="", "X", IF(COUNTA(F2:H2)=0, "N", "Y")) -> #N/A | AQ4: =K4 -> 1 | AR4: =P4 -> 0 | AS4: =counta(B4) -> 0
A5: 1 | I5: =sum(F5:H5) -> 0 | J5: =if(sum(F2:F5)=0,0,if(max(F2:F5)=F5,1,0)+if(max(G2:G5)=G5,1,0)+if(max(H2:H5)=H5,1,0)) -> 0 | K5: =A5 -> 1 | P5: =countif(Z$73:Z$79,B5) -> 0 | S5: =IF(COUNTIF(S2:S4, "") = 3, "", IF(COUNTIF(S2:S4, "G") = 3, "G", "E")) | T5: =IF(COUNTIF(T2:T4, "") = 3, "", IF(COUNTIF(T2:T4, "G") = 3, "G", "E")) | U5: =IF(COUNTIF(U2:U4, "") = 3, "", IF(COUNTIF(U2:U4, "G") = 3, "G", "E")) | V5: =if(sum(F2:F5)=0,0,if(max(F2:F5)=F5,1,0)+if(max(G2:G5)=G5,1,0)+if(max(H2:H5)=H5,1,0)) -> 0 | W5: All Good | AA5: =if(M5<>"","W" & vlookup(B5,B$122:E$133,4,false),"D" & vlookup(B5,B47:E78,4,false)) -> #N/A | AD5: 2 | AE5: =IF(B6="", "X", IF(COUNTA(F6:H6)=0, "N", "Y")) -> X | AQ5: =K5 -> 1 | AR5: =P5 -> 0 | AS5: =counta(B5) -> 0
A6: 2 | I6: =sum(F6:H6) -> 0 | J6: =if(sum(F6:F9)=0,0,if(max(F6:F9)=F6,1,0)+if(max(G6:G9)=G6,1,0)+if(max(H6:H9)=H6,1,0)) -> 0 | K6: =A6 -> 2 | O6: =sum(N6:N9) -> 0 | P6: =countif(Z$73:Z$79,B6) -> 0 | Q6: =sum(P6:P9) -> 0 | S6: =if(sum(F6:F9)=0,"",if(or(max(F6:F9)=6, max(F6:F9)=7),"G","E")) | T6: =if(sum(G6:G9)=0,"",if(or(max(G6:G9)=6, max(G6:G9)=7),"G","E")) | U6: =if(sum(H6:H9)=0,"",if(or(max(H6:H9)=6, max(H6:H9)=7),"G","E")) | V6: =if(sum(F6:F9)=0,0,if(max(F6:F9)=F6,1,0)+if(max(G6:G9)=G6,1,0)+if(max(H6:H9)=H6,1,0)) -> 0 | W6: Max=6/7 | AA6: =if(M6<>"","W" & vlookup(B6,B$122:E$133,4,false),"D" & vlookup(B6,B48:E79,4,false)) -> #N/A | AD6: 3 | AE6: =IF(B10="", "X", IF(COUNTA(F10:H10)=0, "N", "Y")) -> X | AQ6: =K6 -> 2 | AR6: =P6 -> 0 | AS6: =counta(B6) -> 0
A7: 2 | I7: =sum(F7:H7) -> 0 | J7: =if(sum(F6:F9)=0,0,if(max(F6:F9)=F7,1,0)+if(max(G6:G9)=G7,1,0)+if(max(H6:H9)=H7,1,0)) -> 0 | K7: =A7 -> 2 | P7: =countif(Z$73:Z$79,B7) -> 0 | S7: =if(sum(F6:F9)=0,"",if(SUMPRODUCT(1/COUNTIF(F6:F9, F6:F9))=2,"G","E")) | T7: =if(sum(G6:G9)=0,"",if(SUMPRODUCT(1/COUNTIF(G6:G9, G6:G9))=2,"G","E")) | U7: =if(sum(H6:H9)=0,"",if(SUMPRODUCT(1/COUNTIF(H6:H9, H6:H9))=2,"G","E")) | V7: =if(sum(F6:F9)=0,0,if(max(F6:F9)=F7,1,0)+if(max(G6:G9)=G7,1,0)+if(max(H6:H9)=H7,1,0)) -> 0 | W7: two equal scores | AA7: =if(M7<>"","W" & vlookup(B7,B$122:E$133,4,false),"D" & vlookup(B7,B49:E80,4,false)) -> #N/A | AD7: 4 | AE7: =IF(B14="", "X", IF(COUNTA(F14:H14)=0, "N", "Y")) -> X | AQ7: =K7 -> 2 | AR7: =P7 -> 0 | AS7: =counta(B7) -> 0
A8: 2 | I8: =sum(F8:H8) -> 0 | J8: =if(sum(F6:F9)=0,0,if(max(F6:F9)=F8,1,0)+if(max(G6:G9)=G8,1,0)+if(max(H6:H9)=H8,1,0)) -> 0 | K8: =A8 -> 2 | P8: =countif(Z$73:Z$79,B8) -> 0 | S8: =if(sum(F6:F9)=0,"",if(and(max(F6:F9)=7, min(F6:F9)=6),"G",if(max(F6:F9)-min(F6:F9)>=2,"G","E"))) | T8: =if(sum(G6:G9)=0,"",if(and(max(G6:G9)=7, min(G6:G9)=6),"G",if(max(G6:G9)-min(G6:G9)>=2,"G","E"))) | U8: =if(sum(H6:H9)=0,"",if(and(max(H6:H9)=7, min(H6:H9)=6),"G",if(max(H6:H9)-min(H6:H9)>=2,"G","E"))) | V8: =if(sum(F6:F9)=0,0,if(max(F6:F9)=F8,1,0)+if(max(G6:G9)=G8,1,0)+if(max(H6:H9)=H8,1,0)) -> 0 | W8: Diff of 2 or tie breaker | AA8: =if(M8<>"","W" & vlookup(B8,B$122:E$133,4,false),"D" & vlookup(B8,B50:E81,4,false)) -> #N/A | AD8: 5 | AE8: =IF(B18="", "X", IF(COUNTA(F18:H18)=0, "N", "Y")) -> X | AQ8: =K8 -> 2 | AR8: =P8 -> 0 | AS8: =counta(B8) -> 0
A9: 2 | I9: =sum(F9:H9) -> 0 | J9: =if(sum(F6:F9)=0,0,if(max(F6:F9)=F9,1,0)+if(max(G6:G9)=G9,1,0)+if(max(H6:H9)=H9,1,0)) -> 0 | K9: =A9 -> 2 | P9: =countif(Z$73:Z$79,B9) -> 0 | S9: =IF(COUNTIF(S6:S8, "") = 3, "", IF(COUNTIF(S6:S8, "G") = 3, "G", "E")) | T9: =IF(COUNTIF(T6:T8, "") = 3, "", IF(COUNTIF(T6:T8, "G") = 3, "G", "E")) | U9: =IF(COUNTIF(U6:U8, "") = 3, "", IF(COUNTIF(U6:U8, "G") = 3, "G", "E")) | V9: =if(sum(F6:F9)=0,0,if(max(F6:F9)=F9,1,0)+if(max(G6:G9)=G9,1,0)+if(max(H6:H9)=H9,1,0)) -> 0 | AA9: =if(M9<>"","W" & vlookup(B9,B$122:E$133,4,false),"D" & vlookup(B9,B51:E82,4,false)) -> #N/A | AD9: 6 | AE9: =IF(B22="", "X", IF(COUNTA(F22:H22)=0, "N", "Y")) -> X | AQ9: =K9 -> 2 | AR9: =P9 -> 0 | AS9: =counta(B9) -> 0
A10: 3 | I10: =sum(F10:H10) -> 0 | J10: =if(sum(F10:F13)=0,0,if(max(F10:F13)=F10,1,0)+if(max(G10:G13)=G10,1,0)+if(max(H10:H13)=H10,1,0)) -> 0 | K10: =A10 -> 3 | O10: =sum(N10:N13) -> 0 | P10: =countif(Z$73:Z$79,B10) -> 0 | Q10: =sum(P10:P13) -> 0 | S10: =if(sum(F10:F13)=0,"",if(or(max(F10:F13)=6, max(F10:F13)=7),"G","E")) | T10: =if(sum(G10:G13)=0,"",if(or(max(G10:G13)=6, max(G10:G13)=7),"G","E")) | U10: =if(sum(H10:H13)=0,"",if(or(max(H10:H13)=6, max(H10:H13)=7),"G","E")) | V10: =if(sum(F10:F13)=0,0,if(max(F10:F13)=F10,1,0)+if(max(G10:G13)=G10,1,0)+if(max(H10:H13)=H10,1,0)) -> 0 | W10: Max=6/7 | AA10: =if(M10<>"","W" & vlookup(B10,B$122:E$133,4,false),"D" & vlookup(B10,B52:E83,4,false)) -> #N/A | AD10: 7 | AE10: =IF(B26="", "X", IF(COUNTA(F26:H26)=0, "N", "Y")) -> X | AQ10: =K10 -> 3 | AR10: =P10 -> 0 | AS10: =counta(B10) -> 0
A11: 3 | I11: =sum(F11:H11) -> 0 | J11: =if(sum(F10:F13)=0,0,if(max(F10:F13)=F11,1,0)+if(max(G10:G13)=G11,1,0)+if(max(H10:H13)=H11,1,0)) -> 0 | K11: =A11 -> 3 | P11: =countif(Z$73:Z$79,B11) -> 0 | S11: =if(sum(F10:F13)=0,"",if(SUMPRODUCT(1/COUNTIF(F10:F13, F10:F13))=2,"G","E")) | T11: =if(sum(G10:G13)=0,"",if(SUMPRODUCT(1/COUNTIF(G10:G13, G10:G13))=2,"G","E")) | U11: =if(sum(H10:H13)=0,"",if(SUMPRODUCT(1/COUNTIF(H10:H13, H10:H13))=2,"G","E")) | V11: =if(sum(F10:F13)=0,0,if(max(F10:F13)=F11,1,0)+if(max(G10:G13)=G11,1,0)+if(max(H10:H13)=H11,1,0)) -> 0 | W11: two equal scores | AA11: =if(M11<>"","W" & vlookup(B11,B$122:E$133,4,false),"D" & vlookup(B11,B53:E84,4,false)) -> #N/A | AD11: 8 | AE11: =IF(B30="", "X", IF(COUNTA(F30:H30)=0, "N", "Y")) -> X | AQ11: =K11 -> 3 | AR11: =P11 -> 0 | AS11: =counta(B11) -> 0
A12: 3 | I12: =sum(F12:H12) -> 0 | J12: =if(sum(F10:F13)=0,0,if(max(F10:F13)=F12,1,0)+if(max(G10:G13)=G12,1,0)+if(max(H10:H13)=H12,1,0)) -> 0 | K12: =A12 -> 3 | P12: =countif(Z$73:Z$79,B12) -> 0 | S12: =if(sum(F10:F13)=0,"",if(and(max(F10:F13)=7, min(F10:F13)=6),"G",if(max(F10:F13)-min(F10:F13)>=2,"G","E"))) | T12: =if(sum(G10:G13)=0,"",if(and(max(G10:G13)=7, min(G10:G13)=6),"G",if(max(G10:G13)-min(G10:G13)>=2,"G","E"))) | U12: =if(sum(H10:H13)=0,"",if(and(max(H10:H13)=7, min(H10:H13)=6),"G",if(max(H10:H13)-min(H10:H13)>=2,"G","E"))) | V12: =if(sum(F10:F13)=0,0,if(max(F10:F13)=F12,1,0)+if(max(G10:G13)=G12,1,0)+if(max(H10:H13)=H12,1,0)) -> 0 | W12: Diff of 2 or tie breaker | AA12: =if(M12<>"","W" & vlookup(B12,B$122:E$133,4,false),"D" & vlookup(B12,B54:E85,4,false)) -> #N/A | AQ12: =K12 -> 3 | AR12: =P12 -> 0 | AS12: =counta(B12) -> 0
A13: 3 | I13: =sum(F13:H13) -> 0 | J13: =if(sum(F10:F13)=0,0,if(max(F10:F13)=F13,1,0)+if(max(G10:G13)=G13,1,0)+if(max(H10:H13)=H13,1,0)) -> 0 | K13: =A13 -> 3 | P13: =countif(Z$73:Z$79,B13) -> 0 | S13: =IF(COUNTIF(S10:S12, "") = 3, "", IF(COUNTIF(S10:S12, "G") = 3, "G", "E")) | T13: =IF(COUNTIF(T10:T12, "") = 3, "", IF(COUNTIF(T10:T12, "G") = 3, "G", "E")) | U13: =IF(COUNTIF(U10:U12, "") = 3, "", IF(COUNTIF(U10:U12, "G") = 3, "G", "E")) | V13: =if(sum(F10:F13)=0,0,if(max(F10:F13)=F13,1,0)+if(max(G10:G13)=G13,1,0)+if(max(H10:H13)=H13,1,0)) -> 0 | AA13: =if(M13<>"","W" & vlookup(B13,B$122:E$133,4,false),"D" & vlookup(B13,B55:E86,4,false)) -> #N/A | AD13: Pending Scores | AE13: Status | AQ13: =K13 -> 3 | AR13: =P13 -> 0 | AS13: =counta(B13) -> 0
A14: 4 | I14: =sum(F14:H14) -> 0 | J14: =if(sum(F14:F17)=0,0,if(max(F14:F17)=F14,1,0)+if(max(G14:G17)=G14,1,0)+if(max(H14:H17)=H14,1,0)) -> 0 | K14: =A14 -> 4 | O14: =sum(N14:N17) -> 0 | P14: =countif(Z$73:Z$79,B14) -> 0 | Q14: =sum(P14:P17) -> 0 | S14: =if(sum(F14:F17)=0,"",if(or(max(F14:F17)=6, max(F14:F17)=7),"G","E")) | T14: =if(sum(G14:G17)=0,"",if(or(max(G14:G17)=6, max(G14:G17)=7),"G","E")) | U14: =if(sum(H14:H17)=0,"",if(or(max(H14:H17)=6, max(H14:H17)=7),"G","E")) | V14: =if(sum(F14:F17)=0,0,if(max(F14:F17)=F14,1,0)+if(max(G14:G17)=G14,1,0)+if(max(H14:H17)=H14,1,0)) -> 0 | W14: Max=6/7 | AA14: =if(M14<>"","W" & vlookup(B14,B$122:E$133,4,false),"D" & vlookup(B14,B56:E87,4,false)) -> #N/A | AQ14: =K14 -> 4 | AR14: =P14 -> 0 | AS14: =counta(B14) -> 0
A15: 4 | I15: =sum(F15:H15) -> 0 | J15: =if(sum(F14:F17)=0,0,if(max(F14:F17)=F15,1,0)+if(max(G14:G17)=G15,1,0)+if(max(H14:H17)=H15,1,0)) -> 0 | K15: =A15 -> 4 | P15: =countif(Z$73:Z$79,B15) -> 0 | S15: =if(sum(F14:F17)=0,"",if(SUMPRODUCT(1/COUNTIF(F14:F17, F14:F17))=2,"G","E")) | T15: =if(sum(G14:G17)=0,"",if(SUMPRODUCT(1/COUNTIF(G14:G17, G14:G17))=2,"G","E")) | U15: =if(sum(H14:H17)=0,"",if(SUMPRODUCT(1/COUNTIF(H14:H17, H14:H17))=2,"G","E")) | V15: =if(sum(F14:F17)=0,0,if(max(F14:F17)=F15,1,0)+if(max(G14:G17)=G15,1,0)+if(max(H14:H17)=H15,1,0)) -> 0 | W15: two equal scores | AA15: =if(M15<>"","W" & vlookup(B15,B$122:E$133,4,false),"D" & vlookup(B15,B57:E88,4,false)) -> #N/A | AD15: =IFERROR(__xludf.DUMMYFUNCTION("IFERROR(QUERY(AD4:AE11, ""SELECT AD WHERE AE = 'N'"", 0), """")"),"") | AE15: =IF(AND(COUNTIF(AE4:AE11, "N")=0, COUNTIF(AE4:AE11, "Y")>0), "Y", "N") -> N | AQ15: =K15 -> 4 | AR15: =P15 -> 0 | AS15: =counta(B15) -> 0
A16: 4 | I16: =sum(F16:H16) -> 0 | J16: =if(sum(F14:F17)=0,0,if(max(F14:F17)=F16,1,0)+if(max(G14:G17)=G16,1,0)+if(max(H14:H17)=H16,1,0)) -> 0 | K16: =A16 -> 4 | P16: =countif(Z$73:Z$79,B16) -> 0 | S16: =if(sum(F14:F17)=0,"",if(and(max(F14:F17)=7, min(F14:F17)=6),"G",if(max(F14:F17)-min(F14:F17)>=2,"G","E"))) | T16: =if(sum(G14:G17)=0,"",if(and(max(G14:G17)=7, min(G14:G17)=6),"G",if(max(G14:G17)-min(G14:G17)>=2,"G","E"))) | U16: =if(sum(H14:H17)=0,"",if(and(max(H14:H17)=7, min(H14:H17)=6),"G",if(max(H14:H17)-min(H14:H17)>=2,"G","E"))) | V16: =if(sum(F14:F17)=0,0,if(max(F14:F17)=F16,1,0)+if(max(G14:G17)=G16,1,0)+if(max(H14:H17)=H16,1,0)) -> 0 | W16: Diff of 2 or tie breaker | AA16: =if(M16<>"","W" & vlookup(B16,B$122:E$133,4,false),"D" & vlookup(B16,B58:E89,4,false)) -> #N/A | AQ16: =K16 -> 4 | AR16: =P16 -> 0 | AS16: =counta(B16) -> 0
A17: 4 | I17: =sum(F17:H17) -> 0 | J17: =if(sum(F14:F17)=0,0,if(max(F14:F17)=F17,1,0)+if(max(G14:G17)=G17,1,0)+if(max(H14:H17)=H17,1,0)) -> 0 | K17: =A17 -> 4 | P17: =countif(Z$73:Z$79,B17) -> 0 | S17: =IF(COUNTIF(S14:S16, "") = 3, "", IF(COUNTIF(S14:S16, "G") = 3, "G", "E")) | T17: =IF(COUNTIF(T14:T16, "") = 3, "", IF(COUNTIF(T14:T16, "G") = 3, "G", "E")) | U17: =IF(COUNTIF(U14:U16, "") = 3, "", IF(COUNTIF(U14:U16, "G") = 3, "G", "E")) | V17: =if(sum(F14:F17)=0,0,if(max(F14:F17)=F17,1,0)+if(max(G14:G17)=G17,1,0)+if(max(H14:H17)=H17,1,0)) -> 0 | AA17: =if(M17<>"","W" & vlookup(B17,B$122:E$133,4,false),"D" & vlookup(B17,B59:E90,4,false)) -> #N/A | AQ17: =K17 -> 4 | AR17: =P17 -> 0 | AS17: =counta(B17) -> 0
A18: 5 | I18: =sum(F18:H18) -> 0 | J18: =if(sum(F18:F21)=0,0,if(max(F18:F21)=F18,1,0)+if(max(G18:G21)=G18,1,0)+if(max(H18:H21)=H18,1,0)) -> 0 | K18: =A18 -> 5 | O18: =sum(N18:N21) -> 0 | P18: =countif(Z$73:Z$79,B18) -> 0 | Q18: =sum(P18:P21) -> 0 | S18: =if(sum(F18:F21)=0,"",if(or(max(F18:F21)=6, max(F18:F21)=7),"G","E")) | T18: =if(sum(G18:G21)=0,"",if(or(max(G18:G21)=6, max(G18:G21)=7),"G","E")) | U18: =if(sum(H18:H21)=0,"",if(or(max(H18:H21)=6, max(H18:H21)=7),"G","E")) | V18: =if(sum(F18:F21)=0,0,if(max(F18:F21)=F18,1,0)+if(max(G18:G21)=G18,1,0)+if(max(H18:H21)=H18,1,0)) -> 0 | W18: Max=6/7 | AA18: =if(M18<>"","W" & vlookup(B18,B$122:E$133,4,false),"D" & vlookup(B18,B60:E91,4,false)) -> #N/A | AQ18: =K18 -> 5 | AR18: =P18 -> 0 | AS18: =counta(B18) -> 0
A19: 5 | I19: =sum(F19:H19) -> 0 | J19: =if(sum(F18:F21)=0,0,if(max(F18:F21)=F19,1,0)+if(max(G18:G21)=G19,1,0)+if(max(H18:H21)=H19,1,0)) -> 0 | K19: =A19 -> 5 | P19: =countif(Z$73:Z$79,B19) -> 0 | S19: =if(sum(F18:F21)=0,"",if(SUMPRODUCT(1/COUNTIF(F18:F21, F18:F21))=2,"G","E")) | T19: =if(sum(G18:G21)=0,"",if(SUMPRODUCT(1/COUNTIF(G18:G21, G18:G21))=2,"G","E")) | U19: =if(sum(H18:H21)=0,"",if(SUMPRODUCT(1/COUNTIF(H18:H21, H18:H21))=2,"G","E")) | V19: =if(sum(F18:F21)=0,0,if(max(F18:F21)=F19,1,0)+if(max(G18:G21)=G19,1,0)+if(max(H18:H21)=H19,1,0)) -> 0 | W19: two equal scores | AA19: =if(M19<>"","W" & vlookup(B19,B$122:E$133,4,false),"D" & vlookup(B19,B61:E92,4,false)) -> #N/A | AQ19: =K19 -> 5 | AR19: =P19 -> 0 | AS19: =counta(B19) -> 0
A20: 5 | I20: =sum(F20:H20) -> 0 | J20: =if(sum(F18:F21)=0,0,if(max(F18:F21)=F20,1,0)+if(max(G18:G21)=G20,1,0)+if(max(H18:H21)=H20,1,0)) -> 0 | K20: =A20 -> 5 | P20: =countif(Z$73:Z$79,B20) -> 0 | S20: =if(sum(F18:F21)=0,"",if(and(max(F18:F21)=7, min(F18:F21)=6),"G",if(max(F18:F21)-min(F18:F21)>=2,"G","E"))) | T20: =if(sum(G18:G21)=0,"",if(and(max(G18:G21)=7, min(G18:G21)=6),"G",if(max(G18:G21)-min(G18:G21)>=2,"G","E"))) | U20: =if(sum(H18:H21)=0,"",if(and(max(H18:H21)=7, min(H18:H21)=6),"G",if(max(H18:H21)-min(H18:H21)>=2,"G","E"))) | V20: =if(sum(F18:F21)=0,0,if(max(F18:F21)=F20,1,0)+if(max(G18:G21)=G20,1,0)+if(max(H18:H21)=H20,1,0)) -> 0 | W20: Diff of 2 or tie breaker | AA20: =if(M20<>"","W" & vlookup(B20,B$122:E$133,4,false),"D" & vlookup(B20,B62:E93,4,false)) -> #N/A | AQ20: =K20 -> 5 | AR20: =P20 -> 0 | AS20: =counta(B20) -> 0
A21: 5 | I21: =sum(F21:H21) -> 0 | J21: =if(sum(F18:F21)=0,0,if(max(F18:F21)=F21,1,0)+if(max(G18:G21)=G21,1,0)+if(max(H18:H21)=H21,1,0)) -> 0 | K21: =A21 -> 5 | P21: =countif(Z$73:Z$79,B21) -> 0 | S21: =IF(COUNTIF(S18:S20, "") = 3, "", IF(COUNTIF(S18:S20, "G") = 3, "G", "E")) | T21: =IF(COUNTIF(T18:T20, "") = 3, "", IF(COUNTIF(T18:T20, "G") = 3, "G", "E")) | U21: =IF(COUNTIF(U18:U20, "") = 3, "", IF(COUNTIF(U18:U20, "G") = 3, "G", "E")) | V21: =if(sum(F18:F21)=0,0,if(max(F18:F21)=F21,1,0)+if(max(G18:G21)=G21,1,0)+if(max(H18:H21)=H21,1,0)) -> 0 | AA21: =if(M21<>"","W" & vlookup(B21,B$122:E$133,4,false),"D" & vlookup(B21,B63:E94,4,false)) -> #N/A | AQ21: =K21 -> 5 | AR21: =P21 -> 0 | AS21: =counta(B21) -> 0
A22: 6 | I22: =sum(F22:H22) -> 0 | J22: =if(sum(F22:F25)=0,0,if(max(F22:F25)=F22,1,0)+if(max(G22:G25)=G22,1,0)+if(max(H22:H25)=H22,1,0)) -> 0 | K22: =A22 -> 6 | O22: =sum(N22:N25) -> 0 | P22: =countif(Z$73:Z$79,B22) -> 0 | Q22: =sum(P22:P25) -> 0 | S22: =if(sum(F22:F25)=0,"",if(or(max(F22:F25)=6, max(F22:F25)=7),"G","E")) | T22: =if(sum(G22:G25)=0,"",if(or(max(G22:G25)=6, max(G22:G25)=7),"G","E")) | U22: =if(sum(H22:H25)=0,"",if(or(max(H22:H25)=6, max(H22:H25)=7),"G","E")) | V22: =if(sum(F22:F25)=0,0,if(max(F22:F25)=F22,1,0)+if(max(G22:G25)=G22,1,0)+if(max(H22:H25)=H22,1,0)) -> 0 | W22: Max=6/7 | AA22: =if(M22<>"","W" & vlookup(B22,B$122:E$133,4,false),"D" & vlookup(B22,B64:E95,4,false)) -> #N/A | AQ22: =K22 -> 6 | AR22: =P22 -> 0 | AS22: =counta(B22) -> 0
A23: 6 | I23: =sum(F23:H23) -> 0 | J23: =if(sum(F22:F25)=0,0,if(max(F22:F25)=F23,1,0)+if(max(G22:G25)=G23,1,0)+if(max(H22:H25)=H23,1,0)) -> 0 | K23: =A23 -> 6 | P23: =countif(Z$73:Z$79,B23) -> 0 | S23: =if(sum(F22:F25)=0,"",if(SUMPRODUCT(1/COUNTIF(F22:F25, F22:F25))=2,"G","E")) | T23: =if(sum(G22:G25)=0,"",if(SUMPRODUCT(1/COUNTIF(G22:G25, G22:G25))=2,"G","E")) | U23: =if(sum(H22:H25)=0,"",if(SUMPRODUCT(1/COUNTIF(H22:H25, H22:H25))=2,"G","E")) | V23: =if(sum(F22:F25)=0,0,if(max(F22:F25)=F23,1,0)+if(max(G22:G25)=G23,1,0)+if(max(H22:H25)=H23,1,0)) -> 0 | W23: two equal scores | AA23: =if(M23<>"","W" & vlookup(B23,B$122:E$133,4,false),"D" & vlookup(B23,B65:E96,4,false)) -> #N/A | AQ23: =K23 -> 6 | AR23: =P23 -> 0 | AS23: =counta(B23) -> 0
A24: 6 | I24: =sum(F24:H24) -> 0 | J24: =if(sum(F22:F25)=0,0,if(max(F22:F25)=F24,1,0)+if(max(G22:G25)=G24,1,0)+if(max(H22:H25)=H24,1,0)) -> 0 | K24: =A24 -> 6 | P24: =countif(Z$73:Z$79,B24) -> 0 | S24: =if(sum(F22:F25)=0,"",if(and(max(F22:F25)=7, min(F22:F25)=6),"G",if(max(F22:F25)-min(F22:F25)>=2,"G","E"))) | T24: =if(sum(G22:G25)=0,"",if(and(max(G22:G25)=7, min(G22:G25)=6),"G",if(max(G22:G25)-min(G22:G25)>=2,"G","E"))) | U24: =if(sum(H22:H25)=0,"",if(and(max(H22:H25)=7, min(H22:H25)=6),"G",if(max(H22:H25)-min(H22:H25)>=2,"G","E"))) | V24: =if(sum(F22:F25)=0,0,if(max(F22:F25)=F24,1,0)+if(max(G22:G25)=G24,1,0)+if(max(H22:H25)=H24,1,0)) -> 0 | W24: Diff of 2 or tie breaker | AA24: =if(M24<>"","W" & vlookup(B24,B$122:E$133,4,false),"D" & vlookup(B24,B66:E97,4,false)) -> #N/A | AQ24: =K24 -> 6 | AR24: =P24 -> 0 | AS24: =counta(B24) -> 0
A25: 6 | I25: =sum(F25:H25) -> 0 | J25: =if(sum(F22:F25)=0,0,if(max(F22:F25)=F25,1,0)+if(max(G22:G25)=G25,1,0)+if(max(H22:H25)=H25,1,0)) -> 0 | K25: =A25 -> 6 | P25: =countif(Z$73:Z$79,B25) -> 0 | S25: =IF(COUNTIF(S22:S24, "") = 3, "", IF(COUNTIF(S22:S24, "G") = 3, "G", "E")) | T25: =IF(COUNTIF(T22:T24, "") = 3, "", IF(COUNTIF(T22:T24, "G") = 3, "G", "E")) | U25: =IF(COUNTIF(U22:U24, "") = 3, "", IF(COUNTIF(U22:U24, "G") = 3, "G", "E")) | V25: =if(sum(F22:F25)=0,0,if(max(F22:F25)=F25,1,0)+if(max(G22:G25)=G25,1,0)+if(max(H22:H25)=H25,1,0)) -> 0 | AA25: =if(M25<>"","W" & vlookup(B25,B$122:E$133,4,false),"D" & vlookup(B25,B67:E98,4,false)) -> #N/A | AQ25: =K25 -> 6 | AR25: =P25 -> 0 | AS25: =counta(B25) -> 0
A26: 7 | I26: =sum(F26:H26) -> 0 | J26: =if(sum(F26:F29)=0,0,if(max(F26:F29)=F26,1,0)+if(max(G26:G29)=G26,1,0)+if(max(H26:H29)=H26,1,0)) -> 0 | K26: =A26 -> 7 | O26: =sum(N26:N29) -> 0 | P26: =countif(Z$73:Z$79,B26) -> 0 | Q26: =sum(P26:P29) -> 0 | S26: =if(sum(F26:F29)=0,"",if(or(max(F26:F29)=6, max(F26:F29)=7),"G","E")) | T26: =if(sum(G26:G29)=0,"",if(or(max(G26:G29)=6, max(G26:G29)=7),"G","E")) | U26: =if(sum(H26:H29)=0,"",if(or(max(H26:H29)=6, max(H26:H29)=7),"G","E")) | V26: =if(sum(F26:F29)=0,0,if(max(F26:F29)=F26,1,0)+if(max(G26:G29)=G26,1,0)+if(max(H26:H29)=H26,1,0)) -> 0 | W26: Max=6/7 | AA26: =if(M26<>"","W" & vlookup(B26,B$122:E$133,4,false),"D" & vlookup(B26,B68:E99,4,false)) -> #N/A | AQ26: =K26 -> 7 | AR26: =P26 -> 0 | AS26: =counta(B26) -> 0
A27: 7 | I27: =sum(F27:H27) -> 0 | J27: =if(sum(F26:F29)=0,0,if(max(F26:F29)=F27,1,0)+if(max(G26:G29)=G27,1,0)+if(max(H26:H29)=H27,1,0)) -> 0 | K27: =A27 -> 7 | P27: =countif(Z$73:Z$79,B27) -> 0 | S27: =if(sum(F26:F29)=0,"",if(SUMPRODUCT(1/COUNTIF(F26:F29, F26:F29))=2,"G","E")) | T27: =if(sum(G26:G29)=0,"",if(SUMPRODUCT(1/COUNTIF(G26:G29, G26:G29))=2,"G","E")) | U27: =if(sum(H26:H29)=0,"",if(SUMPRODUCT(1/COUNTIF(H26:H29, H26:H29))=2,"G","E")) | V27: =if(sum(F26:F29)=0,0,if(max(F26:F29)=F27,1,0)+if(max(G26:G29)=G27,1,0)+if(max(H26:H29)=H27,1,0)) -> 0 | W27: two equal scores | AA27: =if(M27<>"","W" & vlookup(B27,B$122:E$133,4,false),"D" & vlookup(B27,B69:E100,4,false)) -> #N/A | AQ27: =K27 -> 7 | AR27: =P27 -> 0 | AS27: =counta(B27) -> 0
A28: 7 | I28: =sum(F28:H28) -> 0 | J28: =if(sum(F26:F29)=0,0,if(max(F26:F29)=F28,1,0)+if(max(G26:G29)=G28,1,0)+if(max(H26:H29)=H28,1,0)) -> 0 | K28: =A28 -> 7 | P28: =countif(Z$73:Z$79,B28) -> 0 | S28: =if(sum(F26:F29)=0,"",if(and(max(F26:F29)=7, min(F26:F29)=6),"G",if(max(F26:F29)-min(F26:F29)>=2,"G","E"))) | T28: =if(sum(G26:G29)=0,"",if(and(max(G26:G29)=7, min(G26:G29)=6),"G",if(max(G26:G29)-min(G26:G29)>=2,"G","E"))) | U28: =if(sum(H26:H29)=0,"",if(and(max(H26:H29)=7, min(H26:H29)=6),"G",if(max(H26:H29)-min(H26:H29)>=2,"G","E"))) | V28: =if(sum(F26:F29)=0,0,if(max(F26:F29)=F28,1,0)+if(max(G26:G29)=G28,1,0)+if(max(H26:H29)=H28,1,0)) -> 0 | W28: Diff of 2 or tie breaker | AA28: =if(M28<>"","W" & vlookup(B28,B$122:E$133,4,false),"D" & vlookup(B28,B70:E101,4,false)) -> #N/A | AQ28: =K28 -> 7 | AR28: =P28 -> 0 | AS28: =counta(B28) -> 0
A29: 7 | I29: =sum(F29:H29) -> 0 | J29: =if(sum(F26:F29)=0,0,if(max(F26:F29)=F29,1,0)+if(max(G26:G29)=G29,1,0)+if(max(H26:H29)=H29,1,0)) -> 0 | K29: =A29 -> 7 | P29: =countif(Z$73:Z$79,B29) -> 0 | S29: =IF(COUNTIF(S26:S28, "") = 3, "", IF(COUNTIF(S26:S28, "G") = 3, "G", "E")) | T29: =IF(COUNTIF(T26:T28, "") = 3, "", IF(COUNTIF(T26:T28, "G") = 3, "G", "E")) | U29: =IF(COUNTIF(U26:U28, "") = 3, "", IF(COUNTIF(U26:U28, "G") = 3, "G", "E")) | V29: =if(sum(F26:F29)=0,0,if(max(F26:F29)=F29,1,0)+if(max(G26:G29)=G29,1,0)+if(max(H26:H29)=H29,1,0)) -> 0 | AA29: =if(M29<>"","W" & vlookup(B29,B$122:E$133,4,false),"D" & vlookup(B29,B71:E102,4,false)) -> #N/A | AQ29: =K29 -> 7 | AR29: =P29 -> 0 | AS29: =counta(B29) -> 0
A30: 8 | I30: =sum(F30:H30) -> 0 | J30: =if(sum(F30:F33)=0,0,if(max(F30:F33)=F30,1,0)+if(max(G30:G33)=G30,1,0)+if(max(H30:H33)=H30,1,0)) -> 0 | K30: =A30 -> 8 | O30: =sum(N30:N33) -> 0 | P30: =countif(Z$73:Z$79,B30) -> 0 | Q30: =sum(P30:P33) -> 0 | S30: =if(sum(F30:F33)=0,"",if(or(max(F30:F33)=6, max(F30:F33)=7),"G","E")) | T30: =if(sum(G30:G33)=0,"",if(or(max(G30:G33)=6, max(G30:G33)=7),"G","E")) | U30: =if(sum(H30:H33)=0,"",if(or(max(H30:H33)=6, max(H30:H33)=7),"G","E")) | V30: =if(sum(F30:F33)=0,0,if(max(F30:F33)=F30,1,0)+if(max(G30:G33)=G30,1,0)+if(max(H30:H33)=H30,1,0)) -> 0 | W30: Max=6/7 | AA30: =if(M30<>"","W" & vlookup(B30,B$122:E$133,4,false),"D" & vlookup(B30,B72:E103,4,false)) -> #N/A | AQ30: =K30 -> 8 | AR30: =P30 -> 0 | AS30: =counta(B30) -> 0
A31: 8 | I31: =sum(F31:H31) -> 0 | J31: =if(sum(F30:F33)=0,0,if(max(F30:F33)=F31,1,0)+if(max(G30:G33)=G31,1,0)+if(max(H30:H33)=H31,1,0)) -> 0 | K31: =A31 -> 8 | P31: =countif(Z$73:Z$79,B31) -> 0 | S31: =if(sum(F30:F33)=0,"",if(SUMPRODUCT(1/COUNTIF(F30:F33, F30:F33))=2,"G","E")) | T31: =if(sum(G30:G33)=0,"",if(SUMPRODUCT(1/COUNTIF(G30:G33, G30:G33))=2,"G","E")) | U31: =if(sum(H30:H33)=0,"",if(SUMPRODUCT(1/COUNTIF(H30:H33, H30:H33))=2,"G","E")) | V31: =if(sum(F30:F33)=0,0,if(max(F30:F33)=F31,1,0)+if(max(G30:G33)=G31,1,0)+if(max(H30:H33)=H31,1,0)) -> 0 | W31: two equal scores | AA31: =if(M31<>"","W" & vlookup(B31,B$122:E$133,4,false),"D" & vlookup(B31,B73:E104,4,false)) -> #N/A | AQ31: =K31 -> 8 | AR31: =P31 -> 0 | AS31: =counta(B31) -> 0
A32: 8 | I32: =sum(F32:H32) -> 0 | J32: =if(sum(F30:F33)=0,0,if(max(F30:F33)=F32,1,0)+if(max(G30:G33)=G32,1,0)+if(max(H30:H33)=H32,1,0)) -> 0 | K32: =A32 -> 8 | P32: =countif(Z$73:Z$79,B32) -> 0 | S32: =if(sum(F30:F33)=0,"",if(and(max(F30:F33)=7, min(F30:F33)=6),"G",if(max(F30:F33)-min(F30:F33)>=2,"G","E"))) | T32: =if(sum(G30:G33)=0,"",if(and(max(G30:G33)=7, min(G30:G33)=6),"G",if(max(G30:G33)-min(G30:G33)>=2,"G","E"))) | U32: =if(sum(H30:H33)=0,"",if(and(max(H30:H33)=7, min(H30:H33)=6),"G",if(max(H30:H33)-min(H30:H33)>=2,"G","E"))) | V32: =if(sum(F30:F33)=0,0,if(max(F30:F33)=F32,1,0)+if(max(G30:G33)=G32,1,0)+if(max(H30:H33)=H32,1,0)) -> 0 | W32: Diff of 2 or tie breaker | AA32: =if(M32<>"","W" & vlookup(B32,B$122:E$133,4,false),"D" & vlookup(B32,B74:E105,4,false)) -> #N/A | AQ32: =K32 -> 8 | AR32: =P32 -> 0 | AS32: =counta(B32) -> 0
A33: 8 | I33: =sum(F33:H33) -> 0 | J33: =if(sum(F30:F33)=0,0,if(max(F30:F33)=F33,1,0)+if(max(G30:G33)=G33,1,0)+if(max(H30:H33)=H33,1,0)) -> 0 | K33: =A33 -> 8 | P33: =countif(Z$73:Z$79,B33) -> 0 | S33: =IF(COUNTIF(S30:S32, "") = 3, "", IF(COUNTIF(S30:S32, "G") = 3, "G", "E")) | T33: =IF(COUNTIF(T30:T32, "") = 3, "", IF(COUNTIF(T30:T32, "G") = 3, "G", "E")) | U33: =IF(COUNTIF(U30:U32, "") = 3, "", IF(COUNTIF(U30:U32, "G") = 3, "G", "E")) | V33: =if(sum(F30:F33)=0,0,if(max(F30:F33)=F33,1,0)+if(max(G30:G33)=G33,1,0)+if(max(H30:H33)=H33,1,0)) -> 0 | AA33: =if(M33<>"","W" & vlookup(B33,B$122:E$133,4,false),"D" & vlookup(B33,B75:E106,4,false)) -> #N/A | AQ33: =K33 -> 8 | AR33: =P33 -> 0 | AS33: =counta(B33) -> 0
A34: 9 | I34: =sum(F34:H34) -> 0 | J34: =if(sum(F34:F37)=0,0,if(max(F34:F37)=F34,1,0)+if(max(G34:G37)=G34,1,0)+if(max(H34:H37)=H34,1,0)) -> 0 | K34: =A34 -> 9 | M34: =IF(AND(A34<>0, OR(VALUE(A34)=VALUE($Y$64), VALUE(A34)=VALUE($Y$65), VALUE(A34)=VALUE($Y$66))), "X", "") | N34: =iferror(VLOOKUP(B34,Data!B$132:C$206,2,false),"") | O34: =sum(N34:N37) -> 0 | P34: =countif(Z$73:Z$79,B34) -> 0 | Q34: =sum(P34:P37) -> 0 | S34: =if(sum(F34:F37)=0,"",if(or(max(F34:F37)=6, max(F34:F37)=7),"G","E")) | T34: =if(sum(G34:G37)=0,"",if(or(max(G34:G37)=6, max(G34:G37)=7),"G","E")) | U34: =if(sum(H34:H37)=0,"",if(or(max(H34:H37)=6, max(H34:H37)=7),"G","E")) | V34: =if(sum(F34:F37)=0,0,if(max(F34:F37)=F34,1,0)+if(max(G34:G37)=G34,1,0)+if(max(H34:H37)=H34,1,0)) -> 0 | W34: Max=6/7 | AA34: =if(M34<>"","W" & vlookup(B34,B$122:E$133,4,false),"D" & vlookup(B34,B76:E107,4,false)) -> #N/A | AQ34: =K34 -> 9 | AR34: =P34 -> 0 | AS34: =counta(B34) -> 0
A35: 9 | I35: =sum(F35:H35) -> 0 | J35: =if(sum(F34:F37)=0,0,if(max(F34:F37)=F35,1,0)+if(max(G34:G37)=G35,1,0)+if(max(H34:H37)=H35,1,0)) -> 0 | K35: =A35 -> 9 | M35: =IF(AND(A35<>0, OR(VALUE(A35)=VALUE($Y$64), VALUE(A35)=VALUE($Y$65), VALUE(A35)=VALUE($Y$66))), "X", "") | N35: =iferror(VLOOKUP(B35,Data!B$132:C$206,2,false),"") | P35: =countif(Z$73:Z$79,B35) -> 0 | S35: =if(sum(F34:F37)=0,"",if(SUMPRODUCT(1/COUNTIF(F34:F37, F34:F37))=2,"G","E")) | T35: =if(sum(G34:G37)=0,"",if(SUMPRODUCT(1/COUNTIF(G34:G37, G34:G37))=2,"G","E")) | U35: =if(sum(H34:H37)=0,"",if(SUMPRODUCT(1/COUNTIF(H34:H37, H34:H37))=2,"G","E")) | V35: =if(sum(F34:F37)=0,0,if(max(F34:F37)=F35,1,0)+if(max(G34:G37)=G35,1,0)+if(max(H34:H37)=H35,1,0)) -> 0 | W35: two equal scores | AA35: =if(M35<>"","W" & vlookup(B35,B$122:E$133,4,false),"D" & vlookup(B35,B77:E108,4,false)) -> #N/A | AQ35: =K35 -> 9 | AR35: =P35 -> 0 | AS35: =counta(B35) -> 0
A36: 9 | I36: =sum(F36:H36) -> 0 | J36: =if(sum(F34:F37)=0,0,if(max(F34:F37)=F36,1,0)+if(max(G34:G37)=G36,1,0)+if(max(H34:H37)=H36,1,0)) -> 0 | K36: =A36 -> 9 | M36: =IF(AND(A36<>0, OR(VALUE(A36)=VALUE($Y$64), VALUE(A36)=VALUE($Y$65), VALUE(A36)=VALUE($Y$66))), "X", "") | N36: =iferror(VLOOKUP(B36,Data!B$132:C$206,2,false),"") | P36: =countif(Z$73:Z$79,B36) -> 0 | S36: =if(sum(F34:F37)=0,"",if(and(max(F34:F37)=7, min(F34:F37)=6),"G",if(max(F34:F37)-min(F34:F37)>=2,"G","E"))) | T36: =if(sum(G34:G37)=0,"",if(and(max(G34:G37)=7, min(G34:G37)=6),"G",if(max(G34:G37)-min(G34:G37)>=2,"G","E"))) | U36: =if(sum(H34:H37)=0,"",if(and(max(H34:H37)=7, min(H34:H37)=6),"G",if(max(H34:H37)-min(H34:H37)>=2,"G","E"))) | V36: =if(sum(F34:F37)=0,0,if(max(F34:F37)=F36,1,0)+if(max(G34:G37)=G36,1,0)+if(max(H34:H37)=H36,1,0)) -> 0 | W36: Diff of 2 or tie breaker | AA36: =if(M36<>"","W" & vlookup(B36,B$122:E$133,4,false),"D" & vlookup(B36,B78:E109,4,false)) -> #N/A | AQ36: =K36 -> 9 | AR36: =P36 -> 0 | AS36: =counta(B36) -> 0
A37: 9 | I37: =sum(F37:H37) -> 0 | J37: =if(sum(F34:F37)=0,0,if(max(F34:F37)=F37,1,0)+if(max(G34:G37)=G37,1,0)+if(max(H34:H37)=H37,1,0)) -> 0 | K37: =A37 -> 9 | M37: =IF(AND(A37<>0, OR(VALUE(A37)=VALUE($Y$64), VALUE(A37)=VALUE($Y$65), VALUE(A37)=VALUE($Y$66))), "X", "") | N37: =iferror(VLOOKUP(B37,Data!B$132:C$206,2,false),"") | P37: =countif(Z$73:Z$79,B37) -> 0 | S37: =IF(COUNTIF(S34:S36, "") = 3, "", IF(COUNTIF(S34:S36, "G") = 3, "G", "E")) | T37: =IF(COUNTIF(T34:T36, "") = 3, "", IF(COUNTIF(T34:T36, "G") = 3, "G", "E")) | U37: =IF(COUNTIF(U34:U36, "") = 3, "", IF(COUNTIF(U34:U36, "G") = 3, "G", "E")) | V37: =if(sum(F34:F37)=0,0,if(max(F34:F37)=F37,1,0)+if(max(G34:G37)=G37,1,0)+if(max(H34:H37)=H37,1,0)) -> 0 | AA37: =if(M37<>"","W" & vlookup(B37,B$122:E$133,4,false),"D" & vlookup(B37,B79:E110,4,false)) -> #N/A | AQ37: =K37 -> 9 | AR37: =P37 -> 0 | AS37: =counta(B37) -> 0
A38: 10 | I38: =sum(F38:H38) -> 0 | J38: =if(sum(F38:F41)=0,0,if(max(F38:F41)=F38,1,0)+if(max(G38:G41)=G38,1,0)+if(max(H38:H41)=H38,1,0)) -> 0 | K38: =A38 -> 10 | M38: =IF(AND(A38<>0, OR(VALUE(A38)=VALUE($Y$64), VALUE(A38)=VALUE($Y$65), VALUE(A38)=VALUE($Y$66))), "X", "") | N38: =iferror(VLOOKUP(B38,Data!B$132:C$206,2,false),"") | O38: =sum(N38:N41) -> 0 | P38: =countif(Z$73:Z$79,B38) -> 0 | Q38: =sum(P38:P41) -> 0 | S38: =if(sum(F38:F41)=0,"",if(or(max(F38:F41)=6, max(F38:F41)=7),"G","E")) | T38: =if(sum(G38:G41)=0,"",if(or(max(G38:G41)=6, max(G38:G41)=7),"G","E")) | U38: =if(sum(H38:H41)=0,"",if(or(max(H38:H41)=6, max(H38:H41)=7),"G","E")) | V38: =if(sum(F38:F41)=0,0,if(max(F38:F41)=F38,1,0)+if(max(G38:G41)=G38,1,0)+if(max(H38:H41)=H38,1,0)) -> 0 | W38: Max=6/7 | AA38: =if(M38<>"","W" & vlookup(B38,B$122:E$133,4,false),"D" & vlookup(B38,B80:E111,4,false)) -> #N/A | AQ38: =K38 -> 10 | AR38: =P38 -> 0 | AS38: =counta(B38) -> 0
A39: 10 | I39: =sum(F39:H39) -> 0 | J39: =if(sum(F38:F41)=0,0,if(max(F38:F41)=F39,1,0)+if(max(G38:G41)=G39,1,0)+if(max(H38:H41)=H39,1,0)) -> 0 | K39: =A39 -> 10 | M39: =IF(AND(A39<>0, OR(VALUE(A39)=VALUE($Y$64), VALUE(A39)=VALUE($Y$65), VALUE(A39)=VALUE($Y$66))), "X", "") | N39: =iferror(VLOOKUP(B39,Data!B$132:C$206,2,false),"") | P39: =countif(Z$73:Z$79,B39) -> 0 | S39: =if(sum(F38:F41)=0,"",if(SUMPRODUCT(1/COUNTIF(F38:F41, F38:F41))=2,"G","E")) | T39: =if(sum(G38:G41)=0,"",if(SUMPRODUCT(1/COUNTIF(G38:G41, G38:G41))=2,"G","E")) | U39: =if(sum(H38:H41)=0,"",if(SUMPRODUCT(1/COUNTIF(H38:H41, H38:H41))=2,"G","E")) | V39: =if(sum(F38:F41)=0,0,if(max(F38:F41)=F39,1,0)+if(max(G38:G41)=G39,1,0)+if(max(H38:H41)=H39,1,0)) -> 0 | W39: two equal scores | AA39: =if(M39<>"","W" & vlookup(B39,B$122:E$133,4,false),"D" & vlookup(B39,B81:E112,4,false)) -> #N/A | AQ39: =K39 -> 10 | AR39: =P39 -> 0 | AS39: =counta(B39) -> 0
A40: 10 | I40: =sum(F40:H40) -> 0 | J40: =if(sum(F38:F41)=0,0,if(max(F38:F41)=F40,1,0)+if(max(G38:G41)=G40,1,0)+if(max(H38:H41)=H40,1,0)) -> 0 | K40: =A40 -> 10 | M40: =IF(AND(A40<>0, OR(VALUE(A40)=VALUE($Y$64), VALUE(A40)=VALUE($Y$65), VALUE(A40)=VALUE($Y$66))), "X", "") | N40: =iferror(VLOOKUP(B40,Data!B$132:C$206,2,false),"") | P40: =countif(Z$73:Z$79,B40) -> 0 | S40: =if(sum(F38:F41)=0,"",if(and(max(F38:F41)=7, min(F38:F41)=6),"G",if(max(F38:F41)-min(F38:F41)>=2,"G","E"))) | T40: =if(sum(G38:G41)=0,"",if(and(max(G38:G41)=7, min(G38:G41)=6),"G",if(max(G38:G41)-min(G38:G41)>=2,"G","E"))) | U40: =if(sum(H38:H41)=0,"",if(and(max(H38:H41)=7, min(H38:H41)=6),"G",if(max(H38:H41)-min(H38:H41)>=2,"G","E"))) | V40: =if(sum(F38:F41)=0,0,if(max(F38:F41)=F40,1,0)+if(max(G38:G41)=G40,1,0)+if(max(H38:H41)=H40,1,0)) -> 0 | W40: Diff of 2 or tie breaker | AA40: =if(M40<>"","W" & vlookup(B40,B$122:E$133,4,false),"D" & vlookup(B40,B82:E113,4,false)) -> #N/A | AQ40: =K40 -> 10 | AR40: =P40 -> 0 | AS40: =counta(B40) -> 0
A41: 10 | I41: =sum(F41:H41) -> 0 | J41: =if(sum(F38:F41)=0,0,if(max(F38:F41)=F41,1,0)+if(max(G38:G41)=G41,1,0)+if(max(H38:H41)=H41,1,0)) -> 0 | K41: =A41 -> 10 | M41: =IF(AND(A41<>0, OR(VALUE(A41)=VALUE($Y$64), VALUE(A41)=VALUE($Y$65), VALUE(A41)=VALUE($Y$66))), "X", "") | N41: =iferror(VLOOKUP(B41,Data!B$132:C$206,2,false),"") | P41: =countif(Z$73:Z$79,B41) -> 0 | S41: =IF(COUNTIF(S38:S40, "") = 3, "", IF(COUNTIF(S38:S40, "G") = 3, "G", "E")) | T41: =IF(COUNTIF(T38:T40, "") = 3, "", IF(COUNTIF(T38:T40, "G") = 3, "G", "E")) | U41: =IF(COUNTIF(U38:U40, "") = 3, "", IF(COUNTIF(U38:U40, "G") = 3, "G", "E")) | V41: =if(sum(F38:F41)=0,0,if(max(F38:F41)=F41,1,0)+if(max(G38:G41)=G41,1,0)+if(max(H38:H41)=H41,1,0)) -> 0 | AA41: =if(M41<>"","W" & vlookup(B41,B$122:E$133,4,false),"D" & vlookup(B41,B83:E114,4,false)) -> #N/A | AQ41: =K41 -> 10 | AR41: =P41 -> 0 | AS41: =counta(B41) -> 0
A42: 11 | I42: =sum(F42:H42) -> 0 | J42: =if(sum(F42:F45)=0,0,if(max(F42:F45)=F42,1,0)+if(max(G42:G45)=G42,1,0)+if(max(H42:H45)=H42,1,0)) -> 0 | K42: =A42 -> 11 | M42: =IF(AND(A42<>0, OR(VALUE(A42)=VALUE($Y$64), VALUE(A42)=VALUE($Y$65), VALUE(A42)=VALUE($Y$66))), "X", "") | N42: =iferror(VLOOKUP(B42,Data!B$132:C$206,2,false),"") | O42: =sum(N42:N45) -> 0 | P42: =countif(Z$73:Z$79,B42) -> 0 | Q42: =sum(P42:P45) -> 0 | S42: =if(sum(F42:F45)=0,"",if(or(max(F42:F45)=6, max(F42:F45)=7),"G","E")) | T42: =if(sum(G42:G45)=0,"",if(or(max(G42:G45)=6, max(G42:G45)=7),"G","E")) | U42: =if(sum(H42:H45)=0,"",if(or(max(H42:H45)=6, max(H42:H45)=7),"G","E")) | V42: =if(sum(F42:F45)=0,0,if(max(F42:F45)=F42,1,0)+if(max(G42:G45)=G42,1,0)+if(max(H42:H45)=H42,1,0)) -> 0 | AA42: =if(M42<>"","W" & vlookup(B42,B$122:E$133,4,false),"D" & vlookup(B42,B84:E115,4,false)) -> #N/A | AQ42: =K42 -> 11 | AR42: =P42 -> 0 | AS42: =counta(B42) -> 0
A43: 11 | I43: =sum(F43:H43) -> 0 | J43: =if(sum(F42:F45)=0,0,if(max(F42:F45)=F43,1,0)+if(max(G42:G45)=G43,1,0)+if(max(H42:H45)=H43,1,0)) -> 0 | K43: =A43 -> 11 | M43: =IF(AND(A43<>0, OR(VALUE(A43)=VALUE($Y$64), VALUE(A43)=VALUE($Y$65), VALUE(A43)=VALUE($Y$66))), "X", "") | N43: =iferror(VLOOKUP(B43,Data!B$132:C$206,2,false),"") | P43: =countif(Z$73:Z$79,B43) -> 0 | S43: =if(sum(F42:F45)=0,"",if(SUMPRODUCT(1/COUNTIF(F42:F45, F42:F45))=2,"G","E")) | T43: =if(sum(G42:G45)=0,"",if(SUMPRODUCT(1/COUNTIF(G42:G45, G42:G45))=2,"G","E")) | U43: =if(sum(H42:H45)=0,"",if(SUMPRODUCT(1/COUNTIF(H42:H45, H42:H45))=2,"G","E")) | V43: =if(sum(F42:F45)=0,0,if(max(F42:F45)=F43,1,0)+if(max(G42:G45)=G43,1,0)+if(max(H42:H45)=H43,1,0)) -> 0 | AA43: =if(M43<>"","W" & vlookup(B43,B$122:E$133,4,false),"D" & vlookup(B43,B85:E116,4,false)) -> #N/A | AQ43: =K43 -> 11 | AR43: =P43 -> 0 | AS43: =counta(B43) -> 0
A44: 11 | I44: =sum(F44:H44) -> 0 | J44: =if(sum(F42:F45)=0,0,if(max(F42:F45)=F44,1,0)+if(max(G42:G45)=G44,1,0)+if(max(H42:H45)=H44,1,0)) -> 0 | K44: =A44 -> 11 | M44: =IF(AND(A44<>0, OR(VALUE(A44)=VALUE($Y$64), VALUE(A44)=VALUE($Y$65), VALUE(A44)=VALUE($Y$66))), "X", "") | N44: =iferror(VLOOKUP(B44,Data!B$132:C$206,2,false),"") | P44: =countif(Z$73:Z$79,B44) -> 0 | S44: =if(sum(F42:F45)=0,"",if(and(max(F42:F45)=7, min(F42:F45)=6),"G",if(max(F42:F45)-min(F42:F45)>=2,"G","E"))) | T44: =if(sum(G42:G45)=0,"",if(and(max(G42:G45)=7, min(G42:G45)=6),"G",if(max(G42:G45)-min(G42:G45)>=2,"G","E"))) | U44: =if(sum(H42:H45)=0,"",if(and(max(H42:H45)=7, min(H42:H45)=6),"G",if(max(H42:H45)-min(H42:H45)>=2,"G","E"))) | V44: =if(sum(F42:F45)=0,0,if(max(F42:F45)=F44,1,0)+if(max(G42:G45)=G44,1,0)+if(max(H42:H45)=H44,1,0)) -> 0 | AA44: =if(M44<>"","W" & vlookup(B44,B$122:E$133,4,false),"D" & vlookup(B44,B86:E117,4,false)) -> #N/A | AQ44: =K44 -> 11 | AR44: =P44 -> 0 | AS44: =counta(B44) -> 0
A45: 11 | I45: =sum(F45:H45) -> 0 | J45: =if(sum(F42:F45)=0,0,if(max(F42:F45)=F45,1,0)+if(max(G42:G45)=G45,1,0)+if(max(H42:H45)=H45,1,0)) -> 0 | K45: =A45 -> 11 | M45: =IF(AND(A45<>0, OR(VALUE(A45)=VALUE($Y$64), VALUE(A45)=VALUE($Y$65), VALUE(A45)=VALUE($Y$66))), "X", "") | N45: =iferror(VLOOKUP(B45,Data!B$132:C$206,2,false),"") | P45: =countif(Z$73:Z$79,B45) -> 0 | S45: =IF(COUNTIF(S42:S44, "") = 3, "", IF(COUNTIF(S42:S44, "G") = 3, "G", "E")) | T45: =IF(COUNTIF(T42:T44, "") = 3, "", IF(COUNTIF(T42:T44, "G") = 3, "G", "E")) | U45: =IF(COUNTIF(U42:U44, "") = 3, "", IF(COUNTIF(U42:U44, "G") = 3, "G", "E")) | V45: =if(sum(F42:F45)=0,0,if(max(F42:F45)=F45,1,0)+if(max(G42:G45)=G45,1,0)+if(max(H42:H45)=H45,1,0)) -> 0 | AA45: =if(M45<>"","W" & vlookup(B45,B$122:E$133,4,false),"D" & vlookup(B45,B87:E118,4,false)) -> #N/A | AQ45: =K45 -> 11 | AR45: =P45 -> 0 | AS45: =counta(B45) -> 0
A46: 12 | I46: =sum(F46:H46) -> 0 | K46: =A46 -> 12 | P46: =countif(Z$73:Z$78,B46) -> 0
A47: 12 | I47: =sum(F47:H47) -> 0 | K47: =A47 -> 12 | P47: =countif(Z$73:Z$78,B47) -> 0
A48: 12 | I48: =sum(F48:H48) -> 0 | K48: =A48 -> 12 | P48: =countif(Z$73:Z$78,B48) -> 0
A49: 12 | I49: =sum(F49:H49) -> 0 | K49: =A49 -> 12 | P49: =countif(Z$73:Z$78,B49) -> 0
A50: 13 | I50: =sum(F50:H50) -> 0 | K50: =A50 -> 13 | P50: =countif(Z$73:Z$78,B50) -> 0
A51: 13 | I51: =sum(F51:H51) -> 0 | K51: =A51 -> 13 | P51: =countif(Z$73:Z$78,B51) -> 0
A52: 13 | I52: =sum(F52:H52) -> 0 | K52: =A52 -> 13 | P52: =countif(Z$73:Z$78,B52) -> 0
A53: 13 | I53: =sum(F53:H53) -> 0 | K53: =A53 -> 13 | P53: =countif(Z$73:Z$78,B53) -> 0
A54: 14 | I54: =sum(F54:H54) -> 0 | K54: =A54 -> 14 | P54: =countif(Z$73:Z$78,B54) -> 0
A55: 14 | I55: =sum(F55:H55) -> 0 | K55: =A55 -> 14 | P55: =countif(Z$73:Z$78,B55) -> 0
A56: 14 | I56: =sum(F56:H56) -> 0 | K56: =A56 -> 14 | P56: =countif(Z$73:Z$78,B56) -> 0
A57: 14 | I57: =sum(F57:H57) -> 0 | K57: =A57 -> 14 | P57: =countif(Z$73:Z$78,B57) -> 0
... A62: 16 | I62: =sum(F62:H62) -> 0 | K62: =A62 -> 16 | P62: =countif(Z$73:Z$78,B62) -> 0
A63: 16 | I63: =sum(F63:H63) -> 0 | K63: =A63 -> 16 | P63: =countif(Z$73:Z$78,B63) -> 0 | X63: WHS Courts | Y63: Court # | Z63: Admin | AC63: =Checkin!O15 -> Playing | AD63: =Checkin!P15 -> 0
A64: 16 | I64: =sum(F64:H64) -> 0 | K64: =A64 -> 16 | P64: =countif(Z$73:Z$78,B64) -> 0 | X64: Admin Court | Y64: {=if(AD63>=9,_xlfn.XLOOKUP("Y", AD73:AD79, AB73:AB79, 0),0)} -> 0 | Z64: {=if(AD63>=9,_xlfn.XLOOKUP("Y", AD73:AD79, Z73:Z79, "No Admin Found"),"WHS Admin not needed")} -> WHS Admin not needed
A65: 16 | I65: =sum(F65:H65) -> 0 | K65: =A65 -> 16 | P65: =countif(Z$73:Z$78,B65) -> 0 | X65: 2nd Court | Y65: {=if(AD63>=10,_xlfn.XLOOKUP(MINIFS(AK73:AK83, AK73:AK83, ">0"), AK73:AK83, AG73:AG83, "None Found"),0)} -> 0
X66: Third Court | Y66: =IFERROR(__xludf.DUMMYFUNCTION("if(AD63=11,XLOOKUP(SMALL(FILTER(AK73:AK83, AK73:AK83 > 0), 2), AK73:AK83, AG73:AG83, ""None Found""),0)"),0.0) -> 0
A69: Diamond Bar High School Courts
A70: 21400 Pathfinder Rd, Diamond Bar, CA 91765 | Z70: Change the order of the admins, if need to play around
A71: Court # | B71: Name of the Player | C71: Games Won | D71: Sets Won
A72: 1 | B72: =IFERROR(__xludf.DUMMYFUNCTION("QUERY(A2:AD45, ""SELECT B, C, D WHERE M IS NULL OR M = ''"", 0)"),"#N/A") -> #N/A | E72: =A72 -> 1 | Z72: Admin | AA72: Playing ? | AB72: Court # | AC72: Admins | AD72: Good for WHS | AG72: Court # | AH72: Admins | AI72: Points | AJ72: Players | AK72: Ranking
A73: 1 | E73: =A73 -> 1 | Z73: Lam Bui | AA73: =if(countif(B$2:B$45,Z73)=0,"N","Y") -> N | AB73: =if(AA73="Y",VLOOKUP(Z73,B$2:K$45,10,false),0) -> 0 | AC73: {=IF(AB73>0, VLOOKUP(AB73, {VALUE($AG$73:$AG$83), $AH$73:$AH$83}, 2, FALSE), 0)} -> 0 | AD73: =if(AC73=1,"Y","N") -> N | AG73: =value(AM73) -> 1 | AH73: =AN73 -> 0 | AI73: =O2 -> 0 | AJ73: =AO73 -> 1 | AK73: =IFERROR(__xludf.DUMMYFUNCTION("IF(AND(AH73=0, AJ73>0), RANK(AI73, FILTER($AI$73:$AI$83, ($AH$73:$AH$83=0)*($AJ$73:$AJ$83>0)), 1) + COUNTIFS($AH$73:AH73, 0, $AJ$73:AJ73, "">0"", $AI$73:AI73, AI73) - 1, """")"),1.0) -> 1
A74: 1 | E74: =A74 -> 1 | Z74: Tom Le | AA74: =if(countif(B$2:B$45,Z74)=0,"N","Y") -> N | AB74: =if(AA74="Y",VLOOKUP(Z74,B$2:K$45,10,false),0) -> 0 | AC74: =if(AB74>0,VLOOKUP(AB74,AG$73:AH$83,2,false),0) -> 0 | AD74: =if(AC74=1,"Y","N") -> N | AG74: =AM74 -> 2 | AH74: =AN74 -> 0 | AI74: =O6 -> 0 | AJ74: =AO74 -> 0 | AK74: =IFERROR(__xludf.DUMMYFUNCTION("IF(AND(AH74=0, AJ74>0), RANK(AI74, FILTER($AI$73:$AI$83, ($AH$73:$AH$83=0)*($AJ$73:$AJ$83>0)), 1) + COUNTIFS($AH$73:AH74, 0, $AJ$73:AJ74, "">0"", $AI$73:AI74, AI74) - 1, """")"),"")
A75: 1 | E75: =A75 -> 1 | Z75: Chinna Ponnaganti | AA75: =if(countif(B$2:B$45,Z75)=0,"N","Y") -> N | AB75: =if(AA75="Y",VLOOKUP(Z75,B$2:K$45,10,false),0) -> 0 | AC75: =if(AB75>0,VLOOKUP(AB75,AG$73:AH$83,2,false),0) -> 0 | AD75: =if(AC75=1,"Y","N") -> N | AG75: =AM75 -> 3 | AH75: =AN75 -> 0 | AI75: =O10 -> 0 | AJ75: =AO75 -> 0 | AK75: =IFERROR(__xludf.DUMMYFUNCTION("IF(AND(AH75=0, AJ75>0), RANK(AI75, FILTER($AI$73:$AI$83, ($AH$73:$AH$83=0)*($AJ$73:$AJ$83>0)), 1) + COUNTIFS($AH$73:AH75, 0, $AJ$73:AJ75, "">0"", $AI$73:AI75, AI75) - 1, """")"),"")
A76: 2 | E76: =A76 -> 2 | Z76: Joe Luzzi | AA76: =if(countif(B$2:B$45,Z76)=0,"N","Y") -> N | AB76: =if(AA76="Y",VLOOKUP(Z76,B$2:K$45,10,false),0) -> 0 | AC76: =if(AB76>0,VLOOKUP(AB76,AG$73:AH$83,2,false),0) -> 0 | AD76: =if(AC76=1,"Y","N") -> N | AG76: =AM76 -> 4 | AH76: =AN76 -> 0 | AI76: =O14 -> 0 | AJ76: =AO76 -> 0 | AK76: =IFERROR(__xludf.DUMMYFUNCTION("IF(AND(AH76=0, AJ76>0), RANK(AI76, FILTER($AI$73:$AI$83, ($AH$73:$AH$83=0)*($AJ$73:$AJ$83>0)), 1) + COUNTIFS($AH$73:AH76, 0, $AJ$73:AJ76, "">0"", $AI$73:AI76, AI76) - 1, """")"),"")
A77: 2 | E77: =A77 -> 2 | Z77: Robert Chang | AA77: =if(countif(B$2:B$45,Z77)=0,"N","Y") -> N | AB77: =if(AA77="Y",VLOOKUP(Z77,B$2:K$45,10,false),0) -> 0 | AC77: =if(AB77>0,VLOOKUP(AB77,AG$73:AH$83,2,false),0) -> 0 | AD77: =if(AC77=1,"Y","N") -> N | AG77: =AM77 -> 5 | AH77: =AN77 -> 0 | AI77: =O18 -> 0 | AJ77: =AO77 -> 0 | AK77: =IFERROR(__xludf.DUMMYFUNCTION("IF(AND(AH77=0, AJ77>0), RANK(AI77, FILTER($AI$73:$AI$83, ($AH$73:$AH$83=0)*($AJ$73:$AJ$83>0)), 1) + COUNTIFS($AH$73:AH77, 0, $AJ$73:AJ77, "">0"", $AI$73:AI77, AI77) - 1, """")"),"")
A78: 2 | E78: =A78 -> 2 | Z78: Sean Chang | AA78: =if(countif(B$2:B$45,Z78)=0,"N","Y") -> N | AB78: =if(AA78="Y",VLOOKUP(Z78,B$2:K$45,10,false),0) -> 0 | AC78: =if(AB78>0,VLOOKUP(AB78,AG$73:AH$83,2,false),0) -> 0 | AD78: =if(AC78=1,"Y","N") -> N | AG78: =AM78 -> 6 | AH78: =AN78 -> 0 | AI78: =O22 -> 0 | AJ78: =AO78 -> 0 | AK78: =IFERROR(__xludf.DUMMYFUNCTION("IF(AND(AH78=0, AJ78>0), RANK(AI78, FILTER($AI$73:$AI$83, ($AH$73:$AH$83=0)*($AJ$73:$AJ$83>0)), 1) + COUNTIFS($AH$73:AH78, 0, $AJ$73:AJ78, "">0"", $AI$73:AI78, AI78) - 1, """")"),"")
A79: 2 | E79: =A79 -> 2 | Z79: Leigh-Anh Nguyen | AA79: =if(countif(B$2:B$45,Z79)=0,"N","Y") -> N | AB79: =if(AA79="Y",VLOOKUP(Z79,B$2:K$45,10,false),0) -> 0 | AC79: =if(AB79>0,VLOOKUP(AB79,AG$73:AH$83,2,false),0) -> 0 | AD79: =if(AC79=1,"Y","N") -> N | AG79: =AM79 -> 7 | AH79: =AN79 -> 0 | AI79: =O26 -> 0 | AJ79: =AO79 -> 0 | AK79: =IFERROR(__xludf.DUMMYFUNCTION("IF(AND(AH79=0, AJ79>0), RANK(AI79, FILTER($AI$73:$AI$83, ($AH$73:$AH$83=0)*($AJ$73:$AJ$83>0)), 1) + COUNTIFS($AH$73:AH79, 0, $AJ$73:AJ79, "">0"", $AI$73:AI79, AI79) - 1, """")"),"")
A80: 3 | E80: =A80 -> 3 | AG80: =AM80 -> 8 | AH80: =AN80 -> 0 | AI80: =O30 -> 0 | AJ80: =AO80 -> 0 | AK80: =IFERROR(__xludf.DUMMYFUNCTION("IF(AND(AH80=0, AJ80>0), RANK(AI80, FILTER($AI$73:$AI$83, ($AH$73:$AH$83=0)*($AJ$73:$AJ$83>0)), 1) + COUNTIFS($AH$73:AH80, 0, $AJ$73:AJ80, "">0"", $AI$73:AI80, AI80) - 1, """")"),"")
A81: 3 | E81: =A81 -> 3 | AG81: =AM81 -> 9 | AH81: =AN81 -> 0 | AI81: =O34 -> 0 | AJ81: =AO81 -> 0 | AK81: =IFERROR(__xludf.DUMMYFUNCTION("IF(AND(AH81=0, AJ81>0), RANK(AI81, FILTER($AI$73:$AI$83, ($AH$73:$AH$83=0)*($AJ$73:$AJ$83>0)), 1) + COUNTIFS($AH$73:AH81, 0, $AJ$73:AJ81, "">0"", $AI$73:AI81, AI81) - 1, """")"),"")
A82: 3 | E82: =A82 -> 3 | AG82: =AM82 -> 10 | AH82: =AN82 -> 0 | AI82: =O38 -> 0 | AJ82: =AO82 -> 0 | AK82: =IFERROR(__xludf.DUMMYFUNCTION("IF(AND(AH82=0, AJ82>0), RANK(AI82, FILTER($AI$73:$AI$83, ($AH$73:$AH$83=0)*($AJ$73:$AJ$83>0)), 1) + COUNTIFS($AH$73:AH82, 0, $AJ$73:AJ82, "">0"", $AI$73:AI82, AI82) - 1, """")"),"")
A83: 3 | E83: =A83 -> 3 | AG83: =AM83 -> 11 | AH83: =AN83 -> 0 | AI83: =O42 -> 0 | AJ83: =AO83 -> 0 | AK83: =IFERROR(__xludf.DUMMYFUNCTION("IF(AND(AH83=0, AJ83>0), RANK(AI83, FILTER($AI$73:$AI$83, ($AH$73:$AH$83=0)*($AJ$73:$AJ$83>0)), 1) + COUNTIFS($AH$73:AH83, 0, $AJ$73:AJ83, "">0"", $AI$73:AI83, AI83) - 1, """")"),"")
A84: 4 | E84: =A84 -> 4
A85: 4 | E85: =A85 -> 4 | Z85: Admin
A86: 4 | E86: =A86 -> 4 | Z86: Chinna Ponnaganti
A87: 4 | E87: =A87 -> 4 | Z87: Tom Le
A88: 5 | E88: =A88 -> 5 | Z88: Lam Bui
A89: 5 | E89: =A89 -> 5 | Z89: Joe Luzzi
A90: 5 | E90: =A90 -> 5 | Z90: Robert Chang
A91: 5 | E91: =A91 -> 5 | Z91: Sean Chang
A92: 6 | E92: =A92 -> 6 | Z92: Leigh-Anh Nguyen
A93: 6 | E93: =A93 -> 6
A94: 6 | E94: =A94 -> 6
A95: 6 | E95: =A95 -> 6
A96: 7 | E96: =A96 -> 7
A97: 7 | E97: =A97 -> 7
A98: 7 | E98: =A98 -> 7
A99: 7 | E99: =A99 -> 7
A100: 8 | E100: =A100 -> 8
A101: 8 | E101: =A101 -> 8
A102: 8 | E102: =A102 -> 8
A103: 8 | E103: =A103 -> 8
A119: Walnut High School Courts
A120: 400 Pierre Rd, Walnut, CA 91789
A121: Court # | B121: Name of the Player | C121: Games Won | D121: Sets Won
...

Sheet Checkin
A1: Name of the Player | B1: Check in | C1: Previous sitouts | E1: Sl.No | F1: Playing(1) | G1: Out(3) | H1: Out-Can Play(4) | I1: To Respond | J1: Sitouts(5) | K1: Playing-Can Sit(2) | L1: Previous sitouts | M1: Sit Outs Needed
A2: =IFERROR(__xludf.DUMMYFUNCTION("IMPORTRANGE(""1uZFF2o7rrfB0YZtASdZnP52Ef50ZinvtOPb1Tbuq8J4"",""CheckIn!C1:D99"")"),"#REF!") -> #REF! | C2: =iferror(VLOOKUP(A2,indirect("'" & "Current" & "'!$B:$T"),19,false),"") | D2: =IF(COUNTIF(A:A, A2) > 1, "Duplicate", "") | E2: 1 | F2: =IFERROR(__xludf.DUMMYFUNCTION("QUERY(A2:B99, ""Select A where B = 1 order by A"")"),"#N/A") -> #N/A | G2: =IFERROR(__xludf.DUMMYFUNCTION("QUERY($A2:$B99, ""Select A where B = 3 order by A"")"),"#N/A") -> #N/A | H2: =IFERROR(__xludf.DUMMYFUNCTION("IFERROR(QUERY($A2:$B99, ""Select A where B = 4""),"""")"),"") | I2: =IFERROR(__xludf.DUMMYFUNCTION("IFERROR(QUERY(Current!B5:F79, ""Select B where F = 0 order by B""), """")"),"Adrian Tay") -> Adrian Tay | J2: =IFERROR(__xludf.DUMMYFUNCTION("iferror(QUERY($A2:$C99, ""Select A where B = 5 order by C""),"""")"),"") | K2: =IFERROR(__xludf.DUMMYFUNCTION("iferror(QUERY($A2:$C99, ""Select A,C where B = 2 order by C""),"""")"),"") | M2: =if(P21>0,1,"")
C3: =iferror(VLOOKUP(A3,indirect("'" & "Current" & "'!$B:$T"),19,false),"") | D3: =IF(COUNTIF(A:A, A3) > 1, "Duplicate", "") | E3: =E2+1 -> 2 | I3: =IFERROR(__xludf.DUMMYFUNCTION("""COMPUTED_VALUE"""),"Alejandro Mejia") -> Alejandro Mejia | M3: =if(M2="","",if(P$21>M2,M2+1,""))
C4: =iferror(VLOOKUP(A4,indirect("'" & "Current" & "'!$B:$T"),19,false),"") | D4: =IF(COUNTIF(A:A, A4) > 1, "Duplicate", "") | E4: =E3+1 -> 3 | I4: =IFERROR(__xludf.DUMMYFUNCTION("""COMPUTED_VALUE"""),"Alex Hou") -> Alex Hou | M4: =if(M3="","",if(P$21>M3,M3+1,"")) | R4: Whatsapp Message
C5: =iferror(VLOOKUP(A5,indirect("'" & "Current" & "'!$B:$T"),19,false),"") | D5: =IF(COUNTIF(A:A, A5) > 1, "Duplicate", "") | E5: =E4+1 -> 4 | I5: =IFERROR(__xludf.DUMMYFUNCTION("""COMPUTED_VALUE"""),"Allen Zhang") -> Allen Zhang | M5: =if(M4="","",if(P$21>M4,M4+1,""))
C6: =iferror(VLOOKUP(A6,indirect("'" & "Current" & "'!$B:$T"),19,false),"") | D6: =IF(COUNTIF(A:A, A6) > 1, "Duplicate", "") | E6: =E5+1 -> 5 | I6: =IFERROR(__xludf.DUMMYFUNCTION("""COMPUTED_VALUE"""),"Andrew Wen") -> Andrew Wen | M6: =if(M5="","",if(P$21>M5,M5+1,"")) | O6: Playing | P6: =COUNTIF(F2:F99, "?*") -> 0 | R6: =CONCATENATE( "*",P$14," Courts Full*") -> *0 Courts Full*
C7: =iferror(VLOOKUP(A7,indirect("'" & "Current" & "'!$B:$T"),19,false),"") | D7: =IF(COUNTIF(A:A, A7) > 1, "Duplicate", "") | E7: =E6+1 -> 6 | I7: =IFERROR(__xludf.DUMMYFUNCTION("""COMPUTED_VALUE"""),"Andrew Yao") -> Andrew Yao | M7: =if(M6="","",if(P$21>M6,M6+1,"")) | O7: Playing-Can Sit | P7: =COUNTIF(K2:K99, "?*") -> 0 | R7: =CONCATENATE(O$15," --- ",P$15) -> Playing --- 0
C8: =iferror(VLOOKUP(A8,indirect("'" & "Current" & "'!$B:$T"),19,false),"") | D8: =IF(COUNTIF(A:A, A8) > 1, "Duplicate", "") | E8: =E7+1 -> 7 | I8: =IFERROR(__xludf.DUMMYFUNCTION("""COMPUTED_VALUE"""),"Art Hui") -> Art Hui | M8: =if(M7="","",if(P$21>M7,M7+1,"")) | O8: Out/Can Play | P8: =COUNTIF(H2:H99, "?*") -> 0 | R8: =CONCATENATE(O$17," ------ ",P$17) -> Out ------ 0
C9: =iferror(VLOOKUP(A9,indirect("'" & "Current" & "'!$B:$T"),19,false),"") | D9: =IF(COUNTIF(A:A, A9) > 1, "Duplicate", "") | E9: =E8+1 -> 8 | I9: =IFERROR(__xludf.DUMMYFUNCTION("""COMPUTED_VALUE"""),"Balaji Alahari") -> Balaji Alahari | M9: =if(M8="","",if(P$21>M8,M8+1,"")) | O9: Out | P9: =COUNTIF(G2:G99, "?*") -> 0 | R9: =CONCATENATE(O$18," ------ ",P$18) -> TBD ------ 75
C10: =iferror(VLOOKUP(A10,indirect("'" & "Current" & "'!$B:$T"),19,false),"") | D10: =IF(COUNTIF(A:A, A10) > 1, "Duplicate", "") | E10: =E9+1 -> 9 | I10: =IFERROR(__xludf.DUMMYFUNCTION("""COMPUTED_VALUE"""),"Barathi Sundaram") -> Barathi Sundaram | M10: =if(M9="","",if(P$21>M9,M9+1,"")) | O10: Sitouts | P10: =COUNTIF(J2:J99, "?*") -> 0 | R10: =CONCATENATE(O$19," ------ ",P$19) -> Total ------ 75
C11: =iferror(VLOOKUP(A11,indirect("'" & "Current" & "'!$B:$T"),19,false),"") | D11: =IF(COUNTIF(A:A, A11) > 1, "Duplicate", "") | E11: =E10+1 -> 10 | I11: =IFERROR(__xludf.DUMMYFUNCTION("""COMPUTED_VALUE"""),"Basudev Thoppai Vidyasankar") -> Basudev Thoppai Vidyasankar | M11: =if(M10="","",if(P$21>M10,M10+1,"")) | O11: TBD | P11: =COUNTIF(I2:I99, "?*") -> 75 | R11: =CONCATENATE(O$16," ---- ",P$16) -> Sitouts Required ---- 0
C12: =iferror(VLOOKUP(A12,indirect("'" & "Current" & "'!$B:$T"),19,false),"") | D12: =IF(COUNTIF(A:A, A12) > 1, "Duplicate", "") | E12: =E11+1 -> 11 | I12: =IFERROR(__xludf.DUMMYFUNCTION("""COMPUTED_VALUE"""),"Camille Jung") -> Camille Jung | M12: =if(M11="","",if(P$21>M11,M11+1,"")) | O12: Total | P12: =sum(P6:P11) -> 75 | R12: =CONCATENATE(O$7," ---- ",P$7) -> Playing-Can Sit ---- 0
C13: =iferror(VLOOKUP(A13,indirect("'" & "Current" & "'!$B:$T"),19,false),"") | D13: =IF(COUNTIF(A:A, A13) > 1, "Duplicate", "") | E13: =E12+1 -> 12 | I13: =IFERROR(__xludf.DUMMYFUNCTION("""COMPUTED_VALUE"""),"Charles Choi") -> Charles Choi | M13: =if(M12="","",if(P$21>M12,M12+1,"")) | R13: =IF(AND(MOD(NOW(),1) >= S13, P7>=P21), "*We have enough Sitouts*", IF(MOD(NOW(),1) >= S13, "*We need more sitouts*", "")) -> *We have enough Sitouts* | S13: 0.45138889
C14: =iferror(VLOOKUP(A14,indirect("'" & "Current" & "'!$B:$T"),19,false),"") | D14: =IF(COUNTIF(A:A, A14) > 1, "Duplicate", "") | E14: =E13+1 -> 13 | I14: =IFERROR(__xludf.DUMMYFUNCTION("""COMPUTED_VALUE"""),"Chinna Ponnaganti") -> Chinna Ponnaganti | M14: =if(M13="","",if(P$21>M13,M13+1,"")) | O14: Courts Full | P14: =if(rounddown(P15/4,0)>8,8,rounddown(P15/4,0)) -> 0
C15: =iferror(VLOOKUP(A15,indirect("'" & "Current" & "'!$B:$T"),19,false),"") | D15: =IF(COUNTIF(A:A, A15) > 1, "Duplicate", "") | E15: =E14+1 -> 14 | I15: =IFERROR(__xludf.DUMMYFUNCTION("""COMPUTED_VALUE"""),"Cid Macaraeg") -> Cid Macaraeg | M15: =if(M14="","",if(P$21>M14,M14+1,"")) | O15: Playing | P15: =P6+P7 -> 0
C16: =iferror(VLOOKUP(A16,indirect("'" & "Current" & "'!$B:$T"),19,false),"") | D16: =IF(COUNTIF(A:A, A16) > 1, "Duplicate", "") | E16: =E15+1 -> 15 | I16: =IFERROR(__xludf.DUMMYFUNCTION("""COMPUTED_VALUE"""),"Coco Yan") -> Coco Yan | M16: =if(M15="","",if(P$21>M15,M15+1,"")) | O16: Sitouts Required | P16: =P21 -> 0 | R16: End of Season
C17: =iferror(VLOOKUP(A17,indirect("'" & "Current" & "'!$B:$T"),19,false),"") | D17: =IF(COUNTIF(A:A, A17) > 1, "Duplicate", "") | E17: =E16+1 -> 16 | I17: =IFERROR(__xludf.DUMMYFUNCTION("""COMPUTED_VALUE"""),"Darren Wong") -> Darren Wong | M17: =if(M16="","",if(P$21>M16,M16+1,"")) | O17: Out | P17: =P9+P8+P10 -> 0 | R17: 46382
C18: =iferror(VLOOKUP(A18,indirect("'" & "Current" & "'!$B:$T"),19,false),"") | D18: =IF(COUNTIF(A:A, A18) > 1, "Duplicate", "") | E18: =E17+1 -> 17 | I18: =IFERROR(__xludf.DUMMYFUNCTION("""COMPUTED_VALUE"""),"David Shin") -> David Shin | M18: =if(M17="","",if(P$21>M17,M17+1,"")) | O18: TBD | P18: =P11 -> 75
C19: =iferror(VLOOKUP(A19,indirect("'" & "Current" & "'!$B:$T"),19,false),"") | D19: =IF(COUNTIF(A:A, A19) > 1, "Duplicate", "") | E19: =E18+1 -> 18 | I19: =IFERROR(__xludf.DUMMYFUNCTION("""COMPUTED_VALUE"""),"Elayaraja Thangaraj") -> Elayaraja Thangaraj | M19: =if(M18="","",if(P$21>M18,M18+1,"")) | O19: Total | P19: =P15+P17+P18 -> 75 | Q19: =if(P19>75,"Check duplicates","") | R19: Next UTC
C20: =iferror(VLOOKUP(A20,indirect("'" & "Current" & "'!$B:$T"),19,false),"") | D20: =IF(COUNTIF(A:A, A20) > 1, "Duplicate", "") | E20: =E19+1 -> 19 | I20: =IFERROR(__xludf.DUMMYFUNCTION("""COMPUTED_VALUE"""),"Eric Pan") -> Eric Pan | M20: =if(M19="","",if(P$21>M19,M19+1,"")) | R20: =Current!C1+7 -> 46207
C21: =iferror(VLOOKUP(A21,indirect("'" & "Current" & "'!$B:$T"),19,false),"") | D21: =IF(COUNTIF(A:A, A21) > 1, "Duplicate", "") | E21: =E20+1 -> 20 | I21: =IFERROR(__xludf.DUMMYFUNCTION("""COMPUTED_VALUE"""),"Eric Tan") -> Eric Tan | M21: =if(M20="","",if(P$21>M20,M20+1,"")) | O21: Sitouts Required | P21: =max(mod(sum(P6:P7),4),sum(P6:P7)-32) -> 0
C22: =iferror(VLOOKUP(A22,indirect("'" & "Current" & "'!$B:$T"),19,false),"") | D22: =IF(COUNTIF(A:A, A22) > 1, "Duplicate", "") | E22: =E21+1 -> 21 | I22: =IFERROR(__xludf.DUMMYFUNCTION("""COMPUTED_VALUE"""),"Erik Hoeckmann") -> Erik Hoeckmann | M22: =if(M21="","",if(P$21>M21,M21+1,""))
C23: =iferror(VLOOKUP(A23,indirect("'" & "Current" & "'!$B:$T"),19,false),"") | D23: =IF(COUNTIF(A:A, A23) > 1, "Duplicate", "") | E23: =E22+1 -> 22 | I23: =IFERROR(__xludf.DUMMYFUNCTION("""COMPUTED_VALUE"""),"Ethan Gu") -> Ethan Gu | M23: =if(M22="","",if(P$21>M22,M22+1,"")) | O23: Vacations
C24: =iferror(VLOOKUP(A24,indirect("'" & "Current" & "'!$B:$T"),19,false),"") | D24: =IF(COUNTIF(A:A, A24) > 1, "Duplicate", "") | E24: =E23+1 -> 23 | I24: =IFERROR(__xludf.DUMMYFUNCTION("""COMPUTED_VALUE"""),"Frank Moon") -> Frank Moon | M24: =if(M23="","",if(P$21>M23,M23+1,"")) | O24: Player | P24: Login | Q24: From | R24: To | S24: Vacation Valid ? | T24: Checked-In ?
C25: =iferror(VLOOKUP(A25,indirect("'" & "Current" & "'!$B:$T"),19,false),"") | E25: =E24+1 -> 24 | I25: =IFERROR(__xludf.DUMMYFUNCTION("""COMPUTED_VALUE"""),"Herman Au") -> Herman Au | M25: =if(M24="","",if(P$21>M24,M24+1,"")) | O25: =IFERROR(__xludf.DUMMYFUNCTION("Query(IMPORTRANGE(""1uZFF2o7rrfB0YZtASdZnP52Ef50ZinvtOPb1Tbuq8J4"",""Vacations!B2:E9999""),""Select Col1,Col2, Col3, Col4 where Col3 <= date '"" &TEXT(R20, ""YYYY-MM-DD"")& ""' and Col4 >= date '"" &TEXT(R20, ""YYYY-MM-DD"")& ""' "")"),"#REF!") -> #REF! | S25: =if(isblank(O25),"",if(AND($R$20 >= Q25, $R$20 <= R25),"Yes","No")) -> No | T25: =if(isblank(O25),"",if(isna(vlookup(O25,A$2:A$76,1,false)),"No","Yes")) -> Yes
C26: =iferror(VLOOKUP(A26,indirect("'" & "Current" & "'!$B:$T"),19,false),"") | E26: =E25+1 -> 25 | I26: =IFERROR(__xludf.DUMMYFUNCTION("""COMPUTED_VALUE"""),"Hongyuan Wen") -> Hongyuan Wen | M26: =if(M25="","",if(P$21>M25,M25+1,"")) | S26: =if(isblank(O26),"",if(AND($R$20 >= Q26, $R$20 <= R26),"Yes","No")) | T26: =if(isblank(O26),"",if(isna(vlookup(O26,A$2:A$76,1,false)),"No","Yes"))
C27: =iferror(VLOOKUP(A27,indirect("'" & "Current" & "'!$B:$T"),19,false),"") | D27: =IF(COUNTIF(A:A, A27) > 1, "Duplicate", "") | E27: =E26+1 -> 26 | I27: =IFERROR(__xludf.DUMMYFUNCTION("""COMPUTED_VALUE"""),"Hubert J Sung") -> Hubert J Sung | M27: =if(M26="","",if(P$21>M26,M26+1,"")) | S27: =if(isblank(O27),"",if(AND($R$20 >= Q27, $R$20 <= R27),"Yes","No")) | T27: =if(isblank(O27),"",if(isna(vlookup(O27,A$2:A$76,1,false)),"No","Yes"))
C28: =iferror(VLOOKUP(A28,indirect("'" & "Current" & "'!$B:$T"),19,false),"") | D28: =IF(COUNTIF(A:A, A28) > 1, "Duplicate", "") | E28: =E27+1 -> 27 | I28: =IFERROR(__xludf.DUMMYFUNCTION("""COMPUTED_VALUE"""),"James Phan") -> James Phan | M28: =if(M27="","",if(P$21>M27,M27+1,"")) | S28: =if(isblank(O28),"",if(AND($R$20 >= Q28, $R$20 <= R28),"Yes","No")) | T28: =if(isblank(O28),"",if(isna(vlookup(O28,A$2:A$76,1,false)),"No","Yes"))
C29: =iferror(VLOOKUP(A29,indirect("'" & "Current" & "'!$B:$T"),19,false),"") | D29: =IF(COUNTIF(A:A, A29) > 1, "Duplicate", "") | E29: =E28+1 -> 28 | I29: =IFERROR(__xludf.DUMMYFUNCTION("""COMPUTED_VALUE"""),"Jaya Sogata") -> Jaya Sogata | S29: =if(isblank(O29),"",if(AND($R$20 >= Q29, $R$20 <= R29),"Yes","No")) | T29: =if(isblank(O29),"",if(isna(vlookup(O29,A$2:A$76,1,false)),"No","Yes"))
C30: =iferror(VLOOKUP(A30,indirect("'" & "Current" & "'!$B:$T"),19,false),"") | D30: =IF(COUNTIF(A:A, A30) > 1, "Duplicate", "") | E30: =E29+1 -> 29 | I30: =IFERROR(__xludf.DUMMYFUNCTION("""COMPUTED_VALUE"""),"Jim Miao") -> Jim Miao | S30: =if(isblank(O30),"",if(AND($R$20 >= Q30, $R$20 <= R30),"Yes","No")) | T30: =if(isblank(O30),"",if(isna(vlookup(O30,A$2:A$76,1,false)),"No","Yes"))
C31: =iferror(VLOOKUP(A31,indirect("'" & "Current" & "'!$B:$T"),19,false),"") | D31: =IF(COUNTIF(A:A, A31) > 1, "Duplicate", "") | E31: =E30+1 -> 30 | I31: =IFERROR(__xludf.DUMMYFUNCTION("""COMPUTED_VALUE"""),"Jimmy Awolesi") -> Jimmy Awolesi | S31: =if(isblank(O31),"",if(AND($R$20 >= Q31, $R$20 <= R31),"Yes","No")) | T31: =if(isblank(O31),"",if(isna(vlookup(O31,A$2:A$76,1,false)),"No","Yes"))
C32: =iferror(VLOOKUP(A32,indirect("'" & "Current" & "'!$B:$T"),19,false),"") | D32: =IF(COUNTIF(A:A, A32) > 1, "Duplicate", "") | E32: =E31+1 -> 31 | I32: =IFERROR(__xludf.DUMMYFUNCTION("""COMPUTED_VALUE"""),"Joe Luzzi") -> Joe Luzzi | S32: =if(isblank(O32),"",if(AND($R$20 >= Q32, $R$20 <= R32),"Yes","No")) | T32: =if(isblank(O32),"",if(isna(vlookup(O32,A$2:A$76,1,false)),"No","Yes"))
C33: =iferror(VLOOKUP(A33,indirect("'" & "Current" & "'!$B:$T"),19,false),"") | D33: =IF(COUNTIF(A:A, A33) > 1, "Duplicate", "") | E33: =E32+1 -> 32 | I33: =IFERROR(__xludf.DUMMYFUNCTION("""COMPUTED_VALUE"""),"Jonathan Phan") -> Jonathan Phan | S33: =if(isblank(O33),"",if(AND($R$20 >= Q33, $R$20 <= R33),"Yes","No")) | T33: =if(isblank(O33),"",if(isna(vlookup(O33,A$2:A$76,1,false)),"No","Yes"))
C34: =iferror(VLOOKUP(A34,indirect("'" & "Current" & "'!$B:$T"),19,false),"") | D34: =IF(COUNTIF(A:A, A34) > 1, "Duplicate", "") | E34: =E33+1 -> 33 | I34: =IFERROR(__xludf.DUMMYFUNCTION("""COMPUTED_VALUE"""),"Jordan Tatang") -> Jordan Tatang | S34: =if(isblank(O34),"",if(AND($R$20 >= Q34, $R$20 <= R34),"Yes","No")) | T34: =if(isblank(O34),"",if(isna(vlookup(O34,A$2:A$76,1,false)),"No","Yes"))
C35: =iferror(VLOOKUP(A35,indirect("'" & "Current" & "'!$B:$T"),19,false),"") | D35: =IF(COUNTIF(A:A, A35) > 1, "Duplicate", "") | E35: =E34+1 -> 34 | I35: =IFERROR(__xludf.DUMMYFUNCTION("""COMPUTED_VALUE"""),"Joyce Zhu") -> Joyce Zhu | S35: =if(isblank(O35),"",if(AND($R$20 >= Q35, $R$20 <= R35),"Yes","No")) | T35: =if(isblank(O35),"",if(isna(vlookup(O35,A$2:A$76,1,false)),"No","Yes"))
C36: =iferror(VLOOKUP(A36,indirect("'" & "Current" & "'!$B:$T"),19,false),"") | D36: =IF(COUNTIF(A:A, A36) > 1, "Duplicate", "") | E36: =E35+1 -> 35 | I36: =IFERROR(__xludf.DUMMYFUNCTION("""COMPUTED_VALUE"""),"Kumar Palakeel") -> Kumar Palakeel | S36: =if(isblank(O36),"",if(AND($R$20 >= Q36, $R$20 <= R36),"Yes","No")) | T36: =if(isblank(O36),"",if(isna(vlookup(O36,A$2:A$76,1,false)),"No","Yes"))
C37: =iferror(VLOOKUP(A37,indirect("'" & "Current" & "'!$B:$T"),19,false),"") | D37: =IF(COUNTIF(A:A, A37) > 1, "Duplicate", "") | E37: =E36+1 -> 36 | I37: =IFERROR(__xludf.DUMMYFUNCTION("""COMPUTED_VALUE"""),"Lam Bui") -> Lam Bui | S37: =if(isblank(O37),"",if(AND($R$20 >= Q37, $R$20 <= R37),"Yes","No")) | T37: =if(isblank(O37),"",if(isna(vlookup(O37,A$2:A$76,1,false)),"No","Yes"))
C38: =iferror(VLOOKUP(A38,indirect("'" & "Current" & "'!$B:$T"),19,false),"") | D38: =IF(COUNTIF(A:A, A38) > 1, "Duplicate", "") | E38: =E37+1 -> 37 | I38: =IFERROR(__xludf.DUMMYFUNCTION("""COMPUTED_VALUE"""),"Leigh-Anh Nguyen") -> Leigh-Anh Nguyen | S38: =if(isblank(O38),"",if(AND($R$20 >= Q38, $R$20 <= R38),"Yes","No")) | T38: =if(isblank(O38),"",if(isna(vlookup(O38,A$2:A$76,1,false)),"No","Yes"))
C39: =iferror(VLOOKUP(A39,indirect("'" & "Current" & "'!$B:$T"),19,false),"") | D39: =IF(COUNTIF(A:A, A39) > 1, "Duplicate", "") | E39: =E38+1 -> 38 | I39: =IFERROR(__xludf.DUMMYFUNCTION("""COMPUTED_VALUE"""),"Lenin Belangonda ") -> Lenin Belangonda | S39: =if(isblank(O39),"",if(AND($R$20 >= Q39, $R$20 <= R39),"Yes","No")) | T39: =if(isblank(O39),"",if(isna(vlookup(O39,A$2:A$76,1,false)),"No","Yes"))
C40: =iferror(VLOOKUP(A40,indirect("'" & "Current" & "'!$B:$T"),19,false),"") | D40: =IF(COUNTIF(A:A, A40) > 1, "Duplicate", "") | E40: =E39+1 -> 39 | I40: =IFERROR(__xludf.DUMMYFUNCTION("""COMPUTED_VALUE"""),"Lloyd Sagar") -> Lloyd Sagar | S40: =if(isblank(O40),"",if(AND($R$20 >= Q40, $R$20 <= R40),"Yes","No")) | T40: =if(isblank(O40),"",if(isna(vlookup(O40,A$2:A$76,1,false)),"No","Yes"))
C41: =iferror(VLOOKUP(A41,indirect("'" & "Current" & "'!$B:$T"),19,false),"") | D41: =IF(COUNTIF(A:A, A41) > 1, "Duplicate", "") | E41: =E40+1 -> 40 | I41: =IFERROR(__xludf.DUMMYFUNCTION("""COMPUTED_VALUE"""),"Luis Hsu") -> Luis Hsu | S41: =if(isblank(O41),"",if(AND($R$20 >= Q41, $R$20 <= R41),"Yes","No")) | T41: =if(isblank(O41),"",if(isna(vlookup(O41,A$2:A$76,1,false)),"No","Yes"))
C42: =iferror(VLOOKUP(A42,indirect("'" & "Current" & "'!$B:$T"),19,false),"") | D42: =IF(COUNTIF(A:A, A42) > 1, "Duplicate", "") | E42: =E41+1 -> 41 | I42: =IFERROR(__xludf.DUMMYFUNCTION("""COMPUTED_VALUE"""),"Manish Anand") -> Manish Anand | S42: =if(isblank(O42),"",if(AND($R$20 >= Q42, $R$20 <= R42),"Yes","No")) | T42: =if(isblank(O42),"",if(isna(vlookup(O42,A$2:A$76,1,false)),"No","Yes"))
C43: =iferror(VLOOKUP(A43,indirect("'" & "Current" & "'!$B:$T"),19,false),"") | D43: =IF(COUNTIF(A:A, A43) > 1, "Duplicate", "") | E43: =E42+1 -> 42 | I43: =IFERROR(__xludf.DUMMYFUNCTION("""COMPUTED_VALUE"""),"Manuel Rivera") -> Manuel Rivera | S43: =if(isblank(O43),"",if(AND($R$20 >= Q43, $R$20 <= R43),"Yes","No")) | T43: =if(isblank(O43),"",if(isna(vlookup(O43,A$2:A$76,1,false)),"No","Yes"))
C44: =iferror(VLOOKUP(A44,indirect("'" & "Current" & "'!$B:$T"),19,false),"") | D44: =IF(COUNTIF(A:A, A44) > 1, "Duplicate", "") | E44: =E43+1 -> 43 | I44: =IFERROR(__xludf.DUMMYFUNCTION("""COMPUTED_VALUE"""),"Matthew Huang") -> Matthew Huang | S44: =if(isblank(O44),"",if(AND($R$20 >= Q44, $R$20 <= R44),"Yes","No")) | T44: =if(isblank(O44),"",if(isna(vlookup(O44,A$2:A$76,1,false)),"No","Yes"))
C45: =iferror(VLOOKUP(A45,indirect("'" & "Current" & "'!$B:$T"),19,false),"") | D45: =IF(COUNTIF(A:A, A45) > 1, "Duplicate", "") | E45: =E44+1 -> 44 | I45: =IFERROR(__xludf.DUMMYFUNCTION("""COMPUTED_VALUE"""),"Mauricio Palacios") -> Mauricio Palacios | S45: =if(isblank(O45),"",if(AND($R$20 >= Q45, $R$20 <= R45),"Yes","No")) | T45: =if(isblank(O45),"",if(isna(vlookup(O45,A$2:A$76,1,false)),"No","Yes"))
C46: =iferror(VLOOKUP(A46,indirect("'" & "Current" & "'!$B:$T"),19,false),"") | D46: =IF(COUNTIF(A:A, A46) > 1, "Duplicate", "") | E46: =E45+1 -> 45 | I46: =IFERROR(__xludf.DUMMYFUNCTION("""COMPUTED_VALUE"""),"Naveen Raj") -> Naveen Raj | S46: =if(isblank(O46),"",if(AND($R$20 >= Q46, $R$20 <= R46),"Yes","No")) | T46: =if(isblank(O46),"",if(isna(vlookup(O46,A$2:A$76,1,false)),"No","Yes"))
C47: =iferror(VLOOKUP(A47,indirect("'" & "Current" & "'!$B:$T"),19,false),"") | D47: =IF(COUNTIF(A:A, A47) > 1, "Duplicate", "") | E47: =E46+1 -> 46 | I47: =IFERROR(__xludf.DUMMYFUNCTION("""COMPUTED_VALUE"""),"Nicole Ni") -> Nicole Ni | S47: =if(isblank(O47),"",if(AND($R$20 >= Q47, $R$20 <= R47),"Yes","No")) | T47: =if(isblank(O47),"",if(isna(vlookup(O47,A$2:A$66,1,false)),"No","Yes"))
C48: =iferror(VLOOKUP(A48,indirect("'" & "Current" & "'!$B:$T"),19,false),"") | D48: =IF(COUNTIF(A:A, A48) > 1, "Duplicate", "") | E48: =E47+1 -> 47 | I48: =IFERROR(__xludf.DUMMYFUNCTION("""COMPUTED_VALUE"""),"Oscar Bonilla") -> Oscar Bonilla | S48: =if(isblank(O48),"",if(AND($R$20 >= Q48, $R$20 <= R48),"Yes","No")) | T48: =if(isblank(O48),"",if(isna(vlookup(O48,A$2:A$66,1,false)),"No","Yes"))
C49: =iferror(VLOOKUP(A49,indirect("'" & "Current" & "'!$B:$T"),19,false),"") | D49: =IF(COUNTIF(A:A, A49) > 1, "Duplicate", "") | E49: =E48+1 -> 48 | I49: =IFERROR(__xludf.DUMMYFUNCTION("""COMPUTED_VALUE"""),"Pavan Akkimsetty") -> Pavan Akkimsetty | S49: =if(isblank(O49),"",if(AND($R$20 >= Q49, $R$20 <= R49),"Yes","No")) | T49: =if(isblank(O49),"",if(isna(vlookup(O49,A$2:A$66,1,false)),"No","Yes"))
C50: =iferror(VLOOKUP(A50,indirect("'" & "Current" & "'!$B:$T"),19,false),"") | D50: =IF(COUNTIF(A:A, A50) > 1, "Duplicate", "") | E50: =E49+1 -> 49 | I50: =IFERROR(__xludf.DUMMYFUNCTION("""COMPUTED_VALUE"""),"Pulkit Mathur") -> Pulkit Mathur
C51: =iferror(VLOOKUP(A51,indirect("'" & "Current" & "'!$B:$T"),19,false),"") | D51: =IF(COUNTIF(A:A, A51) > 1, "Duplicate", "") | E51: =E50+1 -> 50 | I51: =IFERROR(__xludf.DUMMYFUNCTION("""COMPUTED_VALUE"""),"Rajasekar Ramasamy") -> Rajasekar Ramasamy
C52: =iferror(VLOOKUP(A52,indirect("'" & "Current" & "'!$B:$T"),19,false),"") | D52: =IF(COUNTIF(A:A, A52) > 1, "Duplicate", "") | E52: =E51+1 -> 51 | I52: =IFERROR(__xludf.DUMMYFUNCTION("""COMPUTED_VALUE"""),"Rajesh Dorairaj") -> Rajesh Dorairaj
C53: =iferror(VLOOKUP(A53,indirect("'" & "Current" & "'!$B:$T"),19,false),"") | D53: =IF(COUNTIF(A:A, A53) > 1, "Duplicate", "") | E53: =E52+1 -> 52 | I53: =IFERROR(__xludf.DUMMYFUNCTION("""COMPUTED_VALUE"""),"Ramesh Bandaru") -> Ramesh Bandaru
C54: =iferror(VLOOKUP(A54,indirect("'" & "Current" & "'!$B:$T"),19,false),"") | D54: =IF(COUNTIF(A:A, A54) > 1, "Duplicate", "") | E54: =E53+1 -> 53 | I54: =IFERROR(__xludf.DUMMYFUNCTION("""COMPUTED_VALUE"""),"Ranjith Doraiswamy") -> Ranjith Doraiswamy
C55: =iferror(VLOOKUP(A55,indirect("'" & "Current" & "'!$B:$T"),19,false),"") | D55: =IF(COUNTIF(A:A, A55) > 1, "Duplicate", "") | E55: =E54+1 -> 54 | I55: =IFERROR(__xludf.DUMMYFUNCTION("""COMPUTED_VALUE"""),"Robert Chang") -> Robert Chang
C56: =iferror(VLOOKUP(A56,indirect("'" & "Current" & "'!$B:$T"),19,false),"") | D56: =IF(COUNTIF(A:A, A56) > 1, "Duplicate", "") | E56: =E55+1 -> 55 | I56: =IFERROR(__xludf.DUMMYFUNCTION("""COMPUTED_VALUE"""),"Ruben Ron") -> Ruben Ron
C57: =iferror(VLOOKUP(A57,indirect("'" & "Current" & "'!$B:$T"),19,false),"") | D57: =IF(COUNTIF(A:A, A57) > 1, "Duplicate", "") | E57: =E56+1 -> 56 | I57: =IFERROR(__xludf.DUMMYFUNCTION("""COMPUTED_VALUE"""),"Rudy Tatang") -> Rudy Tatang
C58: =iferror(VLOOKUP(A58,indirect("'" & "Current" & "'!$B:$T"),19,false),"") | D58: =IF(COUNTIF(A:A, A58) > 1, "Duplicate", "") | E58: =E57+1 -> 57 | I58: =IFERROR(__xludf.DUMMYFUNCTION("""COMPUTED_VALUE"""),"Sandeep Kamalon") -> Sandeep Kamalon
C59: =iferror(VLOOKUP(A59,indirect("'" & "Current" & "'!$B:$T"),19,false),"") | D59: =IF(COUNTIF(A:A, A59) > 1, "Duplicate", "") | E59: =E58+1 -> 58 | I59: =IFERROR(__xludf.DUMMYFUNCTION("""COMPUTED_VALUE"""),"Sandy Weyant") -> Sandy Weyant
C60: =iferror(VLOOKUP(A60,indirect("'" & "Current" & "'!$B:$T"),19,false),"") | D60: =IF(COUNTIF(A:A, A60) > 1, "Duplicate", "") | E60: =E59+1 -> 59 | I60: =IFERROR(__xludf.DUMMYFUNCTION("""COMPUTED_VALUE"""),"Sanjaye Elayattu") -> Sanjaye Elayattu
C61: =iferror(VLOOKUP(A61,indirect("'" & "Current" & "'!$B:$T"),19,false),"") | D61: =IF(COUNTIF(A:A, A61) > 1, "Duplicate", "") | E61: =E60+1 -> 60 | I61: =IFERROR(__xludf.DUMMYFUNCTION("""COMPUTED_VALUE"""),"Santosh Sundaresan") -> Santosh Sundaresan
C62: =iferror(VLOOKUP(A62,indirect("'" & "Current" & "'!$B:$T"),19,false),"") | D62: =IF(COUNTIF(A:A, A62) > 1, "Duplicate", "") | E62: =E61+1 -> 61 | I62: =IFERROR(__xludf.DUMMYFUNCTION("""COMPUTED_VALUE"""),"Saravanan Veerapandian") -> Saravanan Veerapandian
C63: =iferror(VLOOKUP(A63,indirect("'" & "Current" & "'!$B:$T"),19,false),"") | D63: =IF(COUNTIF(A:A, A63) > 1, "Duplicate", "") | E63: =E62+1 -> 62 | I63: =IFERROR(__xludf.DUMMYFUNCTION("""COMPUTED_VALUE"""),"Scott Li") -> Scott Li
C64: =iferror(VLOOKUP(A64,indirect("'" & "Current" & "'!$B:$T"),19,false),"") | D64: =IF(COUNTIF(A:A, A64) > 1, "Duplicate", "") | E64: =E63+1 -> 63 | I64: =IFERROR(__xludf.DUMMYFUNCTION("""COMPUTED_VALUE"""),"Sean Chang") -> Sean Chang
C65: =iferror(VLOOKUP(A65,indirect("'" & "Current" & "'!$B:$T"),19,false),"") | D65: =IF(COUNTIF(A:A, A65) > 1, "Duplicate", "") | E65: =E64+1 -> 64 | I65: =IFERROR(__xludf.DUMMYFUNCTION("""COMPUTED_VALUE"""),"Suleman Alidina") -> Suleman Alidina
C66: =iferror(VLOOKUP(A66,indirect("'" & "Current" & "'!$B:$T"),19,false),"") | D66: =IF(COUNTIF(A:A, A66) > 1, "Duplicate", "") | E66: =E65+1 -> 65 | I66: =IFERROR(__xludf.DUMMYFUNCTION("""COMPUTED_VALUE"""),"Susanta Mishra") -> Susanta Mishra
C67: =iferror(VLOOKUP(A67,indirect("'" & "Current" & "'!$B:$T"),19,false),"") | E67: =E66+1 -> 66 | I67: =IFERROR(__xludf.DUMMYFUNCTION("""COMPUTED_VALUE"""),"Ted Shen") -> Ted Shen
C68: =iferror(VLOOKUP(A68,indirect("'" & "Current" & "'!$B:$T"),19,false),"") | E68: =E67+1 -> 67 | I68: =IFERROR(__xludf.DUMMYFUNCTION("""COMPUTED_VALUE"""),"Tina Hanson") -> Tina Hanson
C69: =iferror(VLOOKUP(A69,indirect("'" & "Current" & "'!$B:$T"),19,false),"") | E69: =E68+1 -> 68 | I69: =IFERROR(__xludf.DUMMYFUNCTION("""COMPUTED_VALUE"""),"Tom Le") -> Tom Le
C70: =iferror(VLOOKUP(A70,indirect("'" & "Current" & "'!$B:$T"),19,false),"") | E70: =E69+1 -> 69 | I70: =IFERROR(__xludf.DUMMYFUNCTION("""COMPUTED_VALUE"""),"Trish Newlin") -> Trish Newlin
C71: =iferror(VLOOKUP(A71,indirect("'" & "Current" & "'!$B:$T"),19,false),"") | E71: =E70+1 -> 70 | I71: =IFERROR(__xludf.DUMMYFUNCTION("""COMPUTED_VALUE"""),"Troy Wong") -> Troy Wong
C72: =iferror(VLOOKUP(A72,indirect("'" & "Current" & "'!$B:$T"),19,false),"") | E72: =E71+1 -> 71 | I72: =IFERROR(__xludf.DUMMYFUNCTION("""COMPUTED_VALUE"""),"Vicki Martinet") -> Vicki Martinet
C73: =iferror(VLOOKUP(A73,indirect("'" & "Current" & "'!$B:$T"),19,false),"") | E73: =E72+1 -> 72 | I73: =IFERROR(__xludf.DUMMYFUNCTION("""COMPUTED_VALUE"""),"Vinaya Kajla") -> Vinaya Kajla
C74: =iferror(VLOOKUP(A74,indirect("'" & "Current" & "'!$B:$T"),19,false),"") | E74: =E73+1 -> 73 | I74: =IFERROR(__xludf.DUMMYFUNCTION("""COMPUTED_VALUE"""),"Vinotkumar Nagappan") -> Vinotkumar Nagappan
C75: =iferror(VLOOKUP(A75,indirect("'" & "Current" & "'!$B:$T"),19,false),"") | E75: =E74+1 -> 74 | I75: =IFERROR(__xludf.DUMMYFUNCTION("""COMPUTED_VALUE"""),"Vishnu Amarnath") -> Vishnu Amarnath | O75: Admins
C76: =iferror(VLOOKUP(A76,indirect("'" & "Current" & "'!$B:$T"),19,false),"") | E76: =E75+1 -> 75 | I76: =IFERROR(__xludf.DUMMYFUNCTION("""COMPUTED_VALUE"""),"Wayne Liu") -> Wayne Liu | O76: Chinna Ponnaganti
O77: Joe Luzzi
O78: Lam Bui
O79: Leigh-Anh Nguyen
O80: Robert Chang
O81: Sean Chang
O82: Tom Le

Sheet Data
A1: No | B1: Name of Player | C1: 46025 | D1: =C1+7 -> 46032 | E1: =D1+7 -> 46039 | F1: =E1+7 -> 46046 | G1: =F1+7 -> 46053 | H1: =G1+7 -> 46060 | I1: =H1+7 -> 46067 | J1: =I1+7 -> 46074 | K1: =J1+7 -> 46081 | ... AB1: =AA1+7 -> 46200
A2: 1 | B2: Adrian Tay | D2: =IFERROR(VLOOKUP($B2,indirect(text(D$1,"mm/dd/yy")&"!B:L"),11,false),"Not played") -> 9 | E2: =IFERROR(VLOOKUP($B2,indirect(text(E$1,"mm/dd/yy")&"!B:L"),11,false),"Not played") -> 9 | F2: =IFERROR(VLOOKUP($B2,indirect(text(F$1,"mm/dd/yy")&"!B:L"),11,false),"Not played") -> 9 | G2: =IFERROR(VLOOKUP($B2,indirect(text(G$1,"mm/dd/yy")&"!B:L"),11,false),"Not played") -> 9 | H2: =IFERROR(VLOOKUP($B2,indirect(text(H$1,"mm/dd/yy")&"!B:L"),11,false),"Not played") -> 17 | I2: =IFERROR(VLOOKUP($B2,indirect(text(I$1,"mm/dd/yy")&"!B:L"),11,false),"Not played") -> 18 | J2: =IFERROR(VLOOKUP($B2,indirect(text(J$1,"mm/dd/yy")&"!B:L"),11,false),"Not played") -> 18 | K2: =IFERROR(VLOOKUP($B2,indirect(text(K$1,"mm/dd/yy")&"!B:L"),11,false),"Not played") -> 9 | ... AB2: =IFERROR(VLOOKUP($B2,indirect(text(AB$1,"mm/dd/yy")&"!B:L"),11,false),"Not played") -> 9
A3: =A2+1 -> 2 | B3: Alejandro Mejia | D3: =IFERROR(VLOOKUP($B3,indirect(text(D$1,"mm/dd/yy")&"!B:L"),11,false),"Not played") -> 9 | E3: =IFERROR(VLOOKUP($B3,indirect(text(E$1,"mm/dd/yy")&"!B:L"),11,false),"Not played") -> 9 | F3: =IFERROR(VLOOKUP($B3,indirect(text(F$1,"mm/dd/yy")&"!B:L"),11,false),"Not played") -> 9 | G3: =IFERROR(VLOOKUP($B3,indirect(text(G$1,"mm/dd/yy")&"!B:L"),11,false),"Not played") -> 9 | H3: =IFERROR(VLOOKUP($B3,indirect(text(H$1,"mm/dd/yy")&"!B:L"),11,false),"Not played") -> 9 | I3: =IFERROR(VLOOKUP($B3,indirect(text(I$1,"mm/dd/yy")&"!B:L"),11,false),"Not played") -> 9 | J3: =IFERROR(VLOOKUP($B3,indirect(text(J$1,"mm/dd/yy")&"!B:L"),11,false),"Not played") -> 9 | K3: =IFERROR(VLOOKUP($B3,indirect(text(K$1,"mm/dd/yy")&"!B:L"),11,false),"Not played") -> 9 | ... AB3: =IFERROR(VLOOKUP($B3,indirect(text(AB$1,"mm/dd/yy")&"!B:L"),11,false),"Not played") -> 9
A4: =A3+1 -> 3 | B4: Alex Hou | D4: =IFERROR(VLOOKUP($B4,indirect(text(D$1,"mm/dd/yy")&"!B:L"),11,false),"Not played") -> 19 | E4: =IFERROR(VLOOKUP($B4,indirect(text(E$1,"mm/dd/yy")&"!B:L"),11,false),"Not played") -> 16 | F4: =IFERROR(VLOOKUP($B4,indirect(text(F$1,"mm/dd/yy")&"!B:L"),11,false),"Not played") -> 9 | G4: =IFERROR(VLOOKUP($B4,indirect(text(G$1,"mm/dd/yy")&"!B:L"),11,false),"Not played") -> 14 | H4: =IFERROR(VLOOKUP($B4,indirect(text(H$1,"mm/dd/yy")&"!B:L"),11,false),"Not played") -> 5 | I4: =IFERROR(VLOOKUP($B4,indirect(text(I$1,"mm/dd/yy")&"!B:L"),11,false),"Not played") -> 12 | J4: =IFERROR(VLOOKUP($B4,indirect(text(J$1,"mm/dd/yy")&"!B:L"),11,false),"Not played") -> 11 | K4: =IFERROR(VLOOKUP($B4,indirect(text(K$1,"mm/dd/yy")&"!B:L"),11,false),"Not played") -> 12 | ... AB4: =IFERROR(VLOOKUP($B4,indirect(text(AB$1,"mm/dd/yy")&"!B:L"),11,false),"Not played") -> 10
A5: =A4+1 -> 4 | B5: Allen Zhang | D5: =IFERROR(VLOOKUP($B5,indirect(text(D$1,"mm/dd/yy")&"!B:L"),11,false),"Not played") -> 13 | E5: =IFERROR(VLOOKUP($B5,indirect(text(E$1,"mm/dd/yy")&"!B:L"),11,false),"Not played") -> 11 | F5: =IFERROR(VLOOKUP($B5,indirect(text(F$1,"mm/dd/yy")&"!B:L"),11,false),"Not played") -> 13 | G5: =IFERROR(VLOOKUP($B5,indirect(text(G$1,"mm/dd/yy")&"!B:L"),11,false),"Not played") -> 13 | H5: =IFERROR(VLOOKUP($B5,indirect(text(H$1,"mm/dd/yy")&"!B:L"),11,false),"Not played") -> 7 | I5: =IFERROR(VLOOKUP($B5,indirect(text(I$1,"mm/dd/yy")&"!B:L"),11,false),"Not played") -> 14 | J5: =IFERROR(VLOOKUP($B5,indirect(text(J$1,"mm/dd/yy")&"!B:L"),11,false),"Not played") -> 13 | K5: =IFERROR(VLOOKUP($B5,indirect(text(K$1,"mm/dd/yy")&"!B:L"),11,false),"Not played") -> 12 | ... AB5: =IFERROR(VLOOKUP($B5,indirect(text(AB$1,"mm/dd/yy")&"!B:L"),11,false),"Not played") -> 9
A6: =A5+1 -> 5 | B6: Andrew Wen | D6: =IFERROR(VLOOKUP($B6,indirect(text(D$1,"mm/dd/yy")&"!B:L"),11,false),"Not played") -> 9 | E6: =IFERROR(VLOOKUP($B6,indirect(text(E$1,"mm/dd/yy")&"!B:L"),11,false),"Not played") -> 13 | F6: =IFERROR(VLOOKUP($B6,indirect(text(F$1,"mm/dd/yy")&"!B:L"),11,false),"Not played") -> 9 | G6: =IFERROR(VLOOKUP($B6,indirect(text(G$1,"mm/dd/yy")&"!B:L"),11,false),"Not played") -> 12 | H6: =IFERROR(VLOOKUP($B6,indirect(text(H$1,"mm/dd/yy")&"!B:L"),11,false),"Not played") -> 14 | I6: =IFERROR(VLOOKUP($B6,indirect(text(I$1,"mm/dd/yy")&"!B:L"),11,false),"Not played") -> 7 | J6: =IFERROR(VLOOKUP($B6,indirect(text(J$1,"mm/dd/yy")&"!B:L"),11,false),"Not played") -> 9 | K6: =IFERROR(VLOOKUP($B6,indirect(text(K$1,"mm/dd/yy")&"!B:L"),11,false),"Not played") -> 9 | ... AB6: =IFERROR(VLOOKUP($B6,indirect(text(AB$1,"mm/dd/yy")&"!B:L"),11,false),"Not played") -> 18
A7: =A6+1 -> 6 | B7: Andrew Yao | D7: =IFERROR(VLOOKUP($B7,indirect(text(D$1,"mm/dd/yy")&"!B:L"),11,false),"Not played") -> 19 | E7: =IFERROR(VLOOKUP($B7,indirect(text(E$1,"mm/dd/yy")&"!B:L"),11,false),"Not played") -> 19 | F7: =IFERROR(VLOOKUP($B7,indirect(text(F$1,"mm/dd/yy")&"!B:L"),11,false),"Not played") -> 11 | G7: =IFERROR(VLOOKUP($B7,indirect(text(G$1,"mm/dd/yy")&"!B:L"),11,false),"Not played") -> 18 | H7: =IFERROR(VLOOKUP($B7,indirect(text(H$1,"mm/dd/yy")&"!B:L"),11,false),"Not played") -> 19 | I7: =IFERROR(VLOOKUP($B7,indirect(text(I$1,"mm/dd/yy")&"!B:L"),11,false),"Not played") -> 19 | J7: =IFERROR(VLOOKUP($B7,indirect(text(J$1,"mm/dd/yy")&"!B:L"),11,false),"Not played") -> 14 | K7: =IFERROR(VLOOKUP($B7,indirect(text(K$1,"mm/dd/yy")&"!B:L"),11,false),"Not played") -> 16 | ... AB7: =IFERROR(VLOOKUP($B7,indirect(text(AB$1,"mm/dd/yy")&"!B:L"),11,false),"Not played") -> 16
A8: =A7+1 -> 7 | B8: Art Hui | D8: =IFERROR(VLOOKUP($B8,indirect(text(D$1,"mm/dd/yy")&"!B:L"),11,false),"Not played") -> 9 | E8: =IFERROR(VLOOKUP($B8,indirect(text(E$1,"mm/dd/yy")&"!B:L"),11,false),"Not played") -> 7 | F8: =IFERROR(VLOOKUP($B8,indirect(text(F$1,"mm/dd/yy")&"!B:L"),11,false),"Not played") -> 9 | G8: =IFERROR(VLOOKUP($B8,indirect(text(G$1,"mm/dd/yy")&"!B:L"),11,false),"Not played") -> 16 | H8: =IFERROR(VLOOKUP($B8,indirect(text(H$1,"mm/dd/yy")&"!B:L"),11,false),"Not played") -> 14 | I8: =IFERROR(VLOOKUP($B8,indirect(text(I$1,"mm/dd/yy")&"!B:L"),11,false),"Not played") -> 13 | J8: =IFERROR(VLOOKUP($B8,indirect(text(J$1,"mm/dd/yy")&"!B:L"),11,false),"Not played") -> 13 | K8: =IFERROR(VLOOKUP($B8,indirect(text(K$1,"mm/dd/yy")&"!B:L"),11,false),"Not played") -> 17 | ... AB8: =IFERROR(VLOOKUP($B8,indirect(text(AB$1,"mm/dd/yy")&"!B:L"),11,false),"Not played") -> 9
A9: =A8+1 -> 8 | B9: Balaji Alahari | D9: =IFERROR(VLOOKUP($B9,indirect(text(D$1,"mm/dd/yy")&"!B:L"),11,false),"Not played") -> 9 | E9: =IFERROR(VLOOKUP($B9,indirect(text(E$1,"mm/dd/yy")&"!B:L"),11,false),"Not played") -> 9 | F9: =IFERROR(VLOOKUP($B9,indirect(text(F$1,"mm/dd/yy")&"!B:L"),11,false),"Not played") -> 15 | G9: =IFERROR(VLOOKUP($B9,indirect(text(G$1,"mm/dd/yy")&"!B:L"),11,false),"Not played") -> 13 | H9: =IFERROR(VLOOKUP($B9,indirect(text(H$1,"mm/dd/yy")&"!B:L"),11,false),"Not played") -> 9 | I9: =IFERROR(VLOOKUP($B9,indirect(text(I$1,"mm/dd/yy")&"!B:L"),11,false),"Not played") -> 9 | J9: =IFERROR(VLOOKUP($B9,indirect(text(J$1,"mm/dd/yy")&"!B:L"),11,false),"Not played") -> 9 | K9: =IFERROR(VLOOKUP($B9,indirect(text(K$1,"mm/dd/yy")&"!B:L"),11,false),"Not played") -> 9 | ... AB9: =IFERROR(VLOOKUP($B9,indirect(text(AB$1,"mm/dd/yy")&"!B:L"),11,false),"Not played") -> 9
A10: =A9+1 -> 9 | B10: Barathi Sundaram | D10: =IFERROR(VLOOKUP($B10,indirect(text(D$1,"mm/dd/yy")&"!B:L"),11,false),"Not played") -> 9 | E10: =IFERROR(VLOOKUP($B10,indirect(text(E$1,"mm/dd/yy")&"!B:L"),11,false),"Not played") -> 9 | F10: =IFERROR(VLOOKUP($B10,indirect(text(F$1,"mm/dd/yy")&"!B:L"),11,false),"Not played") -> 9 | G10: =IFERROR(VLOOKUP($B10,indirect(text(G$1,"mm/dd/yy")&"!B:L"),11,false),"Not played") -> 9 | H10: =IFERROR(VLOOKUP($B10,indirect(text(H$1,"mm/dd/yy")&"!B:L"),11,false),"Not played") -> 9 | I10: =IFERROR(VLOOKUP($B10,indirect(text(I$1,"mm/dd/yy")&"!B:L"),11,false),"Not played") -> 9 | J10: =IFERROR(VLOOKUP($B10,indirect(text(J$1,"mm/dd/yy")&"!B:L"),11,false),"Not played") -> 9 | K10: =IFERROR(VLOOKUP($B10,indirect(text(K$1,"mm/dd/yy")&"!B:L"),11,false),"Not played") -> 9 | ... AB10: =IFERROR(VLOOKUP($B10,indirect(text(AB$1,"mm/dd/yy")&"!B:L"),11,false),"Not played") -> 9
A11: =A10+1 -> 10 | B11: Basudev Thoppai Vidyasankar | D11: =IFERROR(VLOOKUP($B11,indirect(text(D$1,"mm/dd/yy")&"!B:L"),11,false),"Not played") -> 15 | E11: =IFERROR(VLOOKUP($B11,indirect(text(E$1,"mm/dd/yy")&"!B:L"),11,false),"Not played") -> 9 | F11: =IFERROR(VLOOKUP($B11,indirect(text(F$1,"mm/dd/yy")&"!B:L"),11,false),"Not played") -> 9 | G11: =IFERROR(VLOOKUP($B11,indirect(text(G$1,"mm/dd/yy")&"!B:L"),11,false),"Not played") -> 15 | H11: =IFERROR(VLOOKUP($B11,indirect(text(H$1,"mm/dd/yy")&"!B:L"),11,false),"Not played") -> 9 | I11: =IFERROR(VLOOKUP($B11,indirect(text(I$1,"mm/dd/yy")&"!B:L"),11,false),"Not played") -> 18 | J11: =IFERROR(VLOOKUP($B11,indirect(text(J$1,"mm/dd/yy")&"!B:L"),11,false),"Not played") -> 9 | K11: =IFERROR(VLOOKUP($B11,indirect(text(K$1,"mm/dd/yy")&"!B:L"),11,false),"Not played") -> 18 | ... AB11: =IFERROR(VLOOKUP($B11,indirect(text(AB$1,"mm/dd/yy")&"!B:L"),11,false),"Not played") -> 9
A12: =A11+1 -> 11 | B12: Camille Jung | D12: =IFERROR(VLOOKUP($B12,indirect(text(D$1,"mm/dd/yy")&"!B:L"),11,false),"Not played") -> 9 | E12: =IFERROR(VLOOKUP($B12,indirect(text(E$1,"mm/dd/yy")&"!B:L"),11,false),"Not played") -> 5 | F12: =IFERROR(VLOOKUP($B12,indirect(text(F$1,"mm/dd/yy")&"!B:L"),11,false),"Not played") -> 9 | G12: =IFERROR(VLOOKUP($B12,indirect(text(G$1,"mm/dd/yy")&"!B:L"),11,false),"Not played") -> 6 | H12: =IFERROR(VLOOKUP($B12,indirect(text(H$1,"mm/dd/yy")&"!B:L"),11,false),"Not played") -> 8 | I12: =IFERROR(VLOOKUP($B12,indirect(text(I$1,"mm/dd/yy")&"!B:L"),11,false),"Not played") -> 7 | J12: =IFERROR(VLOOKUP($B12,indirect(text(J$1,"mm/dd/yy")&"!B:L"),11,false),"Not played") -> 12 | K12: =IFERROR(VLOOKUP($B12,indirect(text(K$1,"mm/dd/yy")&"!B:L"),11,false),"Not played") -> 9 | ... AB12: =IFERROR(VLOOKUP($B12,indirect(text(AB$1,"mm/dd/yy")&"!B:L"),11,false),"Not played") -> 13
A13: =A12+1 -> 12 | B13: Charles Choi | D13: =IFERROR(VLOOKUP($B13,indirect(text(D$1,"mm/dd/yy")&"!B:L"),11,false),"Not played") -> 14 | E13: =IFERROR(VLOOKUP($B13,indirect(text(E$1,"mm/dd/yy")&"!B:L"),11,false),"Not played") -> 15 | F13: =IFERROR(VLOOKUP($B13,indirect(text(F$1,"mm/dd/yy")&"!B:L"),11,false),"Not played") -> 15 | G13: =IFERROR(VLOOKUP($B13,indirect(text(G$1,"mm/dd/yy")&"!B:L"),11,false),"Not played") -> 9 | H13: =IFERROR(VLOOKUP($B13,indirect(text(H$1,"mm/dd/yy")&"!B:L"),11,false),"Not played") -> 9 | I13: =IFERROR(VLOOKUP($B13,indirect(text(I$1,"mm/dd/yy")&"!B:L"),11,false),"Not played") -> 9 | J13: =IFERROR(VLOOKUP($B13,indirect(text(J$1,"mm/dd/yy")&"!B:L"),11,false),"Not played") -> 9 | K13: =IFERROR(VLOOKUP($B13,indirect(text(K$1,"mm/dd/yy")&"!B:L"),11,false),"Not played") -> 9 | ... AB13: =IFERROR(VLOOKUP($B13,indirect(text(AB$1,"mm/dd/yy")&"!B:L"),11,false),"Not played") -> 9
A14: =A13+1 -> 13 | B14: Chinna Ponnaganti | D14: =IFERROR(VLOOKUP($B14,indirect(text(D$1,"mm/dd/yy")&"!B:L"),11,false),"Not played") -> 9 | E14: =IFERROR(VLOOKUP($B14,indirect(text(E$1,"mm/dd/yy")&"!B:L"),11,false),"Not played") -> 9 | F14: =IFERROR(VLOOKUP($B14,indirect(text(F$1,"mm/dd/yy")&"!B:L"),11,false),"Not played") -> 9 | G14: =IFERROR(VLOOKUP($B14,indirect(text(G$1,"mm/dd/yy")&"!B:L"),11,false),"Not played") -> 9 | H14: =IFERROR(VLOOKUP($B14,indirect(text(H$1,"mm/dd/yy")&"!B:L"),11,false),"Not played") -> 9 | I14: =IFERROR(VLOOKUP($B14,indirect(text(I$1,"mm/dd/yy")&"!B:L"),11,false),"Not played") -> 16 | J14: =IFERROR(VLOOKUP($B14,indirect(text(J$1,"mm/dd/yy")&"!B:L"),11,false),"Not played") -> 18 | K14: =IFERROR(VLOOKUP($B14,indirect(text(K$1,"mm/dd/yy")&"!B:L"),11,false),"Not played") -> 15 | ... AB14: =IFERROR(VLOOKUP($B14,indirect(text(AB$1,"mm/dd/yy")&"!B:L"),11,false),"Not played") -> 9
... A76: =A75+1 -> 75 | B76: Wayne Liu | D76: =IFERROR(VLOOKUP($B76,indirect(text(D$1,"mm/dd/yy")&"!B:L"),11,false),"Not played") -> 9 | E76: =IFERROR(VLOOKUP($B76,indirect(text(E$1,"mm/dd/yy")&"!B:L"),11,false),"Not played") -> 15 | F76: =IFERROR(VLOOKUP($B76,indirect(text(F$1,"mm/dd/yy")&"!B:L"),11,false),"Not played") -> 14 | G76: =IFERROR(VLOOKUP($B76,indirect(text(G$1,"mm/dd/yy")&"!B:L"),11,false),"Not played") -> 8 | H76: =IFERROR(VLOOKUP($B76,indirect(text(H$1,"mm/dd/yy")&"!B:L"),11,false),"Not played") -> 11 | I76: =IFERROR(VLOOKUP($B76,indirect(text(I$1,"mm/dd/yy")&"!B:L"),11,false),"Not played") -> 10 | J76: =IFERROR(VLOOKUP($B76,indirect(text(J$1,"mm/dd/yy")&"!B:L"),11,false),"Not played") -> 13 | K76: =IFERROR(VLOOKUP($B76,indirect(text(K$1,"mm/dd/yy")&"!B:L"),11,false),"Not played") -> 17 | ... AB76: =IFERROR(VLOOKUP($B76,indirect(text(AB$1,"mm/dd/yy")&"!B:L"),11,false),"Not played") -> 8
B79: Color Coding | C79: 0-8
C80: 9-17
C81: 18-20
C82: 21
B96: Top play (KING) counts
C97: King | D97: Count | F97: =IFERROR(__xludf.DUMMYFUNCTION("QUERY(C98:C123, ""SELECT C, COUNT(C) WHERE C IS NOT NULL GROUP BY C LABEL C 'Name', COUNT(C) 'Weeks'"")"),"Name") -> Name | G97: =IFERROR(__xludf.DUMMYFUNCTION("""COMPUTED_VALUE"""),"Weeks") -> Weeks
B98: Current | C98: =if(iserror(INDIRECT("'" & TEXT(B98, "mm/dd/yy") & "'!$B$5")),"",INDIRECT("'" & TEXT(B98, "mm/dd/yy") & "'!$B$5")) -> Andrew Yao | D98: =if(C98<>"",1,"") -> 1 | F98: =IFERROR(__xludf.DUMMYFUNCTION("""COMPUTED_VALUE"""),"Andrew Yao") -> Andrew Yao | G98: =IFERROR(__xludf.DUMMYFUNCTION("""COMPUTED_VALUE"""),20.0) -> 20
B99: 46200 | C99: =if(iserror(INDIRECT("'" & TEXT(B99, "mm/dd/yy") & "'!$B$5")),"",INDIRECT("'" & TEXT(B99, "mm/dd/yy") & "'!$B$5")) -> Andrew Yao | D99: =if(C99<>"",1,"") -> 1 | F99: =IFERROR(__xludf.DUMMYFUNCTION("""COMPUTED_VALUE"""),"Pulkit Mathur") -> Pulkit Mathur | G99: =IFERROR(__xludf.DUMMYFUNCTION("""COMPUTED_VALUE"""),3.0) -> 3
B100: =B99-7 -> 46193 | C100: =if(iserror(INDIRECT("'" & TEXT(B100, "mm/dd/yy") & "'!$B$5")),"",INDIRECT("'" & TEXT(B100, "mm/dd/yy") & "'!$B$5")) -> Andrew Yao | D100: =if(C100<>"",1,"") -> 1 | F100: =IFERROR(__xludf.DUMMYFUNCTION("""COMPUTED_VALUE"""),"Sandeep Kamalon") -> Sandeep Kamalon | G100: =IFERROR(__xludf.DUMMYFUNCTION("""COMPUTED_VALUE"""),2.0) -> 2
B101: =B100-7 -> 46186 | C101: =if(iserror(INDIRECT("'" & TEXT(B101, "mm/dd/yy") & "'!$B$5")),"",INDIRECT("'" & TEXT(B101, "mm/dd/yy") & "'!$B$5")) -> Andrew Yao | D101: =if(C101<>"",1,"") -> 1 | F101: =IFERROR(__xludf.DUMMYFUNCTION("""COMPUTED_VALUE"""),"Sanjaye Elayattu") -> Sanjaye Elayattu | G101: =IFERROR(__xludf.DUMMYFUNCTION("""COMPUTED_VALUE"""),1.0) -> 1
B102: =B101-7 -> 46179 | C102: =if(iserror(INDIRECT("'" & TEXT(B102, "mm/dd/yy") & "'!$B$5")),"",INDIRECT("'" & TEXT(B102, "mm/dd/yy") & "'!$B$5")) -> Andrew Yao | D102: =if(C102<>"",1,"") -> 1
B103: =B102-7 -> 46172 | C103: =if(iserror(INDIRECT("'" & TEXT(B103, "mm/dd/yy") & "'!$B$5")),"",INDIRECT("'" & TEXT(B103, "mm/dd/yy") & "'!$B$5")) -> Andrew Yao | D103: =if(C103<>"",1,"") -> 1
B104: =B103-7 -> 46165 | C104: =if(iserror(INDIRECT("'" & TEXT(B104, "mm/dd/yy") & "'!$B$5")),"",INDIRECT("'" & TEXT(B104, "mm/dd/yy") & "'!$B$5")) -> Pulkit Mathur | D104: =if(C104<>"",1,"") -> 1
B105: =B104-7 -> 46158 | C105: =if(iserror(INDIRECT("'" & TEXT(B105, "mm/dd/yy") & "'!$B$5")),"",INDIRECT("'" & TEXT(B105, "mm/dd/yy") & "'!$B$5")) -> Andrew Yao | D105: =if(C105<>"",1,"") -> 1
B106: =B105-7 -> 46151 | C106: =if(iserror(INDIRECT("'" & TEXT(B106, "mm/dd/yy") & "'!$B$5")),"",INDIRECT("'" & TEXT(B106, "mm/dd/yy") & "'!$B$5")) -> Andrew Yao | D106: =if(C106<>"",1,"") -> 1
B107: =B106-7 -> 46144 | C107: =if(iserror(INDIRECT("'" & TEXT(B107, "mm/dd/yy") & "'!$B$5")),"",INDIRECT("'" & TEXT(B107, "mm/dd/yy") & "'!$B$5")) -> Andrew Yao | D107: =if(C107<>"",1,"") -> 1
B108: =B107-7 -> 46137 | C108: =if(iserror(INDIRECT("'" & TEXT(B108, "mm/dd/yy") & "'!$B$5")),"",INDIRECT("'" & TEXT(B108, "mm/dd/yy") & "'!$B$5")) -> Pulkit Mathur | D108: =if(C108<>"",1,"") -> 1
B109: =B108-7 -> 46130 | C109: =if(iserror(INDIRECT("'" & TEXT(B109, "mm/dd/yy") & "'!$B$5")),"",INDIRECT("'" & TEXT(B109, "mm/dd/yy") & "'!$B$5")) -> Pulkit Mathur | D109: =if(C109<>"",1,"") -> 1
B110: =B109-7 -> 46123 | C110: =if(iserror(INDIRECT("'" & TEXT(B110, "mm/dd/yy") & "'!$B$5")),"",INDIRECT("'" & TEXT(B110, "mm/dd/yy") & "'!$B$5")) -> Andrew Yao | D110: =if(C110<>"",1,"") -> 1
B111: =B110-7 -> 46116 | C111: =if(iserror(INDIRECT("'" & TEXT(B111, "mm/dd/yy") & "'!$B$5")),"",INDIRECT("'" & TEXT(B111, "mm/dd/yy") & "'!$B$5")) -> Andrew Yao | D111: =if(C111<>"",1,"") -> 1
B112: =B111-7 -> 46109 | C112: =if(iserror(INDIRECT("'" & TEXT(B112, "mm/dd/yy") & "'!$B$5")),"",INDIRECT("'" & TEXT(B112, "mm/dd/yy") & "'!$B$5")) -> Andrew Yao | D112: =if(C112<>"",1,"") -> 1
B113: =B112-7 -> 46102 | C113: =if(iserror(INDIRECT("'" & TEXT(B113, "mm/dd/yy") & "'!$B$5")),"",INDIRECT("'" & TEXT(B113, "mm/dd/yy") & "'!$B$5")) -> Andrew Yao | D113: =if(C113<>"",1,"") -> 1
... B116: =B115-7 -> 46081 | C116: =if(iserror(INDIRECT("'" & TEXT(B116, "mm/dd/yy") & "'!$B$5")),"",INDIRECT("'" & TEXT(B116, "mm/dd/yy") & "'!$B$5")) -> Andrew Yao | D116: =if(C116<>"",1,"") -> 1
B117: =B116-7 -> 46074 | C117: =if(iserror(INDIRECT("'" & TEXT(B117, "mm/dd/yy") & "'!$B$5")),"",INDIRECT("'" & TEXT(B117, "mm/dd/yy") & "'!$B$5")) -> Andrew Yao | D117: =if(C117<>"",1,"") -> 1 | F117: {=sort(F98:G103,2,false)} -> Andrew Yao | G117: 20
B118: =B117-7 -> 46067 | C118: =if(iserror(INDIRECT("'" & TEXT(B118, "mm/dd/yy") & "'!$B$5")),"",INDIRECT("'" & TEXT(B118, "mm/dd/yy") & "'!$B$5")) -> Andrew Yao | D118: =if(C118<>"",1,"") -> 1 | F118: Pulkit Mathur | G118: 3
B119: =B118-7 -> 46060 | C119: =if(iserror(INDIRECT("'" & TEXT(B119, "mm/dd/yy") & "'!$B$5")),"",INDIRECT("'" & TEXT(B119, "mm/dd/yy") & "'!$B$5")) -> Sandeep Kamalon | D119: =if(C119<>"",1,"") -> 1 | F119: Sandeep Kamalon | G119: 2
B120: =B119-7 -> 46053 | C120: =if(iserror(INDIRECT("'" & TEXT(B120, "mm/dd/yy") & "'!$B$5")),"",INDIRECT("'" & TEXT(B120, "mm/dd/yy") & "'!$B$5")) -> Sandeep Kamalon | D120: =if(C120<>"",1,"") -> 1 | F120: Sanjaye Elayattu | G120: 1
B121: =B120-7 -> 46046 | C121: =if(iserror(INDIRECT("'" & TEXT(B121, "mm/dd/yy") & "'!$B$5")),"",INDIRECT("'" & TEXT(B121, "mm/dd/yy") & "'!$B$5")) -> Andrew Yao | D121: =if(C121<>"",1,"") -> 1
B122: =B121-7 -> 46039 | C122: =if(iserror(INDIRECT("'" & TEXT(B122, "mm/dd/yy") & "'!$B$5")),"",INDIRECT("'" & TEXT(B122, "mm/dd/yy") & "'!$B$5")) -> Andrew Yao | D122: =if(C122<>"",1,"") -> 1
B123: =B122-7 -> 46032 | C123: =if(iserror(INDIRECT("'" & TEXT(B123, "mm/dd/yy") & "'!$B$5")),"",INDIRECT("'" & TEXT(B123, "mm/dd/yy") & "'!$B$5")) -> Sanjaye Elayattu | D123: =if(C123<>"",1,"") -> 1
C124: =if(iserror(INDIRECT("'" & TEXT(B124, "mm/dd/yy") & "'!$B$5")),"",INDIRECT("'" & TEXT(B124, "mm/dd/yy") & "'!$B$5")) | D124: =if(C124<>"",1,"")
A131: No | B131: Name of Player | C131: WHS | D131: 46025 | E131: =D131+7 -> 46032 | F131: =E131+7 -> 46039 | G131: =F131+7 -> 46046 | H131: =G131+7 -> 46053 | I131: =H131+7 -> 46060 | J131: =I131+7 -> 46067 | K131: =J131+7 -> 46074 | L131: =K131+7 -> 46081 | ... AC131: =AB131+7 -> 46200
A132: 1 | B132: Adrian Tay | C132: =sum(D132:AC132) -> 2 | E132: =iferror(IF(VLOOKUP($B132,indirect(text(D$1,"mm/dd/yy")&"!B:L"),6,false)>8,1,0),0) -> 0 | F132: =iferror(IF(VLOOKUP($B132,indirect(text(E$1,"mm/dd/yy")&"!B:L"),6,false)>8,1,0),0) -> 0 | G132: =iferror(IF(VLOOKUP($B132,indirect(text(F$1,"mm/dd/yy")&"!B:L"),6,false)>8,1,0),0) -> 0 | H132: =iferror(IF(VLOOKUP($B132,indirect(text(G$1,"mm/dd/yy")&"!B:L"),6,false)>8,1,0),0) -> 0 | I132: =iferror(IF(VLOOKUP($B132,indirect(text(H$1,"mm/dd/yy")&"!B:L"),6,false)>8,1,0),0) -> 1 | J132: =iferror(IF(VLOOKUP($B132,indirect(text(I$1,"mm/dd/yy")&"!B:L"),6,false)>8,1,0),0) -> 1 | K132: =iferror(IF(VLOOKUP($B132,indirect(text(J$1,"mm/dd/yy")&"!B:L"),6,false)>8,1,0),0) -> 0 | L132: =iferror(IF(VLOOKUP($B132,indirect(text(K$1,"mm/dd/yy")&"!B:L"),6,false)>8,1,0),0) -> 0 | ... AC132: =iferror(IF(VLOOKUP($B132,indirect(text(AB$1,"mm/dd/yy")&"!B:L"),6,false)>8,1,0),0) -> 0
A133: =A132+1 -> 2 | B133: Alejandro Mejia | C133: =sum(D133:AC133) -> 3 | E133: =iferror(IF(VLOOKUP($B133,indirect(text(D$1,"mm/dd/yy")&"!B:L"),6,false)>8,1,0),0) -> 0 | F133: =iferror(IF(VLOOKUP($B133,indirect(text(E$1,"mm/dd/yy")&"!B:L"),6,false)>8,1,0),0) -> 0 | G133: =iferror(IF(VLOOKUP($B133,indirect(text(F$1,"mm/dd/yy")&"!B:L"),6,false)>8,1,0),0) -> 0 | H133: =iferror(IF(VLOOKUP($B133,indirect(text(G$1,"mm/dd/yy")&"!B:L"),6,false)>8,1,0),0) -> 0 | I133: =iferror(IF(VLOOKUP($B133,indirect(text(H$1,"mm/dd/yy")&"!B:L"),6,false)>8,1,0),0) -> 0 | J133: =iferror(IF(VLOOKUP($B133,indirect(text(I$1,"mm/dd/yy")&"!B:L"),6,false)>8,1,0),0) -> 0 | K133: =iferror(IF(VLOOKUP($B133,indirect(text(J$1,"mm/dd/yy")&"!B:L"),6,false)>8,1,0),0) -> 0 | L133: =iferror(IF(VLOOKUP($B133,indirect(text(K$1,"mm/dd/yy")&"!B:L"),6,false)>8,1,0),0) -> 0 | ... AC133: =iferror(IF(VLOOKUP($B133,indirect(text(AB$1,"mm/dd/yy")&"!B:L"),6,false)>8,1,0),0) -> 0
A134: =A133+1 -> 3 | B134: Alex Hou | C134: =sum(D134:AC134) -> 0 | E134: =iferror(IF(VLOOKUP($B134,indirect(text(D$1,"mm/dd/yy")&"!B:L"),6,false)>8,1,0),0) -> 0 | F134: =iferror(IF(VLOOKUP($B134,indirect(text(E$1,"mm/dd/yy")&"!B:L"),6,false)>8,1,0),0) -> 0 | G134: =iferror(IF(VLOOKUP($B134,indirect(text(F$1,"mm/dd/yy")&"!B:L"),6,false)>8,1,0),0) -> 0 | H134: =iferror(IF(VLOOKUP($B134,indirect(text(G$1,"mm/dd/yy")&"!B:L"),6,false)>8,1,0),0) -> 0 | I134: =iferror(IF(VLOOKUP($B134,indirect(text(H$1,"mm/dd/yy")&"!B:L"),6,false)>8,1,0),0) -> 0 | J134: =iferror(IF(VLOOKUP($B134,indirect(text(I$1,"mm/dd/yy")&"!B:L"),6,false)>8,1,0),0) -> 0 | K134: =iferror(IF(VLOOKUP($B134,indirect(text(J$1,"mm/dd/yy")&"!B:L"),6,false)>8,1,0),0) -> 0 | L134: =iferror(IF(VLOOKUP($B134,indirect(text(K$1,"mm/dd/yy")&"!B:L"),6,false)>8,1,0),0) -> 0 | ... AC134: =iferror(IF(VLOOKUP($B134,indirect(text(AB$1,"mm/dd/yy")&"!B:L"),6,false)>8,1,0),0) -> 0
A135: =A134+1 -> 4 | B135: Allen Zhang | C135: =sum(D135:AC135) -> 4 | E135: =iferror(IF(VLOOKUP($B135,indirect(text(D$1,"mm/dd/yy")&"!B:L"),6,false)>8,1,0),0) -> 1 | F135: =iferror(IF(VLOOKUP($B135,indirect(text(E$1,"mm/dd/yy")&"!B:L"),6,false)>8,1,0),0) -> 0 | G135: =iferror(IF(VLOOKUP($B135,indirect(text(F$1,"mm/dd/yy")&"!B:L"),6,false)>8,1,0),0) -> 1 | H135: =iferror(IF(VLOOKUP($B135,indirect(text(G$1,"mm/dd/yy")&"!B:L"),6,false)>8,1,0),0) -> 0 | I135: =iferror(IF(VLOOKUP($B135,indirect(text(H$1,"mm/dd/yy")&"!B:L"),6,false)>8,1,0),0) -> 0 | J135: =iferror(IF(VLOOKUP($B135,indirect(text(I$1,"mm/dd/yy")&"!B:L"),6,false)>8,1,0),0) -> 0 | K135: =iferror(IF(VLOOKUP($B135,indirect(text(J$1,"mm/dd/yy")&"!B:L"),6,false)>8,1,0),0) -> 0 | L135: =iferror(IF(VLOOKUP($B135,indirect(text(K$1,"mm/dd/yy")&"!B:L"),6,false)>8,1,0),0) -> 0 | ... AC135: =iferror(IF(VLOOKUP($B135,indirect(text(AB$1,"mm/dd/yy")&"!B:L"),6,false)>8,1,0),0) -> 0
A136: =A135+1 -> 5 | B136: Andrew Wen | C136: =sum(D136:AC136) -> 0 | E136: =iferror(IF(VLOOKUP($B136,indirect(text(D$1,"mm/dd/yy")&"!B:L"),6,false)>8,1,0),0) -> 0 | F136: =iferror(IF(VLOOKUP($B136,indirect(text(E$1,"mm/dd/yy")&"!B:L"),6,false)>8,1,0),0) -> 0 | G136: =iferror(IF(VLOOKUP($B136,indirect(text(F$1,"mm/dd/yy")&"!B:L"),6,false)>8,1,0),0) -> 0 | H136: =iferror(IF(VLOOKUP($B136,indirect(text(G$1,"mm/dd/yy")&"!B:L"),6,false)>8,1,0),0) -> 0 | I136: =iferror(IF(VLOOKUP($B136,indirect(text(H$1,"mm/dd/yy")&"!B:L"),6,false)>8,1,0),0) -> 0 | J136: =iferror(IF(VLOOKUP($B136,indirect(text(I$1,"mm/dd/yy")&"!B:L"),6,false)>8,1,0),0) -> 0 | K136: =iferror(IF(VLOOKUP($B136,indirect(text(J$1,"mm/dd/yy")&"!B:L"),6,false)>8,1,0),0) -> 0 | L136: =iferror(IF(VLOOKUP($B136,indirect(text(K$1,"mm/dd/yy")&"!B:L"),6,false)>8,1,0),0) -> 0 | ... AC136: =iferror(IF(VLOOKUP($B136,indirect(text(AB$1,"mm/dd/yy")&"!B:L"),6,false)>8,1,0),0) -> 0
A137: =A136+1 -> 6 | B137: Andrew Yao | C137: =sum(D137:AC137) -> 2 | E137: =iferror(IF(VLOOKUP($B137,indirect(text(D$1,"mm/dd/yy")&"!B:L"),6,false)>8,1,0),0) -> 0 | F137: =iferror(IF(VLOOKUP($B137,indirect(text(E$1,"mm/dd/yy")&"!B:L"),6,false)>8,1,0),0) -> 0 | G137: =iferror(IF(VLOOKUP($B137,indirect(text(F$1,"mm/dd/yy")&"!B:L"),6,false)>8,1,0),0) -> 0 | H137: =iferror(IF(VLOOKUP($B137,indirect(text(G$1,"mm/dd/yy")&"!B:L"),6,false)>8,1,0),0) -> 0 | I137: =iferror(IF(VLOOKUP($B137,indirect(text(H$1,"mm/dd/yy")&"!B:L"),6,false)>8,1,0),0) -> 0 | J137: =iferror(IF(VLOOKUP($B137,indirect(text(I$1,"mm/dd/yy")&"!B:L"),6,false)>8,1,0),0) -> 0 | K137: =iferror(IF(VLOOKUP($B137,indirect(text(J$1,"mm/dd/yy")&"!B:L"),6,false)>8,1,0),0) -> 0 | L137: =iferror(IF(VLOOKUP($B137,indirect(text(K$1,"mm/dd/yy")&"!B:L"),6,false)>8,1,0),0) -> 1 | ... AC137: =iferror(IF(VLOOKUP($B137,indirect(text(AB$1,"mm/dd/yy")&"!B:L"),6,false)>8,1,0),0) -> 0
A138: =A137+1 -> 7 | B138: Art Hui | C138: =sum(D138:AC138) -> 3 | E138: =iferror(IF(VLOOKUP($B138,indirect(text(D$1,"mm/dd/yy")&"!B:L"),6,false)>8,1,0),0) -> 0 | F138: =iferror(IF(VLOOKUP($B138,indirect(text(E$1,"mm/dd/yy")&"!B:L"),6,false)>8,1,0),0) -> 1 | G138: =iferror(IF(VLOOKUP($B138,indirect(text(F$1,"mm/dd/yy")&"!B:L"),6,false)>8,1,0),0) -> 0 | H138: =iferror(IF(VLOOKUP($B138,indirect(text(G$1,"mm/dd/yy")&"!B:L"),6,false)>8,1,0),0) -> 1 | I138: =iferror(IF(VLOOKUP($B138,indirect(text(H$1,"mm/dd/yy")&"!B:L"),6,false)>8,1,0),0) -> 1 | J138: =iferror(IF(VLOOKUP($B138,indirect(text(I$1,"mm/dd/yy")&"!B:L"),6,false)>8,1,0),0) -> 0 | K138: =iferror(IF(VLOOKUP($B138,indirect(text(J$1,"mm/dd/yy")&"!B:L"),6,false)>8,1,0),0) -> 0 | L138: =iferror(IF(VLOOKUP($B138,indirect(text(K$1,"mm/dd/yy")&"!B:L"),6,false)>8,1,0),0) -> 0 | ... AC138: =iferror(IF(VLOOKUP($B138,indirect(text(AB$1,"mm/dd/yy")&"!B:L"),6,false)>8,1,0),0) -> 0
A139: =A138+1 -> 8 | B139: Balaji Alahari | C139: =sum(D139:AC139) -> 0 | E139: =iferror(IF(VLOOKUP($B139,indirect(text(D$1,"mm/dd/yy")&"!B:L"),6,false)>8,1,0),0) -> 0 | F139: =iferror(IF(VLOOKUP($B139,indirect(text(E$1,"mm/dd/yy")&"!B:L"),6,false)>8,1,0),0) -> 0 | G139: =iferror(IF(VLOOKUP($B139,indirect(text(F$1,"mm/dd/yy")&"!B:L"),6,false)>8,1,0),0) -> 0 | H139: =iferror(IF(VLOOKUP($B139,indirect(text(G$1,"mm/dd/yy")&"!B:L"),6,false)>8,1,0),0) -> 0 | I139: =iferror(IF(VLOOKUP($B139,indirect(text(H$1,"mm/dd/yy")&"!B:L"),6,false)>8,1,0),0) -> 0 | J139: =iferror(IF(VLOOKUP($B139,indirect(text(I$1,"mm/dd/yy")&"!B:L"),6,false)>8,1,0),0) -> 0 | K139: =iferror(IF(VLOOKUP($B139,indirect(text(J$1,"mm/dd/yy")&"!B:L"),6,false)>8,1,0),0) -> 0 | L139: =iferror(IF(VLOOKUP($B139,indirect(text(K$1,"mm/dd/yy")&"!B:L"),6,false)>8,1,0),0) -> 0 | ... AC139: =iferror(IF(VLOOKUP($B139,indirect(text(AB$1,"mm/dd/yy")&"!B:L"),6,false)>8,1,0),0) -> 0
A140: =A139+1 -> 9 | B140: Barathi Sundaram | C140: =sum(D140:AC140) -> 0 | E140: =iferror(IF(VLOOKUP($B140,indirect(text(D$1,"mm/dd/yy")&"!B:L"),6,false)>8,1,0),0) -> 0 | F140: =iferror(IF(VLOOKUP($B140,indirect(text(E$1,"mm/dd/yy")&"!B:L"),6,false)>8,1,0),0) -> 0 | G140: =iferror(IF(VLOOKUP($B140,indirect(text(F$1,"mm/dd/yy")&"!B:L"),6,false)>8,1,0),0) -> 0 | H140: =iferror(IF(VLOOKUP($B140,indirect(text(G$1,"mm/dd/yy")&"!B:L"),6,false)>8,1,0),0) -> 0 | I140: =iferror(IF(VLOOKUP($B140,indirect(text(H$1,"mm/dd/yy")&"!B:L"),6,false)>8,1,0),0) -> 0 | J140: =iferror(IF(VLOOKUP($B140,indirect(text(I$1,"mm/dd/yy")&"!B:L"),6,false)>8,1,0),0) -> 0 | K140: =iferror(IF(VLOOKUP($B140,indirect(text(J$1,"mm/dd/yy")&"!B:L"),6,false)>8,1,0),0) -> 0 | L140: =iferror(IF(VLOOKUP($B140,indirect(text(K$1,"mm/dd/yy")&"!B:L"),6,false)>8,1,0),0) -> 0 | ... AC140: =iferror(IF(VLOOKUP($B140,indirect(text(AB$1,"mm/dd/yy")&"!B:L"),6,false)>8,1,0),0) -> 0
A141: =A140+1 -> 10 | B141: Basudev Thoppai Vidyasankar | C141: =sum(D141:AC141) -> 2 | E141: =iferror(IF(VLOOKUP($B141,indirect(text(D$1,"mm/dd/yy")&"!B:L"),6,false)>8,1,0),0) -> 1 | F141: =iferror(IF(VLOOKUP($B141,indirect(text(E$1,"mm/dd/yy")&"!B:L"),6,false)>8,1,0),0) -> 0 | G141: =iferror(IF(VLOOKUP($B141,indirect(text(F$1,"mm/dd/yy")&"!B:L"),6,false)>8,1,0),0) -> 0 | H141: =iferror(IF(VLOOKUP($B141,indirect(text(G$1,"mm/dd/yy")&"!B:L"),6,false)>8,1,0),0) -> 0 | I141: =iferror(IF(VLOOKUP($B141,indirect(text(H$1,"mm/dd/yy")&"!B:L"),6,false)>8,1,0),0) -> 0 | J141: =iferror(IF(VLOOKUP($B141,indirect(text(I$1,"mm/dd/yy")&"!B:L"),6,false)>8,1,0),0) -> 0 | K141: =iferror(IF(VLOOKUP($B141,indirect(text(J$1,"mm/dd/yy")&"!B:L"),6,false)>8,1,0),0) -> 0 | L141: =iferror(IF(VLOOKUP($B141,indirect(text(K$1,"mm/dd/yy")&"!B:L"),6,false)>8,1,0),0) -> 0 | ... AC141: =iferror(IF(VLOOKUP($B141,indirect(text(AB$1,"mm/dd/yy")&"!B:L"),6,false)>8,1,0),0) -> 0
A142: =A141+1 -> 11 | B142: Camille Jung | C142: =sum(D142:AC142) -> 7 | E142: =iferror(IF(VLOOKUP($B142,indirect(text(D$1,"mm/dd/yy")&"!B:L"),6,false)>8,1,0),0) -> 0 | F142: =iferror(IF(VLOOKUP($B142,indirect(text(E$1,"mm/dd/yy")&"!B:L"),6,false)>8,1,0),0) -> 0 | G142: =iferror(IF(VLOOKUP($B142,indirect(text(F$1,"mm/dd/yy")&"!B:L"),6,false)>8,1,0),0) -> 0 | H142: =iferror(IF(VLOOKUP($B142,indirect(text(G$1,"mm/dd/yy")&"!B:L"),6,false)>8,1,0),0) -> 1 | I142: =iferror(IF(VLOOKUP($B142,indirect(text(H$1,"mm/dd/yy")&"!B:L"),6,false)>8,1,0),0) -> 1 | J142: =iferror(IF(VLOOKUP($B142,indirect(text(I$1,"mm/dd/yy")&"!B:L"),6,false)>8,1,0),0) -> 1 | K142: =iferror(IF(VLOOKUP($B142,indirect(text(J$1,"mm/dd/yy")&"!B:L"),6,false)>8,1,0),0) -> 1 | L142: =iferror(IF(VLOOKUP($B142,indirect(text(K$1,"mm/dd/yy")&"!B:L"),6,false)>8,1,0),0) -> 0 | ... AC142: =iferror(IF(VLOOKUP($B142,indirect(text(AB$1,"mm/dd/yy")&"!B:L"),6,false)>8,1,0),0) -> 0
A143: =A142+1 -> 12 | B143: Charles Choi | C143: =sum(D143:AC143) -> 0 | E143: =iferror(IF(VLOOKUP($B143,indirect(text(D$1,"mm/dd/yy")&"!B:L"),6,false)>8,1,0),0) -> 0 | F143: =iferror(IF(VLOOKUP($B143,indirect(text(E$1,"mm/dd/yy")&"!B:L"),6,false)>8,1,0),0) -> 0 | G143: =iferror(IF(VLOOKUP($B143,indirect(text(F$1,"mm/dd/yy")&"!B:L"),6,false)>8,1,0),0) -> 0 | H143: =iferror(IF(VLOOKUP($B143,indirect(text(G$1,"mm/dd/yy")&"!B:L"),6,false)>8,1,0),0) -> 0 | I143: =iferror(IF(VLOOKUP($B143,indirect(text(H$1,"mm/dd/yy")&"!B:L"),6,false)>8,1,0),0) -> 0 | J143: =iferror(IF(VLOOKUP($B143,indirect(text(I$1,"mm/dd/yy")&"!B:L"),6,false)>8,1,0),0) -> 0 | K143: =iferror(IF(VLOOKUP($B143,indirect(text(J$1,"mm/dd/yy")&"!B:L"),6,false)>8,1,0),0) -> 0 | L143: =iferror(IF(VLOOKUP($B143,indirect(text(K$1,"mm/dd/yy")&"!B:L"),6,false)>8,1,0),0) -> 0 | ... AC143: =iferror(IF(VLOOKUP($B143,indirect(text(AB$1,"mm/dd/yy")&"!B:L"),6,false)>8,1,0),0) -> 0
A144: =A143+1 -> 13 | B144: Chinna Ponnaganti | E144: =iferror(IF(VLOOKUP($B144,indirect(text(D$1,"mm/dd/yy")&"!B:L"),6,false)>8,1,0),0) -> 0 | F144: =iferror(IF(VLOOKUP($B144,indirect(text(E$1,"mm/dd/yy")&"!B:L"),6,false)>8,1,0),0) -> 0 | G144: =iferror(IF(VLOOKUP($B144,indirect(text(F$1,"mm/dd/yy")&"!B:L"),6,false)>8,1,0),0) -> 0 | H144: =iferror(IF(VLOOKUP($B144,indirect(text(G$1,"mm/dd/yy")&"!B:L"),6,false)>8,1,0),0) -> 0 | I144: =iferror(IF(VLOOKUP($B144,indirect(text(H$1,"mm/dd/yy")&"!B:L"),6,false)>8,1,0),0) -> 0 | J144: =iferror(IF(VLOOKUP($B144,indirect(text(I$1,"mm/dd/yy")&"!B:L"),6,false)>8,1,0),0) -> 1 | K144: =iferror(IF(VLOOKUP($B144,indirect(text(J$1,"mm/dd/yy")&"!B:L"),6,false)>8,1,0),0) -> 1 | L144: =iferror(IF(VLOOKUP($B144,indirect(text(K$1,"mm/dd/yy")&"!B:L"),6,false)>8,1,0),0) -> 1 | ... AC144: =iferror(IF(VLOOKUP($B144,indirect(text(AB$1,"mm/dd/yy")&"!B:L"),6,false)>8,1,0),0) -> 0
A145: =A144+1 -> 14 | B145: Cid Macaraeg | C145: =sum(D145:AC145) -> 1 | E145: =iferror(IF(VLOOKUP($B145,indirect(text(D$1,"mm/dd/yy")&"!B:L"),6,false)>8,1,0),0) -> 1 | F145: =iferror(IF(VLOOKUP($B145,indirect(text(E$1,"mm/dd/yy")&"!B:L"),6,false)>8,1,0),0) -> 0 | G145: =iferror(IF(VLOOKUP($B145,indirect(text(F$1,"mm/dd/yy")&"!B:L"),6,false)>8,1,0),0) -> 0 | H145: =iferror(IF(VLOOKUP($B145,indirect(text(G$1,"mm/dd/yy")&"!B:L"),6,false)>8,1,0),0) -> 0 | I145: =iferror(IF(VLOOKUP($B145,indirect(text(H$1,"mm/dd/yy")&"!B:L"),6,false)>8,1,0),0) -> 0 | J145: =iferror(IF(VLOOKUP($B145,indirect(text(I$1,"mm/dd/yy")&"!B:L"),6,false)>8,1,0),0) -> 0 | K145: =iferror(IF(VLOOKUP($B145,indirect(text(J$1,"mm/dd/yy")&"!B:L"),6,false)>8,1,0),0) -> 0 | L145: =iferror(IF(VLOOKUP($B145,indirect(text(K$1,"mm/dd/yy")&"!B:L"),6,false)>8,1,0),0) -> 0 | ... AC145: =iferror(IF(VLOOKUP($B145,indirect(text(AB$1,"mm/dd/yy")&"!B:L"),6,false)>8,1,0),0) -> 0
A146: =A145+1 -> 15 | B146: Coco Yan | C146: =sum(D146:AC146) -> 5 | E146: =iferror(IF(VLOOKUP($B146,indirect(text(D$1,"mm/dd/yy")&"!B:L"),6,false)>8,1,0),0) -> 1 | F146: =iferror(IF(VLOOKUP($B146,indirect(text(E$1,"mm/dd/yy")&"!B:L"),6,false)>8,1,0),0) -> 0 | G146: =iferror(IF(VLOOKUP($B146,indirect(text(F$1,"mm/dd/yy")&"!B:L"),6,false)>8,1,0),0) -> 1 | H146: =iferror(IF(VLOOKUP($B146,indirect(text(G$1,"mm/dd/yy")&"!B:L"),6,false)>8,1,0),0) -> 0 | I146: =iferror(IF(VLOOKUP($B146,indirect(text(H$1,"mm/dd/yy")&"!B:L"),6,false)>8,1,0),0) -> 0 | J146: =iferror(IF(VLOOKUP($B146,indirect(text(I$1,"mm/dd/yy")&"!B:L"),6,false)>8,1,0),0) -> 0 | K146: =iferror(IF(VLOOKUP($B146,indirect(text(J$1,"mm/dd/yy")&"!B:L"),6,false)>8,1,0),0) -> 0 | L146: =iferror(IF(VLOOKUP($B146,indirect(text(K$1,"mm/dd/yy")&"!B:L"),6,false)>8,1,0),0) -> 1 | ... AC146: =iferror(IF(VLOOKUP($B146,indirect(text(AB$1,"mm/dd/yy")&"!B:L"),6,false)>8,1,0),0) -> 0
A147: =A146+1 -> 16 | B147: Darren Wong | C147: =sum(D147:AC147) -> 1 | E147: =iferror(IF(VLOOKUP($B147,indirect(text(D$1,"mm/dd/yy")&"!B:L"),6,false)>8,1,0),0) -> 1 | F147: =iferror(IF(VLOOKUP($B147,indirect(text(E$1,"mm/dd/yy")&"!B:L"),6,false)>8,1,0),0) -> 0 | G147: =iferror(IF(VLOOKUP($B147,indirect(text(F$1,"mm/dd/yy")&"!B:L"),6,false)>8,1,0),0) -> 0 | H147: =iferror(IF(VLOOKUP($B147,indirect(text(G$1,"mm/dd/yy")&"!B:L"),6,false)>8,1,0),0) -> 0 | I147: =iferror(IF(VLOOKUP($B147,indirect(text(H$1,"mm/dd/yy")&"!B:L"),6,false)>8,1,0),0) -> 0 | J147: =iferror(IF(VLOOKUP($B147,indirect(text(I$1,"mm/dd/yy")&"!B:L"),6,false)>8,1,0),0) -> 0 | K147: =iferror(IF(VLOOKUP($B147,indirect(text(J$1,"mm/dd/yy")&"!B:L"),6,false)>8,1,0),0) -> 0 | L147: =iferror(IF(VLOOKUP($B147,indirect(text(K$1,"mm/dd/yy")&"!B:L"),6,false)>8,1,0),0) -> 0 | ... AC147: =iferror(IF(VLOOKUP($B147,indirect(text(AB$1,"mm/dd/yy")&"!B:L"),6,false)>8,1,0),0) -> 0
A148: =A147+1 -> 17 | B148: David Shin | C148: =sum(D148:AC148) -> 4 | E148: =iferror(IF(VLOOKUP($B148,indirect(text(D$1,"mm/dd/yy")&"!B:L"),6,false)>8,1,0),0) -> 0 | F148: =iferror(IF(VLOOKUP($B148,indirect(text(E$1,"mm/dd/yy")&"!B:L"),6,false)>8,1,0),0) -> 0 | G148: =iferror(IF(VLOOKUP($B148,indirect(text(F$1,"mm/dd/yy")&"!B:L"),6,false)>8,1,0),0) -> 1 | H148: =iferror(IF(VLOOKUP($B148,indirect(text(G$1,"mm/dd/yy")&"!B:L"),6,false)>8,1,0),0) -> 0 | I148: =iferror(IF(VLOOKUP($B148,indirect(text(H$1,"mm/dd/yy")&"!B:L"),6,false)>8,1,0),0) -> 0 | J148: =iferror(IF(VLOOKUP($B148,indirect(text(I$1,"mm/dd/yy")&"!B:L"),6,false)>8,1,0),0) -> 0 | K148: =iferror(IF(VLOOKUP($B148,indirect(text(J$1,"mm/dd/yy")&"!B:L"),6,false)>8,1,0),0) -> 0 | L148: =iferror(IF(VLOOKUP($B148,indirect(text(K$1,"mm/dd/yy")&"!B:L"),6,false)>8,1,0),0) -> 1 | ... AC148: =iferror(IF(VLOOKUP($B148,indirect(text(AB$1,"mm/dd/yy")&"!B:L"),6,false)>8,1,0),0) -> 0
A149: =A148+1 -> 18 | B149: Elayaraja Thangaraj | C149: =sum(D149:AC149) -> 2 | E149: =iferror(IF(VLOOKUP($B149,indirect(text(D$1,"mm/dd/yy")&"!B:L"),6,false)>8,1,0),0) -> 0 | F149: =iferror(IF(VLOOKUP($B149,indirect(text(E$1,"mm/dd/yy")&"!B:L"),6,false)>8,1,0),0) -> 0 | G149: =iferror(IF(VLOOKUP($B149,indirect(text(F$1,"mm/dd/yy")&"!B:L"),6,false)>8,1,0),0) -> 0 | H149: =iferror(IF(VLOOKUP($B149,indirect(text(G$1,"mm/dd/yy")&"!B:L"),6,false)>8,1,0),0) -> 0 | I149: =iferror(IF(VLOOKUP($B149,indirect(text(H$1,"mm/dd/yy")&"!B:L"),6,false)>8,1,0),0) -> 0 | J149: =iferror(IF(VLOOKUP($B149,indirect(text(I$1,"mm/dd/yy")&"!B:L"),6,false)>8,1,0),0) -> 1 | K149: =iferror(IF(VLOOKUP($B149,indirect(text(J$1,"mm/dd/yy")&"!B:L"),6,false)>8,1,0),0) -> 0 | L149: =iferror(IF(VLOOKUP($B149,indirect(text(K$1,"mm/dd/yy")&"!B:L"),6,false)>8,1,0),0) -> 0 | ... AC149: =iferror(IF(VLOOKUP($B149,indirect(text(AB$1,"mm/dd/yy")&"!B:L"),6,false)>8,1,0),0) -> 0
A150: =A149+1 -> 19 | B150: Eric Pan | C150: =sum(D150:AC150) -> 1 | E150: =iferror(IF(VLOOKUP($B150,indirect(text(D$1,"mm/dd/yy")&"!B:L"),6,false)>8,1,0),0) -> 0 | F150: =iferror(IF(VLOOKUP($B150,indirect(text(E$1,"mm/dd/yy")&"!B:L"),6,false)>8,1,0),0) -> 0 | G150: =iferror(IF(VLOOKUP($B150,indirect(text(F$1,"mm/dd/yy")&"!B:L"),6,false)>8,1,0),0) -> 0 | H150: =iferror(IF(VLOOKUP($B150,indirect(text(G$1,"mm/dd/yy")&"!B:L"),6,false)>8,1,0),0) -> 1 | I150: =iferror(IF(VLOOKUP($B150,indirect(text(H$1,"mm/dd/yy")&"!B:L"),6,false)>8,1,0),0) -> 0 | J150: =iferror(IF(VLOOKUP($B150,indirect(text(I$1,"mm/dd/yy")&"!B:L"),6,false)>8,1,0),0) -> 0 | K150: =iferror(IF(VLOOKUP($B150,indirect(text(J$1,"mm/dd/yy")&"!B:L"),6,false)>8,1,0),0) -> 0 | L150: =iferror(IF(VLOOKUP($B150,indirect(text(K$1,"mm/dd/yy")&"!B:L"),6,false)>8,1,0),0) -> 0 | ... AC150: =iferror(IF(VLOOKUP($B150,indirect(text(AB$1,"mm/dd/yy")&"!B:L"),6,false)>8,1,0),0) -> 0
A151: =A150+1 -> 20 | B151: Eric Tan | C151: =sum(D151:AC151) -> 7 | E151: =iferror(IF(VLOOKUP($B151,indirect(text(D$1,"mm/dd/yy")&"!B:L"),6,false)>8,1,0),0) -> 0 | F151: =iferror(IF(VLOOKUP($B151,indirect(text(E$1,"mm/dd/yy")&"!B:L"),6,false)>8,1,0),0) -> 0 | G151: =iferror(IF(VLOOKUP($B151,indirect(text(F$1,"mm/dd/yy")&"!B:L"),6,false)>8,1,0),0) -> 0 | H151: =iferror(IF(VLOOKUP($B151,indirect(text(G$1,"mm/dd/yy")&"!B:L"),6,false)>8,1,0),0) -> 1 | I151: =iferror(IF(VLOOKUP($B151,indirect(text(H$1,"mm/dd/yy")&"!B:L"),6,false)>8,1,0),0) -> 1 | J151: =iferror(IF(VLOOKUP($B151,indirect(text(I$1,"mm/dd/yy")&"!B:L"),6,false)>8,1,0),0) -> 1 | K151: =iferror(IF(VLOOKUP($B151,indirect(text(J$1,"mm/dd/yy")&"!B:L"),6,false)>8,1,0),0) -> 1 | L151: =iferror(IF(VLOOKUP($B151,indirect(text(K$1,"mm/dd/yy")&"!B:L"),6,false)>8,1,0),0) -> 0 | ... AC151: =iferror(IF(VLOOKUP($B151,indirect(text(AB$1,"mm/dd/yy")&"!B:L"),6,false)>8,1,0),0) -> 0
A152: =A151+1 -> 21 | B152: Erik Hoeckmann | C152: =sum(D152:AC152) -> 0 | E152: =iferror(IF(VLOOKUP($B152,indirect(text(D$1,"mm/dd/yy")&"!B:L"),6,false)>8,1,0),0) -> 0 | F152: =iferror(IF(VLOOKUP($B152,indirect(text(E$1,"mm/dd/yy")&"!B:L"),6,false)>8,1,0),0) -> 0 | G152: =iferror(IF(VLOOKUP($B152,indirect(text(F$1,"mm/dd/yy")&"!B:L"),6,false)>8,1,0),0) -> 0 | H152: =iferror(IF(VLOOKUP($B152,indirect(text(G$1,"mm/dd/yy")&"!B:L"),6,false)>8,1,0),0) -> 0 | I152: =iferror(IF(VLOOKUP($B152,indirect(text(H$1,"mm/dd/yy")&"!B:L"),6,false)>8,1,0),0) -> 0 | J152: =iferror(IF(VLOOKUP($B152,indirect(text(I$1,"mm/dd/yy")&"!B:L"),6,false)>8,1,0),0) -> 0 | K152: =iferror(IF(VLOOKUP($B152,indirect(text(J$1,"mm/dd/yy")&"!B:L"),6,false)>8,1,0),0) -> 0 | L152: =iferror(IF(VLOOKUP($B152,indirect(text(K$1,"mm/dd/yy")&"!B:L"),6,false)>8,1,0),0) -> 0 | ... AC152: =iferror(IF(VLOOKUP($B152,indirect(text(AB$1,"mm/dd/yy")&"!B:L"),6,false)>8,1,0),0) -> 0
A153: =A152+1 -> 22 | B153: Ethan Gu | C153: =sum(D153:AC153) -> 2 | E153: =iferror(IF(VLOOKUP($B153,indirect(text(D$1,"mm/dd/yy")&"!B:L"),6,false)>8,1,0),0) -> 0 | F153: =iferror(IF(VLOOKUP($B153,indirect(text(E$1,"mm/dd/yy")&"!B:L"),6,false)>8,1,0),0) -> 0 | G153: =iferror(IF(VLOOKUP($B153,indirect(text(F$1,"mm/dd/yy")&"!B:L"),6,false)>8,1,0),0) -> 0 | H153: =iferror(IF(VLOOKUP($B153,indirect(text(G$1,"mm/dd/yy")&"!B:L"),6,false)>8,1,0),0) -> 0 | I153: =iferror(IF(VLOOKUP($B153,indirect(text(H$1,"mm/dd/yy")&"!B:L"),6,false)>8,1,0),0) -> 0 | J153: =iferror(IF(VLOOKUP($B153,indirect(text(I$1,"mm/dd/yy")&"!B:L"),6,false)>8,1,0),0) -> 0 | K153: =iferror(IF(VLOOKUP($B153,indirect(text(J$1,"mm/dd/yy")&"!B:L"),6,false)>8,1,0),0) -> 0 | L153: =iferror(IF(VLOOKUP($B153,indirect(text(K$1,"mm/dd/yy")&"!B:L"),6,false)>8,1,0),0) -> 0 | ... AC153: =iferror(IF(VLOOKUP($B153,indirect(text(AB$1,"mm/dd/yy")&"!B:L"),6,false)>8,1,0),0) -> 0
A154: =A153+1 -> 23 | B154: Frank Moon | C154: =sum(D154:AC154) -> 2 | E154: =iferror(IF(VLOOKUP($B154,indirect(text(D$1,"mm/dd/yy")&"!B:L"),6,false)>8,1,0),0) -> 0 | F154: =iferror(IF(VLOOKUP($B154,indirect(text(E$1,"mm/dd/yy")&"!B:L"),6,false)>8,1,0),0) -> 0 | G154: =iferror(IF(VLOOKUP($B154,indirect(text(F$1,"mm/dd/yy")&"!B:L"),6,false)>8,1,0),0) -> 0 | H154: =iferror(IF(VLOOKUP($B154,indirect(text(G$1,"mm/dd/yy")&"!B:L"),6,false)>8,1,0),0) -> 0 | I154: =iferror(IF(VLOOKUP($B154,indirect(text(H$1,"mm/dd/yy")&"!B:L"),6,false)>8,1,0),0) -> 0 | J154: =iferror(IF(VLOOKUP($B154,indirect(text(I$1,"mm/dd/yy")&"!B:L"),6,false)>8,1,0),0) -> 0 | K154: =iferror(IF(VLOOKUP($B154,indirect(text(J$1,"mm/dd/yy")&"!B:L"),6,false)>8,1,0),0) -> 0 | L154: =iferror(IF(VLOOKUP($B154,indirect(text(K$1,"mm/dd/yy")&"!B:L"),6,false)>8,1,0),0) -> 0 | ... AC154: =iferror(IF(VLOOKUP($B154,indirect(text(AB$1,"mm/dd/yy")&"!B:L"),6,false)>8,1,0),0) -> 0
A155: =A154+1 -> 24 | B155: Herman Au | C155: =sum(D155:AC155) -> 0 | E155: =iferror(IF(VLOOKUP($B155,indirect(text(D$1,"mm/dd/yy")&"!B:L"),6,false)>8,1,0),0) -> 0 | F155: =iferror(IF(VLOOKUP($B155,indirect(text(E$1,"mm/dd/yy")&"!B:L"),6,false)>8,1,0),0) -> 0 | G155: =iferror(IF(VLOOKUP($B155,indirect(text(F$1,"mm/dd/yy")&"!B:L"),6,false)>8,1,0),0) -> 0 | H155: =iferror(IF(VLOOKUP($B155,indirect(text(G$1,"mm/dd/yy")&"!B:L"),6,false)>8,1,0),0) -> 0 | I155: =iferror(IF(VLOOKUP($B155,indirect(text(H$1,"mm/dd/yy")&"!B:L"),6,false)>8,1,0),0) -> 0 | J155: =iferror(IF(VLOOKUP($B155,indirect(text(I$1,"mm/dd/yy")&"!B:L"),6,false)>8,1,0),0) -> 0 | K155: =iferror(IF(VLOOKUP($B155,indirect(text(J$1,"mm/dd/yy")&"!B:L"),6,false)>8,1,0),0) -> 0 | L155: =iferror(IF(VLOOKUP($B155,indirect(text(K$1,"mm/dd/yy")&"!B:L"),6,false)>8,1,0),0) -> 0 | ... AC155: =iferror(IF(VLOOKUP($B155,indirect(text(AB$1,"mm/dd/yy")&"!B:L"),6,false)>8,1,0),0) -> 0
A156: =A155+1 -> 25 | B156: Hongyuan Wen | C156: =sum(D156:AC156) -> 3 | E156: =iferror(IF(VLOOKUP($B156,indirect(text(D$1,"mm/dd/yy")&"!B:L"),6,false)>8,1,0),0) -> 0 | F156: =iferror(IF(VLOOKUP($B156,indirect(text(E$1,"mm/dd/yy")&"!B:L"),6,false)>8,1,0),0) -> 0 | G156: =iferror(IF(VLOOKUP($B156,indirect(text(F$1,"mm/dd/yy")&"!B:L"),6,false)>8,1,0),0) -> 0 | H156: =iferror(IF(VLOOKUP($B156,indirect(text(G$1,"mm/dd/yy")&"!B:L"),6,false)>8,1,0),0) -> 0 | I156: =iferror(IF(VLOOKUP($B156,indirect(text(H$1,"mm/dd/yy")&"!B:L"),6,false)>8,1,0),0) -> 0 | J156: =iferror(IF(VLOOKUP($B156,indirect(text(I$1,"mm/dd/yy")&"!B:L"),6,false)>8,1,0),0) -> 0 | K156: =iferror(IF(VLOOKUP($B156,indirect(text(J$1,"mm/dd/yy")&"!B:L"),6,false)>8,1,0),0) -> 1 | L156: =iferror(IF(VLOOKUP($B156,indirect(text(K$1,"mm/dd/yy")&"!B:L"),6,false)>8,1,0),0) -> 1 | ... AC156: =iferror(IF(VLOOKUP($B156,indirect(text(AB$1,"mm/dd/yy")&"!B:L"),6,false)>8,1,0),0) -> 0
... A161: =A160+1 -> 30 | B161: Jimmy Awolesi | C161: =sum(D161:AC161) -> 5 | E161: =iferror(IF(VLOOKUP($B161,indirect(text(D$1,"mm/dd/yy")&"!B:L"),6,false)>8,1,0),0) -> 0 | F161: =iferror(IF(VLOOKUP($B161,indirect(text(E$1,"mm/dd/yy")&"!B:L"),6,false)>8,1,0),0) -> 0 | G161: =iferror(IF(VLOOKUP($B161,indirect(text(F$1,"mm/dd/yy")&"!B:L"),6,false)>8,1,0),0) -> 0 | H161: =iferror(IF(VLOOKUP($B161,indirect(text(G$1,"mm/dd/yy")&"!B:L"),6,false)>8,1,0),0) -> 0 | I161: =iferror(IF(VLOOKUP($B161,indirect(text(H$1,"mm/dd/yy")&"!B:L"),6,false)>8,1,0),0) -> 1 | J161: =iferror(IF(VLOOKUP($B161,indirect(text(I$1,"mm/dd/yy")&"!B:L"),6,false)>8,1,0),0) -> 1 | K161: =iferror(IF(VLOOKUP($B161,indirect(text(J$1,"mm/dd/yy")&"!B:L"),6,false)>8,1,0),0) -> 1 | L161: =iferror(IF(VLOOKUP($B161,indirect(text(K$1,"mm/dd/yy")&"!B:L"),6,false)>8,1,0),0) -> 0 | ... AC161: =iferror(IF(VLOOKUP($B161,indirect(text(AB$1,"mm/dd/yy")&"!B:L"),6,false)>8,1,0),0) -> 0
A162: =A161+1 -> 31 | B162: Joe Luzzi | E162: =iferror(IF(VLOOKUP($B162,indirect(text(D$1,"mm/dd/yy")&"!B:L"),6,false)>8,1,0),0) -> 0 | F162: =iferror(IF(VLOOKUP($B162,indirect(text(E$1,"mm/dd/yy")&"!B:L"),6,false)>8,1,0),0) -> 1 | G162: =iferror(IF(VLOOKUP($B162,indirect(text(F$1,"mm/dd/yy")&"!B:L"),6,false)>8,1,0),0) -> 1 | H162: =iferror(IF(VLOOKUP($B162,indirect(text(G$1,"mm/dd/yy")&"!B:L"),6,false)>8,1,0),0) -> 0 | I162: =iferror(IF(VLOOKUP($B162,indirect(text(H$1,"mm/dd/yy")&"!B:L"),6,false)>8,1,0),0) -> 0 | J162: =iferror(IF(VLOOKUP($B162,indirect(text(I$1,"mm/dd/yy")&"!B:L"),6,false)>8,1,0),0) -> 0 | K162: =iferror(IF(VLOOKUP($B162,indirect(text(J$1,"mm/dd/yy")&"!B:L"),6,false)>8,1,0),0) -> 0 | L162: =iferror(IF(VLOOKUP($B162,indirect(text(K$1,"mm/dd/yy")&"!B:L"),6,false)>8,1,0),0) -> 0 | ... AC162: =iferror(IF(VLOOKUP($B162,indirect(text(AB$1,"mm/dd/yy")&"!B:L"),6,false)>8,1,0),0) -> 0
A163: =A162+1 -> 32 | B163: Jonathan Phan | C163: =sum(D163:AC163) -> 1 | E163: =iferror(IF(VLOOKUP($B163,indirect(text(D$1,"mm/dd/yy")&"!B:L"),6,false)>8,1,0),0) -> 0 | F163: =iferror(IF(VLOOKUP($B163,indirect(text(E$1,"mm/dd/yy")&"!B:L"),6,false)>8,1,0),0) -> 1 | G163: =iferror(IF(VLOOKUP($B163,indirect(text(F$1,"mm/dd/yy")&"!B:L"),6,false)>8,1,0),0) -> 0 | H163: =iferror(IF(VLOOKUP($B163,indirect(text(G$1,"mm/dd/yy")&"!B:L"),6,false)>8,1,0),0) -> 0 | I163: =iferror(IF(VLOOKUP($B163,indirect(text(H$1,"mm/dd/yy")&"!B:L"),6,false)>8,1,0),0) -> 0 | J163: =iferror(IF(VLOOKUP($B163,indirect(text(I$1,"mm/dd/yy")&"!B:L"),6,false)>8,1,0),0) -> 0 | K163: =iferror(IF(VLOOKUP($B163,indirect(text(J$1,"mm/dd/yy")&"!B:L"),6,false)>8,1,0),0) -> 0 | L163: =iferror(IF(VLOOKUP($B163,indirect(text(K$1,"mm/dd/yy")&"!B:L"),6,false)>8,1,0),0) -> 0 | ... AC163: =iferror(IF(VLOOKUP($B163,indirect(text(AB$1,"mm/dd/yy")&"!B:L"),6,false)>8,1,0),0) -> 0
A164: =A163+1 -> 33 | B164: Jordan Tatang | C164: =sum(D164:AC164) -> 2 | E164: =iferror(IF(VLOOKUP($B164,indirect(text(D$1,"mm/dd/yy")&"!B:L"),6,false)>8,1,0),0) -> 0 | F164: =iferror(IF(VLOOKUP($B164,indirect(text(E$1,"mm/dd/yy")&"!B:L"),6,false)>8,1,0),0) -> 1 | G164: =iferror(IF(VLOOKUP($B164,indirect(text(F$1,"mm/dd/yy")&"!B:L"),6,false)>8,1,0),0) -> 0 | H164: =iferror(IF(VLOOKUP($B164,indirect(text(G$1,"mm/dd/yy")&"!B:L"),6,false)>8,1,0),0) -> 0 | I164: =iferror(IF(VLOOKUP($B164,indirect(text(H$1,"mm/dd/yy")&"!B:L"),6,false)>8,1,0),0) -> 0 | J164: =iferror(IF(VLOOKUP($B164,indirect(text(I$1,"mm/dd/yy")&"!B:L"),6,false)>8,1,0),0) -> 0 | K164: =iferror(IF(VLOOKUP($B164,indirect(text(J$1,"mm/dd/yy")&"!B:L"),6,false)>8,1,0),0) -> 0 | L164: =iferror(IF(VLOOKUP($B164,indirect(text(K$1,"mm/dd/yy")&"!B:L"),6,false)>8,1,0),0) -> 0 | ... AC164: =iferror(IF(VLOOKUP($B164,indirect(text(AB$1,"mm/dd/yy")&"!B:L"),6,false)>8,1,0),0) -> 0
A165: =A164+1 -> 34 | B165: Joyce Zhu | C165: =sum(D165:AC165) -> 3 | E165: =iferror(IF(VLOOKUP($B165,indirect(text(D$1,"mm/dd/yy")&"!B:L"),6,false)>8,1,0),0) -> 0 | F165: =iferror(IF(VLOOKUP($B165,indirect(text(E$1,"mm/dd/yy")&"!B:L"),6,false)>8,1,0),0) -> 0 | G165: =iferror(IF(VLOOKUP($B165,indirect(text(F$1,"mm/dd/yy")&"!B:L"),6,false)>8,1,0),0) -> 1 | H165: =iferror(IF(VLOOKUP($B165,indirect(text(G$1,"mm/dd/yy")&"!B:L"),6,false)>8,1,0),0) -> 0 | I165: =iferror(IF(VLOOKUP($B165,indirect(text(H$1,"mm/dd/yy")&"!B:L"),6,false)>8,1,0),0) -> 0 | J165: =iferror(IF(VLOOKUP($B165,indirect(text(I$1,"mm/dd/yy")&"!B:L"),6,false)>8,1,0),0) -> 1 | K165: =iferror(IF(VLOOKUP($B165,indirect(text(J$1,"mm/dd/yy")&"!B:L"),6,false)>8,1,0),0) -> 0 | L165: =iferror(IF(VLOOKUP($B165,indirect(text(K$1,"mm/dd/yy")&"!B:L"),6,false)>8,1,0),0) -> 0 | ... AC165: =iferror(IF(VLOOKUP($B165,indirect(text(AB$1,"mm/dd/yy")&"!B:L"),6,false)>8,1,0),0) -> 0
A166: =A165+1 -> 35 | B166: Kumar Palakeel | C166: =sum(D166:AC166) -> 4 | E166: =iferror(IF(VLOOKUP($B166,indirect(text(D$1,"mm/dd/yy")&"!B:L"),6,false)>8,1,0),0) -> 0 | F166: =iferror(IF(VLOOKUP($B166,indirect(text(E$1,"mm/dd/yy")&"!B:L"),6,false)>8,1,0),0) -> 0 | G166: =iferror(IF(VLOOKUP($B166,indirect(text(F$1,"mm/dd/yy")&"!B:L"),6,false)>8,1,0),0) -> 0 | H166: =iferror(IF(VLOOKUP($B166,indirect(text(G$1,"mm/dd/yy")&"!B:L"),6,false)>8,1,0),0) -> 0 | I166: =iferror(IF(VLOOKUP($B166,indirect(text(H$1,"mm/dd/yy")&"!B:L"),6,false)>8,1,0),0) -> 0 | J166: =iferror(IF(VLOOKUP($B166,indirect(text(I$1,"mm/dd/yy")&"!B:L"),6,false)>8,1,0),0) -> 1 | K166: =iferror(IF(VLOOKUP($B166,indirect(text(J$1,"mm/dd/yy")&"!B:L"),6,false)>8,1,0),0) -> 0 | L166: =iferror(IF(VLOOKUP($B166,indirect(text(K$1,"mm/dd/yy")&"!B:L"),6,false)>8,1,0),0) -> 0 | ... AC166: =iferror(IF(VLOOKUP($B166,indirect(text(AB$1,"mm/dd/yy")&"!B:L"),6,false)>8,1,0),0) -> 0
A167: =A166+1 -> 36 | B167: Lam Bui | E167: =iferror(IF(VLOOKUP($B167,indirect(text(D$1,"mm/dd/yy")&"!B:L"),6,false)>8,1,0),0) -> 1 | F167: =iferror(IF(VLOOKUP($B167,indirect(text(E$1,"mm/dd/yy")&"!B:L"),6,false)>8,1,0),0) -> 0 | G167: =iferror(IF(VLOOKUP($B167,indirect(text(F$1,"mm/dd/yy")&"!B:L"),6,false)>8,1,0),0) -> 0 | H167: =iferror(IF(VLOOKUP($B167,indirect(text(G$1,"mm/dd/yy")&"!B:L"),6,false)>8,1,0),0) -> 1 | I167: =iferror(IF(VLOOKUP($B167,indirect(text(H$1,"mm/dd/yy")&"!B:L"),6,false)>8,1,0),0) -> 0 | J167: =iferror(IF(VLOOKUP($B167,indirect(text(I$1,"mm/dd/yy")&"!B:L"),6,false)>8,1,0),0) -> 0 | K167: =iferror(IF(VLOOKUP($B167,indirect(text(J$1,"mm/dd/yy")&"!B:L"),6,false)>8,1,0),0) -> 0 | L167: =iferror(IF(VLOOKUP($B167,indirect(text(K$1,"mm/dd/yy")&"!B:L"),6,false)>8,1,0),0) -> 0 | ... AC167: =iferror(IF(VLOOKUP($B167,indirect(text(AB$1,"mm/dd/yy")&"!B:L"),6,false)>8,1,0),0) -> 0
A168: =A167+1 -> 37 | B168: Leigh-Anh Nguyen | E168: =iferror(IF(VLOOKUP($B168,indirect(text(D$1,"mm/dd/yy")&"!B:L"),6,false)>8,1,0),0) -> 0 | F168: =iferror(IF(VLOOKUP($B168,indirect(text(E$1,"mm/dd/yy")&"!B:L"),6,false)>8,1,0),0) -> 0 | G168: =iferror(IF(VLOOKUP($B168,indirect(text(F$1,"mm/dd/yy")&"!B:L"),6,false)>8,1,0),0) -> 0 | H168: =iferror(IF(VLOOKUP($B168,indirect(text(G$1,"mm/dd/yy")&"!B:L"),6,false)>8,1,0),0) -> 0 | I168: =iferror(IF(VLOOKUP($B168,indirect(text(H$1,"mm/dd/yy")&"!B:L"),6,false)>8,1,0),0) -> 0 | J168: =iferror(IF(VLOOKUP($B168,indirect(text(I$1,"mm/dd/yy")&"!B:L"),6,false)>8,1,0),0) -> 0 | K168: =iferror(IF(VLOOKUP($B168,indirect(text(J$1,"mm/dd/yy")&"!B:L"),6,false)>8,1,0),0) -> 0 | L168: =iferror(IF(VLOOKUP($B168,indirect(text(K$1,"mm/dd/yy")&"!B:L"),6,false)>8,1,0),0) -> 0 | ... AC168: =iferror(IF(VLOOKUP($B168,indirect(text(AB$1,"mm/dd/yy")&"!B:L"),6,false)>8,1,0),0) -> 0
A169: =A168+1 -> 38 | B169: Lenin Belangonda | C169: =sum(D169:AC169) -> 3 | E169: =iferror(IF(VLOOKUP($B169,indirect(text(D$1,"mm/dd/yy")&"!B:L"),6,false)>8,1,0),0) -> 0 | F169: =iferror(IF(VLOOKUP($B169,indirect(text(E$1,"mm/dd/yy")&"!B:L"),6,false)>8,1,0),0) -> 0 | G169: =iferror(IF(VLOOKUP($B169,indirect(text(F$1,"mm/dd/yy")&"!B:L"),6,false)>8,1,0),0) -> 1 | H169: =iferror(IF(VLOOKUP($B169,indirect(text(G$1,"mm/dd/yy")&"!B:L"),6,false)>8,1,0),0) -> 0 | I169: =iferror(IF(VLOOKUP($B169,indirect(text(H$1,"mm/dd/yy")&"!B:L"),6,false)>8,1,0),0) -> 1 | J169: =iferror(IF(VLOOKUP($B169,indirect(text(I$1,"mm/dd/yy")&"!B:L"),6,false)>8,1,0),0) -> 0 | K169: =iferror(IF(VLOOKUP($B169,indirect(text(J$1,"mm/dd/yy")&"!B:L"),6,false)>8,1,0),0) -> 0 | L169: =iferror(IF(VLOOKUP($B169,indirect(text(K$1,"mm/dd/yy")&"!B:L"),6,false)>8,1,0),0) -> 0 | ... AC169: =iferror(IF(VLOOKUP($B169,indirect(text(AB$1,"mm/dd/yy")&"!B:L"),6,false)>8,1,0),0) -> 0
A170: =A169+1 -> 39 | B170: Lloyd Sagar | C170: =sum(D170:AC170) -> 2 | E170: =iferror(IF(VLOOKUP($B170,indirect(text(D$1,"mm/dd/yy")&"!B:L"),6,false)>8,1,0),0) -> 0 | F170: =iferror(IF(VLOOKUP($B170,indirect(text(E$1,"mm/dd/yy")&"!B:L"),6,false)>8,1,0),0) -> 0 | G170: =iferror(IF(VLOOKUP($B170,indirect(text(F$1,"mm/dd/yy")&"!B:L"),6,false)>8,1,0),0) -> 0 | H170: =iferror(IF(VLOOKUP($B170,indirect(text(G$1,"mm/dd/yy")&"!B:L"),6,false)>8,1,0),0) -> 0 | I170: =iferror(IF(VLOOKUP($B170,indirect(text(H$1,"mm/dd/yy")&"!B:L"),6,false)>8,1,0),0) -> 0 | J170: =iferror(IF(VLOOKUP($B170,indirect(text(I$1,"mm/dd/yy")&"!B:L"),6,false)>8,1,0),0) -> 0 | K170: =iferror(IF(VLOOKUP($B170,indirect(text(J$1,"mm/dd/yy")&"!B:L"),6,false)>8,1,0),0) -> 0 | L170: =iferror(IF(VLOOKUP($B170,indirect(text(K$1,"mm/dd/yy")&"!B:L"),6,false)>8,1,0),0) -> 0 | ... AC170: =iferror(IF(VLOOKUP($B170,indirect(text(AB$1,"mm/dd/yy")&"!B:L"),6,false)>8,1,0),0) -> 0
A171: =A170+1 -> 40 | B171: Luis Hsu | C171: =sum(D171:AC171) -> 3 | E171: =iferror(IF(VLOOKUP($B171,indirect(text(D$1,"mm/dd/yy")&"!B:L"),6,false)>8,1,0),0) -> 0 | F171: =iferror(IF(VLOOKUP($B171,indirect(text(E$1,"mm/dd/yy")&"!B:L"),6,false)>8,1,0),0) -> 1 | G171: =iferror(IF(VLOOKUP($B171,indirect(text(F$1,"mm/dd/yy")&"!B:L"),6,false)>8,1,0),0) -> 1 | H171: =iferror(IF(VLOOKUP($B171,indirect(text(G$1,"mm/dd/yy")&"!B:L"),6,false)>8,1,0),0) -> 0 | I171: =iferror(IF(VLOOKUP($B171,indirect(text(H$1,"mm/dd/yy")&"!B:L"),6,false)>8,1,0),0) -> 0 | J171: =iferror(IF(VLOOKUP($B171,indirect(text(I$1,"mm/dd/yy")&"!B:L"),6,false)>8,1,0),0) -> 0 | K171: =iferror(IF(VLOOKUP($B171,indirect(text(J$1,"mm/dd/yy")&"!B:L"),6,false)>8,1,0),0) -> 0 | L171: =iferror(IF(VLOOKUP($B171,indirect(text(K$1,"mm/dd/yy")&"!B:L"),6,false)>8,1,0),0) -> 0 | ... AC171: =iferror(IF(VLOOKUP($B171,indirect(text(AB$1,"mm/dd/yy")&"!B:L"),6,false)>8,1,0),0) -> 0
A172: =A171+1 -> 41 | B172: Manish Anand | C172: =sum(D172:AC172) -> 2 | E172: =iferror(IF(VLOOKUP($B172,indirect(text(D$1,"mm/dd/yy")&"!B:L"),6,false)>8,1,0),0) -> 0 | F172: =iferror(IF(VLOOKUP($B172,indirect(text(E$1,"mm/dd/yy")&"!B:L"),6,false)>8,1,0),0) -> 0 | G172: =iferror(IF(VLOOKUP($B172,indirect(text(F$1,"mm/dd/yy")&"!B:L"),6,false)>8,1,0),0) -> 0 | H172: =iferror(IF(VLOOKUP($B172,indirect(text(G$1,"mm/dd/yy")&"!B:L"),6,false)>8,1,0),0) -> 0 | I172: =iferror(IF(VLOOKUP($B172,indirect(text(H$1,"mm/dd/yy")&"!B:L"),6,false)>8,1,0),0) -> 0 | J172: =iferror(IF(VLOOKUP($B172,indirect(text(I$1,"mm/dd/yy")&"!B:L"),6,false)>8,1,0),0) -> 0 | K172: =iferror(IF(VLOOKUP($B172,indirect(text(J$1,"mm/dd/yy")&"!B:L"),6,false)>8,1,0),0) -> 0 | L172: =iferror(IF(VLOOKUP($B172,indirect(text(K$1,"mm/dd/yy")&"!B:L"),6,false)>8,1,0),0) -> 0 | ... AC172: =iferror(IF(VLOOKUP($B172,indirect(text(AB$1,"mm/dd/yy")&"!B:L"),6,false)>8,1,0),0) -> 0
A173: =A172+1 -> 42 | B173: Manuel Rivera | C173: =sum(D173:AC173) -> 3 | E173: =iferror(IF(VLOOKUP($B173,indirect(text(D$1,"mm/dd/yy")&"!B:L"),6,false)>8,1,0),0) -> 0 | F173: =iferror(IF(VLOOKUP($B173,indirect(text(E$1,"mm/dd/yy")&"!B:L"),6,false)>8,1,0),0) -> 1 | G173: =iferror(IF(VLOOKUP($B173,indirect(text(F$1,"mm/dd/yy")&"!B:L"),6,false)>8,1,0),0) -> 0 | H173: =iferror(IF(VLOOKUP($B173,indirect(text(G$1,"mm/dd/yy")&"!B:L"),6,false)>8,1,0),0) -> 0 | I173: =iferror(IF(VLOOKUP($B173,indirect(text(H$1,"mm/dd/yy")&"!B:L"),6,false)>8,1,0),0) -> 0 | J173: =iferror(IF(VLOOKUP($B173,indirect(text(I$1,"mm/dd/yy")&"!B:L"),6,false)>8,1,0),0) -> 1 | K173: =iferror(IF(VLOOKUP($B173,indirect(text(J$1,"mm/dd/yy")&"!B:L"),6,false)>8,1,0),0) -> 0 | L173: =iferror(IF(VLOOKUP($B173,indirect(text(K$1,"mm/dd/yy")&"!B:L"),6,false)>8,1,0),0) -> 0 | ... AC173: =iferror(IF(VLOOKUP($B173,indirect(text(AB$1,"mm/dd/yy")&"!B:L"),6,false)>8,1,0),0) -> 0
A174: =A173+1 -> 43 | B174: Matthew Huang | C174: =sum(D174:AC174) -> 2 | E174: =iferror(IF(VLOOKUP($B174,indirect(text(D$1,"mm/dd/yy")&"!B:L"),6,false)>8,1,0),0) -> 0 | F174: =iferror(IF(VLOOKUP($B174,indirect(text(E$1,"mm/dd/yy")&"!B:L"),6,false)>8,1,0),0) -> 1 | G174: =iferror(IF(VLOOKUP($B174,indirect(text(F$1,"mm/dd/yy")&"!B:L"),6,false)>8,1,0),0) -> 0 | H174: =iferror(IF(VLOOKUP($B174,indirect(text(G$1,"mm/dd/yy")&"!B:L"),6,false)>8,1,0),0) -> 0 | I174: =iferror(IF(VLOOKUP($B174,indirect(text(H$1,"mm/dd/yy")&"!B:L"),6,false)>8,1,0),0) -> 0 | J174: =iferror(IF(VLOOKUP($B174,indirect(text(I$1,"mm/dd/yy")&"!B:L"),6,false)>8,1,0),0) -> 0 | K174: =iferror(IF(VLOOKUP($B174,indirect(text(J$1,"mm/dd/yy")&"!B:L"),6,false)>8,1,0),0) -> 0 | L174: =iferror(IF(VLOOKUP($B174,indirect(text(K$1,"mm/dd/yy")&"!B:L"),6,false)>8,1,0),0) -> 0 | ... AC174: =iferror(IF(VLOOKUP($B174,indirect(text(AB$1,"mm/dd/yy")&"!B:L"),6,false)>8,1,0),0) -> 0
A175: =A174+1 -> 44 | B175: Mauricio Palacios | C175: =sum(D175:AC175) -> 2 | E175: =iferror(IF(VLOOKUP($B175,indirect(text(D$1,"mm/dd/yy")&"!B:L"),6,false)>8,1,0),0) -> 0 | F175: =iferror(IF(VLOOKUP($B175,indirect(text(E$1,"mm/dd/yy")&"!B:L"),6,false)>8,1,0),0) -> 0 | G175: =iferror(IF(VLOOKUP($B175,indirect(text(F$1,"mm/dd/yy")&"!B:L"),6,false)>8,1,0),0) -> 0 | H175: =iferror(IF(VLOOKUP($B175,indirect(text(G$1,"mm/dd/yy")&"!B:L"),6,false)>8,1,0),0) -> 0 | I175: =iferror(IF(VLOOKUP($B175,indirect(text(H$1,"mm/dd/yy")&"!B:L"),6,false)>8,1,0),0) -> 0 | J175: =iferror(IF(VLOOKUP($B175,indirect(text(I$1,"mm/dd/yy")&"!B:L"),6,false)>8,1,0),0) -> 0 | K175: =iferror(IF(VLOOKUP($B175,indirect(text(J$1,"mm/dd/yy")&"!B:L"),6,false)>8,1,0),0) -> 0 | L175: =iferror(IF(VLOOKUP($B175,indirect(text(K$1,"mm/dd/yy")&"!B:L"),6,false)>8,1,0),0) -> 0 | ... AC175: =iferror(IF(VLOOKUP($B175,indirect(text(AB$1,"mm/dd/yy")&"!B:L"),6,false)>8,1,0),0) -> 0
A176: =A175+1 -> 45 | B176: Naveen Raj | C176: =sum(D176:AC176) -> 1 | E176: =iferror(IF(VLOOKUP($B176,indirect(text(D$1,"mm/dd/yy")&"!B:L"),6,false)>8,1,0),0) -> 0 | F176: =iferror(IF(VLOOKUP($B176,indirect(text(E$1,"mm/dd/yy")&"!B:L"),6,false)>8,1,0),0) -> 0 | G176: =iferror(IF(VLOOKUP($B176,indirect(text(F$1,"mm/dd/yy")&"!B:L"),6,false)>8,1,0),0) -> 0 | H176: =iferror(IF(VLOOKUP($B176,indirect(text(G$1,"mm/dd/yy")&"!B:L"),6,false)>8,1,0),0) -> 0 | I176: =iferror(IF(VLOOKUP($B176,indirect(text(H$1,"mm/dd/yy")&"!B:L"),6,false)>8,1,0),0) -> 0 | J176: =iferror(IF(VLOOKUP($B176,indirect(text(I$1,"mm/dd/yy")&"!B:L"),6,false)>8,1,0),0) -> 0 | K176: =iferror(IF(VLOOKUP($B176,indirect(text(J$1,"mm/dd/yy")&"!B:L"),6,false)>8,1,0),0) -> 0 | L176: =iferror(IF(VLOOKUP($B176,indirect(text(K$1,"mm/dd/yy")&"!B:L"),6,false)>8,1,0),0) -> 0 | ... AC176: =iferror(IF(VLOOKUP($B176,indirect(text(AB$1,"mm/dd/yy")&"!B:L"),6,false)>8,1,0),0) -> 0
A177: =A176+1 -> 46 | B177: Nicole Ni | C177: =sum(D177:AC177) -> 5 | E177: =iferror(IF(VLOOKUP($B177,indirect(text(D$1,"mm/dd/yy")&"!B:L"),6,false)>8,1,0),0) -> 0 | F177: =iferror(IF(VLOOKUP($B177,indirect(text(E$1,"mm/dd/yy")&"!B:L"),6,false)>8,1,0),0) -> 0 | G177: =iferror(IF(VLOOKUP($B177,indirect(text(F$1,"mm/dd/yy")&"!B:L"),6,false)>8,1,0),0) -> 0 | H177: =iferror(IF(VLOOKUP($B177,indirect(text(G$1,"mm/dd/yy")&"!B:L"),6,false)>8,1,0),0) -> 0 | I177: =iferror(IF(VLOOKUP($B177,indirect(text(H$1,"mm/dd/yy")&"!B:L"),6,false)>8,1,0),0) -> 0 | J177: =iferror(IF(VLOOKUP($B177,indirect(text(I$1,"mm/dd/yy")&"!B:L"),6,false)>8,1,0),0) -> 0 | K177: =iferror(IF(VLOOKUP($B177,indirect(text(J$1,"mm/dd/yy")&"!B:L"),6,false)>8,1,0),0) -> 1 | L177: =iferror(IF(VLOOKUP($B177,indirect(text(K$1,"mm/dd/yy")&"!B:L"),6,false)>8,1,0),0) -> 0 | ... AC177: =iferror(IF(VLOOKUP($B177,indirect(text(AB$1,"mm/dd/yy")&"!B:L"),6,false)>8,1,0),0) -> 0
A178: =A177+1 -> 47 | B178: Oscar Bonilla | C178: =sum(D178:AC178) -> 2 | E178: =iferror(IF(VLOOKUP($B178,indirect(text(D$1,"mm/dd/yy")&"!B:L"),6,false)>8,1,0),0) -> 0 | F178: =iferror(IF(VLOOKUP($B178,indirect(text(E$1,"mm/dd/yy")&"!B:L"),6,false)>8,1,0),0) -> 1 | G178: =iferror(IF(VLOOKUP($B178,indirect(text(F$1,"mm/dd/yy")&"!B:L"),6,false)>8,1,0),0) -> 1 | H178: =iferror(IF(VLOOKUP($B178,indirect(text(G$1,"mm/dd/yy")&"!B:L"),6,false)>8,1,0),0) -> 0 | I178: =iferror(IF(VLOOKUP($B178,indirect(text(H$1,"mm/dd/yy")&"!B:L"),6,false)>8,1,0),0) -> 0 | J178: =iferror(IF(VLOOKUP($B178,indirect(text(I$1,"mm/dd/yy")&"!B:L"),6,false)>8,1,0),0) -> 0 | K178: =iferror(IF(VLOOKUP($B178,indirect(text(J$1,"mm/dd/yy")&"!B:L"),6,false)>8,1,0),0) -> 0 | L178: =iferror(IF(VLOOKUP($B178,indirect(text(K$1,"mm/dd/yy")&"!B:L"),6,false)>8,1,0),0) -> 0 | ... AC178: =iferror(IF(VLOOKUP($B178,indirect(text(AB$1,"mm/dd/yy")&"!B:L"),6,false)>8,1,0),0) -> 0
A179: =A178+1 -> 48 | B179: Pavan Akkimsetty | C179: =sum(D179:AC179) -> 2 | E179: =iferror(IF(VLOOKUP($B179,indirect(text(D$1,"mm/dd/yy")&"!B:L"),6,false)>8,1,0),0) -> 1 | F179: =iferror(IF(VLOOKUP($B179,indirect(text(E$1,"mm/dd/yy")&"!B:L"),6,false)>8,1,0),0) -> 0 | G179: =iferror(IF(VLOOKUP($B179,indirect(text(F$1,"mm/dd/yy")&"!B:L"),6,false)>8,1,0),0) -> 0 | H179: =iferror(IF(VLOOKUP($B179,indirect(text(G$1,"mm/dd/yy")&"!B:L"),6,false)>8,1,0),0) -> 0 | I179: =iferror(IF(VLOOKUP($B179,indirect(text(H$1,"mm/dd/yy")&"!B:L"),6,false)>8,1,0),0) -> 0 | J179: =iferror(IF(VLOOKUP($B179,indirect(text(I$1,"mm/dd/yy")&"!B:L"),6,false)>8,1,0),0) -> 0 | K179: =iferror(IF(VLOOKUP($B179,indirect(text(J$1,"mm/dd/yy")&"!B:L"),6,false)>8,1,0),0) -> 0 | L179: =iferror(IF(VLOOKUP($B179,indirect(text(K$1,"mm/dd/yy")&"!B:L"),6,false)>8,1,0),0) -> 0 | ... AC179: =iferror(IF(VLOOKUP($B179,indirect(text(AB$1,"mm/dd/yy")&"!B:L"),6,false)>8,1,0),0) -> 0
A180: =A179+1 -> 49 | B180: Pulkit Mathur | C180: =sum(D180:AC180) -> 1 | E180: =iferror(IF(VLOOKUP($B180,indirect(text(D$1,"mm/dd/yy")&"!B:L"),6,false)>8,1,0),0) -> 0 | F180: =iferror(IF(VLOOKUP($B180,indirect(text(E$1,"mm/dd/yy")&"!B:L"),6,false)>8,1,0),0) -> 0 | G180: =iferror(IF(VLOOKUP($B180,indirect(text(F$1,"mm/dd/yy")&"!B:L"),6,false)>8,1,0),0) -> 0 | H180: =iferror(IF(VLOOKUP($B180,indirect(text(G$1,"mm/dd/yy")&"!B:L"),6,false)>8,1,0),0) -> 0 | I180: =iferror(IF(VLOOKUP($B180,indirect(text(H$1,"mm/dd/yy")&"!B:L"),6,false)>8,1,0),0) -> 0 | J180: =iferror(IF(VLOOKUP($B180,indirect(text(I$1,"mm/dd/yy")&"!B:L"),6,false)>8,1,0),0) -> 0 | K180: =iferror(IF(VLOOKUP($B180,indirect(text(J$1,"mm/dd/yy")&"!B:L"),6,false)>8,1,0),0) -> 0 | L180: =iferror(IF(VLOOKUP($B180,indirect(text(K$1,"mm/dd/yy")&"!B:L"),6,false)>8,1,0),0) -> 0 | ... AC180: =iferror(IF(VLOOKUP($B180,indirect(text(AB$1,"mm/dd/yy")&"!B:L"),6,false)>8,1,0),0) -> 0
... A184: =A183+1 -> 53 | B184: Ranjith Doraiswamy | C184: =sum(D184:AC184) -> 7 | E184: =iferror(IF(VLOOKUP($B184,indirect(text(D$1,"mm/dd/yy")&"!B:L"),6,false)>8,1,0),0) -> 0 | F184: =iferror(IF(VLOOKUP($B184,indirect(text(E$1,"mm/dd/yy")&"!B:L"),6,false)>8,1,0),0) -> 1 | G184: =iferror(IF(VLOOKUP($B184,indirect(text(F$1,"mm/dd/yy")&"!B:L"),6,false)>8,1,0),0) -> 1 | H184: =iferror(IF(VLOOKUP($B184,indirect(text(G$1,"mm/dd/yy")&"!B:L"),6,false)>8,1,0),0) -> 1 | I184: =iferror(IF(VLOOKUP($B184,indirect(text(H$1,"mm/dd/yy")&"!B:L"),6,false)>8,1,0),0) -> 0 | J184: =iferror(IF(VLOOKUP($B184,indirect(text(I$1,"mm/dd/yy")&"!B:L"),6,false)>8,1,0),0) -> 1 | K184: =iferror(IF(VLOOKUP($B184,indirect(text(J$1,"mm/dd/yy")&"!B:L"),6,false)>8,1,0),0) -> 0 | L184: =iferror(IF(VLOOKUP($B184,indirect(text(K$1,"mm/dd/yy")&"!B:L"),6,false)>8,1,0),0) -> 0 | ... AC184: =iferror(IF(VLOOKUP($B184,indirect(text(AB$1,"mm/dd/yy")&"!B:L"),6,false)>8,1,0),0) -> 0
A185: =A184+1 -> 54 | B185: Robert Chang | E185: =iferror(IF(VLOOKUP($B185,indirect(text(D$1,"mm/dd/yy")&"!B:L"),6,false)>8,1,0),0) -> 0 | F185: =iferror(IF(VLOOKUP($B185,indirect(text(E$1,"mm/dd/yy")&"!B:L"),6,false)>8,1,0),0) -> 0 | G185: =iferror(IF(VLOOKUP($B185,indirect(text(F$1,"mm/dd/yy")&"!B:L"),6,false)>8,1,0),0) -> 0 | H185: =iferror(IF(VLOOKUP($B185,indirect(text(G$1,"mm/dd/yy")&"!B:L"),6,false)>8,1,0),0) -> 0 | I185: =iferror(IF(VLOOKUP($B185,indirect(text(H$1,"mm/dd/yy")&"!B:L"),6,false)>8,1,0),0) -> 0 | J185: =iferror(IF(VLOOKUP($B185,indirect(text(I$1,"mm/dd/yy")&"!B:L"),6,false)>8,1,0),0) -> 0 | K185: =iferror(IF(VLOOKUP($B185,indirect(text(J$1,"mm/dd/yy")&"!B:L"),6,false)>8,1,0),0) -> 0 | L185: =iferror(IF(VLOOKUP($B185,indirect(text(K$1,"mm/dd/yy")&"!B:L"),6,false)>8,1,0),0) -> 0 | ... AC185: =iferror(IF(VLOOKUP($B185,indirect(text(AB$1,"mm/dd/yy")&"!B:L"),6,false)>8,1,0),0) -> 0
A186: =A185+1 -> 55 | B186: Ruben Ron | C186: =sum(D186:AC186) -> 0 | E186: =iferror(IF(VLOOKUP($B186,indirect(text(D$1,"mm/dd/yy")&"!B:L"),6,false)>8,1,0),0) -> 0 | F186: =iferror(IF(VLOOKUP($B186,indirect(text(E$1,"mm/dd/yy")&"!B:L"),6,false)>8,1,0),0) -> 0 | G186: =iferror(IF(VLOOKUP($B186,indirect(text(F$1,"mm/dd/yy")&"!B:L"),6,false)>8,1,0),0) -> 0 | H186: =iferror(IF(VLOOKUP($B186,indirect(text(G$1,"mm/dd/yy")&"!B:L"),6,false)>8,1,0),0) -> 0 | I186: =iferror(IF(VLOOKUP($B186,indirect(text(H$1,"mm/dd/yy")&"!B:L"),6,false)>8,1,0),0) -> 0 | J186: =iferror(IF(VLOOKUP($B186,indirect(text(I$1,"mm/dd/yy")&"!B:L"),6,false)>8,1,0),0) -> 0 | K186: =iferror(IF(VLOOKUP($B186,indirect(text(J$1,"mm/dd/yy")&"!B:L"),6,false)>8,1,0),0) -> 0 | L186: =iferror(IF(VLOOKUP($B186,indirect(text(K$1,"mm/dd/yy")&"!B:L"),6,false)>8,1,0),0) -> 0 | ... AC186: =iferror(IF(VLOOKUP($B186,indirect(text(AB$1,"mm/dd/yy")&"!B:L"),6,false)>8,1,0),0) -> 0
A187: =A186+1 -> 56 | B187: Rudy Tatang | C187: =sum(D187:AC187) -> 2 | E187: =iferror(IF(VLOOKUP($B187,indirect(text(D$1,"mm/dd/yy")&"!B:L"),6,false)>8,1,0),0) -> 0 | F187: =iferror(IF(VLOOKUP($B187,indirect(text(E$1,"mm/dd/yy")&"!B:L"),6,false)>8,1,0),0) -> 1 | G187: =iferror(IF(VLOOKUP($B187,indirect(text(F$1,"mm/dd/yy")&"!B:L"),6,false)>8,1,0),0) -> 0 | H187: =iferror(IF(VLOOKUP($B187,indirect(text(G$1,"mm/dd/yy")&"!B:L"),6,false)>8,1,0),0) -> 1 | I187: =iferror(IF(VLOOKUP($B187,indirect(text(H$1,"mm/dd/yy")&"!B:L"),6,false)>8,1,0),0) -> 0 | J187: =iferror(IF(VLOOKUP($B187,indirect(text(I$1,"mm/dd/yy")&"!B:L"),6,false)>8,1,0),0) -> 0 | K187: =iferror(IF(VLOOKUP($B187,indirect(text(J$1,"mm/dd/yy")&"!B:L"),6,false)>8,1,0),0) -> 0 | L187: =iferror(IF(VLOOKUP($B187,indirect(text(K$1,"mm/dd/yy")&"!B:L"),6,false)>8,1,0),0) -> 0 | ... AC187: =iferror(IF(VLOOKUP($B187,indirect(text(AB$1,"mm/dd/yy")&"!B:L"),6,false)>8,1,0),0) -> 0
A188: =A187+1 -> 57 | B188: Sandeep Kamalon | C188: =sum(D188:AC188) -> 2 | E188: =iferror(IF(VLOOKUP($B188,indirect(text(D$1,"mm/dd/yy")&"!B:L"),6,false)>8,1,0),0) -> 1 | F188: =iferror(IF(VLOOKUP($B188,indirect(text(E$1,"mm/dd/yy")&"!B:L"),6,false)>8,1,0),0) -> 0 | G188: =iferror(IF(VLOOKUP($B188,indirect(text(F$1,"mm/dd/yy")&"!B:L"),6,false)>8,1,0),0) -> 0 | H188: =iferror(IF(VLOOKUP($B188,indirect(text(G$1,"mm/dd/yy")&"!B:L"),6,false)>8,1,0),0) -> 0 | I188: =iferror(IF(VLOOKUP($B188,indirect(text(H$1,"mm/dd/yy")&"!B:L"),6,false)>8,1,0),0) -> 0 | J188: =iferror(IF(VLOOKUP($B188,indirect(text(I$1,"mm/dd/yy")&"!B:L"),6,false)>8,1,0),0) -> 0 | K188: =iferror(IF(VLOOKUP($B188,indirect(text(J$1,"mm/dd/yy")&"!B:L"),6,false)>8,1,0),0) -> 0 | L188: =iferror(IF(VLOOKUP($B188,indirect(text(K$1,"mm/dd/yy")&"!B:L"),6,false)>8,1,0),0) -> 1 | ... AC188: =iferror(IF(VLOOKUP($B188,indirect(text(AB$1,"mm/dd/yy")&"!B:L"),6,false)>8,1,0),0) -> 0
A189: =A188+1 -> 58 | B189: Sandy Weyant | C189: =sum(D189:AC189) -> 4 | E189: =iferror(IF(VLOOKUP($B189,indirect(text(D$1,"mm/dd/yy")&"!B:L"),6,false)>8,1,0),0) -> 0 | F189: =iferror(IF(VLOOKUP($B189,indirect(text(E$1,"mm/dd/yy")&"!B:L"),6,false)>8,1,0),0) -> 0 | G189: =iferror(IF(VLOOKUP($B189,indirect(text(F$1,"mm/dd/yy")&"!B:L"),6,false)>8,1,0),0) -> 0 | H189: =iferror(IF(VLOOKUP($B189,indirect(text(G$1,"mm/dd/yy")&"!B:L"),6,false)>8,1,0),0) -> 0 | I189: =iferror(IF(VLOOKUP($B189,indirect(text(H$1,"mm/dd/yy")&"!B:L"),6,false)>8,1,0),0) -> 0 | J189: =iferror(IF(VLOOKUP($B189,indirect(text(I$1,"mm/dd/yy")&"!B:L"),6,false)>8,1,0),0) -> 1 | K189: =iferror(IF(VLOOKUP($B189,indirect(text(J$1,"mm/dd/yy")&"!B:L"),6,false)>8,1,0),0) -> 1 | L189: =iferror(IF(VLOOKUP($B189,indirect(text(K$1,"mm/dd/yy")&"!B:L"),6,false)>8,1,0),0) -> 0 | ... AC189: =iferror(IF(VLOOKUP($B189,indirect(text(AB$1,"mm/dd/yy")&"!B:L"),6,false)>8,1,0),0) -> 0
A190: =A189+1 -> 59 | B190: Sanjaye Elayattu | C190: =sum(D190:AC190) -> 2 | E190: =iferror(IF(VLOOKUP($B190,indirect(text(D$1,"mm/dd/yy")&"!B:L"),6,false)>8,1,0),0) -> 0 | F190: =iferror(IF(VLOOKUP($B190,indirect(text(E$1,"mm/dd/yy")&"!B:L"),6,false)>8,1,0),0) -> 0 | G190: =iferror(IF(VLOOKUP($B190,indirect(text(F$1,"mm/dd/yy")&"!B:L"),6,false)>8,1,0),0) -> 0 | H190: =iferror(IF(VLOOKUP($B190,indirect(text(G$1,"mm/dd/yy")&"!B:L"),6,false)>8,1,0),0) -> 1 | I190: =iferror(IF(VLOOKUP($B190,indirect(text(H$1,"mm/dd/yy")&"!B:L"),6,false)>8,1,0),0) -> 0 | J190: =iferror(IF(VLOOKUP($B190,indirect(text(I$1,"mm/dd/yy")&"!B:L"),6,false)>8,1,0),0) -> 0 | K190: =iferror(IF(VLOOKUP($B190,indirect(text(J$1,"mm/dd/yy")&"!B:L"),6,false)>8,1,0),0) -> 0 | L190: =iferror(IF(VLOOKUP($B190,indirect(text(K$1,"mm/dd/yy")&"!B:L"),6,false)>8,1,0),0) -> 0 | ... AC190: =iferror(IF(VLOOKUP($B190,indirect(text(AB$1,"mm/dd/yy")&"!B:L"),6,false)>8,1,0),0) -> 0
A191: =A190+1 -> 60 | B191: Santosh Sundaresan | C191: =sum(D191:AC191) -> 2 | E191: =iferror(IF(VLOOKUP($B191,indirect(text(D$1,"mm/dd/yy")&"!B:L"),6,false)>8,1,0),0) -> 0 | F191: =iferror(IF(VLOOKUP($B191,indirect(text(E$1,"mm/dd/yy")&"!B:L"),6,false)>8,1,0),0) -> 0 | G191: =iferror(IF(VLOOKUP($B191,indirect(text(F$1,"mm/dd/yy")&"!B:L"),6,false)>8,1,0),0) -> 0 | H191: =iferror(IF(VLOOKUP($B191,indirect(text(G$1,"mm/dd/yy")&"!B:L"),6,false)>8,1,0),0) -> 0 | I191: =iferror(IF(VLOOKUP($B191,indirect(text(H$1,"mm/dd/yy")&"!B:L"),6,false)>8,1,0),0) -> 0 | J191: =iferror(IF(VLOOKUP($B191,indirect(text(I$1,"mm/dd/yy")&"!B:L"),6,false)>8,1,0),0) -> 0 | K191: =iferror(IF(VLOOKUP($B191,indirect(text(J$1,"mm/dd/yy")&"!B:L"),6,false)>8,1,0),0) -> 1 | L191: =iferror(IF(VLOOKUP($B191,indirect(text(K$1,"mm/dd/yy")&"!B:L"),6,false)>8,1,0),0) -> 0 | ... AC191: =iferror(IF(VLOOKUP($B191,indirect(text(AB$1,"mm/dd/yy")&"!B:L"),6,false)>8,1,0),0) -> 0
...

Sheet Waitlist
A1: =IFERROR(__xludf.DUMMYFUNCTION("IMPORTRANGE(""1vk67ABbS4TvdE0gnpv39mwReeTC8qhP2vyc266Yeuy8"",""Waitlist!A1:D199"")"),"#REF!") -> #REF!
G4: Here is the link to add new players to the waitlist.
G5: tinyurl.com/UTCWaitList

Sheet 062726
B1: Standings as of | C1: 46200
B2: Number of Weeks Played | D2: 25 | AC2: =TEXT(C1-7,"mm/dd/yy") -> 06/20/26
C3: Beginning of week | F3: Current Week Scores | N3: End of week | Q3: Jan-Jun 2026 | R3: Jul-Dec 2026
A4: Ranking | B4: Name of Player | C4: Games Won | D4: Sets Won | E4: Games Won / Match | F4: Check IN | G4: Court # | H4: Set 0 | I4: Set 1 | J4: Set 2 | K4: Set 3 | L4: Games Won | M4: Sets Won | N4: Games Won | O4: Sets Won | P4: Waiver | Q4: Fee | R4: Fee | S4: Games Played | T4: Sit outs | U4: No Shows | V4: Absent | W4: Positions Gained/Lost | X4: Ranking | Y4: Perfect attendence | Z4: Check
A5: 1 | B5: Andrew Yao | C5: 365 | D5: 48 | E5: =if(S5>0,(C5-(V5*9)-(T5*13))/S5,0) -> 15.363636 | F5: 1 | G5: 1 | H5: 0 | I5: 6 | J5: 7 | K5: 3 | L5: 16 | M5: 2 | N5: =C5+L5 -> 381 | O5: =D5+M5 -> 50 | P5: X | Q5: X | R5: X | S5: =vlookup(B5,indirect("'" & AC$2 & "'!B5:W79"),18,false)++if(text(C$1,"mm/dd/yy")=$AC$2,0,if(H5>0,0,1)) -> 22 | T5: =if(H5=13,1,0)+vlookup(B5,indirect("'" & AC$2 & "'!B5:W79"),19,false) -> 0 | V5: =vlookup(B5,indirect("'" & AC$2 & "'!B5:W79"),21,false)+if(text(C$1,"mm/dd/yy")=$AC$2,0,if(H5=9,1,0)) -> 3 | W5: =vlookup(B5,indirect("'" & AC$2 & "'!B5:x79"),23,false)-X5 -> 0 | X5: 1 | Y5: =if(S5=D$2,"Y","N") -> N | Z5: =if($D$2=sum(S5:V5),"","Error")
A6: =A5+1 -> 2 | B6: Pulkit Mathur | C6: 354 | D6: 40 | E6: =if(S6>0,(C6-(V6*9)-(T6*13))/S6,0) -> 15.142857 | F6: 1 | G6: 1 | H6: 0 | I6: 6 | J6: 5 | K6: 6 | L6: 17 | M6: 2 | N6: =C6+L6 -> 371 | O6: =D6+M6 -> 42 | P6: X | Q6: X | R6: X | S6: =vlookup(B6,indirect("'" & AC$2 & "'!B5:W79"),18,false)++if(text(C$1,"mm/dd/yy")=$AC$2,0,if(H6>0,0,1)) -> 21 | T6: =if(H6=13,1,0)+vlookup(B6,indirect("'" & AC$2 & "'!B5:W79"),19,false) -> 0 | V6: =vlookup(B6,indirect("'" & AC$2 & "'!B5:W79"),21,false)+if(text(C$1,"mm/dd/yy")=$AC$2,0,if(H6=9,1,0)) -> 4 | W6: =vlookup(B6,indirect("'" & AC$2 & "'!B5:x79"),23,false)-X6 -> 0 | X6: =X5+1 -> 2 | Y6: =if(S6=D$2,"Y","N") -> N | Z6: =if($D$2=sum(S6:V6),"","Error")
A7: =A6+1 -> 3 | B7: Sandeep Kamalon | C7: 340 | D7: 34 | E7: =if(S7>0,(C7-(V7*9)-(T7*13))/S7,0) -> 14.227273 | F7: 1 | G7: 1 | H7: 0 | I7: 2 | J7: 7 | K7: 6 | L7: 15 | M7: 2 | N7: =C7+L7 -> 355 | O7: =D7+M7 -> 36 | P7: X | Q7: X | R7: X | S7: =vlookup(B7,indirect("'" & AC$2 & "'!B5:W79"),18,false)++if(text(C$1,"mm/dd/yy")=$AC$2,0,if(H7>0,0,1)) -> 22 | T7: =if(H7=13,1,0)+vlookup(B7,indirect("'" & AC$2 & "'!B5:W79"),19,false) -> 0 | V7: =vlookup(B7,indirect("'" & AC$2 & "'!B5:W79"),21,false)+if(text(C$1,"mm/dd/yy")=$AC$2,0,if(H7=9,1,0)) -> 3 | W7: =vlookup(B7,indirect("'" & AC$2 & "'!B5:x79"),23,false)-X7 -> 0 | X7: =X6+1 -> 3 | Y7: =if(S7=D$2,"Y","N") -> N | Z7: =if($D$2=sum(S7:V7),"","Error")
A8: =A7+1 -> 4 | B8: Suleman Alidina | C8: 321 | D8: 28 | E8: =if(S8>0,(C8-(V8*9)-(T8*13))/S8,0) -> 13.2 | F8: 5 | G8: 0 | H8: 13 | I8: 0 | J8: 0 | K8: 0 | L8: 13 | M8: 0 | N8: =C8+L8 -> 334 | O8: =D8+M8 -> 28 | P8: X | Q8: X | R8: X | S8: =vlookup(B8,indirect("'" & AC$2 & "'!B5:W79"),18,false)++if(text(C$1,"mm/dd/yy")=$AC$2,0,if(H8>0,0,1)) -> 20 | T8: =if(H8=13,1,0)+vlookup(B8,indirect("'" & AC$2 & "'!B5:W79"),19,false) -> 3 | V8: =vlookup(B8,indirect("'" & AC$2 & "'!B5:W79"),21,false)+if(text(C$1,"mm/dd/yy")=$AC$2,0,if(H8=9,1,0)) -> 2 | W8: =vlookup(B8,indirect("'" & AC$2 & "'!B5:x79"),23,false)-X8 -> 0 | X8: =X7+1 -> 4 | Y8: =if(S8=D$2,"Y","N") -> N | Z8: =if($D$2=sum(S8:V8),"","Error")
A9: =A8+1 -> 5 | B9: Pavan Akkimsetty | C9: 320 | D9: 30 | E9: =if(S9>0,(C9-(V9*9)-(T9*13))/S9,0) -> 14.055556 | F9: 1 | G9: 1 | H9: 0 | I9: 2 | J9: 5 | K9: 3 | L9: 10 | M9: 0 | N9: =C9+L9 -> 330 | O9: =D9+M9 -> 30 | P9: X | Q9: X | R9: X | S9: =vlookup(B9,indirect("'" & AC$2 & "'!B5:W79"),18,false)++if(text(C$1,"mm/dd/yy")=$AC$2,0,if(H9>0,0,1)) -> 18 | T9: =if(H9=13,1,0)+vlookup(B9,indirect("'" & AC$2 & "'!B5:W79"),19,false) -> 1 | V9: =vlookup(B9,indirect("'" & AC$2 & "'!B5:W79"),21,false)+if(text(C$1,"mm/dd/yy")=$AC$2,0,if(H9=9,1,0)) -> 6 | W9: =vlookup(B9,indirect("'" & AC$2 & "'!B5:x79"),23,false)-X9 -> 1 | X9: =X8+1 -> 5 | Y9: =if(S9=D$2,"Y","N") -> N | Z9: =if($D$2=sum(S9:V9),"","Error")
A10: =A9+1 -> 6 | B10: Tom Le | C10: 318 | D10: 31 | E10: =if(S10>0,(C10-(V10*9)-(T10*13))/S10,0) -> 15.846154 | F10: 1 | G10: 2 | H10: 0 | I10: 6 | J10: 6 | K10: 6 | L10: 18 | M10: 3 | N10: =C10+L10 -> 336 | O10: =D10+M10 -> 34 | P10: X | Q10: X | R10: X | S10: =vlookup(B10,indirect("'" & AC$2 & "'!B5:W79"),18,false)++if(text(C$1,"mm/dd/yy")=$AC$2,0,if(H10>0,0,1)) -> 13 | T10: =if(H10=13,1,0)+vlookup(B10,indirect("'" & AC$2 & "'!B5:W79"),19,false) -> 1 | V10: =vlookup(B10,indirect("'" & AC$2 & "'!B5:W79"),21,false)+if(text(C$1,"mm/dd/yy")=$AC$2,0,if(H10=9,1,0)) -> 11 | W10: =vlookup(B10,indirect("'" & AC$2 & "'!B5:x79"),23,false)-X10 -> 2 | X10: =X9+1 -> 6 | Y10: =if(S10=D$2,"Y","N") -> N | Z10: =if($D$2=sum(S10:V10),"","Error")
A11: =A10+1 -> 7 | B11: Erik Hoeckmann | C11: 315 | D11: 29 | E11: =if(S11>0,(C11-(V11*9)-(T11*13))/S11,0) -> 13.3 | F11: 3 | G11: 0 | H11: 9 | I11: 0 | J11: 0 | K11: 0 | L11: 9 | M11: 0 | N11: =C11+L11 -> 324 | O11: =D11+M11 -> 29 | P11: X | Q11: X | R11: X | S11: =vlookup(B11,indirect("'" & AC$2 & "'!B5:W79"),18,false)++if(text(C$1,"mm/dd/yy")=$AC$2,0,if(H11>0,0,1)) -> 20 | T11: =if(H11=13,1,0)+vlookup(B11,indirect("'" & AC$2 & "'!B5:W79"),19,false) -> 1 | V11: =vlookup(B11,indirect("'" & AC$2 & "'!B5:W79"),21,false)+if(text(C$1,"mm/dd/yy")=$AC$2,0,if(H11=9,1,0)) -> 4 | W11: =vlookup(B11,indirect("'" & AC$2 & "'!B5:x79"),23,false)-X11 -> -2 | X11: =X10+1 -> 7 | Y11: =if(S11=D$2,"Y","N") -> N | Z11: =if($D$2=sum(S11:V11),"","Error")
A12: =A11+1 -> 8 | B12: Ethan Gu | C12: 315 | D12: 24 | E12: =if(S12>0,(C12-(V12*9)-(T12*13))/S12,0) -> 13.736842 | F12: 1 | G12: 2 | H12: 0 | I12: 6 | J12: 2 | K12: 2 | L12: 10 | M12: 1 | N12: =C12+L12 -> 325 | O12: =D12+M12 -> 25 | P12: X | Q12: X | R12: X | S12: =vlookup(B12,indirect("'" & AC$2 & "'!B5:W79"),18,false)++if(text(C$1,"mm/dd/yy")=$AC$2,0,if(H12>0,0,1)) -> 19 | T12: =if(H12=13,1,0)+vlookup(B12,indirect("'" & AC$2 & "'!B5:W79"),19,false) -> 0 | V12: =vlookup(B12,indirect("'" & AC$2 & "'!B5:W79"),21,false)+if(text(C$1,"mm/dd/yy")=$AC$2,0,if(H12=9,1,0)) -> 6 | W12: =vlookup(B12,indirect("'" & AC$2 & "'!B5:x79"),23,false)-X12 -> 1 | X12: =X11+1 -> 8 | Y12: =if(S12=D$2,"Y","N") -> N | Z12: =if($D$2=sum(S12:V12),"","Error")
A13: =A12+1 -> 9 | B13: David Shin | C13: 314 | D13: 30 | E13: =if(S13>0,(C13-(V13*9)-(T13*13))/S13,0) -> 13.25 | F13: 3 | G13: 0 | H13: 9 | I13: 0 | J13: 0 | K13: 0 | L13: 9 | M13: 0 | N13: =C13+L13 -> 323 | O13: =D13+M13 -> 30 | P13: X | Q13: X | R13: X | S13: =vlookup(B13,indirect("'" & AC$2 & "'!B5:W79"),18,false)++if(text(C$1,"mm/dd/yy")=$AC$2,0,if(H13>0,0,1)) -> 20 | T13: =if(H13=13,1,0)+vlookup(B13,indirect("'" & AC$2 & "'!B5:W79"),19,false) -> 1 | V13: =vlookup(B13,indirect("'" & AC$2 & "'!B5:W79"),21,false)+if(text(C$1,"mm/dd/yy")=$AC$2,0,if(H13=9,1,0)) -> 4 | W13: =vlookup(B13,indirect("'" & AC$2 & "'!B5:x79"),23,false)-X13 -> -2 | X13: =X12+1 -> 9 | Y13: =if(S13=D$2,"Y","N") -> N | Z13: =if($D$2=sum(S13:V13),"","Error")
A14: =A13+1 -> 10 | B14: Matthew Huang | C14: 314 | D14: 29 | E14: =if(S14>0,(C14-(V14*9)-(T14*13))/S14,0) -> 14.3125 | F14: 1 | G14: 2 | H14: 0 | I14: 3 | J14: 6 | K14: 2 | L14: 11 | M14: 1 | N14: =C14+L14 -> 325 | O14: =D14+M14 -> 30 | P14: X | Q14: X | R14: X | S14: =vlookup(B14,indirect("'" & AC$2 & "'!B5:W79"),18,false)++if(text(C$1,"mm/dd/yy")=$AC$2,0,if(H14>0,0,1)) -> 16 | T14: =if(H14=13,1,0)+vlookup(B14,indirect("'" & AC$2 & "'!B5:W79"),19,false) -> 1 | V14: =vlookup(B14,indirect("'" & AC$2 & "'!B5:W79"),21,false)+if(text(C$1,"mm/dd/yy")=$AC$2,0,if(H14=9,1,0)) -> 8 | W14: =vlookup(B14,indirect("'" & AC$2 & "'!B5:x79"),23,false)-X14 -> 3 | X14: =X13+1 -> 10 | Y14: =if(S14=D$2,"Y","N") -> N | Z14: =if($D$2=sum(S14:V14),"","Error")
A15: =A14+1 -> 11 | B15: Frank Moon | C15: 310 | D15: 34 | E15: =if(S15>0,(C15-(V15*9)-(T15*13))/S15,0) -> 12.541667 | F15: 1 | G15: 2 | H15: 0 | I15: 3 | J15: 2 | K15: 6 | L15: 11 | M15: 1 | N15: =C15+L15 -> 321 | O15: =D15+M15 -> 35 | P15: X | Q15: X | R15: X | S15: =vlookup(B15,indirect("'" & AC$2 & "'!B5:W79"),18,false)++if(text(C$1,"mm/dd/yy")=$AC$2,0,if(H15>0,0,1)) -> 24 | T15: =if(H15=13,1,0)+vlookup(B15,indirect("'" & AC$2 & "'!B5:W79"),19,false) -> 0 | V15: =vlookup(B15,indirect("'" & AC$2 & "'!B5:W79"),21,false)+if(text(C$1,"mm/dd/yy")=$AC$2,0,if(H15=9,1,0)) -> 1 | W15: =vlookup(B15,indirect("'" & AC$2 & "'!B5:x79"),23,false)-X15 -> 3 | X15: =X14+1 -> 11 | Y15: =if(S15=D$2,"Y","N") -> N | Z15: =if($D$2=sum(S15:V15),"","Error")
