Workbook

Sheet Current
B1: Standings as of | C1: 45283
B2: Number of Weeks Played | D2: 24
C3: Beginning of week | G3: Current Week Scores | M3: End of week | P3: Jan-Jul 2024
A4: Ranking | B4: Name of Player | C4: Games Won | D4: Sets Won | E4: Check IN | F4: Court # | G4: Set 0 | H4: Set 1 | I4: Set 2 | J4: Set 3 | K4: Games Won | L4: Sets Won | M4: Games Won | N4: Sets Won | O4: Waiver | P4: Fee | Q4: Sit outs | R4: No Shows | S4: Absent
A5: 1 | B5: Peter Cheng | C5: 339 | D5: 36 | E5: =if(isna(VLOOKUP(B5,Checkin!A:B,2,false)),0,VLOOKUP(B5,Checkin!A:B,2,false)) -> 0 | F5: =if(OR($E5=1, $E5=2),VLOOKUP($B5,Courts!$B$2:$K$33,10,false),0) -> 0 | G5: =IF(OR(E5=3,E5=4),9,IF(E5=5,13,0)) -> 0 | H5: =if(OR($E5=1, $E5=2),VLOOKUP($B5,Courts!$B$2:$J$33,5,false),0) -> 0 | I5: =if(OR($E5=1, $E5=2),VLOOKUP($B5,Courts!$B$2:$J$33,6,false),0) -> 0 | J5: =if(OR($E5=1, $E5=2),VLOOKUP($B5,Courts!$B$2:$J$33,7,false),0) -> 0 | K5: =G5+H5+I5+J5 -> 0 | L5: =if(OR($E5=1, $E5=2),VLOOKUP($B5,Courts!$B$2:$J$33,9,false),0) -> 0 | M5: =C5+K5 -> 339 | N5: =D5+L5 -> 36 | O5: X | P5: X | Q5: =if(G5=13,1,0)+VLOOKUP(B5,'122323'!B:Q,16,false) -> 1 | S5: =if(G5=9,1,0)+VLOOKUP(B5,'122323'!B:S,18,false) -> 6
A6: =A5+1 -> 2 | B6: Adrian Tay | C6: 324 | D6: 31 | E6: =if(isna(VLOOKUP(B6,Checkin!A:B,2,false)),0,VLOOKUP(B6,Checkin!A:B,2,false)) -> 0 | F6: =if(OR($E6=1, $E6=2),VLOOKUP($B6,Courts!$B$2:$K$33,10,false),0) -> 0 | G6: =IF(OR(E6=3,E6=4),9,IF(E6=5,13,0)) -> 0 | H6: =if(OR($E6=1, $E6=2),VLOOKUP($B6,Courts!$B$2:$J$33,5,false),0) -> 0 | I6: =if(OR($E6=1, $E6=2),VLOOKUP($B6,Courts!$B$2:$J$33,6,false),0) -> 0 | J6: =if(OR($E6=1, $E6=2),VLOOKUP($B6,Courts!$B$2:$J$33,7,false),0) -> 0 | K6: =G6+H6+I6+J6 -> 0 | L6: =if(OR($E6=1, $E6=2),VLOOKUP($B6,Courts!$B$2:$J$33,9,false),0) -> 0 | M6: =C6+K6 -> 324 | N6: =D6+L6 -> 31 | O6: X | P6: X | Q6: =if(G6=13,1,0)+VLOOKUP(B6,'122323'!B:Q,16,false) -> 0 | S6: =if(G6=9,1,0)+VLOOKUP(B6,'122323'!B:S,18,false) -> 9
A7: =A6+1 -> 3 | B7: Robert Chang | C7: 324 | D7: 31 | E7: =if(isna(VLOOKUP(B7,Checkin!A:B,2,false)),0,VLOOKUP(B7,Checkin!A:B,2,false)) -> 0 | F7: =if(OR($E7=1, $E7=2),VLOOKUP($B7,Courts!$B$2:$K$33,10,false),0) -> 0 | G7: =IF(OR(E7=3,E7=4),9,IF(E7=5,13,0)) -> 0 | H7: =if(OR($E7=1, $E7=2),VLOOKUP($B7,Courts!$B$2:$J$33,5,false),0) -> 0 | I7: =if(OR($E7=1, $E7=2),VLOOKUP($B7,Courts!$B$2:$J$33,6,false),0) -> 0 | J7: =if(OR($E7=1, $E7=2),VLOOKUP($B7,Courts!$B$2:$J$33,7,false),0) -> 0 | K7: =G7+H7+I7+J7 -> 0 | L7: =if(OR($E7=1, $E7=2),VLOOKUP($B7,Courts!$B$2:$J$33,9,false),0) -> 0 | M7: =C7+K7 -> 324 | N7: =D7+L7 -> 31 | O7: X | P7: X | Q7: =if(G7=13,1,0)+VLOOKUP(B7,'122323'!B:Q,16,false) -> 0 | S7: =if(G7=9,1,0)+VLOOKUP(B7,'122323'!B:S,18,false) -> 10
A8: =A7+1 -> 4 | B8: Alejandro Mejia | C8: 314 | D8: 28 | E8: =if(isna(VLOOKUP(B8,Checkin!A:B,2,false)),0,VLOOKUP(B8,Checkin!A:B,2,false)) -> 0 | F8: =if(OR($E8=1, $E8=2),VLOOKUP($B8,Courts!$B$2:$K$33,10,false),0) -> 0 | G8: =IF(OR(E8=3,E8=4),9,IF(E8=5,13,0)) -> 0 | H8: =if(OR($E8=1, $E8=2),VLOOKUP($B8,Courts!$B$2:$J$33,5,false),0) -> 0 | I8: =if(OR($E8=1, $E8=2),VLOOKUP($B8,Courts!$B$2:$J$33,6,false),0) -> 0 | J8: =if(OR($E8=1, $E8=2),VLOOKUP($B8,Courts!$B$2:$J$33,7,false),0) -> 0 | K8: =G8+H8+I8+J8 -> 0 | L8: =if(OR($E8=1, $E8=2),VLOOKUP($B8,Courts!$B$2:$J$33,9,false),0) -> 0 | M8: =C8+K8 -> 314 | N8: =D8+L8 -> 28 | O8: X | P8: X | Q8: =if(G8=13,1,0)+VLOOKUP(B8,'122323'!B:Q,16,false) -> 1 | S8: =if(G8=9,1,0)+VLOOKUP(B8,'122323'!B:S,18,false) -> 4
A9: =A8+1 -> 5 | B9: Matthew Huang | C9: 309 | D9: 25 | E9: =if(isna(VLOOKUP(B9,Checkin!A:B,2,false)),0,VLOOKUP(B9,Checkin!A:B,2,false)) -> 0 | F9: =if(OR($E9=1, $E9=2),VLOOKUP($B9,Courts!$B$2:$K$33,10,false),0) -> 0 | G9: =IF(OR(E9=3,E9=4),9,IF(E9=5,13,0)) -> 0 | H9: =if(OR($E9=1, $E9=2),VLOOKUP($B9,Courts!$B$2:$J$33,5,false),0) -> 0 | I9: =if(OR($E9=1, $E9=2),VLOOKUP($B9,Courts!$B$2:$J$33,6,false),0) -> 0 | J9: =if(OR($E9=1, $E9=2),VLOOKUP($B9,Courts!$B$2:$J$33,7,false),0) -> 0 | K9: =G9+H9+I9+J9 -> 0 | L9: =if(OR($E9=1, $E9=2),VLOOKUP($B9,Courts!$B$2:$J$33,9,false),0) -> 0 | M9: =C9+K9 -> 309 | N9: =D9+L9 -> 25 | O9: X | P9: X | Q9: =if(G9=13,1,0)+VLOOKUP(B9,'122323'!B:Q,16,false) -> 0 | S9: =if(G9=9,1,0)+VLOOKUP(B9,'122323'!B:S,18,false) -> 10
A10: =A9+1 -> 6 | B10: Pulkit Mathur | C10: 308 | D10: 25 | E10: =if(isna(VLOOKUP(B10,Checkin!A:B,2,false)),0,VLOOKUP(B10,Checkin!A:B,2,false)) -> 0 | F10: =if(OR($E10=1, $E10=2),VLOOKUP($B10,Courts!$B$2:$K$33,10,false),0) -> 0 | G10: =IF(OR(E10=3,E10=4),9,IF(E10=5,13,0)) -> 0 | H10: =if(OR($E10=1, $E10=2),VLOOKUP($B10,Courts!$B$2:$J$33,5,false),0) -> 0 | I10: =if(OR($E10=1, $E10=2),VLOOKUP($B10,Courts!$B$2:$J$33,6,false),0) -> 0 | J10: =if(OR($E10=1, $E10=2),VLOOKUP($B10,Courts!$B$2:$J$33,7,false),0) -> 0 | K10: =G10+H10+I10+J10 -> 0 | L10: =if(OR($E10=1, $E10=2),VLOOKUP($B10,Courts!$B$2:$J$33,9,false),0) -> 0 | M10: =C10+K10 -> 308 | N10: =D10+L10 -> 25 | O10: X | P10: X | Q10: =if(G10=13,1,0)+VLOOKUP(B10,'122323'!B:Q,16,false) -> 0 | S10: =if(G10=9,1,0)+VLOOKUP(B10,'122323'!B:S,18,false) -> 9
A11: =A10+1 -> 7 | B11: Pavan Akkimsetty | C11: 305 | D11: 27 | E11: =if(isna(VLOOKUP(B11,Checkin!A:B,2,false)),0,VLOOKUP(B11,Checkin!A:B,2,false)) -> 0 | F11: =if(OR($E11=1, $E11=2),VLOOKUP($B11,Courts!$B$2:$K$33,10,false),0) -> 0 | G11: =IF(OR(E11=3,E11=4),9,IF(E11=5,13,0)) -> 0 | H11: =if(OR($E11=1, $E11=2),VLOOKUP($B11,Courts!$B$2:$J$33,5,false),0) -> 0 | I11: =if(OR($E11=1, $E11=2),VLOOKUP($B11,Courts!$B$2:$J$33,6,false),0) -> 0 | J11: =if(OR($E11=1, $E11=2),VLOOKUP($B11,Courts!$B$2:$J$33,7,false),0) -> 0 | K11: =G11+H11+I11+J11 -> 0 | L11: =if(OR($E11=1, $E11=2),VLOOKUP($B11,Courts!$B$2:$J$33,9,false),0) -> 0 | M11: =C11+K11 -> 305 | N11: =D11+L11 -> 27 | O11: X | P11: X | Q11: =if(G11=13,1,0)+VLOOKUP(B11,'122323'!B:Q,16,false) -> 0 | S11: =if(G11=9,1,0)+VLOOKUP(B11,'122323'!B:S,18,false) -> 2
A12: =A11+1 -> 8 | B12: Lam Bui | C12: 302 | D12: 26 | E12: =if(isna(VLOOKUP(B12,Checkin!A:B,2,false)),0,VLOOKUP(B12,Checkin!A:B,2,false)) -> 0 | F12: =if(OR($E12=1, $E12=2),VLOOKUP($B12,Courts!$B$2:$K$33,10,false),0) -> 0 | G12: =IF(OR(E12=3,E12=4),9,IF(E12=5,13,0)) -> 0 | H12: =if(OR($E12=1, $E12=2),VLOOKUP($B12,Courts!$B$2:$J$33,5,false),0) -> 0 | I12: =if(OR($E12=1, $E12=2),VLOOKUP($B12,Courts!$B$2:$J$33,6,false),0) -> 0 | J12: =if(OR($E12=1, $E12=2),VLOOKUP($B12,Courts!$B$2:$J$33,7,false),0) -> 0 | K12: =G12+H12+I12+J12 -> 0 | L12: =if(OR($E12=1, $E12=2),VLOOKUP($B12,Courts!$B$2:$J$33,9,false),0) -> 0 | M12: =C12+K12 -> 302 | N12: =D12+L12 -> 26 | O12: X | P12: X | Q12: =if(G12=13,1,0)+VLOOKUP(B12,'122323'!B:Q,16,false) -> 1 | S12: =if(G12=9,1,0)+VLOOKUP(B12,'122323'!B:S,18,false) -> 10
A13: =A12+1 -> 9 | B13: Joe Luzzi | C13: 301 | D13: 28 | E13: =if(isna(VLOOKUP(B13,Checkin!A:B,2,false)),0,VLOOKUP(B13,Checkin!A:B,2,false)) -> 0 | F13: =if(OR($E13=1, $E13=2),VLOOKUP($B13,Courts!$B$2:$K$33,10,false),0) -> 0 | G13: =IF(OR(E13=3,E13=4),9,IF(E13=5,13,0)) -> 0 | H13: =if(OR($E13=1, $E13=2),VLOOKUP($B13,Courts!$B$2:$J$33,5,false),0) -> 0 | I13: =if(OR($E13=1, $E13=2),VLOOKUP($B13,Courts!$B$2:$J$33,6,false),0) -> 0 | J13: =if(OR($E13=1, $E13=2),VLOOKUP($B13,Courts!$B$2:$J$33,7,false),0) -> 0 | K13: =G13+H13+I13+J13 -> 0 | L13: =if(OR($E13=1, $E13=2),VLOOKUP($B13,Courts!$B$2:$J$33,9,false),0) -> 0 | M13: =C13+K13 -> 301 | N13: =D13+L13 -> 28 | O13: X | P13: X | Q13: =if(G13=13,1,0)+VLOOKUP(B13,'122323'!B:Q,16,false) -> 0 | S13: =if(G13=9,1,0)+VLOOKUP(B13,'122323'!B:S,18,false) -> 6
A14: =A13+1 -> 10 | B14: Peter Homsey | C14: 301 | D14: 27 | E14: =if(isna(VLOOKUP(B14,Checkin!A:B,2,false)),0,VLOOKUP(B14,Checkin!A:B,2,false)) -> 0 | F14: =if(OR($E14=1, $E14=2),VLOOKUP($B14,Courts!$B$2:$K$33,10,false),0) -> 0 | G14: =IF(OR(E14=3,E14=4),9,IF(E14=5,13,0)) -> 0 | H14: =if(OR($E14=1, $E14=2),VLOOKUP($B14,Courts!$B$2:$J$33,5,false),0) -> 0 | I14: =if(OR($E14=1, $E14=2),VLOOKUP($B14,Courts!$B$2:$J$33,6,false),0) -> 0 | J14: =if(OR($E14=1, $E14=2),VLOOKUP($B14,Courts!$B$2:$J$33,7,false),0) -> 0 | K14: =G14+H14+I14+J14 -> 0 | L14: =if(OR($E14=1, $E14=2),VLOOKUP($B14,Courts!$B$2:$J$33,9,false),0) -> 0 | M14: =C14+K14 -> 301 | N14: =D14+L14 -> 27 | O14: X | P14: X | Q14: =if(G14=13,1,0)+VLOOKUP(B14,'122323'!B:Q,16,false) -> 0 | S14: =if(G14=9,1,0)+VLOOKUP(B14,'122323'!B:S,18,false) -> 8
A15: =A14+1 -> 11 | B15: Erik Hoeckmann | C15: 301 | D15: 24 | E15: =if(isna(VLOOKUP(B15,Checkin!A:B,2,false)),0,VLOOKUP(B15,Checkin!A:B,2,false)) -> 0 | F15: =if(OR($E15=1, $E15=2),VLOOKUP($B15,Courts!$B$2:$K$33,10,false),0) -> 0 | G15: =IF(OR(E15=3,E15=4),9,IF(E15=5,13,0)) -> 0 | H15: =if(OR($E15=1, $E15=2),VLOOKUP($B15,Courts!$B$2:$J$33,5,false),0) -> 0 | I15: =if(OR($E15=1, $E15=2),VLOOKUP($B15,Courts!$B$2:$J$33,6,false),0) -> 0 | J15: =if(OR($E15=1, $E15=2),VLOOKUP($B15,Courts!$B$2:$J$33,7,false),0) -> 0 | K15: =G15+H15+I15+J15 -> 0 | L15: =if(OR($E15=1, $E15=2),VLOOKUP($B15,Courts!$B$2:$J$33,9,false),0) -> 0 | M15: =C15+K15 -> 301 | N15: =D15+L15 -> 24 | O15: X | P15: X | Q15: =if(G15=13,1,0)+VLOOKUP(B15,'122323'!B:Q,16,false) -> 0 | S15: =if(G15=9,1,0)+VLOOKUP(B15,'122323'!B:S,18,false) -> 6
A16: =A15+1 -> 12 | B16: Ted Shen | C16: 297 | D16: 26 | E16: =if(isna(VLOOKUP(B16,Checkin!A:B,2,false)),0,VLOOKUP(B16,Checkin!A:B,2,false)) -> 0 | F16: =if(OR($E16=1, $E16=2),VLOOKUP($B16,Courts!$B$2:$K$33,10,false),0) -> 0 | G16: =IF(OR(E16=3,E16=4),9,IF(E16=5,13,0)) -> 0 | H16: =if(OR($E16=1, $E16=2),VLOOKUP($B16,Courts!$B$2:$J$33,5,false),0) -> 0 | I16: =if(OR($E16=1, $E16=2),VLOOKUP($B16,Courts!$B$2:$J$33,6,false),0) -> 0 | J16: =if(OR($E16=1, $E16=2),VLOOKUP($B16,Courts!$B$2:$J$33,7,false),0) -> 0 | K16: =G16+H16+I16+J16 -> 0 | L16: =if(OR($E16=1, $E16=2),VLOOKUP($B16,Courts!$B$2:$J$33,9,false),0) -> 0 | M16: =C16+K16 -> 297 | N16: =D16+L16 -> 26 | O16: X | P16: X | Q16: =if(G16=13,1,0)+VLOOKUP(B16,'122323'!B:Q,16,false) -> 0 | S16: =if(G16=9,1,0)+VLOOKUP(B16,'122323'!B:S,18,false) -> 8
A17: =A16+1 -> 13 | B17: Jonathan Phan | C17: 297 | D17: 22 | E17: =if(isna(VLOOKUP(B17,Checkin!A:B,2,false)),0,VLOOKUP(B17,Checkin!A:B,2,false)) -> 0 | F17: =if(OR($E17=1, $E17=2),VLOOKUP($B17,Courts!$B$2:$K$33,10,false),0) -> 0 | G17: =IF(OR(E17=3,E17=4),9,IF(E17=5,13,0)) -> 0 | H17: =if(OR($E17=1, $E17=2),VLOOKUP($B17,Courts!$B$2:$J$33,5,false),0) -> 0 | I17: =if(OR($E17=1, $E17=2),VLOOKUP($B17,Courts!$B$2:$J$33,6,false),0) -> 0 | J17: =if(OR($E17=1, $E17=2),VLOOKUP($B17,Courts!$B$2:$J$33,7,false),0) -> 0 | K17: =G17+H17+I17+J17 -> 0 | L17: =if(OR($E17=1, $E17=2),VLOOKUP($B17,Courts!$B$2:$J$33,9,false),0) -> 0 | M17: =C17+K17 -> 297 | N17: =D17+L17 -> 22 | O17: X | P17: X | Q17: =if(G17=13,1,0)+VLOOKUP(B17,'122323'!B:Q,16,false) -> 0 | S17: =if(G17=9,1,0)+VLOOKUP(B17,'122323'!B:S,18,false) -> 6
... A31: =A30+1 -> 27 | B31: Susanta Mishra | C31: 265 | D31: 17 | E31: =if(isna(VLOOKUP(B31,Checkin!A:B,2,false)),0,VLOOKUP(B31,Checkin!A:B,2,false)) -> 0 | F31: =if(OR($E31=1, $E31=2),VLOOKUP($B31,Courts!$B$2:$K$33,10,false),0) -> 0 | G31: =IF(OR(E31=3,E31=4),9,IF(E31=5,13,0)) -> 0 | H31: =if(OR($E31=1, $E31=2),VLOOKUP($B31,Courts!$B$2:$J$33,5,false),0) -> 0 | I31: =if(OR($E31=1, $E31=2),VLOOKUP($B31,Courts!$B$2:$J$33,6,false),0) -> 0 | J31: =if(OR($E31=1, $E31=2),VLOOKUP($B31,Courts!$B$2:$J$33,7,false),0) -> 0 | K31: =G31+H31+I31+J31 -> 0 | L31: =if(OR($E31=1, $E31=2),VLOOKUP($B31,Courts!$B$2:$J$33,9,false),0) -> 0 | M31: =C31+K31 -> 265 | N31: =D31+L31 -> 17 | O31: X | P31: X | Q31: =if(G31=13,1,0)+VLOOKUP(B31,'122323'!B:Q,16,false) -> 1 | S31: =if(G31=9,1,0)+VLOOKUP(B31,'122323'!B:S,18,false) -> 15
A32: =A31+1 -> 28 | B32: Eric Pan | C32: 260 | D32: 16 | E32: =if(isna(VLOOKUP(B32,Checkin!A:B,2,false)),0,VLOOKUP(B32,Checkin!A:B,2,false)) -> 0 | F32: =if(OR($V31=1, $V31=2),VLOOKUP($B32,Courts!$B$2:$K$33,10,false),0) -> 0 | G32: =IF(OR(E32=3,E32=4),9,IF(E32=5,13,0)) -> 0 | H32: =if(OR($V31=1, $V31=2),VLOOKUP($B32,Courts!$B$2:$J$33,5,false),0) -> 0 | I32: =if(OR($V31=1, $V31=2),VLOOKUP($B32,Courts!$B$2:$J$33,6,false),0) -> 0 | J32: =if(OR($V31=1, $V31=2),VLOOKUP($B32,Courts!$B$2:$J$33,7,false),0) -> 0 | K32: =G32+H32+I32+J32 -> 0 | L32: =if(OR($V31=1, $V31=2),VLOOKUP($B32,Courts!$B$2:$J$33,9,false),0) -> 0 | M32: =C32+K32 -> 260 | N32: =D32+L32 -> 16 | O32: X | P32: X | Q32: =if(G32=13,1,0)+VLOOKUP(B32,'122323'!B:Q,16,false) -> 1 | S32: =if(G32=9,1,0)+VLOOKUP(B32,'122323'!B:S,18,false) -> 15
A33: =A32+1 -> 29 | B33: Mauricio Palacios | C33: 259 | D33: 25 | E33: =if(isna(VLOOKUP(B33,Checkin!A:B,2,false)),0,VLOOKUP(B33,Checkin!A:B,2,false)) -> 0 | F33: =if(OR($E33=1, $E33=2),VLOOKUP($B33,Courts!$B$2:$K$33,10,false),0) -> 0 | G33: =IF(OR(E33=3,E33=4),9,IF(E33=5,13,0)) -> 0 | H33: =if(OR($E33=1, $E33=2),VLOOKUP($B33,Courts!$B$2:$J$33,5,false),0) -> 0 | I33: =if(OR($E33=1, $E33=2),VLOOKUP($B33,Courts!$B$2:$J$33,6,false),0) -> 0 | J33: =if(OR($E33=1, $E33=2),VLOOKUP($B33,Courts!$B$2:$J$33,7,false),0) -> 0 | K33: =G33+H33+I33+J33 -> 0 | L33: =if(OR($E33=1, $E33=2),VLOOKUP($B33,Courts!$B$2:$J$33,9,false),0) -> 0 | M33: =C33+K33 -> 259 | N33: =D33+L33 -> 25 | O33: X | P33: X | Q33: =if(G33=13,1,0)+VLOOKUP(B33,'122323'!B:Q,16,false) -> 0 | S33: =if(G33=9,1,0)+VLOOKUP(B33,'122323'!B:S,18,false) -> 4
A34: =A33+1 -> 30 | B34: Sanjaye Elayattu | C34: 259 | D34: 11 | E34: =if(isna(VLOOKUP(B34,Checkin!A:B,2,false)),0,VLOOKUP(B34,Checkin!A:B,2,false)) -> 0 | F34: =if(OR($E34=1, $E34=2),VLOOKUP($B34,Courts!$B$2:$K$33,10,false),0) -> 0 | G34: =IF(OR(E34=3,E34=4),9,IF(E34=5,13,0)) -> 0 | H34: =if(OR($E34=1, $E34=2),VLOOKUP($B34,Courts!$B$2:$J$33,5,false),0) -> 0 | I34: =if(OR($E34=1, $E34=2),VLOOKUP($B34,Courts!$B$2:$J$33,6,false),0) -> 0 | J34: =if(OR($E34=1, $E34=2),VLOOKUP($B34,Courts!$B$2:$J$33,7,false),0) -> 0 | K34: =G34+H34+I34+J34 -> 0 | L34: =if(OR($E34=1, $E34=2),VLOOKUP($B34,Courts!$B$2:$J$33,9,false),0) -> 0 | M34: =C34+K34 -> 259 | N34: =D34+L34 -> 11 | O34: X | P34: X | Q34: =if(G34=13,1,0)+VLOOKUP(B34,'122323'!B:Q,16,false) -> 0 | S34: =if(G34=9,1,0)+VLOOKUP(B34,'122323'!B:S,18,false) -> 17
A35: =A34+1 -> 31 | B35: Naveen Raj | C35: 258 | D35: 16 | E35: =if(isna(VLOOKUP(B35,Checkin!A:B,2,false)),0,VLOOKUP(B35,Checkin!A:B,2,false)) -> 0 | F35: =if(OR($E35=1, $E35=2),VLOOKUP($B35,Courts!$B$2:$K$33,10,false),0) -> 0 | G35: =IF(OR(E35=3,E35=4),9,IF(E35=5,13,0)) -> 0 | H35: =if(OR($E35=1, $E35=2),VLOOKUP($B35,Courts!$B$2:$J$33,5,false),0) -> 0 | I35: =if(OR($E35=1, $E35=2),VLOOKUP($B35,Courts!$B$2:$J$33,6,false),0) -> 0 | J35: =if(OR($E35=1, $E35=2),VLOOKUP($B35,Courts!$B$2:$J$33,7,false),0) -> 0 | K35: =G35+H35+I35+J35 -> 0 | L35: =if(OR($E35=1, $E35=2),VLOOKUP($B35,Courts!$B$2:$J$33,9,false),0) -> 0 | M35: =C35+K35 -> 258 | N35: =D35+L35 -> 16 | O35: X | P35: X | Q35: =if(G35=13,1,0)+VLOOKUP(B35,'122323'!B:Q,16,false) -> 0 | S35: =if(G35=9,1,0)+VLOOKUP(B35,'122323'!B:S,18,false) -> 7
A36: =A35+1 -> 32 | B36: Manuel Rivera | C36: 256 | D36: 17 | E36: =if(isna(VLOOKUP(B36,Checkin!A:B,2,false)),0,VLOOKUP(B36,Checkin!A:B,2,false)) -> 0 | F36: =if(OR($E36=1, $E36=2),VLOOKUP($B36,Courts!$B$2:$K$33,10,false),0) -> 0 | G36: =IF(OR(E36=3,E36=4),9,IF(E36=5,13,0)) -> 0 | H36: =if(OR($E36=1, $E36=2),VLOOKUP($B36,Courts!$B$2:$J$33,5,false),0) -> 0 | I36: =if(OR($E36=1, $E36=2),VLOOKUP($B36,Courts!$B$2:$J$33,6,false),0) -> 0 | J36: =if(OR($E36=1, $E36=2),VLOOKUP($B36,Courts!$B$2:$J$33,7,false),0) -> 0 | K36: =G36+H36+I36+J36 -> 0 | L36: =if(OR($E36=1, $E36=2),VLOOKUP($B36,Courts!$B$2:$J$33,9,false),0) -> 0 | M36: =C36+K36 -> 256 | N36: =D36+L36 -> 17 | O36: X | P36: X | Q36: =if(G36=13,1,0)+VLOOKUP(B36,'122323'!B:Q,16,false) -> 0 | S36: =if(G36=9,1,0)+VLOOKUP(B36,'122323'!B:S,18,false) -> 10
A37: =A36+1 -> 33 | B37: Rosie Bonilla | C37: 255 | D37: 14 | E37: =if(isna(VLOOKUP(B37,Checkin!A:B,2,false)),0,VLOOKUP(B37,Checkin!A:B,2,false)) -> 0 | F37: =if(OR($E37=1, $E37=2),VLOOKUP($B37,Courts!$B$2:$K$33,10,false),0) -> 0 | G37: =IF(OR(E37=3,E37=4),9,IF(E37=5,13,0)) -> 0 | H37: =if(OR($E37=1, $E37=2),VLOOKUP($B37,Courts!$B$2:$J$33,5,false),0) -> 0 | I37: =if(OR($E37=1, $E37=2),VLOOKUP($B37,Courts!$B$2:$J$33,6,false),0) -> 0 | J37: =if(OR($E37=1, $E37=2),VLOOKUP($B37,Courts!$B$2:$J$33,7,false),0) -> 0 | K37: =G37+H37+I37+J37 -> 0 | L37: =if(OR($E37=1, $E37=2),VLOOKUP($B37,Courts!$B$2:$J$33,9,false),0) -> 0 | M37: =C37+K37 -> 255 | N37: =D37+L37 -> 14 | O37: X | P37: X | Q37: =if(G37=13,1,0)+VLOOKUP(B37,'122323'!B:Q,16,false) -> 0 | S37: =if(G37=9,1,0)+VLOOKUP(B37,'122323'!B:S,18,false) -> 10
A38: =A37+1 -> 34 | B38: Sandy Weyant | C38: 252 | D38: 15 | E38: =if(isna(VLOOKUP(B38,Checkin!A:B,2,false)),0,VLOOKUP(B38,Checkin!A:B,2,false)) -> 0 | F38: =if(OR($E38=1, $E38=2),VLOOKUP($B38,Courts!$B$2:$K$33,10,false),0) -> 0 | G38: =IF(OR(E38=3,E38=4),9,IF(E38=5,13,0)) -> 0 | H38: =if(OR($E38=1, $E38=2),VLOOKUP($B38,Courts!$B$2:$J$33,5,false),0) -> 0 | I38: =if(OR($E38=1, $E38=2),VLOOKUP($B38,Courts!$B$2:$J$33,6,false),0) -> 0 | J38: =if(OR($E38=1, $E38=2),VLOOKUP($B38,Courts!$B$2:$J$33,7,false),0) -> 0 | K38: =G38+H38+I38+J38 -> 0 | L38: =if(OR($E38=1, $E38=2),VLOOKUP($B38,Courts!$B$2:$J$33,9,false),0) -> 0 | M38: =C38+K38 -> 252 | N38: =D38+L38 -> 15 | O38: X | P38: X | Q38: =if(G38=13,1,0)+VLOOKUP(B38,'122323'!B:Q,16,false) -> 0 | S38: =if(G38=9,1,0)+VLOOKUP(B38,'122323'!B:S,18,false) -> 7
A39: =A38+1 -> 35 | B39: Suleman Alidina | C39: 252 | D39: 13 | E39: =if(isna(VLOOKUP(B39,Checkin!A:B,2,false)),0,VLOOKUP(B39,Checkin!A:B,2,false)) -> 0 | F39: =if(OR($E39=1, $E39=2),VLOOKUP($B39,Courts!$B$2:$K$33,10,false),0) -> 0 | G39: =IF(OR(E39=3,E39=4),9,IF(E39=5,13,0)) -> 0 | H39: =if(OR($E39=1, $E39=2),VLOOKUP($B39,Courts!$B$2:$J$33,5,false),0) -> 0 | I39: =if(OR($E39=1, $E39=2),VLOOKUP($B39,Courts!$B$2:$J$33,6,false),0) -> 0 | J39: =if(OR($E39=1, $E39=2),VLOOKUP($B39,Courts!$B$2:$J$33,7,false),0) -> 0 | K39: =G39+H39+I39+J39 -> 0 | L39: =if(OR($E39=1, $E39=2),VLOOKUP($B39,Courts!$B$2:$J$33,9,false),0) -> 0 | M39: =C39+K39 -> 252 | N39: =D39+L39 -> 13 | O39: X | P39: X | Q39: =if(G39=13,1,0)+VLOOKUP(B39,'122323'!B:Q,16,false) -> 0 | S39: =if(G39=9,1,0)+VLOOKUP(B39,'122323'!B:S,18,false) -> 18
A40: =A39+1 -> 36 | B40: Troy Wong | C40: 252 | D40: 10 | E40: =if(isna(VLOOKUP(B40,Checkin!A:B,2,false)),0,VLOOKUP(B40,Checkin!A:B,2,false)) -> 0 | F40: =if(OR($E40=1, $E40=2),VLOOKUP($B40,Courts!$B$2:$K$33,10,false),0) -> 0 | G40: =IF(OR(E40=3,E40=4),9,IF(E40=5,13,0)) -> 0 | H40: =if(OR($E40=1, $E40=2),VLOOKUP($B40,Courts!$B$2:$J$33,5,false),0) -> 0 | I40: =if(OR($E40=1, $E40=2),VLOOKUP($B40,Courts!$B$2:$J$33,6,false),0) -> 0 | J40: =if(OR($E40=1, $E40=2),VLOOKUP($B40,Courts!$B$2:$J$33,7,false),0) -> 0 | K40: =G40+H40+I40+J40 -> 0 | L40: =if(OR($E40=1, $E40=2),VLOOKUP($B40,Courts!$B$2:$J$33,9,false),0) -> 0 | M40: =C40+K40 -> 252 | N40: =D40+L40 -> 10 | O40: X | P40: X | Q40: =if(G40=13,1,0)+VLOOKUP(B40,'122323'!B:Q,16,false) -> 0 | S40: =if(G40=9,1,0)+VLOOKUP(B40,'122323'!B:S,18,false) -> 19
A41: =A40+1 -> 37 | B41: Vamsi Lolla | C41: 251 | D41: 14 | E41: =if(isna(VLOOKUP(B41,Checkin!A:B,2,false)),0,VLOOKUP(B41,Checkin!A:B,2,false)) -> 0 | F41: =if(OR($E41=1, $E41=2),VLOOKUP($B41,Courts!$B$2:$K$33,10,false),0) -> 0 | G41: =IF(OR(E41=3,E41=4),9,IF(E41=5,13,0)) -> 0 | H41: =if(OR($E41=1, $E41=2),VLOOKUP($B41,Courts!$B$2:$J$33,5,false),0) -> 0 | I41: =if(OR($E41=1, $E41=2),VLOOKUP($B41,Courts!$B$2:$J$33,6,false),0) -> 0 | J41: =if(OR($E41=1, $E41=2),VLOOKUP($B41,Courts!$B$2:$J$33,7,false),0) -> 0 | K41: =G41+H41+I41+J41 -> 0 | L41: =if(OR($E41=1, $E41=2),VLOOKUP($B41,Courts!$B$2:$J$33,9,false),0) -> 0 | M41: =C41+K41 -> 251 | N41: =D41+L41 -> 14 | O41: X | P41: X | Q41: =if(G41=13,1,0)+VLOOKUP(B41,'122323'!B:Q,16,false) -> 1 | S41: =if(G41=9,1,0)+VLOOKUP(B41,'122323'!B:S,18,false) -> 11
A42: =A41+1 -> 38 | B42: Derek Fu | C42: 249 | D42: 10 | E42: =if(isna(VLOOKUP(B42,Checkin!A:B,2,false)),0,VLOOKUP(B42,Checkin!A:B,2,false)) -> 0 | F42: =if(OR($E42=1, $E42=2),VLOOKUP($B42,Courts!$B$2:$K$33,10,false),0) -> 0 | G42: =IF(OR(E42=3,E42=4),9,IF(E42=5,13,0)) -> 0 | H42: =if(OR($E42=1, $E42=2),VLOOKUP($B42,Courts!$B$2:$J$33,5,false),0) -> 0 | I42: =if(OR($E42=1, $E42=2),VLOOKUP($B42,Courts!$B$2:$J$33,6,false),0) -> 0 | J42: =if(OR($E42=1, $E42=2),VLOOKUP($B42,Courts!$B$2:$J$33,7,false),0) -> 0 | K42: =G42+H42+I42+J42 -> 0 | L42: =if(OR($E42=1, $E42=2),VLOOKUP($B42,Courts!$B$2:$J$33,9,false),0) -> 0 | M42: =C42+K42 -> 249 | N42: =D42+L42 -> 10 | O42: X | Q42: =if(G42=13,1,0)+VLOOKUP(B42,'122323'!B:Q,16,false) -> 0 | S42: =if(G42=9,1,0)+VLOOKUP(B42,'122323'!B:S,18,false) -> 20
A43: =A42+1 -> 39 | B43: Elayaraja Thangaraj | C43: 248 | D43: 21 | E43: =if(isna(VLOOKUP(B43,Checkin!A:B,2,false)),0,VLOOKUP(B43,Checkin!A:B,2,false)) -> 0 | F43: =if(OR($E43=1, $E43=2),VLOOKUP($B43,Courts!$B$2:$K$33,10,false),0) -> 0 | G43: =IF(OR(E43=3,E43=4),9,IF(E43=5,13,0)) -> 0 | H43: =if(OR($E43=1, $E43=2),VLOOKUP($B43,Courts!$B$2:$J$33,5,false),0) -> 0 | I43: =if(OR($E43=1, $E43=2),VLOOKUP($B43,Courts!$B$2:$J$33,6,false),0) -> 0 | J43: =if(OR($E43=1, $E43=2),VLOOKUP($B43,Courts!$B$2:$J$33,7,false),0) -> 0 | K43: =G43+H43+I43+J43 -> 0 | L43: =if(OR($E43=1, $E43=2),VLOOKUP($B43,Courts!$B$2:$J$33,9,false),0) -> 0 | M43: =C43+K43 -> 248 | N43: =D43+L43 -> 21 | O43: X | P43: X | Q43: =if(G43=13,1,0)+VLOOKUP(B43,'122323'!B:Q,16,false) -> 0 | S43: =if(G43=9,1,0)+VLOOKUP(B43,'122323'!B:S,18,false) -> 9
A44: =A43+1 -> 40 | B44: Andrew Chin | C44: 244 | D44: 9 | E44: =if(isna(VLOOKUP(B44,Checkin!A:B,2,false)),0,VLOOKUP(B44,Checkin!A:B,2,false)) -> 0 | F44: =if(OR($E44=1, $E44=2),VLOOKUP($B44,Courts!$B$2:$K$33,10,false),0) -> 0 | G44: =IF(OR(E44=3,E44=4),9,IF(E44=5,13,0)) -> 0 | H44: =if(OR($E44=1, $E44=2),VLOOKUP($B44,Courts!$B$2:$J$33,5,false),0) -> 0 | I44: =if(OR($E44=1, $E44=2),VLOOKUP($B44,Courts!$B$2:$J$33,6,false),0) -> 0 | J44: =if(OR($E44=1, $E44=2),VLOOKUP($B44,Courts!$B$2:$J$33,7,false),0) -> 0 | K44: =G44+H44+I44+J44 -> 0 | L44: =if(OR($E44=1, $E44=2),VLOOKUP($B44,Courts!$B$2:$J$33,9,false),0) -> 0 | M44: =C44+K44 -> 244 | N44: =D44+L44 -> 9 | O44: X | P44: X | Q44: =if(G44=13,1,0)+VLOOKUP(B44,'122323'!B:Q,16,false) -> 0 | S44: =if(G44=9,1,0)+VLOOKUP(B44,'122323'!B:S,18,false) -> 20
A45: =A44+1 -> 41 | B45: Vinot Kumar Nagappan | C45: 243 | D45: 13 | E45: =if(isna(VLOOKUP(B45,Checkin!A:B,2,false)),0,VLOOKUP(B45,Checkin!A:B,2,false)) -> 0 | F45: =if(OR($E45=1, $E45=2),VLOOKUP($B45,Courts!$B$2:$K$33,10,false),0) -> 0 | G45: =IF(OR(E45=3,E45=4),9,IF(E45=5,13,0)) -> 0 | H45: =if(OR($E45=1, $E45=2),VLOOKUP($B45,Courts!$B$2:$J$33,5,false),0) -> 0 | I45: =if(OR($E45=1, $E45=2),VLOOKUP($B45,Courts!$B$2:$J$33,6,false),0) -> 0 | J45: =if(OR($E45=1, $E45=2),VLOOKUP($B45,Courts!$B$2:$J$33,7,false),0) -> 0 | K45: =G45+H45+I45+J45 -> 0 | L45: =if(OR($E45=1, $E45=2),VLOOKUP($B45,Courts!$B$2:$J$33,9,false),0) -> 0 | M45: =C45+K45 -> 243 | N45: =D45+L45 -> 13 | O45: X | P45: X | Q45: =if(G45=13,1,0)+VLOOKUP(B45,'122323'!B:Q,16,false) -> 0 | S45: =if(G45=9,1,0)+VLOOKUP(B45,'122323'!B:S,18,false) -> 13
A46: =A45+1 -> 42 | B46: Paul Sanchez | C46: 243 | D46: 9 | E46: =if(isna(VLOOKUP(B46,Checkin!A:B,2,false)),0,VLOOKUP(B46,Checkin!A:B,2,false)) -> 0 | F46: =if(OR($E46=1, $E46=2),VLOOKUP($B46,Courts!$B$2:$K$33,10,false),0) -> 0 | G46: =IF(OR(E46=3,E46=4),9,IF(E46=5,13,0)) -> 0 | H46: =if(OR($E46=1, $E46=2),VLOOKUP($B46,Courts!$B$2:$J$33,5,false),0) -> 0 | I46: =if(OR($E46=1, $E46=2),VLOOKUP($B46,Courts!$B$2:$J$33,6,false),0) -> 0 | J46: =if(OR($E46=1, $E46=2),VLOOKUP($B46,Courts!$B$2:$J$33,7,false),0) -> 0 | K46: =G46+H46+I46+J46 -> 0 | L46: =if(OR($E46=1, $E46=2),VLOOKUP($B46,Courts!$B$2:$J$33,9,false),0) -> 0 | M46: =C46+K46 -> 243 | N46: =D46+L46 -> 9 | O46: X | Q46: =if(G46=13,1,0)+VLOOKUP(B46,'122323'!B:Q,16,false) -> 0 | S46: =if(G46=9,1,0)+VLOOKUP(B46,'122323'!B:S,18,false) -> 16
A47: =A46+1 -> 43 | B47: Jimmy Awolesi | C47: 238 | D47: 15 | E47: =if(isna(VLOOKUP(B47,Checkin!A:B,2,false)),0,VLOOKUP(B47,Checkin!A:B,2,false)) -> 0 | F47: =if(OR($E47=1, $E47=2),VLOOKUP($B47,Courts!$B$2:$K$33,10,false),0) -> 0 | G47: =IF(OR(E47=3,E47=4),9,IF(E47=5,13,0)) -> 0 | H47: =if(OR($E47=1, $E47=2),VLOOKUP($B47,Courts!$B$2:$J$33,5,false),0) -> 0 | I47: =if(OR($E47=1, $E47=2),VLOOKUP($B47,Courts!$B$2:$J$33,6,false),0) -> 0 | J47: =if(OR($E47=1, $E47=2),VLOOKUP($B47,Courts!$B$2:$J$33,7,false),0) -> 0 | K47: =G47+H47+I47+J47 -> 0 | L47: =if(OR($E47=1, $E47=2),VLOOKUP($B47,Courts!$B$2:$J$33,9,false),0) -> 0 | M47: =C47+K47 -> 238 | N47: =D47+L47 -> 15 | O47: X | P47: X | Q47: =if(G47=13,1,0)+VLOOKUP(B47,'122323'!B:Q,16,false) -> 0 | S47: =if(G47=9,1,0)+VLOOKUP(B47,'122323'!B:S,18,false) -> 10
A48: =A47+1 -> 44 | B48: Nohely Mejia | C48: 238 | D48: 12 | E48: =if(isna(VLOOKUP(B48,Checkin!A:B,2,false)),0,VLOOKUP(B48,Checkin!A:B,2,false)) -> 0 | F48: =if(OR($E48=1, $E48=2),VLOOKUP($B48,Courts!$B$2:$K$33,10,false),0) -> 0 | G48: =IF(OR(E48=3,E48=4),9,IF(E48=5,13,0)) -> 0 | H48: =if(OR($E48=1, $E48=2),VLOOKUP($B48,Courts!$B$2:$J$33,5,false),0) -> 0 | I48: =if(OR($E48=1, $E48=2),VLOOKUP($B48,Courts!$B$2:$J$33,6,false),0) -> 0 | J48: =if(OR($E48=1, $E48=2),VLOOKUP($B48,Courts!$B$2:$J$33,7,false),0) -> 0 | K48: =G48+H48+I48+J48 -> 0 | L48: =if(OR($E48=1, $E48=2),VLOOKUP($B48,Courts!$B$2:$J$33,9,false),0) -> 0 | M48: =C48+K48 -> 238 | N48: =D48+L48 -> 12 | O48: X | P48: X | Q48: =if(G48=13,1,0)+VLOOKUP(B48,'122323'!B:Q,16,false) -> 2 | S48: =if(G48=9,1,0)+VLOOKUP(B48,'122323'!B:S,18,false) -> 8
A49: =A48+1 -> 45 | B49: James Cole III | C49: 238 | D49: 8 | E49: =if(isna(VLOOKUP(B49,Checkin!A:B,2,false)),0,VLOOKUP(B49,Checkin!A:B,2,false)) -> 0 | F49: =if(OR($E49=1, $E49=2),VLOOKUP($B49,Courts!$B$2:$K$33,10,false),0) -> 0 | G49: =IF(OR(E49=3,E49=4),9,IF(E49=5,13,0)) -> 0 | H49: =if(OR($E49=1, $E49=2),VLOOKUP($B49,Courts!$B$2:$J$33,5,false),0) -> 0 | I49: =if(OR($E49=1, $E49=2),VLOOKUP($B49,Courts!$B$2:$J$33,6,false),0) -> 0 | J49: =if(OR($E49=1, $E49=2),VLOOKUP($B49,Courts!$B$2:$J$33,7,false),0) -> 0 | K49: =G49+H49+I49+J49 -> 0 | L49: =if(OR($E49=1, $E49=2),VLOOKUP($B49,Courts!$B$2:$J$33,9,false),0) -> 0 | M49: =C49+K49 -> 238 | N49: =D49+L49 -> 8 | O49: X | Q49: =if(G49=13,1,0)+VLOOKUP(B49,'122323'!B:Q,16,false) -> 0 | S49: =if(G49=9,1,0)+VLOOKUP(B49,'122323'!B:S,18,false) -> 18
A50: =A49+1 -> 46 | B50: Balaji Alahari | C50: 236 | D50: 7 | E50: =if(isna(VLOOKUP(B50,Checkin!A:B,2,false)),0,VLOOKUP(B50,Checkin!A:B,2,false)) -> 0 | F50: =if(OR($E50=1, $E50=2),VLOOKUP($B50,Courts!$B$2:$K$33,10,false),0) -> 0 | G50: =IF(OR(E50=3,E50=4),9,IF(E50=5,13,0)) -> 0 | H50: =if(OR($E50=1, $E50=2),VLOOKUP($B50,Courts!$B$2:$J$33,5,false),0) -> 0 | I50: =if(OR($E50=1, $E50=2),VLOOKUP($B50,Courts!$B$2:$J$33,6,false),0) -> 0 | J50: =if(OR($E50=1, $E50=2),VLOOKUP($B50,Courts!$B$2:$J$33,7,false),0) -> 0 | K50: =G50+H50+I50+J50 -> 0 | L50: =if(OR($E50=1, $E50=2),VLOOKUP($B50,Courts!$B$2:$J$33,9,false),0) -> 0 | M50: =C50+K50 -> 236 | N50: =D50+L50 -> 7 | O50: X | P50: X | Q50: =if(G50=13,1,0)+VLOOKUP(B50,'122323'!B:Q,16,false) -> 1 | S50: =if(G50=9,1,0)+VLOOKUP(B50,'122323'!B:S,18,false) -> 18
A51: =A50+1 -> 47 | B51: Kevin Wang | C51: 231 | D51: 16 | E51: =if(isna(VLOOKUP(B51,Checkin!A:B,2,false)),0,VLOOKUP(B51,Checkin!A:B,2,false)) -> 0 | F51: =if(OR($E51=1, $E51=2),VLOOKUP($B51,Courts!$B$2:$K$33,10,false),0) -> 0 | G51: =IF(OR(E51=3,E51=4),9,IF(E51=5,13,0)) -> 0 | H51: =if(OR($E51=1, $E51=2),VLOOKUP($B51,Courts!$B$2:$J$33,5,false),0) -> 0 | I51: =if(OR($E51=1, $E51=2),VLOOKUP($B51,Courts!$B$2:$J$33,6,false),0) -> 0 | J51: =if(OR($E51=1, $E51=2),VLOOKUP($B51,Courts!$B$2:$J$33,7,false),0) -> 0 | K51: =G51+H51+I51+J51 -> 0 | L51: =if(OR($E51=1, $E51=2),VLOOKUP($B51,Courts!$B$2:$J$33,9,false),0) -> 0 | M51: =C51+K51 -> 231 | N51: =D51+L51 -> 16 | O51: X | Q51: =if(G51=13,1,0)+VLOOKUP(B51,'122323'!B:Q,16,false) -> 0 | S51: =if(G51=9,1,0)+VLOOKUP(B51,'122323'!B:S,18,false) -> 9
A52: =A51+1 -> 48 | B52: Luis Hsu | C52: 231 | D52: 5 | E52: =if(isna(VLOOKUP(B52,Checkin!A:B,2,false)),0,VLOOKUP(B52,Checkin!A:B,2,false)) -> 0 | F52: =if(OR($E52=1, $E52=2),VLOOKUP($B52,Courts!$B$2:$K$33,10,false),0) -> 0 | G52: =IF(OR(E52=3,E52=4),9,IF(E52=5,13,0)) -> 0 | H52: =if(OR($E52=1, $E52=2),VLOOKUP($B52,Courts!$B$2:$J$33,5,false),0) -> 0 | I52: =if(OR($E52=1, $E52=2),VLOOKUP($B52,Courts!$B$2:$J$33,6,false),0) -> 0 | J52: =if(OR($E52=1, $E52=2),VLOOKUP($B52,Courts!$B$2:$J$33,7,false),0) -> 0 | K52: =G52+H52+I52+J52 -> 0 | L52: =if(OR($E52=1, $E52=2),VLOOKUP($B52,Courts!$B$2:$J$33,9,false),0) -> 0 | M52: =C52+K52 -> 231 | N52: =D52+L52 -> 5 | O52: X | P52: X | Q52: =if(G52=13,1,0)+VLOOKUP(B52,'122323'!B:Q,16,false) -> 0 | S52: =if(G52=9,1,0)+VLOOKUP(B52,'122323'!B:S,18,false) -> 21
A53: =A52+1 -> 49 | B53: Pan Lee | C53: 230 | D53: 5 | E53: =if(isna(VLOOKUP(B53,Checkin!A:B,2,false)),0,VLOOKUP(B53,Checkin!A:B,2,false)) -> 0 | F53: =if(OR($E53=1, $E53=2),VLOOKUP($B53,Courts!$B$2:$K$33,10,false),0) -> 0 | G53: =IF(OR(E53=3,E53=4),9,IF(E53=5,13,0)) -> 0 | H53: =if(OR($E53=1, $E53=2),VLOOKUP($B53,Courts!$B$2:$J$33,5,false),0) -> 0 | I53: =if(OR($E53=1, $E53=2),VLOOKUP($B53,Courts!$B$2:$J$33,6,false),0) -> 0 | J53: =if(OR($E53=1, $E53=2),VLOOKUP($B53,Courts!$B$2:$J$33,7,false),0) -> 0 | K53: =G53+H53+I53+J53 -> 0 | L53: =if(OR($E53=1, $E53=2),VLOOKUP($B53,Courts!$B$2:$J$33,9,false),0) -> 0 | M53: =C53+K53 -> 230 | N53: =D53+L53 -> 5 | O53: X | Q53: =if(G53=13,1,0)+VLOOKUP(B53,'122323'!B:Q,16,false) -> 0 | S53: =if(G53=9,1,0)+VLOOKUP(B53,'122323'!B:S,18,false) -> 22
A54: =A53+1 -> 50 | B54: Lauren Chang | C54: 228 | D54: 4 | E54: =if(isna(VLOOKUP(B54,Checkin!A:B,2,false)),0,VLOOKUP(B54,Checkin!A:B,2,false)) -> 0 | F54: =if(OR($E54=1, $E54=2),VLOOKUP($B54,Courts!$B$2:$K$33,10,false),0) -> 0 | G54: =IF(OR(E54=3,E54=4),9,IF(E54=5,13,0)) -> 0 | H54: =if(OR($E54=1, $E54=2),VLOOKUP($B54,Courts!$B$2:$J$33,5,false),0) -> 0 | I54: =if(OR($E54=1, $E54=2),VLOOKUP($B54,Courts!$B$2:$J$33,6,false),0) -> 0 | J54: =if(OR($E54=1, $E54=2),VLOOKUP($B54,Courts!$B$2:$J$33,7,false),0) -> 0 | K54: =G54+H54+I54+J54 -> 0 | L54: =if(OR($E54=1, $E54=2),VLOOKUP($B54,Courts!$B$2:$J$33,9,false),0) -> 0 | M54: =C54+K54 -> 228 | N54: =D54+L54 -> 4 | O54: X | Q54: =if(G54=13,1,0)+VLOOKUP(B54,'122323'!B:Q,16,false) -> 0 | S54: =if(G54=9,1,0)+VLOOKUP(B54,'122323'!B:S,18,false) -> 19
A55: =A54+1 -> 51 | B55: Santosh Sundaresan | C55: 226 | D55: 6 | E55: =if(isna(VLOOKUP(B55,Checkin!A:B,2,false)),0,VLOOKUP(B55,Checkin!A:B,2,false)) -> 0 | F55: =if(OR($E55=1, $E55=2),VLOOKUP($B55,Courts!$B$2:$K$33,10,false),0) -> 0 | G55: =IF(OR(E55=3,E55=4),9,IF(E55=5,13,0)) -> 0 | H55: =if(OR($E55=1, $E55=2),VLOOKUP($B55,Courts!$B$2:$J$33,5,false),0) -> 0 | I55: =if(OR($E55=1, $E55=2),VLOOKUP($B55,Courts!$B$2:$J$33,6,false),0) -> 0 | J55: =if(OR($E55=1, $E55=2),VLOOKUP($B55,Courts!$B$2:$J$33,7,false),0) -> 0 | K55: =G55+H55+I55+J55 -> 0 | L55: =if(OR($E55=1, $E55=2),VLOOKUP($B55,Courts!$B$2:$J$33,9,false),0) -> 0 | M55: =C55+K55 -> 226 | N55: =D55+L55 -> 6 | O55: X | P55: X | Q55: =if(G55=13,1,0)+VLOOKUP(B55,'122323'!B:Q,16,false) -> 0 | S55: =if(G55=9,1,0)+VLOOKUP(B55,'122323'!B:S,18,false) -> 18
A56: =A55+1 -> 52 | B56: Vilas Janardhanan | C56: 225 | D56: 7 | E56: =if(isna(VLOOKUP(B56,Checkin!A:B,2,false)),0,VLOOKUP(B56,Checkin!A:B,2,false)) -> 0 | F56: =if(OR($E56=1, $E56=2),VLOOKUP($B56,Courts!$B$2:$K$33,10,false),0) -> 0 | G56: =IF(OR(E56=3,E56=4),9,IF(E56=5,13,0)) -> 0 | H56: =if(OR($E56=1, $E56=2),VLOOKUP($B56,Courts!$B$2:$J$33,5,false),0) -> 0 | I56: =if(OR($E56=1, $E56=2),VLOOKUP($B56,Courts!$B$2:$J$33,6,false),0) -> 0 | J56: =if(OR($E56=1, $E56=2),VLOOKUP($B56,Courts!$B$2:$J$33,7,false),0) -> 0 | K56: =G56+H56+I56+J56 -> 0 | L56: =if(OR($E56=1, $E56=2),VLOOKUP($B56,Courts!$B$2:$J$33,9,false),0) -> 0 | M56: =C56+K56 -> 225 | N56: =D56+L56 -> 7 | O56: X | P56: X | Q56: =if(G56=13,1,0)+VLOOKUP(B56,'122323'!B:Q,16,false) -> 0 | S56: =if(G56=9,1,0)+VLOOKUP(B56,'122323'!B:S,18,false) -> 18
A57: =A56+1 -> 53 | B57: Piyorasa Li | C57: 225 | D57: 3 | E57: =if(isna(VLOOKUP(B57,Checkin!A:B,2,false)),0,VLOOKUP(B57,Checkin!A:B,2,false)) -> 0 | F57: =if(OR($E57=1, $E57=2),VLOOKUP($B57,Courts!$B$2:$K$33,10,false),0) -> 0 | G57: =IF(OR(E57=3,E57=4),9,IF(E57=5,13,0)) -> 0 | H57: =if(OR($E57=1, $E57=2),VLOOKUP($B57,Courts!$B$2:$J$33,5,false),0) -> 0 | I57: =if(OR($E57=1, $E57=2),VLOOKUP($B57,Courts!$B$2:$J$33,6,false),0) -> 0 | J57: =if(OR($E57=1, $E57=2),VLOOKUP($B57,Courts!$B$2:$J$33,7,false),0) -> 0 | K57: =G57+H57+I57+J57 -> 0 | L57: =if(OR($E57=1, $E57=2),VLOOKUP($B57,Courts!$B$2:$J$33,9,false),0) -> 0 | M57: =C57+K57 -> 225 | N57: =D57+L57 -> 3 | O57: X | Q57: =if(G57=13,1,0)+VLOOKUP(B57,'122323'!B:Q,16,false) -> 0 | S57: =if(G57=9,1,0)+VLOOKUP(B57,'122323'!B:S,18,false) -> 19
A58: =A57+1 -> 54 | B58: Jason Kim | C58: 225 | D58: 3 | E58: =if(isna(VLOOKUP(B58,Checkin!A:B,2,false)),0,VLOOKUP(B58,Checkin!A:B,2,false)) -> 0 | F58: =if(OR($E58=1, $E58=2),VLOOKUP($B58,Courts!$B$2:$K$33,10,false),0) -> 0 | G58: =IF(OR(E58=3,E58=4),9,IF(E58=5,13,0)) -> 0 | H58: =if(OR($E58=1, $E58=2),VLOOKUP($B58,Courts!$B$2:$J$33,5,false),0) -> 0 | I58: =if(OR($E58=1, $E58=2),VLOOKUP($B58,Courts!$B$2:$J$33,6,false),0) -> 0 | J58: =if(OR($E58=1, $E58=2),VLOOKUP($B58,Courts!$B$2:$J$33,7,false),0) -> 0 | K58: =G58+H58+I58+J58 -> 0 | L58: =if(OR($E58=1, $E58=2),VLOOKUP($B58,Courts!$B$2:$J$33,9,false),0) -> 0 | M58: =C58+K58 -> 225 | N58: =D58+L58 -> 3 | O58: X | Q58: =if(G58=13,1,0)+VLOOKUP(B58,'122323'!B:Q,16,false) -> 0 | S58: =if(G58=9,1,0)+VLOOKUP(B58,'122323'!B:S,18,false) -> 20
A59: =A58+1 -> 55 | B59: Amit Patel | C59: 223 | D59: 4 | E59: =if(isna(VLOOKUP(B59,Checkin!A:B,2,false)),0,VLOOKUP(B59,Checkin!A:B,2,false)) -> 0 | F59: =if(OR($E59=1, $E59=2),VLOOKUP($B59,Courts!$B$2:$K$33,10,false),0) -> 0 | G59: =IF(OR(E59=3,E59=4),9,IF(E59=5,13,0)) -> 0 | H59: =if(OR($E59=1, $E59=2),VLOOKUP($B59,Courts!$B$2:$J$33,5,false),0) -> 0 | I59: =if(OR($E59=1, $E59=2),VLOOKUP($B59,Courts!$B$2:$J$33,6,false),0) -> 0 | J59: =if(OR($E59=1, $E59=2),VLOOKUP($B59,Courts!$B$2:$J$33,7,false),0) -> 0 | K59: =G59+H59+I59+J59 -> 0 | L59: =if(OR($E59=1, $E59=2),VLOOKUP($B59,Courts!$B$2:$J$33,9,false),0) -> 0 | M59: =C59+K59 -> 223 | N59: =D59+L59 -> 4 | O59: X | P59: X | Q59: =if(G59=13,1,0)+VLOOKUP(B59,'122323'!B:Q,16,false) -> 0 | S59: =if(G59=9,1,0)+VLOOKUP(B59,'122323'!B:S,18,false) -> 21
A60: =A59+1 -> 56 | B60: Coco Yan | C60: 220 | D60: 2 | E60: =if(isna(VLOOKUP(B60,Checkin!A:B,2,false)),0,VLOOKUP(B60,Checkin!A:B,2,false)) -> 0 | F60: =if(OR($E60=1, $E60=2),VLOOKUP($B60,Courts!$B$2:$K$33,10,false),0) -> 0 | G60: =IF(OR(E60=3,E60=4),9,IF(E60=5,13,0)) -> 0 | H60: =if(OR($E60=1, $E60=2),VLOOKUP($B60,Courts!$B$2:$J$33,5,false),0) -> 0 | I60: =if(OR($E60=1, $E60=2),VLOOKUP($B60,Courts!$B$2:$J$33,6,false),0) -> 0 | J60: =if(OR($E60=1, $E60=2),VLOOKUP($B60,Courts!$B$2:$J$33,7,false),0) -> 0 | K60: =G60+H60+I60+J60 -> 0 | L60: =if(OR($E60=1, $E60=2),VLOOKUP($B60,Courts!$B$2:$J$33,9,false),0) -> 0 | M60: =C60+K60 -> 220 | N60: =D60+L60 -> 2 | O60: X | P60: X | Q60: =if(G60=13,1,0)+VLOOKUP(B60,'122323'!B:Q,16,false) -> 0 | S60: =if(G60=9,1,0)+VLOOKUP(B60,'122323'!B:S,18,false) -> 23
A61: =A60+1 -> 57 | B61: Thomas Zou | C61: 220 | D61: 2 | E61: =if(isna(VLOOKUP(B61,Checkin!A:B,2,false)),0,VLOOKUP(B61,Checkin!A:B,2,false)) -> 0 | F61: =if(OR($E61=1, $E61=2),VLOOKUP($B61,Courts!$B$2:$K$33,10,false),0) -> 0 | G61: =IF(OR(E61=3,E61=4),9,IF(E61=5,13,0)) -> 0 | K61: =G61+H61+I61+J61 -> 0 | M61: =C61+K61 -> 220 | N61: =D61+L61 -> 2 | O61: X | Q61: =if(G61=13,1,0)+VLOOKUP(B61,'122323'!B:Q,16,false) -> 0 | S61: =if(G61=9,1,0)+VLOOKUP(B61,'122323'!B:S,18,false) -> 23
A62: =A61+1 -> 58 | B62: Savay Lieu | C62: 216 | D62: 0 | E62: =if(isna(VLOOKUP(B62,Checkin!A:B,2,false)),0,VLOOKUP(B62,Checkin!A:B,2,false)) -> 0 | F62: =if(OR($E62=1, $E62=2),VLOOKUP($B62,Courts!$B$2:$K$33,10,false),0) -> 0 | G62: =IF(OR(E62=3,E62=4),9,IF(E62=5,13,0)) -> 0 | H62: =if(OR($E62=1, $E62=2),VLOOKUP($B62,Courts!$B$2:$J$33,5,false),0) -> 0 | I62: =if(OR($E62=1, $E62=2),VLOOKUP($B62,Courts!$B$2:$J$33,6,false),0) -> 0 | J62: =if(OR($E62=1, $E62=2),VLOOKUP($B62,Courts!$B$2:$J$33,7,false),0) -> 0 | K62: =G62+H62+I62+J62 -> 0 | L62: =if(OR($E62=1, $E62=2),VLOOKUP($B62,Courts!$B$2:$J$33,9,false),0) -> 0 | M62: =C62+K62 -> 216 | N62: =D62+L62 -> 0 | O62: X | P62: X | Q62: =if(G62=13,1,0)+VLOOKUP(B62,'122323'!B:Q,16,false) -> 0 | S62: =if(G62=9,1,0)+VLOOKUP(B62,'122323'!B:S,18,false) -> 24
A63: =A62+1 -> 59 | B63: Mihir Anand | C63: 216 | D63: 0 | E63: =if(isna(VLOOKUP(B63,Checkin!A:B,2,false)),0,VLOOKUP(B63,Checkin!A:B,2,false)) -> 0 | F63: =if(OR($E63=1, $E63=2),VLOOKUP($B63,Courts!$B$2:$K$33,10,false),0) -> 0 | G63: =IF(OR(E63=3,E63=4),9,IF(E63=5,13,0)) -> 0 | H63: =if(OR($E63=1, $E63=2),VLOOKUP($B63,Courts!$B$2:$J$33,5,false),0) -> 0 | I63: =if(OR($E63=1, $E63=2),VLOOKUP($B63,Courts!$B$2:$J$33,6,false),0) -> 0 | J63: =if(OR($E63=1, $E63=2),VLOOKUP($B63,Courts!$B$2:$J$33,7,false),0) -> 0 | K63: =G63+H63+I63+J63 -> 0 | L63: =if(OR($E63=1, $E63=2),VLOOKUP($B63,Courts!$B$2:$J$33,9,false),0) -> 0 | M63: =C63+K63 -> 216 | N63: =D63+L63 -> 0 | O63: X | Q63: =if(G63=13,1,0)+VLOOKUP(B63,'122323'!B:Q,16,false) -> 0 | S63: =if(G63=9,1,0)+VLOOKUP(B63,'122323'!B:S,18,false) -> 24
A64: =A63+1 -> 60 | B64: Manish Anand | C64: 216 | D64: 0 | E64: =if(isna(VLOOKUP(B64,Checkin!A:B,2,false)),0,VLOOKUP(B64,Checkin!A:B,2,false)) -> 0 | F64: =if(OR($E64=1, $E64=2),VLOOKUP($B64,Courts!$B$2:$K$33,10,false),0) -> 0 | G64: =IF(OR(E64=3,E64=4),9,IF(E64=5,13,0)) -> 0 | H64: =if(OR($E64=1, $E64=2),VLOOKUP($B64,Courts!$B$2:$J$33,5,false),0) -> 0 | I64: =if(OR($E64=1, $E64=2),VLOOKUP($B64,Courts!$B$2:$J$33,6,false),0) -> 0 | J64: =if(OR($E64=1, $E64=2),VLOOKUP($B64,Courts!$B$2:$J$33,7,false),0) -> 0 | K64: =G64+H64+I64+J64 -> 0 | L64: =if(OR($E64=1, $E64=2),VLOOKUP($B64,Courts!$B$2:$J$33,9,false),0) -> 0 | M64: =C64+K64 -> 216 | N64: =D64+L64 -> 0 | O64: X | P64: X | Q64: =if(G64=13,1,0)+VLOOKUP(B64,'122323'!B:Q,16,false) -> 0 | S64: =if(G64=9,1,0)+VLOOKUP(B64,'122323'!B:S,18,false) -> 24
A65: =A64+1 -> 61 | B65: Fendi Purwadi | C65: 216 | D65: 0 | E65: =if(isna(VLOOKUP(B65,Checkin!A:B,2,false)),0,VLOOKUP(B65,Checkin!A:B,2,false)) -> 0 | F65: =if(OR($E65=1, $E65=2),VLOOKUP($B65,Courts!$B$2:$K$33,10,false),0) -> 0 | G65: =IF(OR(E65=3,E65=4),9,IF(E65=5,13,0)) -> 0 | H65: =if(OR($E65=1, $E65=2),VLOOKUP($B65,Courts!$B$2:$J$33,5,false),0) -> 0 | I65: =if(OR($E65=1, $E65=2),VLOOKUP($B65,Courts!$B$2:$J$33,6,false),0) -> 0 | J65: =if(OR($E65=1, $E65=2),VLOOKUP($B65,Courts!$B$2:$J$33,7,false),0) -> 0 | K65: =G65+H65+I65+J65 -> 0 | L65: =if(OR($E65=1, $E65=2),VLOOKUP($B65,Courts!$B$2:$J$33,9,false),0) -> 0 | M65: =C65+K65 -> 216 | N65: =D65+L65 -> 0 | O65: X | Q65: =if(G65=13,1,0)+VLOOKUP(B65,'122323'!B:Q,16,false) -> 0 | S65: =if(G65=9,1,0)+VLOOKUP(B65,'122323'!B:S,18,false) -> 24
A66: =A65+1 -> 62 | B66: Tiffany Yu | C66: 214 | D66: 2 | E66: =if(isna(VLOOKUP(B66,Checkin!A:B,2,false)),0,VLOOKUP(B66,Checkin!A:B,2,false)) -> 0 | F66: =if(OR($E66=1, $E66=2),VLOOKUP($B66,Courts!$B$2:$K$33,10,false),0) -> 0 | G66: =IF(OR(E66=3,E66=4),9,IF(E66=5,13,0)) -> 0 | H66: =if(OR($E66=1, $E66=2),VLOOKUP($B66,Courts!$B$2:$J$33,5,false),0) -> 0 | I66: =if(OR($E66=1, $E66=2),VLOOKUP($B66,Courts!$B$2:$J$33,6,false),0) -> 0 | J66: =if(OR($E66=1, $E66=2),VLOOKUP($B66,Courts!$B$2:$J$33,7,false),0) -> 0 | K66: =G66+H66+I66+J66 -> 0 | L66: =if(OR($E66=1, $E66=2),VLOOKUP($B66,Courts!$B$2:$J$33,9,false),0) -> 0 | M66: =C66+K66 -> 214 | N66: =D66+L66 -> 2 | O66: X | P66: X | Q66: =if(G66=13,1,0)+VLOOKUP(B66,'122323'!B:Q,16,false) -> 0 | S66: =if(G66=9,1,0)+VLOOKUP(B66,'122323'!B:S,18,false) -> 22
A67: =A66+1 -> 63 | B67: Jose Ortiz | C67: 213 | D67: 5 | E67: =if(isna(VLOOKUP(B67,Checkin!A:B,2,false)),0,VLOOKUP(B67,Checkin!A:B,2,false)) -> 0 | F67: =if(OR($E67=1, $E67=2),VLOOKUP($B67,Courts!$B$2:$K$33,10,false),0) -> 0 | G67: =IF(OR(E67=3,E67=4),9,IF(E67=5,13,0)) -> 0 | H67: =if(OR($E67=1, $E67=2),VLOOKUP($B67,Courts!$B$2:$J$33,5,false),0) -> 0 | I67: =if(OR($E67=1, $E67=2),VLOOKUP($B67,Courts!$B$2:$J$33,6,false),0) -> 0 | J67: =if(OR($E67=1, $E67=2),VLOOKUP($B67,Courts!$B$2:$J$33,7,false),0) -> 0 | K67: =G67+H67+I67+J67 -> 0 | L67: =if(OR($E67=1, $E67=2),VLOOKUP($B67,Courts!$B$2:$J$33,9,false),0) -> 0 | M67: =C67+K67 -> 213 | N67: =D67+L67 -> 5 | O67: X | P67: X | Q67: =if(G67=13,1,0)+VLOOKUP(B67,'122323'!B:Q,16,false) -> 0 | S67: =if(G67=9,1,0)+VLOOKUP(B67,'122323'!B:S,18,false) -> 19
A68: =A67+1 -> 64 | B68: Joyce Zhu | C68: 212 | D68: 3 | E68: =if(isna(VLOOKUP(B68,Checkin!A:B,2,false)),0,VLOOKUP(B68,Checkin!A:B,2,false)) -> 0 | F68: =if(OR($E68=1, $E68=2),VLOOKUP($B68,Courts!$B$2:$K$33,10,false),0) -> 0 | G68: =IF(OR(E68=3,E68=4),9,IF(E68=5,13,0)) -> 0 | H68: =if(OR($E68=1, $E68=2),VLOOKUP($B68,Courts!$B$2:$J$33,5,false),0) -> 0 | I68: =if(OR($E68=1, $E68=2),VLOOKUP($B68,Courts!$B$2:$J$33,6,false),0) -> 0 | J68: =if(OR($E68=1, $E68=2),VLOOKUP($B68,Courts!$B$2:$J$33,7,false),0) -> 0 | K68: =G68+H68+I68+J68 -> 0 | L68: =if(OR($G68=1, $G68=2),VLOOKUP($B68,Courts!$B$2:$J$33,9,false),0) -> 0 | M68: =C68+K68 -> 212 | N68: =D68+L68 -> 3 | O68: X | P68: X | Q68: =if(G68=13,1,0)+VLOOKUP(B68,'122323'!B:Q,16,false) -> 0 | S68: =if(G68=9,1,0)+VLOOKUP(B68,'122323'!B:S,18,false) -> 11
B70: =COUNTA(B5:B68) -> 64 | O70: Paid | P70: =COUNTA(P5:P68) -> 53
O71: To Pay | P71: =P72-P70 -> 11
O72: Total | P72: =B70 -> 64
B76: Top Scores | C76: Games | D76: Sets
B77: =IFERROR(__xludf.DUMMYFUNCTION("QUERY(B5:L68,""Select B, K, L where K >= 18 order by K desc, L desc"",0)"),"#N/A") -> #N/A
B89: Name of Player | C89: Games Won | D89: Sets Won | E89: Check IN | F89: Court # | G89: Set 0 | H89: Set 1 | I89: Set 2 | J89: Set 3 | K89: Games Won | L89: Sets Won | M89: Games Won | N89: Sets Won
B90: =IFERROR(__xludf.DUMMYFUNCTION("QUERY(B5:N68, ""Select B, C, D, E, F, G, H, I, J, K, L, M, N where F >= 1"")"),"#N/A") -> #N/A
B133: Name of Player | C133: Games Won | D133: Sets Won | E133: Check IN | F133: Court # | G133: Set 0 | H133: Set 1 | I133: Set 2 | J133: Set 3 | K133: Games Won | L133: Sets Won | M133: Games Won | N133: Sets Won
B134: =IFERROR(__xludf.DUMMYFUNCTION("QUERY(B5:N67, ""Select B, C, D, E, F, G, H, I, J, K, L, M, N where F = 0"")"),"Peter Cheng") -> Peter Cheng | C134: =IFERROR(__xludf.DUMMYFUNCTION("""COMPUTED_VALUE"""),339.0) -> 339 | D134: =IFERROR(__xludf.DUMMYFUNCTION("""COMPUTED_VALUE"""),36.0) -> 36 | E134: =IFERROR(__xludf.DUMMYFUNCTION("""COMPUTED_VALUE"""),0.0) -> 0 | F134: =IFERROR(__xludf.DUMMYFUNCTION("""COMPUTED_VALUE"""),0.0) -> 0 | G134: =IFERROR(__xludf.DUMMYFUNCTION("""COMPUTED_VALUE"""),0.0) -> 0 | H134: =IFERROR(__xludf.DUMMYFUNCTION("""COMPUTED_VALUE"""),0.0) -> 0 | I134: =IFERROR(__xludf.DUMMYFUNCTION("""COMPUTED_VALUE"""),0.0) -> 0 | J134: =IFERROR(__xludf.DUMMYFUNCTION("""COMPUTED_VALUE"""),0.0) -> 0 | K134: =IFERROR(__xludf.DUMMYFUNCTION("""COMPUTED_VALUE"""),0.0) -> 0 | L134: =IFERROR(__xludf.DUMMYFUNCTION("""COMPUTED_VALUE"""),0.0) -> 0 | M134: =IFERROR(__xludf.DUMMYFUNCTION("""COMPUTED_VALUE"""),339.0) -> 339 | N134: =IFERROR(__xludf.DUMMYFUNCTION("""COMPUTED_VALUE"""),36.0) -> 36
B135: =IFERROR(__xludf.DUMMYFUNCTION("""COMPUTED_VALUE"""),"Adrian Tay") -> Adrian Tay | C135: =IFERROR(__xludf.DUMMYFUNCTION("""COMPUTED_VALUE"""),324.0) -> 324 | D135: =IFERROR(__xludf.DUMMYFUNCTION("""COMPUTED_VALUE"""),31.0) -> 31 | E135: =IFERROR(__xludf.DUMMYFUNCTION("""COMPUTED_VALUE"""),0.0) -> 0 | F135: =IFERROR(__xludf.DUMMYFUNCTION("""COMPUTED_VALUE"""),0.0) -> 0 | G135: =IFERROR(__xludf.DUMMYFUNCTION("""COMPUTED_VALUE"""),0.0) -> 0 | H135: =IFERROR(__xludf.DUMMYFUNCTION("""COMPUTED_VALUE"""),0.0) -> 0 | I135: =IFERROR(__xludf.DUMMYFUNCTION("""COMPUTED_VALUE"""),0.0) -> 0 | J135: =IFERROR(__xludf.DUMMYFUNCTION("""COMPUTED_VALUE"""),0.0) -> 0 | K135: =IFERROR(__xludf.DUMMYFUNCTION("""COMPUTED_VALUE"""),0.0) -> 0 | L135: =IFERROR(__xludf.DUMMYFUNCTION("""COMPUTED_VALUE"""),0.0) -> 0 | M135: =IFERROR(__xludf.DUMMYFUNCTION("""COMPUTED_VALUE"""),324.0) -> 324 | N135: =IFERROR(__xludf.DUMMYFUNCTION("""COMPUTED_VALUE"""),31.0) -> 31
B136: =IFERROR(__xludf.DUMMYFUNCTION("""COMPUTED_VALUE"""),"Robert Chang") -> Robert Chang | C136: =IFERROR(__xludf.DUMMYFUNCTION("""COMPUTED_VALUE"""),324.0) -> 324 | D136: =IFERROR(__xludf.DUMMYFUNCTION("""COMPUTED_VALUE"""),31.0) -> 31 | E136: =IFERROR(__xludf.DUMMYFUNCTION("""COMPUTED_VALUE"""),0.0) -> 0 | F136: =IFERROR(__xludf.DUMMYFUNCTION("""COMPUTED_VALUE"""),0.0) -> 0 | G136: =IFERROR(__xludf.DUMMYFUNCTION("""COMPUTED_VALUE"""),0.0) -> 0 | H136: =IFERROR(__xludf.DUMMYFUNCTION("""COMPUTED_VALUE"""),0.0) -> 0 | I136: =IFERROR(__xludf.DUMMYFUNCTION("""COMPUTED_VALUE"""),0.0) -> 0 | J136: =IFERROR(__xludf.DUMMYFUNCTION("""COMPUTED_VALUE"""),0.0) -> 0 | K136: =IFERROR(__xludf.DUMMYFUNCTION("""COMPUTED_VALUE"""),0.0) -> 0 | L136: =IFERROR(__xludf.DUMMYFUNCTION("""COMPUTED_VALUE"""),0.0) -> 0 | M136: =IFERROR(__xludf.DUMMYFUNCTION("""COMPUTED_VALUE"""),324.0) -> 324 | N136: =IFERROR(__xludf.DUMMYFUNCTION("""COMPUTED_VALUE"""),31.0) -> 31
B137: =IFERROR(__xludf.DUMMYFUNCTION("""COMPUTED_VALUE"""),"Alejandro Mejia") -> Alejandro Mejia | C137: =IFERROR(__xludf.DUMMYFUNCTION("""COMPUTED_VALUE"""),314.0) -> 314 | D137: =IFERROR(__xludf.DUMMYFUNCTION("""COMPUTED_VALUE"""),28.0) -> 28 | E137: =IFERROR(__xludf.DUMMYFUNCTION("""COMPUTED_VALUE"""),0.0) -> 0 | F137: =IFERROR(__xludf.DUMMYFUNCTION("""COMPUTED_VALUE"""),0.0) -> 0 | G137: =IFERROR(__xludf.DUMMYFUNCTION("""COMPUTED_VALUE"""),0.0) -> 0 | H137: =IFERROR(__xludf.DUMMYFUNCTION("""COMPUTED_VALUE"""),0.0) -> 0 | I137: =IFERROR(__xludf.DUMMYFUNCTION("""COMPUTED_VALUE"""),0.0) -> 0 | J137: =IFERROR(__xludf.DUMMYFUNCTION("""COMPUTED_VALUE"""),0.0) -> 0 | K137: =IFERROR(__xludf.DUMMYFUNCTION("""COMPUTED_VALUE"""),0.0) -> 0 | L137: =IFERROR(__xludf.DUMMYFUNCTION("""COMPUTED_VALUE"""),0.0) -> 0 | M137: =IFERROR(__xludf.DUMMYFUNCTION("""COMPUTED_VALUE"""),314.0) -> 314 | N137: =IFERROR(__xludf.DUMMYFUNCTION("""COMPUTED_VALUE"""),28.0) -> 28
B138: =IFERROR(__xludf.DUMMYFUNCTION("""COMPUTED_VALUE"""),"Matthew Huang") -> Matthew Huang | C138: =IFERROR(__xludf.DUMMYFUNCTION("""COMPUTED_VALUE"""),309.0) -> 309 | D138: =IFERROR(__xludf.DUMMYFUNCTION("""COMPUTED_VALUE"""),25.0) -> 25 | E138: =IFERROR(__xludf.DUMMYFUNCTION("""COMPUTED_VALUE"""),0.0) -> 0 | F138: =IFERROR(__xludf.DUMMYFUNCTION("""COMPUTED_VALUE"""),0.0) -> 0 | G138: =IFERROR(__xludf.DUMMYFUNCTION("""COMPUTED_VALUE"""),0.0) -> 0 | H138: =IFERROR(__xludf.DUMMYFUNCTION("""COMPUTED_VALUE"""),0.0) -> 0 | I138: =IFERROR(__xludf.DUMMYFUNCTION("""COMPUTED_VALUE"""),0.0) -> 0 | J138: =IFERROR(__xludf.DUMMYFUNCTION("""COMPUTED_VALUE"""),0.0) -> 0 | K138: =IFERROR(__xludf.DUMMYFUNCTION("""COMPUTED_VALUE"""),0.0) -> 0 | L138: =IFERROR(__xludf.DUMMYFUNCTION("""COMPUTED_VALUE"""),0.0) -> 0 | M138: =IFERROR(__xludf.DUMMYFUNCTION("""COMPUTED_VALUE"""),309.0) -> 309 | N138: =IFERROR(__xludf.DUMMYFUNCTION("""COMPUTED_VALUE"""),25.0) -> 25
B139: =IFERROR(__xludf.DUMMYFUNCTION("""COMPUTED_VALUE"""),"Pulkit Mathur") -> Pulkit Mathur | C139: =IFERROR(__xludf.DUMMYFUNCTION("""COMPUTED_VALUE"""),308.0) -> 308 | D139: =IFERROR(__xludf.DUMMYFUNCTION("""COMPUTED_VALUE"""),25.0) -> 25 | E139: =IFERROR(__xludf.DUMMYFUNCTION("""COMPUTED_VALUE"""),0.0) -> 0 | F139: =IFERROR(__xludf.DUMMYFUNCTION("""COMPUTED_VALUE"""),0.0) -> 0 | G139: =IFERROR(__xludf.DUMMYFUNCTION("""COMPUTED_VALUE"""),0.0) -> 0 | H139: =IFERROR(__xludf.DUMMYFUNCTION("""COMPUTED_VALUE"""),0.0) -> 0 | I139: =IFERROR(__xludf.DUMMYFUNCTION("""COMPUTED_VALUE"""),0.0) -> 0 | J139: =IFERROR(__xludf.DUMMYFUNCTION("""COMPUTED_VALUE"""),0.0) -> 0 | K139: =IFERROR(__xludf.DUMMYFUNCTION("""COMPUTED_VALUE"""),0.0) -> 0 | L139: =IFERROR(__xludf.DUMMYFUNCTION("""COMPUTED_VALUE"""),0.0) -> 0 | M139: =IFERROR(__xludf.DUMMYFUNCTION("""COMPUTED_VALUE"""),308.0) -> 308 | N139: =IFERROR(__xludf.DUMMYFUNCTION("""COMPUTED_VALUE"""),25.0) -> 25
B140: =IFERROR(__xludf.DUMMYFUNCTION("""COMPUTED_VALUE"""),"Pavan Akkimsetty") -> Pavan Akkimsetty | C140: =IFERROR(__xludf.DUMMYFUNCTION("""COMPUTED_VALUE"""),305.0) -> 305 | D140: =IFERROR(__xludf.DUMMYFUNCTION("""COMPUTED_VALUE"""),27.0) -> 27 | E140: =IFERROR(__xludf.DUMMYFUNCTION("""COMPUTED_VALUE"""),0.0) -> 0 | F140: =IFERROR(__xludf.DUMMYFUNCTION("""COMPUTED_VALUE"""),0.0) -> 0 | G140: =IFERROR(__xludf.DUMMYFUNCTION("""COMPUTED_VALUE"""),0.0) -> 0 | H140: =IFERROR(__xludf.DUMMYFUNCTION("""COMPUTED_VALUE"""),0.0) -> 0 | I140: =IFERROR(__xludf.DUMMYFUNCTION("""COMPUTED_VALUE"""),0.0) -> 0 | J140: =IFERROR(__xludf.DUMMYFUNCTION("""COMPUTED_VALUE"""),0.0) -> 0 | K140: =IFERROR(__xludf.DUMMYFUNCTION("""COMPUTED_VALUE"""),0.0) -> 0 | L140: =IFERROR(__xludf.DUMMYFUNCTION("""COMPUTED_VALUE"""),0.0) -> 0 | M140: =IFERROR(__xludf.DUMMYFUNCTION("""COMPUTED_VALUE"""),305.0) -> 305 | N140: =IFERROR(__xludf.DUMMYFUNCTION("""COMPUTED_VALUE"""),27.0) -> 27
B141: =IFERROR(__xludf.DUMMYFUNCTION("""COMPUTED_VALUE"""),"Lam Bui") -> Lam Bui | C141: =IFERROR(__xludf.DUMMYFUNCTION("""COMPUTED_VALUE"""),302.0) -> 302 | D141: =IFERROR(__xludf.DUMMYFUNCTION("""COMPUTED_VALUE"""),26.0) -> 26 | E141: =IFERROR(__xludf.DUMMYFUNCTION("""COMPUTED_VALUE"""),0.0) -> 0 | F141: =IFERROR(__xludf.DUMMYFUNCTION("""COMPUTED_VALUE"""),0.0) -> 0 | G141: =IFERROR(__xludf.DUMMYFUNCTION("""COMPUTED_VALUE"""),0.0) -> 0 | H141: =IFERROR(__xludf.DUMMYFUNCTION("""COMPUTED_VALUE"""),0.0) -> 0 | I141: =IFERROR(__xludf.DUMMYFUNCTION("""COMPUTED_VALUE"""),0.0) -> 0 | J141: =IFERROR(__xludf.DUMMYFUNCTION("""COMPUTED_VALUE"""),0.0) -> 0 | K141: =IFERROR(__xludf.DUMMYFUNCTION("""COMPUTED_VALUE"""),0.0) -> 0 | L141: =IFERROR(__xludf.DUMMYFUNCTION("""COMPUTED_VALUE"""),0.0) -> 0 | M141: =IFERROR(__xludf.DUMMYFUNCTION("""COMPUTED_VALUE"""),302.0) -> 302 | N141: =IFERROR(__xludf.DUMMYFUNCTION("""COMPUTED_VALUE"""),26.0) -> 26
B142: =IFERROR(__xludf.DUMMYFUNCTION("""COMPUTED_VALUE"""),"Joe Luzzi") -> Joe Luzzi | C142: =IFERROR(__xludf.DUMMYFUNCTION("""COMPUTED_VALUE"""),301.0) -> 301 | D142: =IFERROR(__xludf.DUMMYFUNCTION("""COMPUTED_VALUE"""),28.0) -> 28 | E142: =IFERROR(__xludf.DUMMYFUNCTION("""COMPUTED_VALUE"""),0.0) -> 0 | F142: =IFERROR(__xludf.DUMMYFUNCTION("""COMPUTED_VALUE"""),0.0) -> 0 | G142: =IFERROR(__xludf.DUMMYFUNCTION("""COMPUTED_VALUE"""),0.0) -> 0 | H142: =IFERROR(__xludf.DUMMYFUNCTION("""COMPUTED_VALUE"""),0.0) -> 0 | I142: =IFERROR(__xludf.DUMMYFUNCTION("""COMPUTED_VALUE"""),0.0) -> 0 | J142: =IFERROR(__xludf.DUMMYFUNCTION("""COMPUTED_VALUE"""),0.0) -> 0 | K142: =IFERROR(__xludf.DUMMYFUNCTION("""COMPUTED_VALUE"""),0.0) -> 0 | L142: =IFERROR(__xludf.DUMMYFUNCTION("""COMPUTED_VALUE"""),0.0) -> 0 | M142: =IFERROR(__xludf.DUMMYFUNCTION("""COMPUTED_VALUE"""),301.0) -> 301 | N142: =IFERROR(__xludf.DUMMYFUNCTION("""COMPUTED_VALUE"""),28.0) -> 28
B143: =IFERROR(__xludf.DUMMYFUNCTION("""COMPUTED_VALUE"""),"Peter Homsey") -> Peter Homsey | C143: =IFERROR(__xludf.DUMMYFUNCTION("""COMPUTED_VALUE"""),301.0) -> 301 | D143: =IFERROR(__xludf.DUMMYFUNCTION("""COMPUTED_VALUE"""),27.0) -> 27 | E143: =IFERROR(__xludf.DUMMYFUNCTION("""COMPUTED_VALUE"""),0.0) -> 0 | F143: =IFERROR(__xludf.DUMMYFUNCTION("""COMPUTED_VALUE"""),0.0) -> 0 | G143: =IFERROR(__xludf.DUMMYFUNCTION("""COMPUTED_VALUE"""),0.0) -> 0 | H143: =IFERROR(__xludf.DUMMYFUNCTION("""COMPUTED_VALUE"""),0.0) -> 0 | I143: =IFERROR(__xludf.DUMMYFUNCTION("""COMPUTED_VALUE"""),0.0) -> 0 | J143: =IFERROR(__xludf.DUMMYFUNCTION("""COMPUTED_VALUE"""),0.0) -> 0 | K143: =IFERROR(__xludf.DUMMYFUNCTION("""COMPUTED_VALUE"""),0.0) -> 0 | L143: =IFERROR(__xludf.DUMMYFUNCTION("""COMPUTED_VALUE"""),0.0) -> 0 | M143: =IFERROR(__xludf.DUMMYFUNCTION("""COMPUTED_VALUE"""),301.0) -> 301 | N143: =IFERROR(__xludf.DUMMYFUNCTION("""COMPUTED_VALUE"""),27.0) -> 27
B144: =IFERROR(__xludf.DUMMYFUNCTION("""COMPUTED_VALUE"""),"Erik Hoeckmann") -> Erik Hoeckmann | C144: =IFERROR(__xludf.DUMMYFUNCTION("""COMPUTED_VALUE"""),301.0) -> 301 | D144: =IFERROR(__xludf.DUMMYFUNCTION("""COMPUTED_VALUE"""),24.0) -> 24 | E144: =IFERROR(__xludf.DUMMYFUNCTION("""COMPUTED_VALUE"""),0.0) -> 0 | F144: =IFERROR(__xludf.DUMMYFUNCTION("""COMPUTED_VALUE"""),0.0) -> 0 | G144: =IFERROR(__xludf.DUMMYFUNCTION("""COMPUTED_VALUE"""),0.0) -> 0 | H144: =IFERROR(__xludf.DUMMYFUNCTION("""COMPUTED_VALUE"""),0.0) -> 0 | I144: =IFERROR(__xludf.DUMMYFUNCTION("""COMPUTED_VALUE"""),0.0) -> 0 | J144: =IFERROR(__xludf.DUMMYFUNCTION("""COMPUTED_VALUE"""),0.0) -> 0 | K144: =IFERROR(__xludf.DUMMYFUNCTION("""COMPUTED_VALUE"""),0.0) -> 0 | L144: =IFERROR(__xludf.DUMMYFUNCTION("""COMPUTED_VALUE"""),0.0) -> 0 | M144: =IFERROR(__xludf.DUMMYFUNCTION("""COMPUTED_VALUE"""),301.0) -> 301 | N144: =IFERROR(__xludf.DUMMYFUNCTION("""COMPUTED_VALUE"""),24.0) -> 24
B145: =IFERROR(__xludf.DUMMYFUNCTION("""COMPUTED_VALUE"""),"Ted Shen") -> Ted Shen | C145: =IFERROR(__xludf.DUMMYFUNCTION("""COMPUTED_VALUE"""),297.0) -> 297 | D145: =IFERROR(__xludf.DUMMYFUNCTION("""COMPUTED_VALUE"""),26.0) -> 26 | E145: =IFERROR(__xludf.DUMMYFUNCTION("""COMPUTED_VALUE"""),0.0) -> 0 | F145: =IFERROR(__xludf.DUMMYFUNCTION("""COMPUTED_VALUE"""),0.0) -> 0 | G145: =IFERROR(__xludf.DUMMYFUNCTION("""COMPUTED_VALUE"""),0.0) -> 0 | H145: =IFERROR(__xludf.DUMMYFUNCTION("""COMPUTED_VALUE"""),0.0) -> 0 | I145: =IFERROR(__xludf.DUMMYFUNCTION("""COMPUTED_VALUE"""),0.0) -> 0 | J145: =IFERROR(__xludf.DUMMYFUNCTION("""COMPUTED_VALUE"""),0.0) -> 0 | K145: =IFERROR(__xludf.DUMMYFUNCTION("""COMPUTED_VALUE"""),0.0) -> 0 | L145: =IFERROR(__xludf.DUMMYFUNCTION("""COMPUTED_VALUE"""),0.0) -> 0 | M145: =IFERROR(__xludf.DUMMYFUNCTION("""COMPUTED_VALUE"""),297.0) -> 297 | N145: =IFERROR(__xludf.DUMMYFUNCTION("""COMPUTED_VALUE"""),26.0) -> 26
B146: =IFERROR(__xludf.DUMMYFUNCTION("""COMPUTED_VALUE"""),"Jonathan Phan") -> Jonathan Phan | C146: =IFERROR(__xludf.DUMMYFUNCTION("""COMPUTED_VALUE"""),297.0) -> 297 | D146: =IFERROR(__xludf.DUMMYFUNCTION("""COMPUTED_VALUE"""),22.0) -> 22 | E146: =IFERROR(__xludf.DUMMYFUNCTION("""COMPUTED_VALUE"""),0.0) -> 0 | F146: =IFERROR(__xludf.DUMMYFUNCTION("""COMPUTED_VALUE"""),0.0) -> 0 | G146: =IFERROR(__xludf.DUMMYFUNCTION("""COMPUTED_VALUE"""),0.0) -> 0 | H146: =IFERROR(__xludf.DUMMYFUNCTION("""COMPUTED_VALUE"""),0.0) -> 0 | I146: =IFERROR(__xludf.DUMMYFUNCTION("""COMPUTED_VALUE"""),0.0) -> 0 | J146: =IFERROR(__xludf.DUMMYFUNCTION("""COMPUTED_VALUE"""),0.0) -> 0 | K146: =IFERROR(__xludf.DUMMYFUNCTION("""COMPUTED_VALUE"""),0.0) -> 0 | L146: =IFERROR(__xludf.DUMMYFUNCTION("""COMPUTED_VALUE"""),0.0) -> 0 | M146: =IFERROR(__xludf.DUMMYFUNCTION("""COMPUTED_VALUE"""),297.0) -> 297 | N146: =IFERROR(__xludf.DUMMYFUNCTION("""COMPUTED_VALUE"""),22.0) -> 22
B147: =IFERROR(__xludf.DUMMYFUNCTION("""COMPUTED_VALUE"""),"David Shin") -> David Shin | C147: =IFERROR(__xludf.DUMMYFUNCTION("""COMPUTED_VALUE"""),296.0) -> 296 | D147: =IFERROR(__xludf.DUMMYFUNCTION("""COMPUTED_VALUE"""),22.0) -> 22 | E147: =IFERROR(__xludf.DUMMYFUNCTION("""COMPUTED_VALUE"""),0.0) -> 0 | F147: =IFERROR(__xludf.DUMMYFUNCTION("""COMPUTED_VALUE"""),0.0) -> 0 | G147: =IFERROR(__xludf.DUMMYFUNCTION("""COMPUTED_VALUE"""),0.0) -> 0 | H147: =IFERROR(__xludf.DUMMYFUNCTION("""COMPUTED_VALUE"""),0.0) -> 0 | I147: =IFERROR(__xludf.DUMMYFUNCTION("""COMPUTED_VALUE"""),0.0) -> 0 | J147: =IFERROR(__xludf.DUMMYFUNCTION("""COMPUTED_VALUE"""),0.0) -> 0 | K147: =IFERROR(__xludf.DUMMYFUNCTION("""COMPUTED_VALUE"""),0.0) -> 0 | L147: =IFERROR(__xludf.DUMMYFUNCTION("""COMPUTED_VALUE"""),0.0) -> 0 | M147: =IFERROR(__xludf.DUMMYFUNCTION("""COMPUTED_VALUE"""),296.0) -> 296 | N147: =IFERROR(__xludf.DUMMYFUNCTION("""COMPUTED_VALUE"""),22.0) -> 22
B148: =IFERROR(__xludf.DUMMYFUNCTION("""COMPUTED_VALUE"""),"Chinna Ponnaganti") -> Chinna Ponnaganti | C148: =IFERROR(__xludf.DUMMYFUNCTION("""COMPUTED_VALUE"""),293.0) -> 293 | D148: =IFERROR(__xludf.DUMMYFUNCTION("""COMPUTED_VALUE"""),27.0) -> 27 | E148: =IFERROR(__xludf.DUMMYFUNCTION("""COMPUTED_VALUE"""),0.0) -> 0 | F148: =IFERROR(__xludf.DUMMYFUNCTION("""COMPUTED_VALUE"""),0.0) -> 0 | G148: =IFERROR(__xludf.DUMMYFUNCTION("""COMPUTED_VALUE"""),0.0) -> 0 | H148: =IFERROR(__xludf.DUMMYFUNCTION("""COMPUTED_VALUE"""),0.0) -> 0 | I148: =IFERROR(__xludf.DUMMYFUNCTION("""COMPUTED_VALUE"""),0.0) -> 0 | J148: =IFERROR(__xludf.DUMMYFUNCTION("""COMPUTED_VALUE"""),0.0) -> 0 | K148: =IFERROR(__xludf.DUMMYFUNCTION("""COMPUTED_VALUE"""),0.0) -> 0 | L148: =IFERROR(__xludf.DUMMYFUNCTION("""COMPUTED_VALUE"""),0.0) -> 0 | M148: =IFERROR(__xludf.DUMMYFUNCTION("""COMPUTED_VALUE"""),293.0) -> 293 | N148: =IFERROR(__xludf.DUMMYFUNCTION("""COMPUTED_VALUE"""),27.0) -> 27
B149: =IFERROR(__xludf.DUMMYFUNCTION("""COMPUTED_VALUE"""),"Oscar Bonilla") -> Oscar Bonilla | C149: =IFERROR(__xludf.DUMMYFUNCTION("""COMPUTED_VALUE"""),292.0) -> 292 | D149: =IFERROR(__xludf.DUMMYFUNCTION("""COMPUTED_VALUE"""),23.0) -> 23 | E149: =IFERROR(__xludf.DUMMYFUNCTION("""COMPUTED_VALUE"""),0.0) -> 0 | F149: =IFERROR(__xludf.DUMMYFUNCTION("""COMPUTED_VALUE"""),0.0) -> 0 | G149: =IFERROR(__xludf.DUMMYFUNCTION("""COMPUTED_VALUE"""),0.0) -> 0 | H149: =IFERROR(__xludf.DUMMYFUNCTION("""COMPUTED_VALUE"""),0.0) -> 0 | I149: =IFERROR(__xludf.DUMMYFUNCTION("""COMPUTED_VALUE"""),0.0) -> 0 | J149: =IFERROR(__xludf.DUMMYFUNCTION("""COMPUTED_VALUE"""),0.0) -> 0 | K149: =IFERROR(__xludf.DUMMYFUNCTION("""COMPUTED_VALUE"""),0.0) -> 0 | L149: =IFERROR(__xludf.DUMMYFUNCTION("""COMPUTED_VALUE"""),0.0) -> 0 | M149: =IFERROR(__xludf.DUMMYFUNCTION("""COMPUTED_VALUE"""),292.0) -> 292 | N149: =IFERROR(__xludf.DUMMYFUNCTION("""COMPUTED_VALUE"""),23.0) -> 23
B150: =IFERROR(__xludf.DUMMYFUNCTION("""COMPUTED_VALUE"""),"Lloyd Sagar") -> Lloyd Sagar | C150: =IFERROR(__xludf.DUMMYFUNCTION("""COMPUTED_VALUE"""),289.0) -> 289 | D150: =IFERROR(__xludf.DUMMYFUNCTION("""COMPUTED_VALUE"""),19.0) -> 19 | E150: =IFERROR(__xludf.DUMMYFUNCTION("""COMPUTED_VALUE"""),0.0) -> 0 | F150: =IFERROR(__xludf.DUMMYFUNCTION("""COMPUTED_VALUE"""),0.0) -> 0 | G150: =IFERROR(__xludf.DUMMYFUNCTION("""COMPUTED_VALUE"""),0.0) -> 0 | H150: =IFERROR(__xludf.DUMMYFUNCTION("""COMPUTED_VALUE"""),0.0) -> 0 | I150: =IFERROR(__xludf.DUMMYFUNCTION("""COMPUTED_VALUE"""),0.0) -> 0 | J150: =IFERROR(__xludf.DUMMYFUNCTION("""COMPUTED_VALUE"""),0.0) -> 0 | K150: =IFERROR(__xludf.DUMMYFUNCTION("""COMPUTED_VALUE"""),0.0) -> 0 | L150: =IFERROR(__xludf.DUMMYFUNCTION("""COMPUTED_VALUE"""),0.0) -> 0 | M150: =IFERROR(__xludf.DUMMYFUNCTION("""COMPUTED_VALUE"""),289.0) -> 289 | N150: =IFERROR(__xludf.DUMMYFUNCTION("""COMPUTED_VALUE"""),19.0) -> 19
B151: =IFERROR(__xludf.DUMMYFUNCTION("""COMPUTED_VALUE"""),"Kingsley Kuo") -> Kingsley Kuo | C151: =IFERROR(__xludf.DUMMYFUNCTION("""COMPUTED_VALUE"""),286.0) -> 286 | D151: =IFERROR(__xludf.DUMMYFUNCTION("""COMPUTED_VALUE"""),20.0) -> 20 | E151: =IFERROR(__xludf.DUMMYFUNCTION("""COMPUTED_VALUE"""),0.0) -> 0 | F151: =IFERROR(__xludf.DUMMYFUNCTION("""COMPUTED_VALUE"""),0.0) -> 0 | G151: =IFERROR(__xludf.DUMMYFUNCTION("""COMPUTED_VALUE"""),0.0) -> 0 | H151: =IFERROR(__xludf.DUMMYFUNCTION("""COMPUTED_VALUE"""),0.0) -> 0 | I151: =IFERROR(__xludf.DUMMYFUNCTION("""COMPUTED_VALUE"""),0.0) -> 0 | J151: =IFERROR(__xludf.DUMMYFUNCTION("""COMPUTED_VALUE"""),0.0) -> 0 | K151: =IFERROR(__xludf.DUMMYFUNCTION("""COMPUTED_VALUE"""),0.0) -> 0 | L151: =IFERROR(__xludf.DUMMYFUNCTION("""COMPUTED_VALUE"""),0.0) -> 0 | M151: =IFERROR(__xludf.DUMMYFUNCTION("""COMPUTED_VALUE"""),286.0) -> 286 | N151: =IFERROR(__xludf.DUMMYFUNCTION("""COMPUTED_VALUE"""),20.0) -> 20
B152: =IFERROR(__xludf.DUMMYFUNCTION("""COMPUTED_VALUE"""),"Sai Dilip Ponnaganti") -> Sai Dilip Ponnaganti | C152: =IFERROR(__xludf.DUMMYFUNCTION("""COMPUTED_VALUE"""),286.0) -> 286 | D152: =IFERROR(__xludf.DUMMYFUNCTION("""COMPUTED_VALUE"""),19.0) -> 19 | E152: =IFERROR(__xludf.DUMMYFUNCTION("""COMPUTED_VALUE"""),0.0) -> 0 | F152: =IFERROR(__xludf.DUMMYFUNCTION("""COMPUTED_VALUE"""),0.0) -> 0 | G152: =IFERROR(__xludf.DUMMYFUNCTION("""COMPUTED_VALUE"""),0.0) -> 0 | H152: =IFERROR(__xludf.DUMMYFUNCTION("""COMPUTED_VALUE"""),0.0) -> 0 | I152: =IFERROR(__xludf.DUMMYFUNCTION("""COMPUTED_VALUE"""),0.0) -> 0 | J152: =IFERROR(__xludf.DUMMYFUNCTION("""COMPUTED_VALUE"""),0.0) -> 0 | K152: =IFERROR(__xludf.DUMMYFUNCTION("""COMPUTED_VALUE"""),0.0) -> 0 | L152: =IFERROR(__xludf.DUMMYFUNCTION("""COMPUTED_VALUE"""),0.0) -> 0 | M152: =IFERROR(__xludf.DUMMYFUNCTION("""COMPUTED_VALUE"""),286.0) -> 286 | N152: =IFERROR(__xludf.DUMMYFUNCTION("""COMPUTED_VALUE"""),19.0) -> 19
B153: =IFERROR(__xludf.DUMMYFUNCTION("""COMPUTED_VALUE"""),"Trinath Goteti") -> Trinath Goteti | C153: =IFERROR(__xludf.DUMMYFUNCTION("""COMPUTED_VALUE"""),284.0) -> 284 | D153: =IFERROR(__xludf.DUMMYFUNCTION("""COMPUTED_VALUE"""),20.0) -> 20 | E153: =IFERROR(__xludf.DUMMYFUNCTION("""COMPUTED_VALUE"""),0.0) -> 0 | F153: =IFERROR(__xludf.DUMMYFUNCTION("""COMPUTED_VALUE"""),0.0) -> 0 | G153: =IFERROR(__xludf.DUMMYFUNCTION("""COMPUTED_VALUE"""),0.0) -> 0 | H153: =IFERROR(__xludf.DUMMYFUNCTION("""COMPUTED_VALUE"""),0.0) -> 0 | I153: =IFERROR(__xludf.DUMMYFUNCTION("""COMPUTED_VALUE"""),0.0) -> 0 | J153: =IFERROR(__xludf.DUMMYFUNCTION("""COMPUTED_VALUE"""),0.0) -> 0 | K153: =IFERROR(__xludf.DUMMYFUNCTION("""COMPUTED_VALUE"""),0.0) -> 0 | L153: =IFERROR(__xludf.DUMMYFUNCTION("""COMPUTED_VALUE"""),0.0) -> 0 | M153: =IFERROR(__xludf.DUMMYFUNCTION("""COMPUTED_VALUE"""),284.0) -> 284 | N153: =IFERROR(__xludf.DUMMYFUNCTION("""COMPUTED_VALUE"""),20.0) -> 20
B154: =IFERROR(__xludf.DUMMYFUNCTION("""COMPUTED_VALUE"""),"Tony Wong") -> Tony Wong | C154: =IFERROR(__xludf.DUMMYFUNCTION("""COMPUTED_VALUE"""),283.0) -> 283 | D154: =IFERROR(__xludf.DUMMYFUNCTION("""COMPUTED_VALUE"""),18.0) -> 18 | E154: =IFERROR(__xludf.DUMMYFUNCTION("""COMPUTED_VALUE"""),0.0) -> 0 | F154: =IFERROR(__xludf.DUMMYFUNCTION("""COMPUTED_VALUE"""),0.0) -> 0 | G154: =IFERROR(__xludf.DUMMYFUNCTION("""COMPUTED_VALUE"""),0.0) -> 0 | H154: =IFERROR(__xludf.DUMMYFUNCTION("""COMPUTED_VALUE"""),0.0) -> 0 | I154: =IFERROR(__xludf.DUMMYFUNCTION("""COMPUTED_VALUE"""),0.0) -> 0 | J154: =IFERROR(__xludf.DUMMYFUNCTION("""COMPUTED_VALUE"""),0.0) -> 0 | K154: =IFERROR(__xludf.DUMMYFUNCTION("""COMPUTED_VALUE"""),0.0) -> 0 | L154: =IFERROR(__xludf.DUMMYFUNCTION("""COMPUTED_VALUE"""),0.0) -> 0 | M154: =IFERROR(__xludf.DUMMYFUNCTION("""COMPUTED_VALUE"""),283.0) -> 283 | N154: =IFERROR(__xludf.DUMMYFUNCTION("""COMPUTED_VALUE"""),18.0) -> 18
B155: =IFERROR(__xludf.DUMMYFUNCTION("""COMPUTED_VALUE"""),"Christopher Li") -> Christopher Li | C155: =IFERROR(__xludf.DUMMYFUNCTION("""COMPUTED_VALUE"""),278.0) -> 278 | D155: =IFERROR(__xludf.DUMMYFUNCTION("""COMPUTED_VALUE"""),19.0) -> 19 | E155: =IFERROR(__xludf.DUMMYFUNCTION("""COMPUTED_VALUE"""),0.0) -> 0 | F155: =IFERROR(__xludf.DUMMYFUNCTION("""COMPUTED_VALUE"""),0.0) -> 0 | G155: =IFERROR(__xludf.DUMMYFUNCTION("""COMPUTED_VALUE"""),0.0) -> 0 | H155: =IFERROR(__xludf.DUMMYFUNCTION("""COMPUTED_VALUE"""),0.0) -> 0 | I155: =IFERROR(__xludf.DUMMYFUNCTION("""COMPUTED_VALUE"""),0.0) -> 0 | J155: =IFERROR(__xludf.DUMMYFUNCTION("""COMPUTED_VALUE"""),0.0) -> 0 | K155: =IFERROR(__xludf.DUMMYFUNCTION("""COMPUTED_VALUE"""),0.0) -> 0 | L155: =IFERROR(__xludf.DUMMYFUNCTION("""COMPUTED_VALUE"""),0.0) -> 0 | M155: =IFERROR(__xludf.DUMMYFUNCTION("""COMPUTED_VALUE"""),278.0) -> 278 | N155: =IFERROR(__xludf.DUMMYFUNCTION("""COMPUTED_VALUE"""),19.0) -> 19
B156: =IFERROR(__xludf.DUMMYFUNCTION("""COMPUTED_VALUE"""),"Sean Chang") -> Sean Chang | C156: =IFERROR(__xludf.DUMMYFUNCTION("""COMPUTED_VALUE"""),278.0) -> 278 | D156: =IFERROR(__xludf.DUMMYFUNCTION("""COMPUTED_VALUE"""),18.0) -> 18 | E156: =IFERROR(__xludf.DUMMYFUNCTION("""COMPUTED_VALUE"""),0.0) -> 0 | F156: =IFERROR(__xludf.DUMMYFUNCTION("""COMPUTED_VALUE"""),0.0) -> 0 | G156: =IFERROR(__xludf.DUMMYFUNCTION("""COMPUTED_VALUE"""),0.0) -> 0 | H156: =IFERROR(__xludf.DUMMYFUNCTION("""COMPUTED_VALUE"""),0.0) -> 0 | I156: =IFERROR(__xludf.DUMMYFUNCTION("""COMPUTED_VALUE"""),0.0) -> 0 | J156: =IFERROR(__xludf.DUMMYFUNCTION("""COMPUTED_VALUE"""),0.0) -> 0 | K156: =IFERROR(__xludf.DUMMYFUNCTION("""COMPUTED_VALUE"""),0.0) -> 0 | L156: =IFERROR(__xludf.DUMMYFUNCTION("""COMPUTED_VALUE"""),0.0) -> 0 | M156: =IFERROR(__xludf.DUMMYFUNCTION("""COMPUTED_VALUE"""),278.0) -> 278 | N156: =IFERROR(__xludf.DUMMYFUNCTION("""COMPUTED_VALUE"""),18.0) -> 18
B157: =IFERROR(__xludf.DUMMYFUNCTION("""COMPUTED_VALUE"""),"Anish Kumar") -> Anish Kumar | C157: =IFERROR(__xludf.DUMMYFUNCTION("""COMPUTED_VALUE"""),272.0) -> 272 | D157: =IFERROR(__xludf.DUMMYFUNCTION("""COMPUTED_VALUE"""),17.0) -> 17 | E157: =IFERROR(__xludf.DUMMYFUNCTION("""COMPUTED_VALUE"""),0.0) -> 0 | F157: =IFERROR(__xludf.DUMMYFUNCTION("""COMPUTED_VALUE"""),0.0) -> 0 | G157: =IFERROR(__xludf.DUMMYFUNCTION("""COMPUTED_VALUE"""),0.0) -> 0 | H157: =IFERROR(__xludf.DUMMYFUNCTION("""COMPUTED_VALUE"""),0.0) -> 0 | I157: =IFERROR(__xludf.DUMMYFUNCTION("""COMPUTED_VALUE"""),0.0) -> 0 | J157: =IFERROR(__xludf.DUMMYFUNCTION("""COMPUTED_VALUE"""),0.0) -> 0 | K157: =IFERROR(__xludf.DUMMYFUNCTION("""COMPUTED_VALUE"""),0.0) -> 0 | L157: =IFERROR(__xludf.DUMMYFUNCTION("""COMPUTED_VALUE"""),0.0) -> 0 | M157: =IFERROR(__xludf.DUMMYFUNCTION("""COMPUTED_VALUE"""),272.0) -> 272 | N157: =IFERROR(__xludf.DUMMYFUNCTION("""COMPUTED_VALUE"""),17.0) -> 17
B158: =IFERROR(__xludf.DUMMYFUNCTION("""COMPUTED_VALUE"""),"Tom Le") -> Tom Le | C158: =IFERROR(__xludf.DUMMYFUNCTION("""COMPUTED_VALUE"""),272.0) -> 272 | D158: =IFERROR(__xludf.DUMMYFUNCTION("""COMPUTED_VALUE"""),15.0) -> 15 | E158: =IFERROR(__xludf.DUMMYFUNCTION("""COMPUTED_VALUE"""),0.0) -> 0 | F158: =IFERROR(__xludf.DUMMYFUNCTION("""COMPUTED_VALUE"""),0.0) -> 0 | G158: =IFERROR(__xludf.DUMMYFUNCTION("""COMPUTED_VALUE"""),0.0) -> 0 | H158: =IFERROR(__xludf.DUMMYFUNCTION("""COMPUTED_VALUE"""),0.0) -> 0 | I158: =IFERROR(__xludf.DUMMYFUNCTION("""COMPUTED_VALUE"""),0.0) -> 0 | J158: =IFERROR(__xludf.DUMMYFUNCTION("""COMPUTED_VALUE"""),0.0) -> 0 | K158: =IFERROR(__xludf.DUMMYFUNCTION("""COMPUTED_VALUE"""),0.0) -> 0 | L158: =IFERROR(__xludf.DUMMYFUNCTION("""COMPUTED_VALUE"""),0.0) -> 0 | M158: =IFERROR(__xludf.DUMMYFUNCTION("""COMPUTED_VALUE"""),272.0) -> 272 | N158: =IFERROR(__xludf.DUMMYFUNCTION("""COMPUTED_VALUE"""),15.0) -> 15
B159: =IFERROR(__xludf.DUMMYFUNCTION("""COMPUTED_VALUE"""),"Rajasekar Ramasamy") -> Rajasekar Ramasamy | C159: =IFERROR(__xludf.DUMMYFUNCTION("""COMPUTED_VALUE"""),270.0) -> 270 | D159: =IFERROR(__xludf.DUMMYFUNCTION("""COMPUTED_VALUE"""),22.0) -> 22 | E159: =IFERROR(__xludf.DUMMYFUNCTION("""COMPUTED_VALUE"""),0.0) -> 0 | F159: =IFERROR(__xludf.DUMMYFUNCTION("""COMPUTED_VALUE"""),0.0) -> 0 | G159: =IFERROR(__xludf.DUMMYFUNCTION("""COMPUTED_VALUE"""),0.0) -> 0 | H159: =IFERROR(__xludf.DUMMYFUNCTION("""COMPUTED_VALUE"""),0.0) -> 0 | I159: =IFERROR(__xludf.DUMMYFUNCTION("""COMPUTED_VALUE"""),0.0) -> 0 | J159: =IFERROR(__xludf.DUMMYFUNCTION("""COMPUTED_VALUE"""),0.0) -> 0 | K159: =IFERROR(__xludf.DUMMYFUNCTION("""COMPUTED_VALUE"""),0.0) -> 0 | L159: =IFERROR(__xludf.DUMMYFUNCTION("""COMPUTED_VALUE"""),0.0) -> 0 | M159: =IFERROR(__xludf.DUMMYFUNCTION("""COMPUTED_VALUE"""),270.0) -> 270 | N159: =IFERROR(__xludf.DUMMYFUNCTION("""COMPUTED_VALUE"""),22.0) -> 22
B160: =IFERROR(__xludf.DUMMYFUNCTION("""COMPUTED_VALUE"""),"Susanta Mishra") -> Susanta Mishra | C160: =IFERROR(__xludf.DUMMYFUNCTION("""COMPUTED_VALUE"""),265.0) -> 265 | D160: =IFERROR(__xludf.DUMMYFUNCTION("""COMPUTED_VALUE"""),17.0) -> 17 | E160: =IFERROR(__xludf.DUMMYFUNCTION("""COMPUTED_VALUE"""),0.0) -> 0 | F160: =IFERROR(__xludf.DUMMYFUNCTION("""COMPUTED_VALUE"""),0.0) -> 0 | G160: =IFERROR(__xludf.DUMMYFUNCTION("""COMPUTED_VALUE"""),0.0) -> 0 | H160: =IFERROR(__xludf.DUMMYFUNCTION("""COMPUTED_VALUE"""),0.0) -> 0 | I160: =IFERROR(__xludf.DUMMYFUNCTION("""COMPUTED_VALUE"""),0.0) -> 0 | J160: =IFERROR(__xludf.DUMMYFUNCTION("""COMPUTED_VALUE"""),0.0) -> 0 | K160: =IFERROR(__xludf.DUMMYFUNCTION("""COMPUTED_VALUE"""),0.0) -> 0 | L160: =IFERROR(__xludf.DUMMYFUNCTION("""COMPUTED_VALUE"""),0.0) -> 0 | M160: =IFERROR(__xludf.DUMMYFUNCTION("""COMPUTED_VALUE"""),265.0) -> 265 | N160: =IFERROR(__xludf.DUMMYFUNCTION("""COMPUTED_VALUE"""),17.0) -> 17
B161: =IFERROR(__xludf.DUMMYFUNCTION("""COMPUTED_VALUE"""),"Eric Pan") -> Eric Pan | C161: =IFERROR(__xludf.DUMMYFUNCTION("""COMPUTED_VALUE"""),260.0) -> 260 | D161: =IFERROR(__xludf.DUMMYFUNCTION("""COMPUTED_VALUE"""),16.0) -> 16 | E161: =IFERROR(__xludf.DUMMYFUNCTION("""COMPUTED_VALUE"""),0.0) -> 0 | F161: =IFERROR(__xludf.DUMMYFUNCTION("""COMPUTED_VALUE"""),0.0) -> 0 | G161: =IFERROR(__xludf.DUMMYFUNCTION("""COMPUTED_VALUE"""),0.0) -> 0 | H161: =IFERROR(__xludf.DUMMYFUNCTION("""COMPUTED_VALUE"""),0.0) -> 0 | I161: =IFERROR(__xludf.DUMMYFUNCTION("""COMPUTED_VALUE"""),0.0) -> 0 | J161: =IFERROR(__xludf.DUMMYFUNCTION("""COMPUTED_VALUE"""),0.0) -> 0 | K161: =IFERROR(__xludf.DUMMYFUNCTION("""COMPUTED_VALUE"""),0.0) -> 0 | L161: =IFERROR(__xludf.DUMMYFUNCTION("""COMPUTED_VALUE"""),0.0) -> 0 | M161: =IFERROR(__xludf.DUMMYFUNCTION("""COMPUTED_VALUE"""),260.0) -> 260 | N161: =IFERROR(__xludf.DUMMYFUNCTION("""COMPUTED_VALUE"""),16.0) -> 16
B162: =IFERROR(__xludf.DUMMYFUNCTION("""COMPUTED_VALUE"""),"Mauricio Palacios") -> Mauricio Palacios | C162: =IFERROR(__xludf.DUMMYFUNCTION("""COMPUTED_VALUE"""),259.0) -> 259 | D162: =IFERROR(__xludf.DUMMYFUNCTION("""COMPUTED_VALUE"""),25.0) -> 25 | E162: =IFERROR(__xludf.DUMMYFUNCTION("""COMPUTED_VALUE"""),0.0) -> 0 | F162: =IFERROR(__xludf.DUMMYFUNCTION("""COMPUTED_VALUE"""),0.0) -> 0 | G162: =IFERROR(__xludf.DUMMYFUNCTION("""COMPUTED_VALUE"""),0.0) -> 0 | H162: =IFERROR(__xludf.DUMMYFUNCTION("""COMPUTED_VALUE"""),0.0) -> 0 | I162: =IFERROR(__xludf.DUMMYFUNCTION("""COMPUTED_VALUE"""),0.0) -> 0 | J162: =IFERROR(__xludf.DUMMYFUNCTION("""COMPUTED_VALUE"""),0.0) -> 0 | K162: =IFERROR(__xludf.DUMMYFUNCTION("""COMPUTED_VALUE"""),0.0) -> 0 | L162: =IFERROR(__xludf.DUMMYFUNCTION("""COMPUTED_VALUE"""),0.0) -> 0 | M162: =IFERROR(__xludf.DUMMYFUNCTION("""COMPUTED_VALUE"""),259.0) -> 259 | N162: =IFERROR(__xludf.DUMMYFUNCTION("""COMPUTED_VALUE"""),25.0) -> 25
B163: =IFERROR(__xludf.DUMMYFUNCTION("""COMPUTED_VALUE"""),"Sanjaye Elayattu") -> Sanjaye Elayattu | C163: =IFERROR(__xludf.DUMMYFUNCTION("""COMPUTED_VALUE"""),259.0) -> 259 | D163: =IFERROR(__xludf.DUMMYFUNCTION("""COMPUTED_VALUE"""),11.0) -> 11 | E163: =IFERROR(__xludf.DUMMYFUNCTION("""COMPUTED_VALUE"""),0.0) -> 0 | F163: =IFERROR(__xludf.DUMMYFUNCTION("""COMPUTED_VALUE"""),0.0) -> 0 | G163: =IFERROR(__xludf.DUMMYFUNCTION("""COMPUTED_VALUE"""),0.0) -> 0 | H163: =IFERROR(__xludf.DUMMYFUNCTION("""COMPUTED_VALUE"""),0.0) -> 0 | I163: =IFERROR(__xludf.DUMMYFUNCTION("""COMPUTED_VALUE"""),0.0) -> 0 | J163: =IFERROR(__xludf.DUMMYFUNCTION("""COMPUTED_VALUE"""),0.0) -> 0 | K163: =IFERROR(__xludf.DUMMYFUNCTION("""COMPUTED_VALUE"""),0.0) -> 0 | L163: =IFERROR(__xludf.DUMMYFUNCTION("""COMPUTED_VALUE"""),0.0) -> 0 | M163: =IFERROR(__xludf.DUMMYFUNCTION("""COMPUTED_VALUE"""),259.0) -> 259 | N163: =IFERROR(__xludf.DUMMYFUNCTION("""COMPUTED_VALUE"""),11.0) -> 11
B164: =IFERROR(__xludf.DUMMYFUNCTION("""COMPUTED_VALUE"""),"Naveen Raj") -> Naveen Raj | C164: =IFERROR(__xludf.DUMMYFUNCTION("""COMPUTED_VALUE"""),258.0) -> 258 | D164: =IFERROR(__xludf.DUMMYFUNCTION("""COMPUTED_VALUE"""),16.0) -> 16 | E164: =IFERROR(__xludf.DUMMYFUNCTION("""COMPUTED_VALUE"""),0.0) -> 0 | F164: =IFERROR(__xludf.DUMMYFUNCTION("""COMPUTED_VALUE"""),0.0) -> 0 | G164: =IFERROR(__xludf.DUMMYFUNCTION("""COMPUTED_VALUE"""),0.0) -> 0 | H164: =IFERROR(__xludf.DUMMYFUNCTION("""COMPUTED_VALUE"""),0.0) -> 0 | I164: =IFERROR(__xludf.DUMMYFUNCTION("""COMPUTED_VALUE"""),0.0) -> 0 | J164: =IFERROR(__xludf.DUMMYFUNCTION("""COMPUTED_VALUE"""),0.0) -> 0 | K164: =IFERROR(__xludf.DUMMYFUNCTION("""COMPUTED_VALUE"""),0.0) -> 0 | L164: =IFERROR(__xludf.DUMMYFUNCTION("""COMPUTED_VALUE"""),0.0) -> 0 | M164: =IFERROR(__xludf.DUMMYFUNCTION("""COMPUTED_VALUE"""),258.0) -> 258 | N164: =IFERROR(__xludf.DUMMYFUNCTION("""COMPUTED_VALUE"""),16.0) -> 16
B165: =IFERROR(__xludf.DUMMYFUNCTION("""COMPUTED_VALUE"""),"Manuel Rivera") -> Manuel Rivera | C165: =IFERROR(__xludf.DUMMYFUNCTION("""COMPUTED_VALUE"""),256.0) -> 256 | D165: =IFERROR(__xludf.DUMMYFUNCTION("""COMPUTED_VALUE"""),17.0) -> 17 | E165: =IFERROR(__xludf.DUMMYFUNCTION("""COMPUTED_VALUE"""),0.0) -> 0 | F165: =IFERROR(__xludf.DUMMYFUNCTION("""COMPUTED_VALUE"""),0.0) -> 0 | G165: =IFERROR(__xludf.DUMMYFUNCTION("""COMPUTED_VALUE"""),0.0) -> 0 | H165: =IFERROR(__xludf.DUMMYFUNCTION("""COMPUTED_VALUE"""),0.0) -> 0 | I165: =IFERROR(__xludf.DUMMYFUNCTION("""COMPUTED_VALUE"""),0.0) -> 0 | J165: =IFERROR(__xludf.DUMMYFUNCTION("""COMPUTED_VALUE"""),0.0) -> 0 | K165: =IFERROR(__xludf.DUMMYFUNCTION("""COMPUTED_VALUE"""),0.0) -> 0 | L165: =IFERROR(__xludf.DUMMYFUNCTION("""COMPUTED_VALUE"""),0.0) -> 0 | M165: =IFERROR(__xludf.DUMMYFUNCTION("""COMPUTED_VALUE"""),256.0) -> 256 | N165: =IFERROR(__xludf.DUMMYFUNCTION("""COMPUTED_VALUE"""),17.0) -> 17
B166: =IFERROR(__xludf.DUMMYFUNCTION("""COMPUTED_VALUE"""),"Rosie Bonilla") -> Rosie Bonilla | C166: =IFERROR(__xludf.DUMMYFUNCTION("""COMPUTED_VALUE"""),255.0) -> 255 | D166: =IFERROR(__xludf.DUMMYFUNCTION("""COMPUTED_VALUE"""),14.0) -> 14 | E166: =IFERROR(__xludf.DUMMYFUNCTION("""COMPUTED_VALUE"""),0.0) -> 0 | F166: =IFERROR(__xludf.DUMMYFUNCTION("""COMPUTED_VALUE"""),0.0) -> 0 | G166: =IFERROR(__xludf.DUMMYFUNCTION("""COMPUTED_VALUE"""),0.0) -> 0 | H166: =IFERROR(__xludf.DUMMYFUNCTION("""COMPUTED_VALUE"""),0.0) -> 0 | I166: =IFERROR(__xludf.DUMMYFUNCTION("""COMPUTED_VALUE"""),0.0) -> 0 | J166: =IFERROR(__xludf.DUMMYFUNCTION("""COMPUTED_VALUE"""),0.0) -> 0 | K166: =IFERROR(__xludf.DUMMYFUNCTION("""COMPUTED_VALUE"""),0.0) -> 0 | L166: =IFERROR(__xludf.DUMMYFUNCTION("""COMPUTED_VALUE"""),0.0) -> 0 | M166: =IFERROR(__xludf.DUMMYFUNCTION("""COMPUTED_VALUE"""),255.0) -> 255 | N166: =IFERROR(__xludf.DUMMYFUNCTION("""COMPUTED_VALUE"""),14.0) -> 14
B167: =IFERROR(__xludf.DUMMYFUNCTION("""COMPUTED_VALUE"""),"Sandy Weyant") -> Sandy Weyant | C167: =IFERROR(__xludf.DUMMYFUNCTION("""COMPUTED_VALUE"""),252.0) -> 252 | D167: =IFERROR(__xludf.DUMMYFUNCTION("""COMPUTED_VALUE"""),15.0) -> 15 | E167: =IFERROR(__xludf.DUMMYFUNCTION("""COMPUTED_VALUE"""),0.0) -> 0 | F167: =IFERROR(__xludf.DUMMYFUNCTION("""COMPUTED_VALUE"""),0.0) -> 0 | G167: =IFERROR(__xludf.DUMMYFUNCTION("""COMPUTED_VALUE"""),0.0) -> 0 | H167: =IFERROR(__xludf.DUMMYFUNCTION("""COMPUTED_VALUE"""),0.0) -> 0 | I167: =IFERROR(__xludf.DUMMYFUNCTION("""COMPUTED_VALUE"""),0.0) -> 0 | J167: =IFERROR(__xludf.DUMMYFUNCTION("""COMPUTED_VALUE"""),0.0) -> 0 | K167: =IFERROR(__xludf.DUMMYFUNCTION("""COMPUTED_VALUE"""),0.0) -> 0 | L167: =IFERROR(__xludf.DUMMYFUNCTION("""COMPUTED_VALUE"""),0.0) -> 0 | M167: =IFERROR(__xludf.DUMMYFUNCTION("""COMPUTED_VALUE"""),252.0) -> 252 | N167: =IFERROR(__xludf.DUMMYFUNCTION("""COMPUTED_VALUE"""),15.0) -> 15
B168: =IFERROR(__xludf.DUMMYFUNCTION("""COMPUTED_VALUE"""),"Suleman Alidina") -> Suleman Alidina | C168: =IFERROR(__xludf.DUMMYFUNCTION("""COMPUTED_VALUE"""),252.0) -> 252 | D168: =IFERROR(__xludf.DUMMYFUNCTION("""COMPUTED_VALUE"""),13.0) -> 13 | E168: =IFERROR(__xludf.DUMMYFUNCTION("""COMPUTED_VALUE"""),0.0) -> 0 | F168: =IFERROR(__xludf.DUMMYFUNCTION("""COMPUTED_VALUE"""),0.0) -> 0 | G168: =IFERROR(__xludf.DUMMYFUNCTION("""COMPUTED_VALUE"""),0.0) -> 0 | H168: =IFERROR(__xludf.DUMMYFUNCTION("""COMPUTED_VALUE"""),0.0) -> 0 | I168: =IFERROR(__xludf.DUMMYFUNCTION("""COMPUTED_VALUE"""),0.0) -> 0 | J168: =IFERROR(__xludf.DUMMYFUNCTION("""COMPUTED_VALUE"""),0.0) -> 0 | K168: =IFERROR(__xludf.DUMMYFUNCTION("""COMPUTED_VALUE"""),0.0) -> 0 | L168: =IFERROR(__xludf.DUMMYFUNCTION("""COMPUTED_VALUE"""),0.0) -> 0 | M168: =IFERROR(__xludf.DUMMYFUNCTION("""COMPUTED_VALUE"""),252.0) -> 252 | N168: =IFERROR(__xludf.DUMMYFUNCTION("""COMPUTED_VALUE"""),13.0) -> 13
B169: =IFERROR(__xludf.DUMMYFUNCTION("""COMPUTED_VALUE"""),"Troy Wong") -> Troy Wong | C169: =IFERROR(__xludf.DUMMYFUNCTION("""COMPUTED_VALUE"""),252.0) -> 252 | D169: =IFERROR(__xludf.DUMMYFUNCTION("""COMPUTED_VALUE"""),10.0) -> 10 | E169: =IFERROR(__xludf.DUMMYFUNCTION("""COMPUTED_VALUE"""),0.0) -> 0 | F169: =IFERROR(__xludf.DUMMYFUNCTION("""COMPUTED_VALUE"""),0.0) -> 0 | G169: =IFERROR(__xludf.DUMMYFUNCTION("""COMPUTED_VALUE"""),0.0) -> 0 | H169: =IFERROR(__xludf.DUMMYFUNCTION("""COMPUTED_VALUE"""),0.0) -> 0 | I169: =IFERROR(__xludf.DUMMYFUNCTION("""COMPUTED_VALUE"""),0.0) -> 0 | J169: =IFERROR(__xludf.DUMMYFUNCTION("""COMPUTED_VALUE"""),0.0) -> 0 | K169: =IFERROR(__xludf.DUMMYFUNCTION("""COMPUTED_VALUE"""),0.0) -> 0 | L169: =IFERROR(__xludf.DUMMYFUNCTION("""COMPUTED_VALUE"""),0.0) -> 0 | M169: =IFERROR(__xludf.DUMMYFUNCTION("""COMPUTED_VALUE"""),252.0) -> 252 | N169: =IFERROR(__xludf.DUMMYFUNCTION("""COMPUTED_VALUE"""),10.0) -> 10
B170: =IFERROR(__xludf.DUMMYFUNCTION("""COMPUTED_VALUE"""),"Vamsi Lolla ") -> Vamsi Lolla | C170: =IFERROR(__xludf.DUMMYFUNCTION("""COMPUTED_VALUE"""),251.0) -> 251 | D170: =IFERROR(__xludf.DUMMYFUNCTION("""COMPUTED_VALUE"""),14.0) -> 14 | E170: =IFERROR(__xludf.DUMMYFUNCTION("""COMPUTED_VALUE"""),0.0) -> 0 | F170: =IFERROR(__xludf.DUMMYFUNCTION("""COMPUTED_VALUE"""),0.0) -> 0 | G170: =IFERROR(__xludf.DUMMYFUNCTION("""COMPUTED_VALUE"""),0.0) -> 0 | H170: =IFERROR(__xludf.DUMMYFUNCTION("""COMPUTED_VALUE"""),0.0) -> 0 | I170: =IFERROR(__xludf.DUMMYFUNCTION("""COMPUTED_VALUE"""),0.0) -> 0 | J170: =IFERROR(__xludf.DUMMYFUNCTION("""COMPUTED_VALUE"""),0.0) -> 0 | K170: =IFERROR(__xludf.DUMMYFUNCTION("""COMPUTED_VALUE"""),0.0) -> 0 | L170: =IFERROR(__xludf.DUMMYFUNCTION("""COMPUTED_VALUE"""),0.0) -> 0 | M170: =IFERROR(__xludf.DUMMYFUNCTION("""COMPUTED_VALUE"""),251.0) -> 251 | N170: =IFERROR(__xludf.DUMMYFUNCTION("""COMPUTED_VALUE"""),14.0) -> 14
...

Sheet Courts
A1: Court # | B1: Name of the Player | C1: Games Won | D1: Sets Won | E1: Check In | F1: Set 1 | G1: Set 2 | H1: Set 3 | I1: Total Games won | J1: Sets Won | K1: Court #
A2: 1 | B2: =IFERROR(__xludf.DUMMYFUNCTION("QUERY(Current!B5:E68,""Select B, C, D, E where E = 1 or E = 2 "",0)"),"#N/A") -> #N/A | I2: =sum(F2:H2) -> 0 | K2: =A2 -> 1
A3: 1 | I3: =sum(F3:H3) -> 0 | K3: =A3 -> 1
A4: 1 | I4: =sum(F4:H4) -> 0 | K4: =A4 -> 1
A5: 1 | I5: =sum(F5:H5) -> 0 | K5: =A5 -> 1
A6: 2 | I6: =sum(F6:H6) -> 0 | K6: =A6 -> 2
A7: 2 | I7: =sum(F7:H7) -> 0 | K7: =A7 -> 2
A8: 2 | I8: =sum(F8:H8) -> 0 | K8: =A8 -> 2
A9: 2 | I9: =sum(F9:H9) -> 0 | K9: =A9 -> 2
A10: =if(C38="Y",A9+3,A9+1) -> 3 | I10: =sum(F10:H10) -> 0 | K10: =A10 -> 3
A11: =A10 -> 3 | I11: =sum(F11:H11) -> 0 | K11: =A11 -> 3
A12: =A11 -> 3 | I12: =sum(F12:H12) -> 0 | K12: =A12 -> 3
A13: =A12 -> 3 | I13: =sum(F13:H13) -> 0 | K13: =A13 -> 3
A14: =if(C39="Y",A13+2,A13+1) -> 4 | I14: =sum(F14:H14) -> 0 | K14: =A14 -> 4
A15: =A14 -> 4 | I15: =sum(F15:H15) -> 0 | K15: =A15 -> 4
A16: =A15 -> 4 | I16: =sum(F16:H16) -> 0 | K16: =A16 -> 4
A17: =A16 -> 4 | I17: =sum(F17:H17) -> 0 | K17: =A17 -> 4
A18: =A17+1 -> 5 | I18: =sum(F18:H18) -> 0 | K18: =A18 -> 5
A19: =A18 -> 5 | I19: =sum(F19:H19) -> 0 | K19: =A19 -> 5
A20: =A19 -> 5 | I20: =sum(F20:H20) -> 0 | K20: =A20 -> 5
A21: =A20 -> 5 | I21: =sum(F21:H21) -> 0 | K21: =A21 -> 5
A22: =A21+1 -> 6 | I22: =sum(F22:H22) -> 0 | K22: =A22 -> 6
A23: =A22 -> 6 | I23: =sum(F23:H23) -> 0 | K23: =A23 -> 6
A24: =A23 -> 6 | I24: =sum(F24:H24) -> 0 | K24: =A24 -> 6
A25: =A24 -> 6 | I25: =sum(F25:H25) -> 0 | K25: =A25 -> 6
A26: =A25+1 -> 7 | I26: =sum(F26:H26) -> 0 | K26: =A26 -> 7
A27: =A26 -> 7 | I27: =sum(F27:H27) -> 0 | K27: =A27 -> 7
A28: =A27 -> 7 | I28: =sum(F28:H28) -> 0 | K28: =A28 -> 7
A29: =A28 -> 7 | I29: =sum(F29:H29) -> 0 | K29: =A29 -> 7
A30: =A29+1 -> 8 | I30: =sum(F30:H30) -> 0 | K30: =A30 -> 8
A31: =A30 -> 8 | I31: =sum(F31:H31) -> 0 | K31: =A31 -> 8
A32: =A31 -> 8 | I32: =sum(F32:H32) -> 0 | K32: =A32 -> 8
A33: =A32 -> 8 | I33: =sum(F33:H33) -> 0 | K33: =A33 -> 8
B38: skip court 3 | C38: N
B39: skip court 4 | C39: N

Sheet Checkin
A1: Name | B1: Check in | D1: Sl.No | E1: Options: 1 | F1: Options: 2 | G1: Options: 3 | H1: Option 4 | I1: To Respond | J1: Sitouts
A2: =IFERROR(__xludf.DUMMYFUNCTION("IMPORTRANGE(""1uZFF2o7rrfB0YZtASdZnP52Ef50ZinvtOPb1Tbuq8J4"",""CheckIn!C1:D99"")"),"#REF!") -> #REF! | D2: 1 | E2: =IFERROR(__xludf.DUMMYFUNCTION("QUERY(A2:B70, ""Select A where B = 1 order by A"")"),"#N/A") -> #N/A | F2: =IFERROR(__xludf.DUMMYFUNCTION("QUERY($A2:$B65, ""Select A where B = 2"")"),"#N/A") -> #N/A | G2: =IFERROR(__xludf.DUMMYFUNCTION("QUERY($A2:$B65, ""Select A where B = 3 order by A"")"),"#N/A") -> #N/A | H2: =IFERROR(__xludf.DUMMYFUNCTION("QUERY($A2:$B65, ""Select A where B = 4 order by A"")"),"#N/A") -> #N/A | I2: =IFERROR(__xludf.DUMMYFUNCTION("QUERY(Current!B5:E70, ""Select B where E = 0 order by B"")"),"Adrian Tay") -> Adrian Tay | J2: =IFERROR(__xludf.DUMMYFUNCTION("QUERY(Current!B5:E68, ""Select B where E = 5 order by B"")"),"#N/A") -> #N/A
D3: =D2+1 -> 2 | I3: =IFERROR(__xludf.DUMMYFUNCTION("""COMPUTED_VALUE"""),"Alejandro Mejia") -> Alejandro Mejia
D4: =D3+1 -> 3 | I4: =IFERROR(__xludf.DUMMYFUNCTION("""COMPUTED_VALUE"""),"Amit Patel") -> Amit Patel
D5: =D4+1 -> 4 | I5: =IFERROR(__xludf.DUMMYFUNCTION("""COMPUTED_VALUE"""),"Andrew Chin") -> Andrew Chin
D6: =D5+1 -> 5 | I6: =IFERROR(__xludf.DUMMYFUNCTION("""COMPUTED_VALUE"""),"Anish Kumar") -> Anish Kumar
D7: =D6+1 -> 6 | I7: =IFERROR(__xludf.DUMMYFUNCTION("""COMPUTED_VALUE"""),"Balaji Alahari") -> Balaji Alahari
D8: =D7+1 -> 7 | I8: =IFERROR(__xludf.DUMMYFUNCTION("""COMPUTED_VALUE"""),"Chinna Ponnaganti") -> Chinna Ponnaganti
D9: =D8+1 -> 8 | I9: =IFERROR(__xludf.DUMMYFUNCTION("""COMPUTED_VALUE"""),"Christopher Li") -> Christopher Li | M9: Playing | N9: =if(isna(E2),0,COUNTA(E$2:E$58)) -> 0
D10: =D9+1 -> 9 | I10: =IFERROR(__xludf.DUMMYFUNCTION("""COMPUTED_VALUE"""),"Coco Yan") -> Coco Yan | M10: Playing-Can Sit | N10: =if(isna(F2),0,COUNTA(F$2:F$58)) -> 0
D11: =D10+1 -> 10 | I11: =IFERROR(__xludf.DUMMYFUNCTION("""COMPUTED_VALUE"""),"David Shin") -> David Shin | M11: Out/Can Play | N11: =if(isna(H2),0,COUNTA(H$2:H$58)) -> 0
D12: =D11+1 -> 11 | I12: =IFERROR(__xludf.DUMMYFUNCTION("""COMPUTED_VALUE"""),"Derek Fu") -> Derek Fu | M12: Out | N12: =if(isna(G2),0,COUNTA(G$2:G$58)) -> 0
D13: =D12+1 -> 12 | I13: =IFERROR(__xludf.DUMMYFUNCTION("""COMPUTED_VALUE"""),"Elayaraja Thangaraj ") -> Elayaraja Thangaraj | M13: TBD | N13: =if(isna(I2),0,COUNTA(I$2:I$63)) -> 62
D14: =D13+1 -> 13 | I14: =IFERROR(__xludf.DUMMYFUNCTION("""COMPUTED_VALUE"""),"Eric Pan") -> Eric Pan | M14: Total | N14: =sum(N9:N13) -> 62
D15: =D14+1 -> 14 | I15: =IFERROR(__xludf.DUMMYFUNCTION("""COMPUTED_VALUE"""),"Erik Hoeckmann") -> Erik Hoeckmann
D16: =D15+1 -> 15 | I16: =IFERROR(__xludf.DUMMYFUNCTION("""COMPUTED_VALUE"""),"Fendi Purwadi") -> Fendi Purwadi | M16: Playing | N16: =sum(N9:N11) -> 0
D17: =D16+1 -> 16 | I17: =IFERROR(__xludf.DUMMYFUNCTION("""COMPUTED_VALUE"""),"James Cole III") -> James Cole III | M17: Out | N17: =if(isna(G2),0,COUNTA(G$2:G$58)) -> 0
D18: =D17+1 -> 17 | I18: =IFERROR(__xludf.DUMMYFUNCTION("""COMPUTED_VALUE"""),"Jason Kim ") -> Jason Kim | M18: TBD | N18: =N13 -> 62
D19: =D18+1 -> 18 | I19: =IFERROR(__xludf.DUMMYFUNCTION("""COMPUTED_VALUE"""),"Jimmy Awolesi") -> Jimmy Awolesi | M19: Total | N19: =sum(N15:N18) -> 62
D20: =D19+1 -> 19 | I20: =IFERROR(__xludf.DUMMYFUNCTION("""COMPUTED_VALUE"""),"Joe Luzzi") -> Joe Luzzi
D21: =D20+1 -> 20 | I21: =IFERROR(__xludf.DUMMYFUNCTION("""COMPUTED_VALUE"""),"Jonathan Phan") -> Jonathan Phan
D22: =D21+1 -> 21 | I22: =IFERROR(__xludf.DUMMYFUNCTION("""COMPUTED_VALUE"""),"Jose Ortiz") -> Jose Ortiz
D23: =D22+1 -> 22 | I23: =IFERROR(__xludf.DUMMYFUNCTION("""COMPUTED_VALUE"""),"Joyce Zhu") -> Joyce Zhu | M23: Vacations
D24: =D23+1 -> 23 | I24: =IFERROR(__xludf.DUMMYFUNCTION("""COMPUTED_VALUE"""),"Kevin Wang") -> Kevin Wang
D25: =D24+1 -> 24 | I25: =IFERROR(__xludf.DUMMYFUNCTION("""COMPUTED_VALUE"""),"Kingsley Kuo") -> Kingsley Kuo
D26: =D25+1 -> 25 | I26: =IFERROR(__xludf.DUMMYFUNCTION("""COMPUTED_VALUE"""),"Lam Bui") -> Lam Bui
D27: =D26+1 -> 26 | I27: =IFERROR(__xludf.DUMMYFUNCTION("""COMPUTED_VALUE"""),"Lauren Chang") -> Lauren Chang
D28: =D27+1 -> 27 | I28: =IFERROR(__xludf.DUMMYFUNCTION("""COMPUTED_VALUE"""),"Lloyd Sagar") -> Lloyd Sagar
D29: =D28+1 -> 28 | I29: =IFERROR(__xludf.DUMMYFUNCTION("""COMPUTED_VALUE"""),"Luis Hsu") -> Luis Hsu
D30: =D29+1 -> 29 | I30: =IFERROR(__xludf.DUMMYFUNCTION("""COMPUTED_VALUE"""),"Manish Anand") -> Manish Anand
D31: =D30+1 -> 30 | I31: =IFERROR(__xludf.DUMMYFUNCTION("""COMPUTED_VALUE"""),"Manuel Rivera") -> Manuel Rivera
D32: =D31+1 -> 31 | I32: =IFERROR(__xludf.DUMMYFUNCTION("""COMPUTED_VALUE"""),"Matthew Huang") -> Matthew Huang
D33: =D32+1 -> 32 | I33: =IFERROR(__xludf.DUMMYFUNCTION("""COMPUTED_VALUE"""),"Mauricio Palacios") -> Mauricio Palacios
D34: =D33+1 -> 33 | I34: =IFERROR(__xludf.DUMMYFUNCTION("""COMPUTED_VALUE"""),"Mihir Anand") -> Mihir Anand
D35: =D34+1 -> 34 | I35: =IFERROR(__xludf.DUMMYFUNCTION("""COMPUTED_VALUE"""),"Naveen Raj") -> Naveen Raj
D36: =D35+1 -> 35 | I36: =IFERROR(__xludf.DUMMYFUNCTION("""COMPUTED_VALUE"""),"Nohely Mejia") -> Nohely Mejia
D37: =D36+1 -> 36 | I37: =IFERROR(__xludf.DUMMYFUNCTION("""COMPUTED_VALUE"""),"Oscar Bonilla") -> Oscar Bonilla
D38: =D37+1 -> 37 | I38: =IFERROR(__xludf.DUMMYFUNCTION("""COMPUTED_VALUE"""),"Pan Lee") -> Pan Lee
D39: =D38+1 -> 38 | I39: =IFERROR(__xludf.DUMMYFUNCTION("""COMPUTED_VALUE"""),"Paul Sanchez") -> Paul Sanchez
D40: =D39+1 -> 39 | I40: =IFERROR(__xludf.DUMMYFUNCTION("""COMPUTED_VALUE"""),"Pavan Akkimsetty") -> Pavan Akkimsetty
D41: =D40+1 -> 40 | I41: =IFERROR(__xludf.DUMMYFUNCTION("""COMPUTED_VALUE"""),"Peter Cheng") -> Peter Cheng
D42: =D41+1 -> 41 | I42: =IFERROR(__xludf.DUMMYFUNCTION("""COMPUTED_VALUE"""),"Peter Homsey") -> Peter Homsey
D43: =D42+1 -> 42 | I43: =IFERROR(__xludf.DUMMYFUNCTION("""COMPUTED_VALUE"""),"Piyorasa Li") -> Piyorasa Li
D44: =D43+1 -> 43 | I44: =IFERROR(__xludf.DUMMYFUNCTION("""COMPUTED_VALUE"""),"Pulkit Mathur") -> Pulkit Mathur
D45: =D44+1 -> 44 | I45: =IFERROR(__xludf.DUMMYFUNCTION("""COMPUTED_VALUE"""),"Rajasekar Ramasamy") -> Rajasekar Ramasamy
D46: =D45+1 -> 45 | I46: =IFERROR(__xludf.DUMMYFUNCTION("""COMPUTED_VALUE"""),"Robert Chang") -> Robert Chang
D47: =D46+1 -> 46 | I47: =IFERROR(__xludf.DUMMYFUNCTION("""COMPUTED_VALUE"""),"Rosie Bonilla") -> Rosie Bonilla
D48: =D47+1 -> 47 | I48: =IFERROR(__xludf.DUMMYFUNCTION("""COMPUTED_VALUE"""),"Sai Dilip Ponnaganti") -> Sai Dilip Ponnaganti
D49: =D48+1 -> 48 | I49: =IFERROR(__xludf.DUMMYFUNCTION("""COMPUTED_VALUE"""),"Sandy Weyant") -> Sandy Weyant
D50: =D49+1 -> 49 | I50: =IFERROR(__xludf.DUMMYFUNCTION("""COMPUTED_VALUE"""),"Sanjaye Elayattu") -> Sanjaye Elayattu
D51: =D50+1 -> 50 | I51: =IFERROR(__xludf.DUMMYFUNCTION("""COMPUTED_VALUE"""),"Santosh Sundaresan ") -> Santosh Sundaresan
D52: =D51+1 -> 51 | I52: =IFERROR(__xludf.DUMMYFUNCTION("""COMPUTED_VALUE"""),"Savay Lieu") -> Savay Lieu
D53: =D52+1 -> 52 | I53: =IFERROR(__xludf.DUMMYFUNCTION("""COMPUTED_VALUE"""),"Sean Chang") -> Sean Chang
D54: =D53+1 -> 53 | I54: =IFERROR(__xludf.DUMMYFUNCTION("""COMPUTED_VALUE"""),"Suleman Alidina") -> Suleman Alidina
D55: =D54+1 -> 54 | I55: =IFERROR(__xludf.DUMMYFUNCTION("""COMPUTED_VALUE"""),"Susanta Mishra") -> Susanta Mishra
D56: =D55+1 -> 55 | I56: =IFERROR(__xludf.DUMMYFUNCTION("""COMPUTED_VALUE"""),"Ted Shen") -> Ted Shen
D57: =D56+1 -> 56 | I57: =IFERROR(__xludf.DUMMYFUNCTION("""COMPUTED_VALUE"""),"Thomas Zou") -> Thomas Zou
D58: =D57+1 -> 57 | I58: =IFERROR(__xludf.DUMMYFUNCTION("""COMPUTED_VALUE"""),"Tiffany Yu") -> Tiffany Yu
D59: =D58+1 -> 58 | I59: =IFERROR(__xludf.DUMMYFUNCTION("""COMPUTED_VALUE"""),"Tom Le") -> Tom Le
D60: =D59+1 -> 59 | I60: =IFERROR(__xludf.DUMMYFUNCTION("""COMPUTED_VALUE"""),"Tony Wong") -> Tony Wong
D61: =D60+1 -> 60 | I61: =IFERROR(__xludf.DUMMYFUNCTION("""COMPUTED_VALUE"""),"Trinath Goteti") -> Trinath Goteti
D62: =D61+1 -> 61 | I62: =IFERROR(__xludf.DUMMYFUNCTION("""COMPUTED_VALUE"""),"Troy Wong") -> Troy Wong
D63: =D62+1 -> 62 | I63: =IFERROR(__xludf.DUMMYFUNCTION("""COMPUTED_VALUE"""),"Vamsi Lolla ") -> Vamsi Lolla
D64: =D63+1 -> 63 | I64: =IFERROR(__xludf.DUMMYFUNCTION("""COMPUTED_VALUE"""),"Vilas Janardhanan") -> Vilas Janardhanan
D65: =D64+1 -> 64 | I65: =IFERROR(__xludf.DUMMYFUNCTION("""COMPUTED_VALUE"""),"Vinot Kumar Nagappan") -> Vinot Kumar Nagappan

Sheet 122323
B1: Standings as of | C1: 45283
B2: Number of Weeks Played | D2: 24
C3: Beginning of week | G3: Current Week Scores | M3: End of week | P3: Jan-Jul 2024
A4: Ranking | B4: Name of Player | C4: Games Won | D4: Sets Won | E4: Check IN | F4: Court # | G4: Set 0 | H4: Set 1 | I4: Set 2 | J4: Set 3 | K4: Games Won | L4: Sets Won | M4: Games Won | N4: Sets Won | O4: Waiver | P4: Fee | Q4: Sit outs | R4: No Shows | S4: Absent
A5: 1 | B5: Peter Cheng | C5: 321 | D5: 34 | E5: 1 | F5: 1 | G5: 0 | H5: 6 | I5: 6 | J5: 6 | K5: 18 | L5: 2 | M5: =C5+K5 -> 339 | N5: =D5+L5 -> 36 | O5: X | Q5: =if(G5=13,1,0)+VLOOKUP(B5,'121623'!B$5:Q$64,16,false) -> 1 | S5: =if(G5=9,1,0)+VLOOKUP(B5,'121623'!B:S,18,false) -> 6
A6: =A5+1 -> 2 | B6: Adrian Tay | C6: 315 | D6: 31 | E6: 3 | F6: 0 | G6: 9 | H6: 0 | I6: 0 | J6: 0 | K6: 9 | L6: 0 | M6: =C6+K6 -> 324 | N6: =D6+L6 -> 31 | O6: X | P6: X | Q6: =if(G6=13,1,0)+VLOOKUP(B6,'121623'!B$5:Q$64,16,false) -> 0 | S6: =if(G6=9,1,0)+VLOOKUP(B6,'121623'!B:S,18,false) -> 9
A7: =A6+1 -> 3 | B7: Robert Chang | C7: 307 | D7: 29 | E7: 2 | F7: 1 | G7: 0 | H7: 6 | I7: 4 | J7: 7 | K7: 17 | L7: 2 | M7: =C7+K7 -> 324 | N7: =D7+L7 -> 31 | O7: X | P7: X | Q7: =if(G7=13,1,0)+VLOOKUP(B7,'121623'!B$5:Q$64,16,false) -> 0 | S7: =if(G7=9,1,0)+VLOOKUP(B7,'121623'!B:S,18,false) -> 10
A8: =A7+1 -> 4 | B8: Pulkit Mathur | C8: 299 | D8: 25 | E8: 3 | F8: 0 | G8: 9 | H8: 0 | I8: 0 | J8: 0 | K8: 9 | L8: 0 | M8: =C8+K8 -> 308 | N8: =D8+L8 -> 25 | O8: X | P8: X | Q8: =if(G8=13,1,0)+VLOOKUP(B8,'121623'!B$5:Q$64,16,false) -> 0 | S8: =if(G8=9,1,0)+VLOOKUP(B8,'121623'!B:S,18,false) -> 9
A9: =A8+1 -> 5 | B9: Alejandro Mejia | C9: 297 | D9: 26 | E9: 1 | F9: 1 | G9: 0 | H9: 4 | I9: 6 | J9: 7 | K9: 17 | L9: 2 | M9: =C9+K9 -> 314 | N9: =D9+L9 -> 28 | O9: X | P9: X | Q9: =if(G9=13,1,0)+VLOOKUP(B9,'121623'!B$5:Q$64,16,false) -> 1 | S9: =if(G9=9,1,0)+VLOOKUP(B9,'121623'!B:S,18,false) -> 4
A10: =A9+1 -> 6 | B10: Matthew Huang | C10: 295 | D10: 25 | E10: 1 | F10: 1 | G10: 0 | H10: 4 | I10: 4 | J10: 6 | K10: 14 | L10: 0 | M10: =C10+K10 -> 309 | N10: =D10+L10 -> 25 | O10: X | P10: X | Q10: =if(G10=13,1,0)+VLOOKUP(B10,'121623'!B$5:Q$64,16,false) -> 0 | S10: =if(G10=9,1,0)+VLOOKUP(B10,'121623'!B:S,18,false) -> 10
A11: =A10+1 -> 7 | B11: Lam Bui | C11: 293 | D11: 26 | E11: 3 | F11: 0 | G11: 9 | H11: 0 | I11: 0 | J11: 0 | K11: 9 | L11: 0 | M11: =C11+K11 -> 302 | N11: =D11+L11 -> 26 | O11: X | P11: X | Q11: =if(G11=13,1,0)+VLOOKUP(B11,'121623'!B$5:Q$64,16,false) -> 1 | S11: =if(G11=9,1,0)+VLOOKUP(B11,'121623'!B:S,18,false) -> 10
A12: =A11+1 -> 8 | B12: Pavan Akkimsetty | C12: 291 | D12: 26 | E12: 1 | F12: 2 | G12: 0 | H12: 6 | I12: 4 | J12: 4 | K12: 14 | L12: 1 | M12: =C12+K12 -> 305 | N12: =D12+L12 -> 27 | O12: X | P12: X | Q12: =if(G12=13,1,0)+VLOOKUP(B12,'121623'!B$5:Q$64,16,false) -> 0 | S12: =if(G12=9,1,0)+VLOOKUP(B12,'121623'!B:S,18,false) -> 2
A13: =A12+1 -> 9 | B13: Erik Hoeckmann | C13: 290 | D13: 23 | E13: 1 | F13: 2 | G13: 0 | H13: 1 | I13: 4 | J13: 6 | K13: 11 | L13: 1 | M13: =C13+K13 -> 301 | N13: =D13+L13 -> 24 | O13: X | P13: X | Q13: =if(G13=13,1,0)+VLOOKUP(B13,'121623'!B$5:Q$64,16,false) -> 0 | S13: =if(G13=9,1,0)+VLOOKUP(B13,'121623'!B:S,18,false) -> 6
A14: =A13+1 -> 10 | B14: Peter Homsey | C14: 283 | D14: 24 | E14: 1 | F14: 2 | G14: 0 | H14: 6 | I14: 6 | J14: 6 | K14: 18 | L14: 3 | M14: =C14+K14 -> 301 | N14: =D14+L14 -> 27 | O14: X | P14: X | Q14: =if(G14=13,1,0)+VLOOKUP(B14,'121623'!B$5:Q$64,16,false) -> 0 | S14: =if(G14=9,1,0)+VLOOKUP(B14,'121623'!B:S,18,false) -> 8
A15: =A14+1 -> 11 | B15: Oscar Bonilla | C15: 283 | D15: 23 | E15: 3 | F15: 0 | G15: 9 | H15: 0 | I15: 0 | J15: 0 | K15: 9 | L15: 0 | M15: =C15+K15 -> 292 | N15: =D15+L15 -> 23 | O15: X | P15: X | Q15: =if(G15=13,1,0)+VLOOKUP(B15,'121623'!B$5:Q$64,16,false) -> 0 | S15: =if(G15=9,1,0)+VLOOKUP(B15,'121623'!B:S,18,false) -> 11
A16: =A15+1 -> 12 | B16: Chinna Ponnaganti | C16: 282 | D16: 26 | E16: 1 | F16: 2 | G16: 0 | H16: 1 | I16: 6 | J16: 4 | K16: 11 | L16: 1 | M16: =C16+K16 -> 293 | N16: =D16+L16 -> 27 | O16: X | P16: X | Q16: =if(G16=13,1,0)+VLOOKUP(B16,'121623'!B$5:Q$64,16,false) -> 1 | S16: =if(G16=9,1,0)+VLOOKUP(B16,'121623'!B:S,18,false) -> 5
A17: =A16+1 -> 13 | B17: Joe Luzzi | C17: 282 | D17: 26 | E17: 2 | F17: 3 | G17: 0 | H17: 6 | I17: 6 | J17: 7 | K17: 19 | L17: 2 | M17: =C17+K17 -> 301 | N17: =D17+L17 -> 28 | O17: X | P17: X | Q17: =if(G17=13,1,0)+VLOOKUP(B17,'121623'!B$5:Q$64,16,false) -> 0 | S17: =if(G17=9,1,0)+VLOOKUP(B17,'121623'!B:S,18,false) -> 6
... A39: =A38+1 -> 35 | B39: Mauricio Palacios | C39: 241 | D39: 22 | E39: 2 | F39: 6 | G39: 0 | H39: 6 | I39: 6 | J39: 6 | K39: 18 | L39: 3 | M39: =C39+K39 -> 259 | N39: =D39+L39 -> 25 | O39: X | P39: X | Q39: =if(G39=13,1,0)+VLOOKUP(B39,'121623'!B$5:Q$64,16,false) -> 0 | S39: =if(G39=9,1,0)+VLOOKUP(B39,'121623'!B:S,18,false) -> 4
A40: =A39+1 -> 36 | B40: Derek Fu | C40: 240 | D40: 10 | E40: 3 | F40: 0 | G40: 9 | H40: 0 | I40: 0 | J40: 0 | K40: 9 | L40: 0 | M40: =C40+K40 -> 249 | N40: =D40+L40 -> 10 | O40: X | Q40: =if(G40=13,1,0)+VLOOKUP(B40,'121623'!B$5:Q$64,16,false) -> 0 | S40: =if(G40=9,1,0)+VLOOKUP(B40,'121623'!B:S,18,false) -> 20
A41: =A40+1 -> 37 | B41: Sandy Weyant | C41: 238 | D41: 14 | E41: 1 | F41: 6 | G41: 0 | H41: 4 | I41: 6 | J41: 4 | K41: 14 | L41: 1 | M41: =C41+K41 -> 252 | N41: =D41+L41 -> 15 | O41: X | P41: X | Q41: =if(G41=13,1,0)+VLOOKUP(B41,'121623'!B$5:Q$64,16,false) -> 0 | S41: =if(G41=9,1,0)+VLOOKUP(B41,'121623'!B:S,18,false) -> 7
A42: =A41+1 -> 38 | B42: Vamsi Lolla | C42: 235 | D42: 12 | E42: 1 | F42: 7 | G42: 0 | H42: 4 | I42: 6 | J42: 6 | K42: 16 | L42: 2 | M42: =C42+K42 -> 251 | N42: =D42+L42 -> 14 | O42: X | P42: X | Q42: =if(G42=13,1,0)+VLOOKUP(B42,'121623'!B$5:Q$64,16,false) -> 1 | S42: =if(G42=9,1,0)+VLOOKUP(B42,'121623'!B:S,18,false) -> 11
A43: =A42+1 -> 39 | B43: Andrew Chin | C43: 235 | D43: 9 | E43: 3 | F43: 0 | G43: 9 | H43: 0 | I43: 0 | J43: 0 | K43: 9 | L43: 0 | M43: =C43+K43 -> 244 | N43: =D43+L43 -> 9 | O43: X | P43: X | Q43: =if(G43=13,1,0)+VLOOKUP(B43,'121623'!B$5:Q$64,16,false) -> 0 | S43: =if(G43=9,1,0)+VLOOKUP(B43,'121623'!B:S,18,false) -> 20
A44: =A43+1 -> 40 | B44: Elayaraja Thangaraj | C44: 234 | D44: 19 | E44: 1 | F44: 7 | G44: 0 | H44: 6 | I44: 6 | J44: 2 | K44: 14 | L44: 2 | M44: =C44+K44 -> 248 | N44: =D44+L44 -> 21 | O44: X | P44: X | Q44: =if(G44=13,1,0)+VLOOKUP(B44,'121623'!B$5:Q$64,16,false) -> 0 | S44: =if(G44=9,1,0)+VLOOKUP(B44,'121623'!B:S,18,false) -> 9
A45: =A44+1 -> 41 | B45: Paul Sanchez | C45: 234 | D45: 9 | E45: 3 | F45: 0 | G45: 9 | H45: 0 | I45: 0 | J45: 0 | K45: 9 | L45: 0 | M45: =C45+K45 -> 243 | N45: =D45+L45 -> 9 | O45: X | Q45: =if(G45=13,1,0)+VLOOKUP(B45,'121623'!B$5:Q$64,16,false) -> 0 | S45: =if(G45=9,1,0)+VLOOKUP(B45,'121623'!B:S,18,false) -> 16
A46: =A45+1 -> 42 | B46: Nohely Mejia | C46: 232 | D46: 12 | E46: 2 | F46: 7 | G46: 0 | H46: 4 | I46: 0 | J46: 2 | K46: 6 | L46: 0 | M46: =C46+K46 -> 238 | N46: =D46+L46 -> 12 | O46: X | P46: X | Q46: =if(G46=13,1,0)+VLOOKUP(B46,'121623'!B$5:Q$64,16,false) -> 2 | S46: =if(G46=9,1,0)+VLOOKUP(B46,'121623'!B:S,18,false) -> 8
A47: =A46+1 -> 43 | B47: Vinot Kumar Nagappan | C47: 231 | D47: 11 | E47: 1 | F47: 7 | G47: 0 | H47: 6 | I47: 0 | J47: 6 | K47: 12 | L47: 2 | M47: =C47+K47 -> 243 | N47: =D47+L47 -> 13 | O47: X | P47: X | Q47: =if(G47=13,1,0)+VLOOKUP(B47,'121623'!B$5:Q$64,16,false) -> 0 | S47: =if(G47=9,1,0)+VLOOKUP(B47,'121623'!B:S,18,false) -> 13
A48: =A47+1 -> 44 | B48: James Cole III | C48: 229 | D48: 8 | E48: 3 | F48: 0 | G48: 9 | H48: 0 | I48: 0 | J48: 0 | K48: 9 | L48: 0 | M48: =C48+K48 -> 238 | N48: =D48+L48 -> 8 | O48: X | Q48: =if(G48=13,1,0)+VLOOKUP(B48,'121623'!B$5:Q$64,16,false) -> 0 | S48: =if(G48=9,1,0)+VLOOKUP(B48,'121623'!B:S,18,false) -> 18
A49: =A48+1 -> 45 | B49: Jimmy Awolesi | C49: 225 | D49: 13 | E49: 1 | F49: 8 | G49: 0 | H49: 6 | I49: 1 | J49: 6 | K49: 13 | L49: 2 | M49: =C49+K49 -> 238 | N49: =D49+L49 -> 15 | O49: X | P49: X | Q49: =if(G49=13,1,0)+VLOOKUP(B49,'121623'!B$5:Q$64,16,false) -> 0 | S49: =if(G49=9,1,0)+VLOOKUP(B49,'121623'!B:S,18,false) -> 10
A50: =A49+1 -> 46 | B50: Balaji Alahari | C50: 222 | D50: 5 | E50: 1 | F50: 8 | G50: 0 | H50: 6 | I50: 6 | J50: 2 | K50: 14 | L50: 2 | M50: =C50+K50 -> 236 | N50: =D50+L50 -> 7 | O50: X | P50: X | Q50: =if(G50=13,1,0)+VLOOKUP(B50,'121623'!B$5:Q$64,16,false) -> 1 | S50: =if(G50=9,1,0)+VLOOKUP(B50,'121623'!B:S,18,false) -> 18
A51: =A50+1 -> 47 | B51: Luis Hsu | C51: 222 | D51: 5 | E51: 3 | F51: 0 | G51: 9 | H51: 0 | I51: 0 | J51: 0 | K51: 9 | L51: 0 | M51: =C51+K51 -> 231 | N51: =D51+L51 -> 5 | O51: X | P51: X | Q51: =if(G51=13,1,0)+VLOOKUP(B51,'121623'!B$5:Q$64,16,false) -> 0 | S51: =if(G51=9,1,0)+VLOOKUP(B51,'121623'!B:S,18,false) -> 21
A52: =A51+1 -> 48 | B52: Pan Lee | C52: 221 | D52: 5 | E52: 3 | F52: 0 | G52: 9 | H52: 0 | I52: 0 | J52: 0 | K52: 9 | L52: 0 | M52: =C52+K52 -> 230 | N52: =D52+L52 -> 5 | O52: X | Q52: =if(G52=13,1,0)+VLOOKUP(B52,'121623'!B$5:Q$64,16,false) -> 0 | S52: =if(G52=9,1,0)+VLOOKUP(B52,'121623'!B:S,18,false) -> 22
A53: =A52+1 -> 49 | B53: Lauren Chang | C53: 219 | D53: 4 | E53: 3 | F53: 0 | G53: 9 | H53: 0 | I53: 0 | J53: 0 | K53: 9 | L53: 0 | M53: =C53+K53 -> 228 | N53: =D53+L53 -> 4 | O53: X | Q53: =if(G53=13,1,0)+VLOOKUP(B53,'121623'!B$5:Q$64,16,false) -> 0 | S53: =if(G53=9,1,0)+VLOOKUP(B53,'121623'!B:S,18,false) -> 19
A54: =A53+1 -> 50 | B54: Santosh Sundaresan | C54: 217 | D54: 6 | E54: 3 | F54: 0 | G54: 9 | H54: 0 | I54: 0 | J54: 0 | K54: 9 | L54: 0 | M54: =C54+K54 -> 226 | N54: =D54+L54 -> 6 | O54: X | P54: X | Q54: =if(G54=13,1,0)+VLOOKUP(B54,'121623'!B$5:Q$64,16,false) -> 0 | S54: =if(G54=9,1,0)+VLOOKUP(B54,'121623'!B:S,18,false) -> 18
A55: =A54+1 -> 51 | B55: Kevin Wang | C55: 216 | D55: 14 | E55: 1 | F55: 8 | G55: 0 | H55: 3 | I55: 6 | J55: 6 | K55: 15 | L55: 2 | M55: =C55+K55 -> 231 | N55: =D55+L55 -> 16 | O55: X | Q55: =if(G55=13,1,0)+VLOOKUP(B55,'121623'!B$5:Q$64,16,false) -> 0 | S55: =if(G55=9,1,0)+VLOOKUP(B55,'121623'!B:S,18,false) -> 9
A56: =A55+1 -> 52 | B56: Vilas Janardhanan | C56: 216 | D56: 7 | E56: 3 | F56: 0 | G56: 9 | H56: 0 | I56: 0 | J56: 0 | K56: 9 | L56: 0 | M56: =C56+K56 -> 225 | N56: =D56+L56 -> 7 | O56: X | P56: X | Q56: =if(G56=13,1,0)+VLOOKUP(B56,'121623'!B$5:Q$64,16,false) -> 0 | S56: =if(G56=9,1,0)+VLOOKUP(B56,'121623'!B:S,18,false) -> 18
A57: =A56+1 -> 53 | B57: Piyorasa Li | C57: 216 | D57: 3 | E57: 3 | F57: 0 | G57: 9 | H57: 0 | I57: 0 | J57: 0 | K57: 9 | L57: 0 | M57: =C57+K57 -> 225 | N57: =D57+L57 -> 3 | O57: X | Q57: =if(G57=13,1,0)+VLOOKUP(B57,'121623'!B$5:Q$64,16,false) -> 0 | S57: =if(G57=9,1,0)+VLOOKUP(B57,'121623'!B:S,18,false) -> 19
A58: =A57+1 -> 54 | B58: Jason Kim | C58: 216 | D58: 3 | E58: 3 | F58: 0 | G58: 9 | H58: 0 | I58: 0 | J58: 0 | K58: 9 | L58: 0 | M58: =C58+K58 -> 225 | N58: =D58+L58 -> 3 | O58: X | Q58: =if(G58=13,1,0)+VLOOKUP(B58,'121623'!B$5:Q$64,16,false) -> 0 | S58: =if(G58=9,1,0)+VLOOKUP(B58,'121623'!B:S,18,false) -> 20
A59: =A58+1 -> 55 | B59: Amit Patel | C59: 214 | D59: 4 | E59: 3 | F59: 0 | G59: 9 | H59: 0 | I59: 0 | J59: 0 | K59: 9 | L59: 0 | M59: =C59+K59 -> 223 | N59: =D59+L59 -> 4 | O59: X | P59: X | Q59: =if(G59=13,1,0)+VLOOKUP(B59,'121623'!B$5:Q$64,16,false) -> 0 | S59: =if(G59=9,1,0)+VLOOKUP(B59,'121623'!B:S,18,false) -> 21
A60: =A59+1 -> 56 | B60: Coco Yan | C60: 211 | D60: 2 | E60: 3 | F60: 0 | G60: 9 | H60: 0 | I60: 0 | J60: 0 | K60: 9 | L60: 0 | M60: =C60+K60 -> 220 | N60: =D60+L60 -> 2 | O60: X | P60: X | Q60: =if(G60=13,1,0)+VLOOKUP(B60,'121623'!B$5:Q$64,16,false) -> 0 | S60: =if(G60=9,1,0)+VLOOKUP(B60,'121623'!B:S,18,false) -> 23
A61: =A60+1 -> 57 | B61: Thomas Zou | C61: 211 | D61: 2 | E61: 3 | F61: 0 | G61: 9 | K61: 9 | M61: =C61+K61 -> 220 | N61: =D61+L61 -> 2 | O61: X | Q61: =if(G61=13,1,0)+VLOOKUP(B61,'121623'!B$5:Q$64,16,false) -> 0 | S61: =if(G61=9,1,0)+VLOOKUP(B61,'121623'!B:S,18,false) -> 23
A62: =A61+1 -> 58 | B62: Savay Lieu | C62: 207 | D62: 0 | E62: 3 | F62: 0 | G62: 9 | H62: 0 | I62: 0 | J62: 0 | K62: 9 | L62: 0 | M62: =C62+K62 -> 216 | N62: =D62+L62 -> 0 | O62: X | P62: X | Q62: =if(G62=13,1,0)+VLOOKUP(B62,'121623'!B$5:Q$64,16,false) -> 0 | S62: =if(G62=9,1,0)+VLOOKUP(B62,'121623'!B:S,18,false) -> 24
A63: =A62+1 -> 59 | B63: Mihir Anand | C63: 207 | D63: 0 | E63: 3 | F63: 0 | G63: 9 | H63: 0 | I63: 0 | J63: 0 | K63: 9 | L63: 0 | M63: =C63+K63 -> 216 | N63: =D63+L63 -> 0 | O63: X | Q63: =if(G63=13,1,0)+VLOOKUP(B63,'121623'!B$5:Q$64,16,false) -> 0 | S63: =if(G63=9,1,0)+VLOOKUP(B63,'121623'!B:S,18,false) -> 24
A64: =A63+1 -> 60 | B64: Manish Anand | C64: 207 | D64: 0 | E64: 3 | F64: 0 | G64: 9 | H64: 0 | I64: 0 | J64: 0 | K64: 9 | L64: 0 | M64: =C64+K64 -> 216 | N64: =D64+L64 -> 0 | O64: X | P64: X | Q64: =if(G64=13,1,0)+VLOOKUP(B64,'121623'!B$5:Q$64,16,false) -> 0 | S64: =if(G64=9,1,0)+VLOOKUP(B64,'121623'!B:S,18,false) -> 24
A65: =A64+1 -> 61 | B65: Fendi Purwadi | C65: 207 | D65: 0 | E65: 3 | F65: 0 | G65: 9 | H65: 0 | I65: 0 | J65: 0 | K65: 9 | L65: 0 | M65: =C65+K65 -> 216 | N65: =D65+L65 -> 0 | O65: X | Q65: =if(G65=13,1,0)+VLOOKUP(B65,'121623'!B:Q,16,false) -> 0 | S65: =if(G65=9,1,0)+VLOOKUP(B65,'121623'!B:S,18,false) -> 24
A66: =A65+1 -> 62 | B66: Joyce Zhu | C66: 206 | D66: 3 | E66: 1 | F66: 8 | G66: 0 | H66: 3 | I66: 1 | J66: 2 | K66: 6 | L66: 0 | M66: =C66+K66 -> 212 | N66: =D66+L66 -> 3 | O66: X | P66: X | Q66: =if(G66=13,1,0)+VLOOKUP(B66,'121623'!B:Q,16,false) -> 0 | S66: =if(G66=9,1,0)+VLOOKUP(B66,'121623'!B:S,18,false) -> 11
A67: =A66+1 -> 63 | B67: Tiffany Yu | C67: 205 | D67: 2 | E67: 3 | F67: 0 | G67: 9 | H67: 0 | I67: 0 | J67: 0 | K67: 9 | L67: 0 | M67: =C67+K67 -> 214 | N67: =D67+L67 -> 2 | O67: X | P67: X | Q67: =if(G67=13,1,0)+VLOOKUP(B67,'121623'!B:Q,16,false) -> 0 | S67: =if(G67=9,1,0)+VLOOKUP(B67,'121623'!B:S,18,false) -> 22
A68: =A67+1 -> 64 | B68: Jose Ortiz | C68: 204 | D68: 5 | E68: 3 | F68: 0 | G68: 9 | H68: 0 | I68: 0 | J68: 0 | K68: 9 | L68: 0 | M68: =C68+K68 -> 213 | N68: =D68+L68 -> 5 | O68: X | Q68: =if(G68=13,1,0)+VLOOKUP(B68,'121623'!B:Q,16,false) -> 0 | S68: =if(G68=9,1,0)+VLOOKUP(B68,'121623'!B:S,18,false) -> 19
B70: =COUNTA(B5:B68) -> 64 | O70: Paid | P70: =COUNTA(P5:P68) -> 51
O71: To Pay | P71: =P72-P70 -> 13
O72: Total | P72: =B70 -> 64
B76: Top Scores | C76: Games | D76: Sets
B77: =IFERROR(__xludf.DUMMYFUNCTION("QUERY(B5:L68,""Select B, K, L where K >= 18 order by K desc, L desc"",0)"),"Joe Luzzi") -> Joe Luzzi | C77: =IFERROR(__xludf.DUMMYFUNCTION("""COMPUTED_VALUE"""),19.0) -> 19 | D77: =IFERROR(__xludf.DUMMYFUNCTION("""COMPUTED_VALUE"""),2.0) -> 2
B78: =IFERROR(__xludf.DUMMYFUNCTION("""COMPUTED_VALUE"""),"Jonathan Phan") -> Jonathan Phan | C78: =IFERROR(__xludf.DUMMYFUNCTION("""COMPUTED_VALUE"""),19.0) -> 19 | D78: =IFERROR(__xludf.DUMMYFUNCTION("""COMPUTED_VALUE"""),2.0) -> 2
B79: =IFERROR(__xludf.DUMMYFUNCTION("""COMPUTED_VALUE"""),"Peter Homsey") -> Peter Homsey | C79: =IFERROR(__xludf.DUMMYFUNCTION("""COMPUTED_VALUE"""),18.0) -> 18 | D79: =IFERROR(__xludf.DUMMYFUNCTION("""COMPUTED_VALUE"""),3.0) -> 3
B80: =IFERROR(__xludf.DUMMYFUNCTION("""COMPUTED_VALUE"""),"Christopher Li") -> Christopher Li | C80: =IFERROR(__xludf.DUMMYFUNCTION("""COMPUTED_VALUE"""),18.0) -> 18 | D80: =IFERROR(__xludf.DUMMYFUNCTION("""COMPUTED_VALUE"""),3.0) -> 3
B81: =IFERROR(__xludf.DUMMYFUNCTION("""COMPUTED_VALUE"""),"Mauricio Palacios") -> Mauricio Palacios | C81: =IFERROR(__xludf.DUMMYFUNCTION("""COMPUTED_VALUE"""),18.0) -> 18 | D81: =IFERROR(__xludf.DUMMYFUNCTION("""COMPUTED_VALUE"""),3.0) -> 3
B82: =IFERROR(__xludf.DUMMYFUNCTION("""COMPUTED_VALUE"""),"Peter Cheng") -> Peter Cheng | C82: =IFERROR(__xludf.DUMMYFUNCTION("""COMPUTED_VALUE"""),18.0) -> 18 | D82: =IFERROR(__xludf.DUMMYFUNCTION("""COMPUTED_VALUE"""),2.0) -> 2
B83: =IFERROR(__xludf.DUMMYFUNCTION("""COMPUTED_VALUE"""),"Ted Shen") -> Ted Shen | C83: =IFERROR(__xludf.DUMMYFUNCTION("""COMPUTED_VALUE"""),18.0) -> 18 | D83: =IFERROR(__xludf.DUMMYFUNCTION("""COMPUTED_VALUE"""),2.0) -> 2
B89: Name of Player | C89: Games Won | D89: Sets Won | E89: Check IN | F89: Court # | G89: Set 0 | H89: Set 1 | I89: Set 2 | J89: Set 3 | K89: Games Won | L89: Sets Won | M89: Games Won | N89: Sets Won
B90: =IFERROR(__xludf.DUMMYFUNCTION("QUERY(B5:N68, ""Select B, C, D, E, F, G, H, I, J, K, L, M, N where F >= 1"")"),"Peter Cheng") -> Peter Cheng | C90: =IFERROR(__xludf.DUMMYFUNCTION("""COMPUTED_VALUE"""),321.0) -> 321 | D90: =IFERROR(__xludf.DUMMYFUNCTION("""COMPUTED_VALUE"""),34.0) -> 34 | E90: =IFERROR(__xludf.DUMMYFUNCTION("""COMPUTED_VALUE"""),1.0) -> 1 | F90: =IFERROR(__xludf.DUMMYFUNCTION("""COMPUTED_VALUE"""),1.0) -> 1 | G90: =IFERROR(__xludf.DUMMYFUNCTION("""COMPUTED_VALUE"""),0.0) -> 0 | H90: =IFERROR(__xludf.DUMMYFUNCTION("""COMPUTED_VALUE"""),6.0) -> 6 | I90: =IFERROR(__xludf.DUMMYFUNCTION("""COMPUTED_VALUE"""),6.0) -> 6 | J90: =IFERROR(__xludf.DUMMYFUNCTION("""COMPUTED_VALUE"""),6.0) -> 6 | K90: =IFERROR(__xludf.DUMMYFUNCTION("""COMPUTED_VALUE"""),18.0) -> 18 | L90: =IFERROR(__xludf.DUMMYFUNCTION("""COMPUTED_VALUE"""),2.0) -> 2 | M90: =IFERROR(__xludf.DUMMYFUNCTION("""COMPUTED_VALUE"""),339.0) -> 339 | N90: =IFERROR(__xludf.DUMMYFUNCTION("""COMPUTED_VALUE"""),36.0) -> 36
B91: =IFERROR(__xludf.DUMMYFUNCTION("""COMPUTED_VALUE"""),"Robert Chang") -> Robert Chang | C91: =IFERROR(__xludf.DUMMYFUNCTION("""COMPUTED_VALUE"""),307.0) -> 307 | D91: =IFERROR(__xludf.DUMMYFUNCTION("""COMPUTED_VALUE"""),29.0) -> 29 | E91: =IFERROR(__xludf.DUMMYFUNCTION("""COMPUTED_VALUE"""),2.0) -> 2 | F91: =IFERROR(__xludf.DUMMYFUNCTION("""COMPUTED_VALUE"""),1.0) -> 1 | G91: =IFERROR(__xludf.DUMMYFUNCTION("""COMPUTED_VALUE"""),0.0) -> 0 | H91: =IFERROR(__xludf.DUMMYFUNCTION("""COMPUTED_VALUE"""),6.0) -> 6 | I91: =IFERROR(__xludf.DUMMYFUNCTION("""COMPUTED_VALUE"""),4.0) -> 4 | J91: =IFERROR(__xludf.DUMMYFUNCTION("""COMPUTED_VALUE"""),7.0) -> 7 | K91: =IFERROR(__xludf.DUMMYFUNCTION("""COMPUTED_VALUE"""),17.0) -> 17 | L91: =IFERROR(__xludf.DUMMYFUNCTION("""COMPUTED_VALUE"""),2.0) -> 2 | M91: =IFERROR(__xludf.DUMMYFUNCTION("""COMPUTED_VALUE"""),324.0) -> 324 | N91: =IFERROR(__xludf.DUMMYFUNCTION("""COMPUTED_VALUE"""),31.0) -> 31
B92: =IFERROR(__xludf.DUMMYFUNCTION("""COMPUTED_VALUE"""),"Alejandro Mejia") -> Alejandro Mejia | C92: =IFERROR(__xludf.DUMMYFUNCTION("""COMPUTED_VALUE"""),297.0) -> 297 | D92: =IFERROR(__xludf.DUMMYFUNCTION("""COMPUTED_VALUE"""),26.0) -> 26 | E92: =IFERROR(__xludf.DUMMYFUNCTION("""COMPUTED_VALUE"""),1.0) -> 1 | F92: =IFERROR(__xludf.DUMMYFUNCTION("""COMPUTED_VALUE"""),1.0) -> 1 | G92: =IFERROR(__xludf.DUMMYFUNCTION("""COMPUTED_VALUE"""),0.0) -> 0 | H92: =IFERROR(__xludf.DUMMYFUNCTION("""COMPUTED_VALUE"""),4.0) -> 4 | I92: =IFERROR(__xludf.DUMMYFUNCTION("""COMPUTED_VALUE"""),6.0) -> 6 | J92: =IFERROR(__xludf.DUMMYFUNCTION("""COMPUTED_VALUE"""),7.0) -> 7 | K92: =IFERROR(__xludf.DUMMYFUNCTION("""COMPUTED_VALUE"""),17.0) -> 17 | L92: =IFERROR(__xludf.DUMMYFUNCTION("""COMPUTED_VALUE"""),2.0) -> 2 | M92: =IFERROR(__xludf.DUMMYFUNCTION("""COMPUTED_VALUE"""),314.0) -> 314 | N92: =IFERROR(__xludf.DUMMYFUNCTION("""COMPUTED_VALUE"""),28.0) -> 28
B93: =IFERROR(__xludf.DUMMYFUNCTION("""COMPUTED_VALUE"""),"Matthew Huang") -> Matthew Huang | C93: =IFERROR(__xludf.DUMMYFUNCTION("""COMPUTED_VALUE"""),295.0) -> 295 | D93: =IFERROR(__xludf.DUMMYFUNCTION("""COMPUTED_VALUE"""),25.0) -> 25 | E93: =IFERROR(__xludf.DUMMYFUNCTION("""COMPUTED_VALUE"""),1.0) -> 1 | F93: =IFERROR(__xludf.DUMMYFUNCTION("""COMPUTED_VALUE"""),1.0) -> 1 | G93: =IFERROR(__xludf.DUMMYFUNCTION("""COMPUTED_VALUE"""),0.0) -> 0 | H93: =IFERROR(__xludf.DUMMYFUNCTION("""COMPUTED_VALUE"""),4.0) -> 4 | I93: =IFERROR(__xludf.DUMMYFUNCTION("""COMPUTED_VALUE"""),4.0) -> 4 | J93: =IFERROR(__xludf.DUMMYFUNCTION("""COMPUTED_VALUE"""),6.0) -> 6 | K93: =IFERROR(__xludf.DUMMYFUNCTION("""COMPUTED_VALUE"""),14.0) -> 14 | L93: =IFERROR(__xludf.DUMMYFUNCTION("""COMPUTED_VALUE"""),0.0) -> 0 | M93: =IFERROR(__xludf.DUMMYFUNCTION("""COMPUTED_VALUE"""),309.0) -> 309 | N93: =IFERROR(__xludf.DUMMYFUNCTION("""COMPUTED_VALUE"""),25.0) -> 25
B94: =IFERROR(__xludf.DUMMYFUNCTION("""COMPUTED_VALUE"""),"Pavan Akkimsetty") -> Pavan Akkimsetty | C94: =IFERROR(__xludf.DUMMYFUNCTION("""COMPUTED_VALUE"""),291.0) -> 291 | D94: =IFERROR(__xludf.DUMMYFUNCTION("""COMPUTED_VALUE"""),26.0) -> 26 | E94: =IFERROR(__xludf.DUMMYFUNCTION("""COMPUTED_VALUE"""),1.0) -> 1 | F94: =IFERROR(__xludf.DUMMYFUNCTION("""COMPUTED_VALUE"""),2.0) -> 2 | G94: =IFERROR(__xludf.DUMMYFUNCTION("""COMPUTED_VALUE"""),0.0) -> 0 | H94: =IFERROR(__xludf.DUMMYFUNCTION("""COMPUTED_VALUE"""),6.0) -> 6 | I94: =IFERROR(__xludf.DUMMYFUNCTION("""COMPUTED_VALUE"""),4.0) -> 4 | J94: =IFERROR(__xludf.DUMMYFUNCTION("""COMPUTED_VALUE"""),4.0) -> 4 | K94: =IFERROR(__xludf.DUMMYFUNCTION("""COMPUTED_VALUE"""),14.0) -> 14 | L94: =IFERROR(__xludf.DUMMYFUNCTION("""COMPUTED_VALUE"""),1.0) -> 1 | M94: =IFERROR(__xludf.DUMMYFUNCTION("""COMPUTED_VALUE"""),305.0) -> 305 | N94: =IFERROR(__xludf.DUMMYFUNCTION("""COMPUTED_VALUE"""),27.0) -> 27
B95: =IFERROR(__xludf.DUMMYFUNCTION("""COMPUTED_VALUE"""),"Erik Hoeckmann") -> Erik Hoeckmann | C95: =IFERROR(__xludf.DUMMYFUNCTION("""COMPUTED_VALUE"""),290.0) -> 290 | D95: =IFERROR(__xludf.DUMMYFUNCTION("""COMPUTED_VALUE"""),23.0) -> 23 | E95: =IFERROR(__xludf.DUMMYFUNCTION("""COMPUTED_VALUE"""),1.0) -> 1 | F95: =IFERROR(__xludf.DUMMYFUNCTION("""COMPUTED_VALUE"""),2.0) -> 2 | G95: =IFERROR(__xludf.DUMMYFUNCTION("""COMPUTED_VALUE"""),0.0) -> 0 | H95: =IFERROR(__xludf.DUMMYFUNCTION("""COMPUTED_VALUE"""),1.0) -> 1 | I95: =IFERROR(__xludf.DUMMYFUNCTION("""COMPUTED_VALUE"""),4.0) -> 4 | J95: =IFERROR(__xludf.DUMMYFUNCTION("""COMPUTED_VALUE"""),6.0) -> 6 | K95: =IFERROR(__xludf.DUMMYFUNCTION("""COMPUTED_VALUE"""),11.0) -> 11 | L95: =IFERROR(__xludf.DUMMYFUNCTION("""COMPUTED_VALUE"""),1.0) -> 1 | M95: =IFERROR(__xludf.DUMMYFUNCTION("""COMPUTED_VALUE"""),301.0) -> 301 | N95: =IFERROR(__xludf.DUMMYFUNCTION("""COMPUTED_VALUE"""),24.0) -> 24
B96: =IFERROR(__xludf.DUMMYFUNCTION("""COMPUTED_VALUE"""),"Peter Homsey") -> Peter Homsey | C96: =IFERROR(__xludf.DUMMYFUNCTION("""COMPUTED_VALUE"""),283.0) -> 283 | D96: =IFERROR(__xludf.DUMMYFUNCTION("""COMPUTED_VALUE"""),24.0) -> 24 | E96: =IFERROR(__xludf.DUMMYFUNCTION("""COMPUTED_VALUE"""),1.0) -> 1 | F96: =IFERROR(__xludf.DUMMYFUNCTION("""COMPUTED_VALUE"""),2.0) -> 2 | G96: =IFERROR(__xludf.DUMMYFUNCTION("""COMPUTED_VALUE"""),0.0) -> 0 | H96: =IFERROR(__xludf.DUMMYFUNCTION("""COMPUTED_VALUE"""),6.0) -> 6 | I96: =IFERROR(__xludf.DUMMYFUNCTION("""COMPUTED_VALUE"""),6.0) -> 6 | J96: =IFERROR(__xludf.DUMMYFUNCTION("""COMPUTED_VALUE"""),6.0) -> 6 | K96: =IFERROR(__xludf.DUMMYFUNCTION("""COMPUTED_VALUE"""),18.0) -> 18 | L96: =IFERROR(__xludf.DUMMYFUNCTION("""COMPUTED_VALUE"""),3.0) -> 3 | M96: =IFERROR(__xludf.DUMMYFUNCTION("""COMPUTED_VALUE"""),301.0) -> 301 | N96: =IFERROR(__xludf.DUMMYFUNCTION("""COMPUTED_VALUE"""),27.0) -> 27
B97: =IFERROR(__xludf.DUMMYFUNCTION("""COMPUTED_VALUE"""),"Chinna Ponnaganti") -> Chinna Ponnaganti | C97: =IFERROR(__xludf.DUMMYFUNCTION("""COMPUTED_VALUE"""),282.0) -> 282 | D97: =IFERROR(__xludf.DUMMYFUNCTION("""COMPUTED_VALUE"""),26.0) -> 26 | E97: =IFERROR(__xludf.DUMMYFUNCTION("""COMPUTED_VALUE"""),1.0) -> 1 | F97: =IFERROR(__xludf.DUMMYFUNCTION("""COMPUTED_VALUE"""),2.0) -> 2 | G97: =IFERROR(__xludf.DUMMYFUNCTION("""COMPUTED_VALUE"""),0.0) -> 0 | H97: =IFERROR(__xludf.DUMMYFUNCTION("""COMPUTED_VALUE"""),1.0) -> 1 | I97: =IFERROR(__xludf.DUMMYFUNCTION("""COMPUTED_VALUE"""),6.0) -> 6 | J97: =IFERROR(__xludf.DUMMYFUNCTION("""COMPUTED_VALUE"""),4.0) -> 4 | K97: =IFERROR(__xludf.DUMMYFUNCTION("""COMPUTED_VALUE"""),11.0) -> 11 | L97: =IFERROR(__xludf.DUMMYFUNCTION("""COMPUTED_VALUE"""),1.0) -> 1 | M97: =IFERROR(__xludf.DUMMYFUNCTION("""COMPUTED_VALUE"""),293.0) -> 293 | N97: =IFERROR(__xludf.DUMMYFUNCTION("""COMPUTED_VALUE"""),27.0) -> 27
B98: =IFERROR(__xludf.DUMMYFUNCTION("""COMPUTED_VALUE"""),"Joe Luzzi") -> Joe Luzzi | C98: =IFERROR(__xludf.DUMMYFUNCTION("""COMPUTED_VALUE"""),282.0) -> 282 | D98: =IFERROR(__xludf.DUMMYFUNCTION("""COMPUTED_VALUE"""),26.0) -> 26 | E98: =IFERROR(__xludf.DUMMYFUNCTION("""COMPUTED_VALUE"""),2.0) -> 2 | F98: =IFERROR(__xludf.DUMMYFUNCTION("""COMPUTED_VALUE"""),3.0) -> 3 | G98: =IFERROR(__xludf.DUMMYFUNCTION("""COMPUTED_VALUE"""),0.0) -> 0 | H98: =IFERROR(__xludf.DUMMYFUNCTION("""COMPUTED_VALUE"""),6.0) -> 6 | I98: =IFERROR(__xludf.DUMMYFUNCTION("""COMPUTED_VALUE"""),6.0) -> 6 | J98: =IFERROR(__xludf.DUMMYFUNCTION("""COMPUTED_VALUE"""),7.0) -> 7 | K98: =IFERROR(__xludf.DUMMYFUNCTION("""COMPUTED_VALUE"""),19.0) -> 19 | L98: =IFERROR(__xludf.DUMMYFUNCTION("""COMPUTED_VALUE"""),2.0) -> 2 | M98: =IFERROR(__xludf.DUMMYFUNCTION("""COMPUTED_VALUE"""),301.0) -> 301 | N98: =IFERROR(__xludf.DUMMYFUNCTION("""COMPUTED_VALUE"""),28.0) -> 28
B99: =IFERROR(__xludf.DUMMYFUNCTION("""COMPUTED_VALUE"""),"David Shin") -> David Shin | C99: =IFERROR(__xludf.DUMMYFUNCTION("""COMPUTED_VALUE"""),280.0) -> 280 | D99: =IFERROR(__xludf.DUMMYFUNCTION("""COMPUTED_VALUE"""),22.0) -> 22 | E99: =IFERROR(__xludf.DUMMYFUNCTION("""COMPUTED_VALUE"""),2.0) -> 2 | F99: =IFERROR(__xludf.DUMMYFUNCTION("""COMPUTED_VALUE"""),3.0) -> 3 | G99: =IFERROR(__xludf.DUMMYFUNCTION("""COMPUTED_VALUE"""),0.0) -> 0 | H99: =IFERROR(__xludf.DUMMYFUNCTION("""COMPUTED_VALUE"""),4.0) -> 4 | I99: =IFERROR(__xludf.DUMMYFUNCTION("""COMPUTED_VALUE"""),6.0) -> 6 | J99: =IFERROR(__xludf.DUMMYFUNCTION("""COMPUTED_VALUE"""),6.0) -> 6 | K99: =IFERROR(__xludf.DUMMYFUNCTION("""COMPUTED_VALUE"""),16.0) -> 16 | L99: =IFERROR(__xludf.DUMMYFUNCTION("""COMPUTED_VALUE"""),0.0) -> 0 | M99: =IFERROR(__xludf.DUMMYFUNCTION("""COMPUTED_VALUE"""),296.0) -> 296 | N99: =IFERROR(__xludf.DUMMYFUNCTION("""COMPUTED_VALUE"""),22.0) -> 22
B100: =IFERROR(__xludf.DUMMYFUNCTION("""COMPUTED_VALUE"""),"Ted Shen") -> Ted Shen | C100: =IFERROR(__xludf.DUMMYFUNCTION("""COMPUTED_VALUE"""),279.0) -> 279 | D100: =IFERROR(__xludf.DUMMYFUNCTION("""COMPUTED_VALUE"""),24.0) -> 24 | E100: =IFERROR(__xludf.DUMMYFUNCTION("""COMPUTED_VALUE"""),1.0) -> 1 | F100: =IFERROR(__xludf.DUMMYFUNCTION("""COMPUTED_VALUE"""),3.0) -> 3 | G100: =IFERROR(__xludf.DUMMYFUNCTION("""COMPUTED_VALUE"""),0.0) -> 0 | H100: =IFERROR(__xludf.DUMMYFUNCTION("""COMPUTED_VALUE"""),4.0) -> 4 | I100: =IFERROR(__xludf.DUMMYFUNCTION("""COMPUTED_VALUE"""),7.0) -> 7 | J100: =IFERROR(__xludf.DUMMYFUNCTION("""COMPUTED_VALUE"""),7.0) -> 7 | K100: =IFERROR(__xludf.DUMMYFUNCTION("""COMPUTED_VALUE"""),18.0) -> 18 | L100: =IFERROR(__xludf.DUMMYFUNCTION("""COMPUTED_VALUE"""),2.0) -> 2 | M100: =IFERROR(__xludf.DUMMYFUNCTION("""COMPUTED_VALUE"""),297.0) -> 297 | N100: =IFERROR(__xludf.DUMMYFUNCTION("""COMPUTED_VALUE"""),26.0) -> 26
B101: =IFERROR(__xludf.DUMMYFUNCTION("""COMPUTED_VALUE"""),"Jonathan Phan") -> Jonathan Phan | C101: =IFERROR(__xludf.DUMMYFUNCTION("""COMPUTED_VALUE"""),278.0) -> 278 | D101: =IFERROR(__xludf.DUMMYFUNCTION("""COMPUTED_VALUE"""),20.0) -> 20 | E101: =IFERROR(__xludf.DUMMYFUNCTION("""COMPUTED_VALUE"""),1.0) -> 1 | F101: =IFERROR(__xludf.DUMMYFUNCTION("""COMPUTED_VALUE"""),3.0) -> 3 | G101: =IFERROR(__xludf.DUMMYFUNCTION("""COMPUTED_VALUE"""),0.0) -> 0 | H101: =IFERROR(__xludf.DUMMYFUNCTION("""COMPUTED_VALUE"""),6.0) -> 6 | I101: =IFERROR(__xludf.DUMMYFUNCTION("""COMPUTED_VALUE"""),7.0) -> 7 | J101: =IFERROR(__xludf.DUMMYFUNCTION("""COMPUTED_VALUE"""),6.0) -> 6 | K101: =IFERROR(__xludf.DUMMYFUNCTION("""COMPUTED_VALUE"""),19.0) -> 19 | L101: =IFERROR(__xludf.DUMMYFUNCTION("""COMPUTED_VALUE"""),2.0) -> 2 | M101: =IFERROR(__xludf.DUMMYFUNCTION("""COMPUTED_VALUE"""),297.0) -> 297 | N101: =IFERROR(__xludf.DUMMYFUNCTION("""COMPUTED_VALUE"""),22.0) -> 22
B102: =IFERROR(__xludf.DUMMYFUNCTION("""COMPUTED_VALUE"""),"Tony Wong") -> Tony Wong | C102: =IFERROR(__xludf.DUMMYFUNCTION("""COMPUTED_VALUE"""),276.0) -> 276 | D102: =IFERROR(__xludf.DUMMYFUNCTION("""COMPUTED_VALUE"""),18.0) -> 18 | E102: =IFERROR(__xludf.DUMMYFUNCTION("""COMPUTED_VALUE"""),2.0) -> 2 | F102: =IFERROR(__xludf.DUMMYFUNCTION("""COMPUTED_VALUE"""),4.0) -> 4 | G102: =IFERROR(__xludf.DUMMYFUNCTION("""COMPUTED_VALUE"""),0.0) -> 0 | H102: =IFERROR(__xludf.DUMMYFUNCTION("""COMPUTED_VALUE"""),0.0) -> 0 | I102: =IFERROR(__xludf.DUMMYFUNCTION("""COMPUTED_VALUE"""),2.0) -> 2 | J102: =IFERROR(__xludf.DUMMYFUNCTION("""COMPUTED_VALUE"""),5.0) -> 5 | K102: =IFERROR(__xludf.DUMMYFUNCTION("""COMPUTED_VALUE"""),7.0) -> 7 | L102: =IFERROR(__xludf.DUMMYFUNCTION("""COMPUTED_VALUE"""),0.0) -> 0 | M102: =IFERROR(__xludf.DUMMYFUNCTION("""COMPUTED_VALUE"""),283.0) -> 283 | N102: =IFERROR(__xludf.DUMMYFUNCTION("""COMPUTED_VALUE"""),18.0) -> 18
B103: =IFERROR(__xludf.DUMMYFUNCTION("""COMPUTED_VALUE"""),"Kingsley Kuo") -> Kingsley Kuo | C103: =IFERROR(__xludf.DUMMYFUNCTION("""COMPUTED_VALUE"""),271.0) -> 271 | D103: =IFERROR(__xludf.DUMMYFUNCTION("""COMPUTED_VALUE"""),18.0) -> 18 | E103: =IFERROR(__xludf.DUMMYFUNCTION("""COMPUTED_VALUE"""),1.0) -> 1 | F103: =IFERROR(__xludf.DUMMYFUNCTION("""COMPUTED_VALUE"""),4.0) -> 4 | G103: =IFERROR(__xludf.DUMMYFUNCTION("""COMPUTED_VALUE"""),0.0) -> 0 | H103: =IFERROR(__xludf.DUMMYFUNCTION("""COMPUTED_VALUE"""),6.0) -> 6 | I103: =IFERROR(__xludf.DUMMYFUNCTION("""COMPUTED_VALUE"""),2.0) -> 2 | J103: =IFERROR(__xludf.DUMMYFUNCTION("""COMPUTED_VALUE"""),7.0) -> 7 | K103: =IFERROR(__xludf.DUMMYFUNCTION("""COMPUTED_VALUE"""),15.0) -> 15 | L103: =IFERROR(__xludf.DUMMYFUNCTION("""COMPUTED_VALUE"""),2.0) -> 2 | M103: =IFERROR(__xludf.DUMMYFUNCTION("""COMPUTED_VALUE"""),286.0) -> 286 | N103: =IFERROR(__xludf.DUMMYFUNCTION("""COMPUTED_VALUE"""),20.0) -> 20
B104: =IFERROR(__xludf.DUMMYFUNCTION("""COMPUTED_VALUE"""),"Trinath Goteti") -> Trinath Goteti | C104: =IFERROR(__xludf.DUMMYFUNCTION("""COMPUTED_VALUE"""),271.0) -> 271 | D104: =IFERROR(__xludf.DUMMYFUNCTION("""COMPUTED_VALUE"""),18.0) -> 18 | E104: =IFERROR(__xludf.DUMMYFUNCTION("""COMPUTED_VALUE"""),2.0) -> 2 | F104: =IFERROR(__xludf.DUMMYFUNCTION("""COMPUTED_VALUE"""),4.0) -> 4 | G104: =IFERROR(__xludf.DUMMYFUNCTION("""COMPUTED_VALUE"""),0.0) -> 0 | H104: =IFERROR(__xludf.DUMMYFUNCTION("""COMPUTED_VALUE"""),0.0) -> 0 | I104: =IFERROR(__xludf.DUMMYFUNCTION("""COMPUTED_VALUE"""),6.0) -> 6 | J104: =IFERROR(__xludf.DUMMYFUNCTION("""COMPUTED_VALUE"""),7.0) -> 7 | K104: =IFERROR(__xludf.DUMMYFUNCTION("""COMPUTED_VALUE"""),13.0) -> 13 | L104: =IFERROR(__xludf.DUMMYFUNCTION("""COMPUTED_VALUE"""),2.0) -> 2 | M104: =IFERROR(__xludf.DUMMYFUNCTION("""COMPUTED_VALUE"""),284.0) -> 284 | N104: =IFERROR(__xludf.DUMMYFUNCTION("""COMPUTED_VALUE"""),20.0) -> 20
B105: =IFERROR(__xludf.DUMMYFUNCTION("""COMPUTED_VALUE"""),"Sai Dilip Ponnaganti") -> Sai Dilip Ponnaganti | C105: =IFERROR(__xludf.DUMMYFUNCTION("""COMPUTED_VALUE"""),269.0) -> 269 | D105: =IFERROR(__xludf.DUMMYFUNCTION("""COMPUTED_VALUE"""),17.0) -> 17 | E105: =IFERROR(__xludf.DUMMYFUNCTION("""COMPUTED_VALUE"""),1.0) -> 1 | F105: =IFERROR(__xludf.DUMMYFUNCTION("""COMPUTED_VALUE"""),4.0) -> 4 | G105: =IFERROR(__xludf.DUMMYFUNCTION("""COMPUTED_VALUE"""),0.0) -> 0 | H105: =IFERROR(__xludf.DUMMYFUNCTION("""COMPUTED_VALUE"""),6.0) -> 6 | I105: =IFERROR(__xludf.DUMMYFUNCTION("""COMPUTED_VALUE"""),6.0) -> 6 | J105: =IFERROR(__xludf.DUMMYFUNCTION("""COMPUTED_VALUE"""),5.0) -> 5 | K105: =IFERROR(__xludf.DUMMYFUNCTION("""COMPUTED_VALUE"""),17.0) -> 17 | L105: =IFERROR(__xludf.DUMMYFUNCTION("""COMPUTED_VALUE"""),2.0) -> 2 | M105: =IFERROR(__xludf.DUMMYFUNCTION("""COMPUTED_VALUE"""),286.0) -> 286 | N105: =IFERROR(__xludf.DUMMYFUNCTION("""COMPUTED_VALUE"""),19.0) -> 19
B106: =IFERROR(__xludf.DUMMYFUNCTION("""COMPUTED_VALUE"""),"Sean Chang") -> Sean Chang | C106: =IFERROR(__xludf.DUMMYFUNCTION("""COMPUTED_VALUE"""),267.0) -> 267 | D106: =IFERROR(__xludf.DUMMYFUNCTION("""COMPUTED_VALUE"""),17.0) -> 17 | E106: =IFERROR(__xludf.DUMMYFUNCTION("""COMPUTED_VALUE"""),1.0) -> 1 | F106: =IFERROR(__xludf.DUMMYFUNCTION("""COMPUTED_VALUE"""),5.0) -> 5 | G106: =IFERROR(__xludf.DUMMYFUNCTION("""COMPUTED_VALUE"""),0.0) -> 0 | H106: =IFERROR(__xludf.DUMMYFUNCTION("""COMPUTED_VALUE"""),4.0) -> 4 | I106: =IFERROR(__xludf.DUMMYFUNCTION("""COMPUTED_VALUE"""),1.0) -> 1 | J106: =IFERROR(__xludf.DUMMYFUNCTION("""COMPUTED_VALUE"""),6.0) -> 6 | K106: =IFERROR(__xludf.DUMMYFUNCTION("""COMPUTED_VALUE"""),11.0) -> 11 | L106: =IFERROR(__xludf.DUMMYFUNCTION("""COMPUTED_VALUE"""),1.0) -> 1 | M106: =IFERROR(__xludf.DUMMYFUNCTION("""COMPUTED_VALUE"""),278.0) -> 278 | N106: =IFERROR(__xludf.DUMMYFUNCTION("""COMPUTED_VALUE"""),18.0) -> 18
B107: =IFERROR(__xludf.DUMMYFUNCTION("""COMPUTED_VALUE"""),"Christopher Li") -> Christopher Li | C107: =IFERROR(__xludf.DUMMYFUNCTION("""COMPUTED_VALUE"""),260.0) -> 260 | D107: =IFERROR(__xludf.DUMMYFUNCTION("""COMPUTED_VALUE"""),16.0) -> 16 | E107: =IFERROR(__xludf.DUMMYFUNCTION("""COMPUTED_VALUE"""),1.0) -> 1 | F107: =IFERROR(__xludf.DUMMYFUNCTION("""COMPUTED_VALUE"""),5.0) -> 5 | G107: =IFERROR(__xludf.DUMMYFUNCTION("""COMPUTED_VALUE"""),0.0) -> 0 | H107: =IFERROR(__xludf.DUMMYFUNCTION("""COMPUTED_VALUE"""),6.0) -> 6 | I107: =IFERROR(__xludf.DUMMYFUNCTION("""COMPUTED_VALUE"""),6.0) -> 6 | J107: =IFERROR(__xludf.DUMMYFUNCTION("""COMPUTED_VALUE"""),6.0) -> 6 | K107: =IFERROR(__xludf.DUMMYFUNCTION("""COMPUTED_VALUE"""),18.0) -> 18 | L107: =IFERROR(__xludf.DUMMYFUNCTION("""COMPUTED_VALUE"""),3.0) -> 3 | M107: =IFERROR(__xludf.DUMMYFUNCTION("""COMPUTED_VALUE"""),278.0) -> 278 | N107: =IFERROR(__xludf.DUMMYFUNCTION("""COMPUTED_VALUE"""),19.0) -> 19
B108: =IFERROR(__xludf.DUMMYFUNCTION("""COMPUTED_VALUE"""),"Rajasekar Ramasamy") -> Rajasekar Ramasamy | C108: =IFERROR(__xludf.DUMMYFUNCTION("""COMPUTED_VALUE"""),258.0) -> 258 | D108: =IFERROR(__xludf.DUMMYFUNCTION("""COMPUTED_VALUE"""),21.0) -> 21 | E108: =IFERROR(__xludf.DUMMYFUNCTION("""COMPUTED_VALUE"""),1.0) -> 1 | F108: =IFERROR(__xludf.DUMMYFUNCTION("""COMPUTED_VALUE"""),5.0) -> 5 | G108: =IFERROR(__xludf.DUMMYFUNCTION("""COMPUTED_VALUE"""),0.0) -> 0 | H108: =IFERROR(__xludf.DUMMYFUNCTION("""COMPUTED_VALUE"""),4.0) -> 4 | I108: =IFERROR(__xludf.DUMMYFUNCTION("""COMPUTED_VALUE"""),6.0) -> 6 | J108: =IFERROR(__xludf.DUMMYFUNCTION("""COMPUTED_VALUE"""),2.0) -> 2 | K108: =IFERROR(__xludf.DUMMYFUNCTION("""COMPUTED_VALUE"""),12.0) -> 12 | L108: =IFERROR(__xludf.DUMMYFUNCTION("""COMPUTED_VALUE"""),1.0) -> 1 | M108: =IFERROR(__xludf.DUMMYFUNCTION("""COMPUTED_VALUE"""),270.0) -> 270 | N108: =IFERROR(__xludf.DUMMYFUNCTION("""COMPUTED_VALUE"""),22.0) -> 22
B109: =IFERROR(__xludf.DUMMYFUNCTION("""COMPUTED_VALUE"""),"Susanta Mishra") -> Susanta Mishra | C109: =IFERROR(__xludf.DUMMYFUNCTION("""COMPUTED_VALUE"""),256.0) -> 256 | D109: =IFERROR(__xludf.DUMMYFUNCTION("""COMPUTED_VALUE"""),16.0) -> 16 | E109: =IFERROR(__xludf.DUMMYFUNCTION("""COMPUTED_VALUE"""),1.0) -> 1 | F109: =IFERROR(__xludf.DUMMYFUNCTION("""COMPUTED_VALUE"""),5.0) -> 5 | G109: =IFERROR(__xludf.DUMMYFUNCTION("""COMPUTED_VALUE"""),0.0) -> 0 | H109: =IFERROR(__xludf.DUMMYFUNCTION("""COMPUTED_VALUE"""),6.0) -> 6 | I109: =IFERROR(__xludf.DUMMYFUNCTION("""COMPUTED_VALUE"""),1.0) -> 1 | J109: =IFERROR(__xludf.DUMMYFUNCTION("""COMPUTED_VALUE"""),2.0) -> 2 | K109: =IFERROR(__xludf.DUMMYFUNCTION("""COMPUTED_VALUE"""),9.0) -> 9 | L109: =IFERROR(__xludf.DUMMYFUNCTION("""COMPUTED_VALUE"""),1.0) -> 1 | M109: =IFERROR(__xludf.DUMMYFUNCTION("""COMPUTED_VALUE"""),265.0) -> 265 | N109: =IFERROR(__xludf.DUMMYFUNCTION("""COMPUTED_VALUE"""),17.0) -> 17
B110: =IFERROR(__xludf.DUMMYFUNCTION("""COMPUTED_VALUE"""),"Naveen Raj") -> Naveen Raj | C110: =IFERROR(__xludf.DUMMYFUNCTION("""COMPUTED_VALUE"""),244.0) -> 244 | D110: =IFERROR(__xludf.DUMMYFUNCTION("""COMPUTED_VALUE"""),15.0) -> 15 | E110: =IFERROR(__xludf.DUMMYFUNCTION("""COMPUTED_VALUE"""),2.0) -> 2 | F110: =IFERROR(__xludf.DUMMYFUNCTION("""COMPUTED_VALUE"""),6.0) -> 6 | G110: =IFERROR(__xludf.DUMMYFUNCTION("""COMPUTED_VALUE"""),0.0) -> 0 | H110: =IFERROR(__xludf.DUMMYFUNCTION("""COMPUTED_VALUE"""),6.0) -> 6 | I110: =IFERROR(__xludf.DUMMYFUNCTION("""COMPUTED_VALUE"""),4.0) -> 4 | J110: =IFERROR(__xludf.DUMMYFUNCTION("""COMPUTED_VALUE"""),4.0) -> 4 | K110: =IFERROR(__xludf.DUMMYFUNCTION("""COMPUTED_VALUE"""),14.0) -> 14 | L110: =IFERROR(__xludf.DUMMYFUNCTION("""COMPUTED_VALUE"""),1.0) -> 1 | M110: =IFERROR(__xludf.DUMMYFUNCTION("""COMPUTED_VALUE"""),258.0) -> 258 | N110: =IFERROR(__xludf.DUMMYFUNCTION("""COMPUTED_VALUE"""),16.0) -> 16
B111: =IFERROR(__xludf.DUMMYFUNCTION("""COMPUTED_VALUE"""),"Manuel Rivera") -> Manuel Rivera | C111: =IFERROR(__xludf.DUMMYFUNCTION("""COMPUTED_VALUE"""),242.0) -> 242 | D111: =IFERROR(__xludf.DUMMYFUNCTION("""COMPUTED_VALUE"""),16.0) -> 16 | E111: =IFERROR(__xludf.DUMMYFUNCTION("""COMPUTED_VALUE"""),2.0) -> 2 | F111: =IFERROR(__xludf.DUMMYFUNCTION("""COMPUTED_VALUE"""),6.0) -> 6 | G111: =IFERROR(__xludf.DUMMYFUNCTION("""COMPUTED_VALUE"""),0.0) -> 0 | H111: =IFERROR(__xludf.DUMMYFUNCTION("""COMPUTED_VALUE"""),4.0) -> 4 | I111: =IFERROR(__xludf.DUMMYFUNCTION("""COMPUTED_VALUE"""),4.0) -> 4 | J111: =IFERROR(__xludf.DUMMYFUNCTION("""COMPUTED_VALUE"""),6.0) -> 6 | K111: =IFERROR(__xludf.DUMMYFUNCTION("""COMPUTED_VALUE"""),14.0) -> 14 | L111: =IFERROR(__xludf.DUMMYFUNCTION("""COMPUTED_VALUE"""),1.0) -> 1 | M111: =IFERROR(__xludf.DUMMYFUNCTION("""COMPUTED_VALUE"""),256.0) -> 256 | N111: =IFERROR(__xludf.DUMMYFUNCTION("""COMPUTED_VALUE"""),17.0) -> 17
B112: =IFERROR(__xludf.DUMMYFUNCTION("""COMPUTED_VALUE"""),"Mauricio Palacios") -> Mauricio Palacios | C112: =IFERROR(__xludf.DUMMYFUNCTION("""COMPUTED_VALUE"""),241.0) -> 241 | D112: =IFERROR(__xludf.DUMMYFUNCTION("""COMPUTED_VALUE"""),22.0) -> 22 | E112: =IFERROR(__xludf.DUMMYFUNCTION("""COMPUTED_VALUE"""),2.0) -> 2 | F112: =IFERROR(__xludf.DUMMYFUNCTION("""COMPUTED_VALUE"""),6.0) -> 6 | G112: =IFERROR(__xludf.DUMMYFUNCTION("""COMPUTED_VALUE"""),0.0) -> 0 | H112: =IFERROR(__xludf.DUMMYFUNCTION("""COMPUTED_VALUE"""),6.0) -> 6 | I112: =IFERROR(__xludf.DUMMYFUNCTION("""COMPUTED_VALUE"""),6.0) -> 6 | J112: =IFERROR(__xludf.DUMMYFUNCTION("""COMPUTED_VALUE"""),6.0) -> 6 | K112: =IFERROR(__xludf.DUMMYFUNCTION("""COMPUTED_VALUE"""),18.0) -> 18 | L112: =IFERROR(__xludf.DUMMYFUNCTION("""COMPUTED_VALUE"""),3.0) -> 3 | M112: =IFERROR(__xludf.DUMMYFUNCTION("""COMPUTED_VALUE"""),259.0) -> 259 | N112: =IFERROR(__xludf.DUMMYFUNCTION("""COMPUTED_VALUE"""),25.0) -> 25
B113: =IFERROR(__xludf.DUMMYFUNCTION("""COMPUTED_VALUE"""),"Sandy Weyant") -> Sandy Weyant | C113: =IFERROR(__xludf.DUMMYFUNCTION("""COMPUTED_VALUE"""),238.0) -> 238 | D113: =IFERROR(__xludf.DUMMYFUNCTION("""COMPUTED_VALUE"""),14.0) -> 14 | E113: =IFERROR(__xludf.DUMMYFUNCTION("""COMPUTED_VALUE"""),1.0) -> 1 | F113: =IFERROR(__xludf.DUMMYFUNCTION("""COMPUTED_VALUE"""),6.0) -> 6 | G113: =IFERROR(__xludf.DUMMYFUNCTION("""COMPUTED_VALUE"""),0.0) -> 0 | H113: =IFERROR(__xludf.DUMMYFUNCTION("""COMPUTED_VALUE"""),4.0) -> 4 | I113: =IFERROR(__xludf.DUMMYFUNCTION("""COMPUTED_VALUE"""),6.0) -> 6 | J113: =IFERROR(__xludf.DUMMYFUNCTION("""COMPUTED_VALUE"""),4.0) -> 4 | K113: =IFERROR(__xludf.DUMMYFUNCTION("""COMPUTED_VALUE"""),14.0) -> 14 | L113: =IFERROR(__xludf.DUMMYFUNCTION("""COMPUTED_VALUE"""),1.0) -> 1 | M113: =IFERROR(__xludf.DUMMYFUNCTION("""COMPUTED_VALUE"""),252.0) -> 252 | N113: =IFERROR(__xludf.DUMMYFUNCTION("""COMPUTED_VALUE"""),15.0) -> 15
B114: =IFERROR(__xludf.DUMMYFUNCTION("""COMPUTED_VALUE"""),"Vamsi Lolla ") -> Vamsi Lolla | C114: =IFERROR(__xludf.DUMMYFUNCTION("""COMPUTED_VALUE"""),235.0) -> 235 | D114: =IFERROR(__xludf.DUMMYFUNCTION("""COMPUTED_VALUE"""),12.0) -> 12 | E114: =IFERROR(__xludf.DUMMYFUNCTION("""COMPUTED_VALUE"""),1.0) -> 1 | F114: =IFERROR(__xludf.DUMMYFUNCTION("""COMPUTED_VALUE"""),7.0) -> 7 | G114: =IFERROR(__xludf.DUMMYFUNCTION("""COMPUTED_VALUE"""),0.0) -> 0 | H114: =IFERROR(__xludf.DUMMYFUNCTION("""COMPUTED_VALUE"""),4.0) -> 4 | I114: =IFERROR(__xludf.DUMMYFUNCTION("""COMPUTED_VALUE"""),6.0) -> 6 | J114: =IFERROR(__xludf.DUMMYFUNCTION("""COMPUTED_VALUE"""),6.0) -> 6 | K114: =IFERROR(__xludf.DUMMYFUNCTION("""COMPUTED_VALUE"""),16.0) -> 16 | L114: =IFERROR(__xludf.DUMMYFUNCTION("""COMPUTED_VALUE"""),2.0) -> 2 | M114: =IFERROR(__xludf.DUMMYFUNCTION("""COMPUTED_VALUE"""),251.0) -> 251 | N114: =IFERROR(__xludf.DUMMYFUNCTION("""COMPUTED_VALUE"""),14.0) -> 14
B115: =IFERROR(__xludf.DUMMYFUNCTION("""COMPUTED_VALUE"""),"Elayaraja Thangaraj ") -> Elayaraja Thangaraj | C115: =IFERROR(__xludf.DUMMYFUNCTION("""COMPUTED_VALUE"""),234.0) -> 234 | D115: =IFERROR(__xludf.DUMMYFUNCTION("""COMPUTED_VALUE"""),19.0) -> 19 | E115: =IFERROR(__xludf.DUMMYFUNCTION("""COMPUTED_VALUE"""),1.0) -> 1 | F115: =IFERROR(__xludf.DUMMYFUNCTION("""COMPUTED_VALUE"""),7.0) -> 7 | G115: =IFERROR(__xludf.DUMMYFUNCTION("""COMPUTED_VALUE"""),0.0) -> 0 | H115: =IFERROR(__xludf.DUMMYFUNCTION("""COMPUTED_VALUE"""),6.0) -> 6 | I115: =IFERROR(__xludf.DUMMYFUNCTION("""COMPUTED_VALUE"""),6.0) -> 6 | J115: =IFERROR(__xludf.DUMMYFUNCTION("""COMPUTED_VALUE"""),2.0) -> 2 | K115: =IFERROR(__xludf.DUMMYFUNCTION("""COMPUTED_VALUE"""),14.0) -> 14 | L115: =IFERROR(__xludf.DUMMYFUNCTION("""COMPUTED_VALUE"""),2.0) -> 2 | M115: =IFERROR(__xludf.DUMMYFUNCTION("""COMPUTED_VALUE"""),248.0) -> 248 | N115: =IFERROR(__xludf.DUMMYFUNCTION("""COMPUTED_VALUE"""),21.0) -> 21
B116: =IFERROR(__xludf.DUMMYFUNCTION("""COMPUTED_VALUE"""),"Nohely Mejia") -> Nohely Mejia | C116: =IFERROR(__xludf.DUMMYFUNCTION("""COMPUTED_VALUE"""),232.0) -> 232 | D116: =IFERROR(__xludf.DUMMYFUNCTION("""COMPUTED_VALUE"""),12.0) -> 12 | E116: =IFERROR(__xludf.DUMMYFUNCTION("""COMPUTED_VALUE"""),2.0) -> 2 | F116: =IFERROR(__xludf.DUMMYFUNCTION("""COMPUTED_VALUE"""),7.0) -> 7 | G116: =IFERROR(__xludf.DUMMYFUNCTION("""COMPUTED_VALUE"""),0.0) -> 0 | H116: =IFERROR(__xludf.DUMMYFUNCTION("""COMPUTED_VALUE"""),4.0) -> 4 | I116: =IFERROR(__xludf.DUMMYFUNCTION("""COMPUTED_VALUE"""),0.0) -> 0 | J116: =IFERROR(__xludf.DUMMYFUNCTION("""COMPUTED_VALUE"""),2.0) -> 2 | K116: =IFERROR(__xludf.DUMMYFUNCTION("""COMPUTED_VALUE"""),6.0) -> 6 | L116: =IFERROR(__xludf.DUMMYFUNCTION("""COMPUTED_VALUE"""),0.0) -> 0 | M116: =IFERROR(__xludf.DUMMYFUNCTION("""COMPUTED_VALUE"""),238.0) -> 238 | N116: =IFERROR(__xludf.DUMMYFUNCTION("""COMPUTED_VALUE"""),12.0) -> 12
B117: =IFERROR(__xludf.DUMMYFUNCTION("""COMPUTED_VALUE"""),"Vinot Kumar Nagappan") -> Vinot Kumar Nagappan | C117: =IFERROR(__xludf.DUMMYFUNCTION("""COMPUTED_VALUE"""),231.0) -> 231 | D117: =IFERROR(__xludf.DUMMYFUNCTION("""COMPUTED_VALUE"""),11.0) -> 11 | E117: =IFERROR(__xludf.DUMMYFUNCTION("""COMPUTED_VALUE"""),1.0) -> 1 | F117: =IFERROR(__xludf.DUMMYFUNCTION("""COMPUTED_VALUE"""),7.0) -> 7 | G117: =IFERROR(__xludf.DUMMYFUNCTION("""COMPUTED_VALUE"""),0.0) -> 0 | H117: =IFERROR(__xludf.DUMMYFUNCTION("""COMPUTED_VALUE"""),6.0) -> 6 | I117: =IFERROR(__xludf.DUMMYFUNCTION("""COMPUTED_VALUE"""),0.0) -> 0 | J117: =IFERROR(__xludf.DUMMYFUNCTION("""COMPUTED_VALUE"""),6.0) -> 6 | K117: =IFERROR(__xludf.DUMMYFUNCTION("""COMPUTED_VALUE"""),12.0) -> 12 | L117: =IFERROR(__xludf.DUMMYFUNCTION("""COMPUTED_VALUE"""),2.0) -> 2 | M117: =IFERROR(__xludf.DUMMYFUNCTION("""COMPUTED_VALUE"""),243.0) -> 243 | N117: =IFERROR(__xludf.DUMMYFUNCTION("""COMPUTED_VALUE"""),13.0) -> 13
B118: =IFERROR(__xludf.DUMMYFUNCTION("""COMPUTED_VALUE"""),"Jimmy Awolesi") -> Jimmy Awolesi | C118: =IFERROR(__xludf.DUMMYFUNCTION("""COMPUTED_VALUE"""),225.0) -> 225 | D118: =IFERROR(__xludf.DUMMYFUNCTION("""COMPUTED_VALUE"""),13.0) -> 13 | E118: =IFERROR(__xludf.DUMMYFUNCTION("""COMPUTED_VALUE"""),1.0) -> 1 | F118: =IFERROR(__xludf.DUMMYFUNCTION("""COMPUTED_VALUE"""),8.0) -> 8 | G118: =IFERROR(__xludf.DUMMYFUNCTION("""COMPUTED_VALUE"""),0.0) -> 0 | H118: =IFERROR(__xludf.DUMMYFUNCTION("""COMPUTED_VALUE"""),6.0) -> 6 | I118: =IFERROR(__xludf.DUMMYFUNCTION("""COMPUTED_VALUE"""),1.0) -> 1 | J118: =IFERROR(__xludf.DUMMYFUNCTION("""COMPUTED_VALUE"""),6.0) -> 6 | K118: =IFERROR(__xludf.DUMMYFUNCTION("""COMPUTED_VALUE"""),13.0) -> 13 | L118: =IFERROR(__xludf.DUMMYFUNCTION("""COMPUTED_VALUE"""),2.0) -> 2 | M118: =IFERROR(__xludf.DUMMYFUNCTION("""COMPUTED_VALUE"""),238.0) -> 238 | N118: =IFERROR(__xludf.DUMMYFUNCTION("""COMPUTED_VALUE"""),15.0) -> 15
B119: =IFERROR(__xludf.DUMMYFUNCTION("""COMPUTED_VALUE"""),"Balaji Alahari") -> Balaji Alahari | C119: =IFERROR(__xludf.DUMMYFUNCTION("""COMPUTED_VALUE"""),222.0) -> 222 | D119: =IFERROR(__xludf.DUMMYFUNCTION("""COMPUTED_VALUE"""),5.0) -> 5 | E119: =IFERROR(__xludf.DUMMYFUNCTION("""COMPUTED_VALUE"""),1.0) -> 1 | F119: =IFERROR(__xludf.DUMMYFUNCTION("""COMPUTED_VALUE"""),8.0) -> 8 | G119: =IFERROR(__xludf.DUMMYFUNCTION("""COMPUTED_VALUE"""),0.0) -> 0 | H119: =IFERROR(__xludf.DUMMYFUNCTION("""COMPUTED_VALUE"""),6.0) -> 6 | I119: =IFERROR(__xludf.DUMMYFUNCTION("""COMPUTED_VALUE"""),6.0) -> 6 | J119: =IFERROR(__xludf.DUMMYFUNCTION("""COMPUTED_VALUE"""),2.0) -> 2 | K119: =IFERROR(__xludf.DUMMYFUNCTION("""COMPUTED_VALUE"""),14.0) -> 14 | L119: =IFERROR(__xludf.DUMMYFUNCTION("""COMPUTED_VALUE"""),2.0) -> 2 | M119: =IFERROR(__xludf.DUMMYFUNCTION("""COMPUTED_VALUE"""),236.0) -> 236 | N119: =IFERROR(__xludf.DUMMYFUNCTION("""COMPUTED_VALUE"""),7.0) -> 7
B120: =IFERROR(__xludf.DUMMYFUNCTION("""COMPUTED_VALUE"""),"Kevin Wang") -> Kevin Wang | C120: =IFERROR(__xludf.DUMMYFUNCTION("""COMPUTED_VALUE"""),216.0) -> 216 | D120: =IFERROR(__xludf.DUMMYFUNCTION("""COMPUTED_VALUE"""),14.0) -> 14 | E120: =IFERROR(__xludf.DUMMYFUNCTION("""COMPUTED_VALUE"""),1.0) -> 1 | F120: =IFERROR(__xludf.DUMMYFUNCTION("""COMPUTED_VALUE"""),8.0) -> 8 | G120: =IFERROR(__xludf.DUMMYFUNCTION("""COMPUTED_VALUE"""),0.0) -> 0 | H120: =IFERROR(__xludf.DUMMYFUNCTION("""COMPUTED_VALUE"""),3.0) -> 3 | I120: =IFERROR(__xludf.DUMMYFUNCTION("""COMPUTED_VALUE"""),6.0) -> 6 | J120: =IFERROR(__xludf.DUMMYFUNCTION("""COMPUTED_VALUE"""),6.0) -> 6 | K120: =IFERROR(__xludf.DUMMYFUNCTION("""COMPUTED_VALUE"""),15.0) -> 15 | L120: =IFERROR(__xludf.DUMMYFUNCTION("""COMPUTED_VALUE"""),2.0) -> 2 | M120: =IFERROR(__xludf.DUMMYFUNCTION("""COMPUTED_VALUE"""),231.0) -> 231 | N120: =IFERROR(__xludf.DUMMYFUNCTION("""COMPUTED_VALUE"""),16.0) -> 16
B121: =IFERROR(__xludf.DUMMYFUNCTION("""COMPUTED_VALUE"""),"Joyce Zhu") -> Joyce Zhu | C121: =IFERROR(__xludf.DUMMYFUNCTION("""COMPUTED_VALUE"""),206.0) -> 206 | D121: =IFERROR(__xludf.DUMMYFUNCTION("""COMPUTED_VALUE"""),3.0) -> 3 | E121: =IFERROR(__xludf.DUMMYFUNCTION("""COMPUTED_VALUE"""),1.0) -> 1 | F121: =IFERROR(__xludf.DUMMYFUNCTION("""COMPUTED_VALUE"""),8.0) -> 8 | G121: =IFERROR(__xludf.DUMMYFUNCTION("""COMPUTED_VALUE"""),0.0) -> 0 | H121: =IFERROR(__xludf.DUMMYFUNCTION("""COMPUTED_VALUE"""),3.0) -> 3 | I121: =IFERROR(__xludf.DUMMYFUNCTION("""COMPUTED_VALUE"""),1.0) -> 1 | J121: =IFERROR(__xludf.DUMMYFUNCTION("""COMPUTED_VALUE"""),2.0) -> 2 | K121: =IFERROR(__xludf.DUMMYFUNCTION("""COMPUTED_VALUE"""),6.0) -> 6 | L121: =IFERROR(__xludf.DUMMYFUNCTION("""COMPUTED_VALUE"""),0.0) -> 0 | M121: =IFERROR(__xludf.DUMMYFUNCTION("""COMPUTED_VALUE"""),212.0) -> 212 | N121: =IFERROR(__xludf.DUMMYFUNCTION("""COMPUTED_VALUE"""),3.0) -> 3
B133: Name of Player | C133: Games Won | D133: Sets Won | E133: Check IN | F133: Court # | G133: Set 0 | H133: Set 1 | I133: Set 2 | J133: Set 3 | K133: Games Won | L133: Sets Won | M133: Games Won | N133: Sets Won
B134: =IFERROR(__xludf.DUMMYFUNCTION("QUERY(B5:N67, ""Select B, C, D, E, F, G, H, I, J, K, L, M, N where F = 0"")"),"Adrian Tay") -> Adrian Tay | C134: =IFERROR(__xludf.DUMMYFUNCTION("""COMPUTED_VALUE"""),315.0) -> 315 | D134: =IFERROR(__xludf.DUMMYFUNCTION("""COMPUTED_VALUE"""),31.0) -> 31 | E134: =IFERROR(__xludf.DUMMYFUNCTION("""COMPUTED_VALUE"""),3.0) -> 3 | F134: =IFERROR(__xludf.DUMMYFUNCTION("""COMPUTED_VALUE"""),0.0) -> 0 | G134: =IFERROR(__xludf.DUMMYFUNCTION("""COMPUTED_VALUE"""),9.0) -> 9 | H134: =IFERROR(__xludf.DUMMYFUNCTION("""COMPUTED_VALUE"""),0.0) -> 0 | I134: =IFERROR(__xludf.DUMMYFUNCTION("""COMPUTED_VALUE"""),0.0) -> 0 | J134: =IFERROR(__xludf.DUMMYFUNCTION("""COMPUTED_VALUE"""),0.0) -> 0 | K134: =IFERROR(__xludf.DUMMYFUNCTION("""COMPUTED_VALUE"""),9.0) -> 9 | L134: =IFERROR(__xludf.DUMMYFUNCTION("""COMPUTED_VALUE"""),0.0) -> 0 | M134: =IFERROR(__xludf.DUMMYFUNCTION("""COMPUTED_VALUE"""),324.0) -> 324 | N134: =IFERROR(__xludf.DUMMYFUNCTION("""COMPUTED_VALUE"""),31.0) -> 31
B135: =IFERROR(__xludf.DUMMYFUNCTION("""COMPUTED_VALUE"""),"Pulkit Mathur") -> Pulkit Mathur | C135: =IFERROR(__xludf.DUMMYFUNCTION("""COMPUTED_VALUE"""),299.0) -> 299 | D135: =IFERROR(__xludf.DUMMYFUNCTION("""COMPUTED_VALUE"""),25.0) -> 25 | E135: =IFERROR(__xludf.DUMMYFUNCTION("""COMPUTED_VALUE"""),3.0) -> 3 | F135: =IFERROR(__xludf.DUMMYFUNCTION("""COMPUTED_VALUE"""),0.0) -> 0 | G135: =IFERROR(__xludf.DUMMYFUNCTION("""COMPUTED_VALUE"""),9.0) -> 9 | H135: =IFERROR(__xludf.DUMMYFUNCTION("""COMPUTED_VALUE"""),0.0) -> 0 | I135: =IFERROR(__xludf.DUMMYFUNCTION("""COMPUTED_VALUE"""),0.0) -> 0 | J135: =IFERROR(__xludf.DUMMYFUNCTION("""COMPUTED_VALUE"""),0.0) -> 0 | K135: =IFERROR(__xludf.DUMMYFUNCTION("""COMPUTED_VALUE"""),9.0) -> 9 | L135: =IFERROR(__xludf.DUMMYFUNCTION("""COMPUTED_VALUE"""),0.0) -> 0 | M135: =IFERROR(__xludf.DUMMYFUNCTION("""COMPUTED_VALUE"""),308.0) -> 308 | N135: =IFERROR(__xludf.DUMMYFUNCTION("""COMPUTED_VALUE"""),25.0) -> 25
B136: =IFERROR(__xludf.DUMMYFUNCTION("""COMPUTED_VALUE"""),"Lam Bui") -> Lam Bui | C136: =IFERROR(__xludf.DUMMYFUNCTION("""COMPUTED_VALUE"""),293.0) -> 293 | D136: =IFERROR(__xludf.DUMMYFUNCTION("""COMPUTED_VALUE"""),26.0) -> 26 | E136: =IFERROR(__xludf.DUMMYFUNCTION("""COMPUTED_VALUE"""),3.0) -> 3 | F136: =IFERROR(__xludf.DUMMYFUNCTION("""COMPUTED_VALUE"""),0.0) -> 0 | G136: =IFERROR(__xludf.DUMMYFUNCTION("""COMPUTED_VALUE"""),9.0) -> 9 | H136: =IFERROR(__xludf.DUMMYFUNCTION("""COMPUTED_VALUE"""),0.0) -> 0 | I136: =IFERROR(__xludf.DUMMYFUNCTION("""COMPUTED_VALUE"""),0.0) -> 0 | J136: =IFERROR(__xludf.DUMMYFUNCTION("""COMPUTED_VALUE"""),0.0) -> 0 | K136: =IFERROR(__xludf.DUMMYFUNCTION("""COMPUTED_VALUE"""),9.0) -> 9 | L136: =IFERROR(__xludf.DUMMYFUNCTION("""COMPUTED_VALUE"""),0.0) -> 0 | M136: =IFERROR(__xludf.DUMMYFUNCTION("""COMPUTED_VALUE"""),302.0) -> 302 | N136: =IFERROR(__xludf.DUMMYFUNCTION("""COMPUTED_VALUE"""),26.0) -> 26
B137: =IFERROR(__xludf.DUMMYFUNCTION("""COMPUTED_VALUE"""),"Oscar Bonilla") -> Oscar Bonilla | C137: =IFERROR(__xludf.DUMMYFUNCTION("""COMPUTED_VALUE"""),283.0) -> 283 | D137: =IFERROR(__xludf.DUMMYFUNCTION("""COMPUTED_VALUE"""),23.0) -> 23 | E137: =IFERROR(__xludf.DUMMYFUNCTION("""COMPUTED_VALUE"""),3.0) -> 3 | F137: =IFERROR(__xludf.DUMMYFUNCTION("""COMPUTED_VALUE"""),0.0) -> 0 | G137: =IFERROR(__xludf.DUMMYFUNCTION("""COMPUTED_VALUE"""),9.0) -> 9 | H137: =IFERROR(__xludf.DUMMYFUNCTION("""COMPUTED_VALUE"""),0.0) -> 0 | I137: =IFERROR(__xludf.DUMMYFUNCTION("""COMPUTED_VALUE"""),0.0) -> 0 | J137: =IFERROR(__xludf.DUMMYFUNCTION("""COMPUTED_VALUE"""),0.0) -> 0 | K137: =IFERROR(__xludf.DUMMYFUNCTION("""COMPUTED_VALUE"""),9.0) -> 9 | L137: =IFERROR(__xludf.DUMMYFUNCTION("""COMPUTED_VALUE"""),0.0) -> 0 | M137: =IFERROR(__xludf.DUMMYFUNCTION("""COMPUTED_VALUE"""),292.0) -> 292 | N137: =IFERROR(__xludf.DUMMYFUNCTION("""COMPUTED_VALUE"""),23.0) -> 23
B138: =IFERROR(__xludf.DUMMYFUNCTION("""COMPUTED_VALUE"""),"Lloyd Sagar") -> Lloyd Sagar | C138: =IFERROR(__xludf.DUMMYFUNCTION("""COMPUTED_VALUE"""),280.0) -> 280 | D138: =IFERROR(__xludf.DUMMYFUNCTION("""COMPUTED_VALUE"""),19.0) -> 19 | E138: =IFERROR(__xludf.DUMMYFUNCTION("""COMPUTED_VALUE"""),3.0) -> 3 | F138: =IFERROR(__xludf.DUMMYFUNCTION("""COMPUTED_VALUE"""),0.0) -> 0 | G138: =IFERROR(__xludf.DUMMYFUNCTION("""COMPUTED_VALUE"""),9.0) -> 9 | H138: =IFERROR(__xludf.DUMMYFUNCTION("""COMPUTED_VALUE"""),0.0) -> 0 | I138: =IFERROR(__xludf.DUMMYFUNCTION("""COMPUTED_VALUE"""),0.0) -> 0 | J138: =IFERROR(__xludf.DUMMYFUNCTION("""COMPUTED_VALUE"""),0.0) -> 0 | K138: =IFERROR(__xludf.DUMMYFUNCTION("""COMPUTED_VALUE"""),9.0) -> 9 | L138: =IFERROR(__xludf.DUMMYFUNCTION("""COMPUTED_VALUE"""),0.0) -> 0 | M138: =IFERROR(__xludf.DUMMYFUNCTION("""COMPUTED_VALUE"""),289.0) -> 289 | N138: =IFERROR(__xludf.DUMMYFUNCTION("""COMPUTED_VALUE"""),19.0) -> 19
B139: =IFERROR(__xludf.DUMMYFUNCTION("""COMPUTED_VALUE"""),"Anish Kumar") -> Anish Kumar | C139: =IFERROR(__xludf.DUMMYFUNCTION("""COMPUTED_VALUE"""),263.0) -> 263 | D139: =IFERROR(__xludf.DUMMYFUNCTION("""COMPUTED_VALUE"""),17.0) -> 17 | E139: =IFERROR(__xludf.DUMMYFUNCTION("""COMPUTED_VALUE"""),3.0) -> 3 | F139: =IFERROR(__xludf.DUMMYFUNCTION("""COMPUTED_VALUE"""),0.0) -> 0 | G139: =IFERROR(__xludf.DUMMYFUNCTION("""COMPUTED_VALUE"""),9.0) -> 9 | H139: =IFERROR(__xludf.DUMMYFUNCTION("""COMPUTED_VALUE"""),0.0) -> 0 | I139: =IFERROR(__xludf.DUMMYFUNCTION("""COMPUTED_VALUE"""),0.0) -> 0 | J139: =IFERROR(__xludf.DUMMYFUNCTION("""COMPUTED_VALUE"""),0.0) -> 0 | K139: =IFERROR(__xludf.DUMMYFUNCTION("""COMPUTED_VALUE"""),9.0) -> 9 | L139: =IFERROR(__xludf.DUMMYFUNCTION("""COMPUTED_VALUE"""),0.0) -> 0 | M139: =IFERROR(__xludf.DUMMYFUNCTION("""COMPUTED_VALUE"""),272.0) -> 272 | N139: =IFERROR(__xludf.DUMMYFUNCTION("""COMPUTED_VALUE"""),17.0) -> 17
B140: =IFERROR(__xludf.DUMMYFUNCTION("""COMPUTED_VALUE"""),"Tom Le") -> Tom Le | C140: =IFERROR(__xludf.DUMMYFUNCTION("""COMPUTED_VALUE"""),263.0) -> 263 | D140: =IFERROR(__xludf.DUMMYFUNCTION("""COMPUTED_VALUE"""),15.0) -> 15 | E140: =IFERROR(__xludf.DUMMYFUNCTION("""COMPUTED_VALUE"""),3.0) -> 3 | F140: =IFERROR(__xludf.DUMMYFUNCTION("""COMPUTED_VALUE"""),0.0) -> 0 | G140: =IFERROR(__xludf.DUMMYFUNCTION("""COMPUTED_VALUE"""),9.0) -> 9 | H140: =IFERROR(__xludf.DUMMYFUNCTION("""COMPUTED_VALUE"""),0.0) -> 0 | I140: =IFERROR(__xludf.DUMMYFUNCTION("""COMPUTED_VALUE"""),0.0) -> 0 | J140: =IFERROR(__xludf.DUMMYFUNCTION("""COMPUTED_VALUE"""),0.0) -> 0 | K140: =IFERROR(__xludf.DUMMYFUNCTION("""COMPUTED_VALUE"""),9.0) -> 9 | L140: =IFERROR(__xludf.DUMMYFUNCTION("""COMPUTED_VALUE"""),0.0) -> 0 | M140: =IFERROR(__xludf.DUMMYFUNCTION("""COMPUTED_VALUE"""),272.0) -> 272 | N140: =IFERROR(__xludf.DUMMYFUNCTION("""COMPUTED_VALUE"""),15.0) -> 15
B141: =IFERROR(__xludf.DUMMYFUNCTION("""COMPUTED_VALUE"""),"Eric Pan") -> Eric Pan | C141: =IFERROR(__xludf.DUMMYFUNCTION("""COMPUTED_VALUE"""),251.0) -> 251 | D141: =IFERROR(__xludf.DUMMYFUNCTION("""COMPUTED_VALUE"""),16.0) -> 16 | E141: =IFERROR(__xludf.DUMMYFUNCTION("""COMPUTED_VALUE"""),3.0) -> 3 | F141: =IFERROR(__xludf.DUMMYFUNCTION("""COMPUTED_VALUE"""),0.0) -> 0 | G141: =IFERROR(__xludf.DUMMYFUNCTION("""COMPUTED_VALUE"""),9.0) -> 9 | H141: =IFERROR(__xludf.DUMMYFUNCTION("""COMPUTED_VALUE"""),0.0) -> 0 | I141: =IFERROR(__xludf.DUMMYFUNCTION("""COMPUTED_VALUE"""),0.0) -> 0 | J141: =IFERROR(__xludf.DUMMYFUNCTION("""COMPUTED_VALUE"""),0.0) -> 0 | K141: =IFERROR(__xludf.DUMMYFUNCTION("""COMPUTED_VALUE"""),9.0) -> 9 | L141: =IFERROR(__xludf.DUMMYFUNCTION("""COMPUTED_VALUE"""),0.0) -> 0 | M141: =IFERROR(__xludf.DUMMYFUNCTION("""COMPUTED_VALUE"""),260.0) -> 260 | N141: =IFERROR(__xludf.DUMMYFUNCTION("""COMPUTED_VALUE"""),16.0) -> 16
...

Sheet 121623
B1: Standings as of | C1: 45276
B2: Number of Weeks Played | D2: 23
C3: Beginning of week | G3: Current Week Scores | M3: End of week | P3: Jan-Jul 2024
A4: Ranking | B4: Name of Player | C4: Games Won | D4: Sets Won | E4: Check IN | F4: Court # | G4: Set 0 | H4: Set 1 | I4: Set 2 | J4: Set 3 | K4: Games Won | L4: Sets Won | M4: Games Won | N4: Sets Won | O4: Waiver | P4: Fee | Q4: Sit outs | R4: No Shows | S4: Absent
A5: 1 | B5: Peter Cheng | C5: 302 | D5: 32 | E5: 1 | F5: 1 | G5: 0 | H5: 7 | I5: 7 | J5: 5 | K5: 19 | L5: 2 | M5: =C5+K5 -> 321 | N5: =D5+L5 -> 34 | O5: X | Q5: =if(G5=13,1,0)+VLOOKUP(B5,'120923'!B:Q,16,false) -> 1 | S5: =if(G5=9,1,0)+VLOOKUP(B5,'120923'!B:S,18,false) -> 6
A6: =A5+1 -> 2 | B6: Adrian Tay | C6: 295 | D6: 29 | E6: 1 | F6: 1 | G6: 0 | H6: 7 | I6: 6 | J6: 7 | K6: 20 | L6: 2 | M6: =C6+K6 -> 315 | N6: =D6+L6 -> 31 | O6: X | Q6: =if(G6=13,1,0)+VLOOKUP(B6,'120923'!B:Q,16,false) -> 0 | S6: =if(G6=9,1,0)+VLOOKUP(B6,'120923'!B:S,18,false) -> 8
A7: =A6+1 -> 3 | B7: Robert Chang | C7: 288 | D7: 27 | E7: 2 | F7: 1 | G7: 0 | H7: 5 | I7: 7 | J7: 7 | K7: 19 | L7: 2 | M7: =C7+K7 -> 307 | N7: =D7+L7 -> 29 | O7: X | P7: X | Q7: =if(G7=13,1,0)+VLOOKUP(B7,'120923'!B:Q,16,false) -> 0 | S7: =if(G7=9,1,0)+VLOOKUP(B7,'120923'!B:S,18,false) -> 10
A8: =A7+1 -> 4 | B8: Pulkit Mathur | C8: 283 | D8: 25 | E8: 2 | F8: 1 | G8: 0 | H8: 5 | I8: 6 | J8: 5 | K8: 16 | L8: 0 | M8: =C8+K8 -> 299 | N8: =D8+L8 -> 25 | O8: X | P8: X | Q8: =if(G8=13,1,0)+VLOOKUP(B8,'120923'!B:Q,16,false) -> 0 | S8: =if(G8=9,1,0)+VLOOKUP(B8,'120923'!B:S,18,false) -> 8
A9: =A8+1 -> 5 | B9: Lam Bui | C9: 282 | D9: 25 | E9: 2 | F9: 2 | G9: 0 | H9: 6 | I9: 3 | J9: 2 | K9: 11 | L9: 1 | M9: =C9+K9 -> 293 | N9: =D9+L9 -> 26 | O9: X | P9: X | Q9: =if(G9=13,1,0)+VLOOKUP(B9,'120923'!B:Q,16,false) -> 1 | S9: =if(G9=9,1,0)+VLOOKUP(B9,'120923'!B:S,18,false) -> 9
A10: =A9+1 -> 6 | B10: Matthew Huang | C10: 282 | D10: 24 | E10: 1 | F10: 2 | G10: 0 | H10: 4 | I10: 3 | J10: 6 | K10: 13 | L10: 1 | M10: =C10+K10 -> 295 | N10: =D10+L10 -> 25 | O10: X | P10: X | Q10: =if(G10=13,1,0)+VLOOKUP(B10,'120923'!B:Q,16,false) -> 0 | S10: =if(G10=9,1,0)+VLOOKUP(B10,'120923'!B:S,18,false) -> 10
A11: =A10+1 -> 7 | B11: Pavan Akkimsetty | C11: 279 | D11: 25 | E11: 1 | F11: 2 | G11: 0 | H11: 4 | I11: 6 | J11: 2 | K11: 12 | L11: 1 | M11: =C11+K11 -> 291 | N11: =D11+L11 -> 26 | O11: X | P11: X | Q11: =if(G11=13,1,0)+VLOOKUP(B11,'120923'!B:Q,16,false) -> 0 | S11: =if(G11=9,1,0)+VLOOKUP(B11,'120923'!B:S,18,false) -> 2
A12: =A11+1 -> 8 | B12: Alejandro Mejia | C12: 279 | D12: 23 | E12: 1 | F12: 2 | G12: 0 | H12: 6 | I12: 6 | J12: 6 | K12: 18 | L12: 3 | M12: =C12+K12 -> 297 | N12: =D12+L12 -> 26 | O12: X | P12: X | Q12: =if(G12=13,1,0)+VLOOKUP(B12,'120923'!B:Q,16,false) -> 1 | S12: =if(G12=9,1,0)+VLOOKUP(B12,'120923'!B:S,18,false) -> 4
A13: =A12+1 -> 9 | B13: Erik Hoeckmann | C13: 271 | D13: 20 | E13: 1 | F13: 3 | G13: 0 | H13: 6 | I13: 7 | J13: 6 | K13: 19 | L13: 3 | M13: =C13+K13 -> 290 | N13: =D13+L13 -> 23 | O13: X | P13: X | Q13: =if(G13=13,1,0)+VLOOKUP(B13,'120923'!B:Q,16,false) -> 0 | S13: =if(G13=9,1,0)+VLOOKUP(B13,'120923'!B:S,18,false) -> 6
A14: =A13+1 -> 10 | B14: Lloyd Sagar | C14: 271 | D14: 19 | E14: 3 | F14: 0 | G14: 9 | H14: 0 | I14: 0 | J14: 0 | K14: 9 | L14: 0 | M14: =C14+K14 -> 280 | N14: =D14+L14 -> 19 | O14: X | P14: X | Q14: =if(G14=13,1,0)+VLOOKUP(B14,'120923'!B:Q,16,false) -> 0 | S14: =if(G14=9,1,0)+VLOOKUP(B14,'120923'!B:S,18,false) -> 6
A15: =A14+1 -> 11 | B15: Peter Homsey | C15: 269 | D15: 23 | E15: 1 | F15: 3 | G15: 0 | H15: 6 | I15: 6 | J15: 2 | K15: 14 | L15: 1 | M15: =C15+K15 -> 283 | N15: =D15+L15 -> 24 | O15: X | P15: X | Q15: =if(G15=13,1,0)+VLOOKUP(B15,'120923'!B:Q,16,false) -> 0 | S15: =if(G15=9,1,0)+VLOOKUP(B15,'120923'!B:S,18,false) -> 8
A16: =A15+1 -> 12 | B16: Jonathan Phan | C16: 269 | D16: 20 | E16: 3 | F16: 0 | G16: 9 | H16: 0 | I16: 0 | J16: 0 | K16: 9 | L16: 0 | M16: =C16+K16 -> 278 | N16: =D16+L16 -> 20 | O16: X | P16: X | Q16: =if(G16=13,1,0)+VLOOKUP(B16,'120923'!B:Q,16,false) -> 0 | S16: =if(G16=9,1,0)+VLOOKUP(B16,'120923'!B:S,18,false) -> 6
A17: =A16+1 -> 13 | B17: Oscar Bonilla | C17: 268 | D17: 22 | E17: 1 | F17: 3 | G17: 0 | H17: 3 | I17: 6 | J17: 6 | K17: 15 | L17: 1 | M17: =C17+K17 -> 283 | N17: =D17+L17 -> 23 | O17: X | Q17: =if(G17=13,1,0)+VLOOKUP(B17,'120923'!B:Q,16,false) -> 0 | S17: =if(G17=9,1,0)+VLOOKUP(B17,'120923'!B:S,18,false) -> 10
A18: =A17+1 -> 14 | B18: Ted Shen | C18: 267 | D18: 23 | E18: 1 | F18: 3 | G18: 0 | H18: 3 | I18: 7 | J18: 2 | K18: 12 | L18: 1 | M18: =C18+K18 -> 279 | N18: =D18+L18 -> 24 | O18: X | P18: X | Q18: =if(G18=13,1,0)+VLOOKUP(B18,'120923'!B:Q,16,false) -> 0 | S18: =if(G18=9,1,0)+VLOOKUP(B18,'120923'!B:S,18,false) -> 8
A19: =A18+1 -> 15 | B19: Chinna Ponnaganti | C19: 266 | D19: 24 | E19: 1 | F19: 4 | G19: 0 | H19: 7 | I19: 2 | J19: 7 | K19: 16 | L19: 2 | M19: =C19+K19 -> 282 | N19: =D19+L19 -> 26 | O19: X | P19: X | Q19: =if(G19=13,1,0)+VLOOKUP(B19,'120923'!B:Q,16,false) -> 1 | S19: =if(G19=9,1,0)+VLOOKUP(B19,'120923'!B:S,18,false) -> 5
A20: =A19+1 -> 16 | B20: Joe Luzzi | C20: 263 | D20: 24 | E20: 2 | F20: 4 | G20: 0 | H20: 7 | I20: 6 | J20: 6 | K20: 19 | L20: 2 | M20: =C20+K20 -> 282 | N20: =D20+L20 -> 26 | O20: X | P20: X | Q20: =if(G20=13,1,0)+VLOOKUP(B20,'120923'!B:Q,16,false) -> 0 | S20: =if(G20=9,1,0)+VLOOKUP(B20,'120923'!B:S,18,false) -> 6
A21: =A20+1 -> 17 | B21: Tony Wong | C21: 263 | D21: 18 | E21: 2 | F21: 4 | G21: 0 | H21: 5 | I21: 2 | J21: 6 | K21: 13 | L21: 0 | M21: =C21+K21 -> 276 | N21: =D21+L21 -> 18 | O21: X | Q21: =if(G21=13,1,0)+VLOOKUP(B21,'120923'!B:Q,16,false) -> 0 | S21: =if(G21=9,1,0)+VLOOKUP(B21,'120923'!B:S,18,false) -> 6
A22: =A21+1 -> 18 | B22: David Shin | C22: 262 | D22: 20 | E22: 1 | F22: 4 | G22: 0 | H22: 5 | I22: 6 | J22: 7 | K22: 18 | L22: 2 | M22: =C22+K22 -> 280 | N22: =D22+L22 -> 22 | O22: X | P22: X | Q22: =if(G22=13,1,0)+VLOOKUP(B22,'120923'!B:Q,16,false) -> 0 | S22: =if(G22=9,1,0)+VLOOKUP(B22,'120923'!B:S,18,false) -> 7
A23: =A22+1 -> 19 | B23: Kingsley Kuo | C23: 262 | D23: 18 | E23: 3 | F23: 0 | G23: 9 | H23: 0 | I23: 0 | J23: 0 | K23: 9 | L23: 0 | M23: =C23+K23 -> 271 | N23: =D23+L23 -> 18 | O23: X | Q23: =if(G23=13,1,0)+VLOOKUP(B23,'120923'!B:Q,16,false) -> 0 | S23: =if(G23=9,1,0)+VLOOKUP(B23,'120923'!B:S,18,false) -> 14
A24: =A23+1 -> 20 | B24: Trinath Goteti | C24: 255 | D24: 16 | E24: 2 | F24: 5 | G24: 0 | H24: 6 | I24: 4 | J24: 6 | K24: 16 | L24: 2 | M24: =C24+K24 -> 271 | N24: =D24+L24 -> 18 | O24: X | P24: X | Q24: =if(G24=13,1,0)+VLOOKUP(B24,'120923'!B:Q,16,false) -> 0 | S24: =if(G24=9,1,0)+VLOOKUP(B24,'120923'!B:S,18,false) -> 14
A25: =A24+1 -> 21 | B25: Sai Dilip Ponnaganti | C25: 255 | D25: 15 | E25: 1 | F25: 5 | G25: 0 | H25: 2 | I25: 6 | J25: 6 | K25: 14 | L25: 2 | M25: =C25+K25 -> 269 | N25: =D25+L25 -> 17 | O25: X | P25: X | Q25: =if(G25=13,1,0)+VLOOKUP(B25,'120923'!B:Q,16,false) -> 0 | S25: =if(G25=9,1,0)+VLOOKUP(B25,'120923'!B:S,18,false) -> 13
A26: =A25+1 -> 22 | B26: Sean Chang | C26: 255 | D26: 15 | E26: 1 | F26: 5 | G26: 0 | H26: 6 | I26: 6 | J26: 0 | K26: 12 | L26: 2 | M26: =C26+K26 -> 267 | N26: =D26+L26 -> 17 | O26: X | P26: X | Q26: =if(G26=13,1,0)+VLOOKUP(B26,'120923'!B:Q,16,false) -> 2 | S26: =if(G26=9,1,0)+VLOOKUP(B26,'120923'!B:S,18,false) -> 8
A27: =A26+1 -> 23 | B27: Anish Kumar | C27: 254 | D27: 17 | E27: 3 | F27: 0 | G27: 9 | H27: 0 | I27: 0 | J27: 0 | K27: 9 | L27: 0 | M27: =C27+K27 -> 263 | N27: =D27+L27 -> 17 | O27: X | P27: X | Q27: =if(G27=13,1,0)+VLOOKUP(B27,'120923'!B:Q,16,false) -> 0 | S27: =if(G27=9,1,0)+VLOOKUP(B27,'120923'!B:S,18,false) -> 13
A28: =A27+1 -> 24 | B28: Tom Le | C28: 254 | D28: 15 | E28: 3 | F28: 0 | G28: 9 | H28: 0 | I28: 0 | J28: 0 | K28: 9 | L28: 0 | M28: =C28+K28 -> 263 | N28: =D28+L28 -> 15 | O28: X | P28: X | Q28: =if(G28=13,1,0)+VLOOKUP(B28,'120923'!B:Q,16,false) -> 1 | S28: =if(G28=9,1,0)+VLOOKUP(B28,'120923'!B:S,18,false) -> 15
A29: =A28+1 -> 25 | B29: Christopher Li | C29: 251 | D29: 16 | E29: 3 | F29: 0 | G29: 9 | H29: 0 | I29: 0 | J29: 0 | K29: 9 | L29: 0 | M29: =C29+K29 -> 260 | N29: =D29+L29 -> 16 | O29: X | P29: X | Q29: =if(G29=13,1,0)+VLOOKUP(B29,'120923'!B:Q,16,false) -> 0 | S29: =if(G29=9,1,0)+VLOOKUP(B29,'120923'!B:S,18,false) -> 17
A30: =A29+1 -> 26 | B30: Rajasekar Ramasamy | C30: 249 | D30: 21 | E30: 3 | F30: 0 | G30: 9 | H30: 0 | I30: 0 | J30: 0 | K30: 9 | L30: 0 | M30: =C30+K30 -> 258 | N30: =D30+L30 -> 21 | O30: X | P30: X | Q30: =if(G30=13,1,0)+VLOOKUP(B30,'120923'!B:Q,16,false) -> 0 | S30: =if(G30=9,1,0)+VLOOKUP(B30,'120923'!B:S,18,false) -> 8
A31: =A30+1 -> 27 | B31: Eric Pan | C31: 242 | D31: 16 | E31: 3 | F31: 0 | G31: 9 | H31: 0 | I31: 0 | J31: 0 | K31: 9 | L31: 0 | M31: =C31+K31 -> 251 | N31: =D31+L31 -> 16 | O31: X | Q31: =if(G31=13,1,0)+VLOOKUP(B31,'120923'!B:Q,16,false) -> 1 | S31: =if(G31=9,1,0)+VLOOKUP(B31,'120923'!B:S,18,false) -> 14
A32: =A31+1 -> 28 | B32: Sanjaye Elayattu | C32: 241 | D32: 11 | E32: 3 | F32: 0 | G32: 9 | H32: 0 | I32: 0 | J32: 0 | K32: 9 | L32: 0 | M32: =C32+K32 -> 250 | N32: =D32+L32 -> 11 | O32: X | P32: X | Q32: =if(G32=13,1,0)+VLOOKUP(B32,'120923'!B:Q,16,false) -> 0 | S32: =if(G32=9,1,0)+VLOOKUP(B32,'120923'!B:S,18,false) -> 16
A33: =A32+1 -> 29 | B33: Naveen Raj | C33: 238 | D33: 15 | E33: 1 | F33: 5 | G33: 0 | H33: 2 | I33: 4 | J33: 0 | K33: 6 | L33: 0 | M33: =C33+K33 -> 244 | N33: =D33+L33 -> 15 | O33: X | P33: X | Q33: =if(G33=13,1,0)+VLOOKUP(B33,'120923'!B:Q,16,false) -> 0 | S33: =if(G33=9,1,0)+VLOOKUP(B33,'120923'!B:S,18,false) -> 7
A34: =A33+1 -> 30 | B34: Susanta Mishra | C34: 238 | D34: 13 | E34: 1 | F34: 6 | G34: 0 | H34: 6 | I34: 6 | J34: 6 | K34: 18 | L34: 3 | M34: =C34+K34 -> 256 | N34: =D34+L34 -> 16 | O34: X | P34: X | Q34: =if(G34=13,1,0)+VLOOKUP(B34,'120923'!B:Q,16,false) -> 1 | S34: =if(G34=9,1,0)+VLOOKUP(B34,'120923'!B:S,18,false) -> 15
A35: =A34+1 -> 31 | B35: Rosie Bonilla | C35: 237 | D35: 14 | E35: 3 | F35: 0 | G35: 9 | H35: 0 | I35: 0 | J35: 0 | K35: 9 | L35: 0 | M35: =C35+K35 -> 246 | N35: =D35+L35 -> 14 | O35: X | Q35: =if(G35=13,1,0)+VLOOKUP(B35,'120923'!B:Q,16,false) -> 0 | S35: =if(G35=9,1,0)+VLOOKUP(B35,'120923'!B:S,18,false) -> 9
A36: =A35+1 -> 32 | B36: Troy Wong | C36: 234 | D36: 10 | E36: 3 | F36: 0 | G36: 9 | H36: 0 | I36: 0 | J36: 0 | K36: 9 | L36: 0 | M36: =C36+K36 -> 243 | N36: =D36+L36 -> 10 | O36: X | P36: X | Q36: =if(G36=13,1,0)+VLOOKUP(B36,'120923'!B:Q,16,false) -> 0 | S36: =if(G36=9,1,0)+VLOOKUP(B36,'120923'!B:S,18,false) -> 18
A37: =A36+1 -> 33 | B37: Manuel Rivera | C37: 233 | D37: 16 | E37: 3 | F37: 0 | G37: 9 | H37: 0 | I37: 0 | J37: 0 | K37: 9 | L37: 0 | M37: =C37+K37 -> 242 | N37: =D37+L37 -> 16 | O37: X | P37: X | Q37: =if(G37=13,1,0)+VLOOKUP(B37,'120923'!B:Q,16,false) -> 0 | S37: =if(G37=9,1,0)+VLOOKUP(B37,'120923'!B:S,18,false) -> 10
A38: =A37+1 -> 34 | B38: Mauricio Palacios | C38: 232 | D38: 22 | E38: 3 | F38: 0 | G38: 9 | H38: 0 | I38: 0 | J38: 0 | K38: 9 | L38: 0 | M38: =C38+K38 -> 241 | N38: =D38+L38 -> 22 | O38: X | P38: X | Q38: =if(G38=13,1,0)+VLOOKUP(B38,'120923'!B:Q,16,false) -> 0 | S38: =if(G38=9,1,0)+VLOOKUP(B38,'120923'!B:S,18,false) -> 4
A39: =A38+1 -> 35 | B39: Suleman Alidina | C39: 231 | D39: 12 | E39: 1 | F39: 6 | G39: 0 | H39: 3 | I39: 3 | J39: 6 | K39: 12 | L39: 1 | M39: =C39+K39 -> 243 | N39: =D39+L39 -> 13 | O39: X | P39: X | Q39: =if(G39=13,1,0)+VLOOKUP(B39,'120923'!B:Q,16,false) -> 0 | S39: =if(G39=9,1,0)+VLOOKUP(B39,'120923'!B:S,18,false) -> 17
A40: =A39+1 -> 36 | B40: Derek Fu | C40: 231 | D40: 10 | E40: 3 | F40: 0 | G40: 9 | H40: 0 | I40: 0 | J40: 0 | K40: 9 | L40: 0 | M40: =C40+K40 -> 240 | N40: =D40+L40 -> 10 | O40: X | Q40: =if(G40=13,1,0)+VLOOKUP(B40,'120923'!B:Q,16,false) -> 0 | S40: =if(G40=9,1,0)+VLOOKUP(B40,'120923'!B:S,18,false) -> 19
A41: =A40+1 -> 37 | B41: Sandy Weyant | C41: 227 | D41: 13 | E41: 1 | F41: 6 | G41: 0 | H41: 6 | I41: 3 | J41: 2 | K41: 11 | L41: 1 | M41: =C41+K41 -> 238 | N41: =D41+L41 -> 14 | O41: X | P41: X | Q41: =if(G41=13,1,0)+VLOOKUP(B41,'120923'!B:Q,16,false) -> 0 | S41: =if(G41=9,1,0)+VLOOKUP(B41,'120923'!B:S,18,false) -> 7
A42: =A41+1 -> 38 | B42: Andrew Chin | C42: 226 | D42: 9 | E42: 3 | G42: 9 | H42: 0 | I42: 0 | J42: 0 | K42: 9 | L42: 0 | M42: =C42+K42 -> 235 | N42: =D42+L42 -> 9 | O42: X | Q42: =if(G42=13,1,0)+VLOOKUP(B42,'120923'!B:Q,16,false) -> 0 | S42: =if(G42=9,1,0)+VLOOKUP(B42,'120923'!B:S,18,false) -> 19
A43: =A42+1 -> 39 | B43: Paul Sanchez | C43: 225 | D43: 9 | E43: 3 | F43: 0 | G43: 9 | H43: 0 | I43: 0 | J43: 0 | K43: 9 | L43: 0 | M43: =C43+K43 -> 234 | N43: =D43+L43 -> 9 | O43: X | Q43: =if(G43=13,1,0)+VLOOKUP(B43,'120923'!B:Q,16,false) -> 0 | S43: =if(G43=9,1,0)+VLOOKUP(B43,'120923'!B:S,18,false) -> 15 | U43: Not Renewing
A44: =A43+1 -> 40 | B44: Elayaraja Thangaraj | C44: 223 | D44: 18 | E44: 1 | F44: 6 | G44: 0 | H44: 3 | I44: 6 | J44: 2 | K44: 11 | L44: 1 | M44: =C44+K44 -> 234 | N44: =D44+L44 -> 19 | O44: X | P44: X | Q44: =if(G44=13,1,0)+VLOOKUP(B44,'120923'!B:Q,16,false) -> 0 | S44: =if(G44=9,1,0)+VLOOKUP(B44,'120923'!B:S,18,false) -> 9
A45: =A44+1 -> 41 | B45: Vinot Kumar Nagappan | C45: 222 | D45: 11 | E45: 3 | F45: 0 | G45: 9 | H45: 0 | I45: 0 | J45: 0 | K45: 9 | L45: 0 | M45: =C45+K45 -> 231 | N45: =D45+L45 -> 11 | O45: X | Q45: =if(G45=13,1,0)+VLOOKUP(B45,'120923'!B:Q,16,false) -> 0 | S45: =if(G45=9,1,0)+VLOOKUP(B45,'120923'!B:S,18,false) -> 13
A46: =A45+1 -> 42 | B46: James Cole III | C46: 220 | D46: 8 | E46: 3 | F46: 0 | G46: 9 | H46: 0 | I46: 0 | J46: 0 | K46: 9 | L46: 0 | M46: =C46+K46 -> 229 | N46: =D46+L46 -> 8 | O46: X | Q46: =if(G46=13,1,0)+VLOOKUP(B46,'120923'!B:Q,16,false) -> 0 | S46: =if(G46=9,1,0)+VLOOKUP(B46,'120923'!B:S,18,false) -> 17
A47: =A46+1 -> 43 | B47: Vamsi Lolla | C47: 219 | D47: 10 | E47: 1 | F47: 7 | G47: 0 | H47: 6 | I47: 6 | J47: 4 | K47: 16 | L47: 2 | M47: =C47+K47 -> 235 | N47: =D47+L47 -> 12 | O47: X | P47: X | Q47: =if(G47=13,1,0)+VLOOKUP(B47,'120923'!B:Q,16,false) -> 1 | S47: =if(G47=9,1,0)+VLOOKUP(B47,'120923'!B:S,18,false) -> 11
A48: =A47+1 -> 44 | B48: Nohely Mejia | C48: 218 | D48: 10 | E48: 2 | F48: 7 | G48: 0 | H48: 6 | I48: 2 | J48: 6 | K48: 14 | L48: 2 | M48: =C48+K48 -> 232 | N48: =D48+L48 -> 12 | O48: X | P48: X | Q48: =if(G48=13,1,0)+VLOOKUP(B48,'120923'!B:Q,16,false) -> 2 | S48: =if(G48=9,1,0)+VLOOKUP(B48,'120923'!B:S,18,false) -> 8
A49: =A48+1 -> 45 | B49: Jimmy Awolesi | C49: 217 | D49: 13 | E49: 1 | F49: 7 | G49: 0 | H49: 2 | I49: 2 | J49: 4 | K49: 8 | L49: 0 | M49: =C49+K49 -> 225 | N49: =D49+L49 -> 13 | O49: X | P49: X | Q49: =if(G49=13,1,0)+VLOOKUP(B49,'120923'!B:Q,16,false) -> 0 | S49: =if(G49=9,1,0)+VLOOKUP(B49,'120923'!B:S,18,false) -> 10
A50: =A49+1 -> 46 | B50: Balaji Alahari | C50: 213 | D50: 5 | E50: 3 | F50: 0 | G50: 9 | H50: 0 | I50: 0 | J50: 0 | K50: 9 | L50: 0 | M50: =C50+K50 -> 222 | N50: =D50+L50 -> 5 | O50: X | Q50: =if(G50=13,1,0)+VLOOKUP(B50,'120923'!B:Q,16,false) -> 1 | S50: =if(G50=9,1,0)+VLOOKUP(B50,'120923'!B:S,18,false) -> 18
A51: =A50+1 -> 47 | B51: Luis Hsu | C51: 213 | D51: 5 | E51: 3 | F51: 0 | G51: 9 | H51: 0 | I51: 0 | J51: 0 | K51: 9 | L51: 0 | M51: =C51+K51 -> 222 | N51: =D51+L51 -> 5 | O51: X | Q51: =if(G51=13,1,0)+VLOOKUP(B51,'120923'!B:Q,16,false) -> 0 | S51: =if(G51=9,1,0)+VLOOKUP(B51,'120923'!B:S,18,false) -> 20
A52: =A51+1 -> 48 | B52: Pan Lee | C52: 212 | D52: 5 | E52: 3 | F52: 0 | G52: 9 | H52: 0 | I52: 0 | J52: 0 | K52: 9 | L52: 0 | M52: =C52+K52 -> 221 | N52: =D52+L52 -> 5 | O52: X | Q52: =if(G52=13,1,0)+VLOOKUP(B52,'120923'!B:Q,16,false) -> 0 | S52: =if(G52=9,1,0)+VLOOKUP(B52,'120923'!B:S,18,false) -> 21
A53: =A52+1 -> 49 | B53: Lauren Chang | C53: 210 | D53: 4 | E53: 3 | F53: 0 | G53: 9 | H53: 0 | I53: 0 | J53: 0 | K53: 9 | L53: 0 | M53: =C53+K53 -> 219 | N53: =D53+L53 -> 4 | O53: X | Q53: =if(G53=13,1,0)+VLOOKUP(B53,'120923'!B:Q,16,false) -> 0 | S53: =if(G53=9,1,0)+VLOOKUP(B53,'120923'!B:S,18,false) -> 18
A54: =A53+1 -> 50 | B54: Santosh Sundaresan | C54: 208 | D54: 6 | E54: 3 | F54: 0 | G54: 9 | H54: 0 | I54: 0 | J54: 0 | K54: 9 | L54: 0 | M54: =C54+K54 -> 217 | N54: =D54+L54 -> 6 | O54: X | P54: X | Q54: =if(G54=13,1,0)+VLOOKUP(B54,'120923'!B:Q,16,false) -> 0 | S54: =if(G54=9,1,0)+VLOOKUP(B54,'120923'!B:S,18,false) -> 17
A55: =A54+1 -> 51 | B55: Kevin Wang | C55: 207 | D55: 14 | E55: 3 | F55: 0 | G55: 9 | H55: 0 | I55: 0 | J55: 0 | K55: 9 | L55: 0 | M55: =C55+K55 -> 216 | N55: =D55+L55 -> 14 | O55: X | Q55: =if(G55=13,1,0)+VLOOKUP(B55,'120923'!B:Q,16,false) -> 0 | S55: =if(G55=9,1,0)+VLOOKUP(B55,'120923'!B:S,18,false) -> 9
A56: =A55+1 -> 52 | B56: Vilas Janardhanan | C56: 207 | D56: 7 | E56: 3 | F56: 0 | G56: 9 | H56: 0 | I56: 0 | J56: 0 | K56: 9 | L56: 0 | M56: =C56+K56 -> 216 | N56: =D56+L56 -> 7 | O56: X | Q56: =if(G56=13,1,0)+VLOOKUP(B56,'120923'!B:Q,16,false) -> 0 | S56: =if(G56=9,1,0)+VLOOKUP(B56,'120923'!B:S,18,false) -> 17
A57: =A56+1 -> 53 | B57: Piyorasa Li | C57: 207 | D57: 3 | E57: 3 | F57: 0 | G57: 9 | H57: 0 | I57: 0 | J57: 0 | K57: 9 | L57: 0 | M57: =C57+K57 -> 216 | N57: =D57+L57 -> 3 | O57: X | Q57: =if(G57=13,1,0)+VLOOKUP(B57,'120923'!B:Q,16,false) -> 0 | S57: =if(G57=9,1,0)+VLOOKUP(B57,'120923'!B:S,18,false) -> 18
A58: =A57+1 -> 54 | B58: Jason Kim | C58: 207 | D58: 3 | E58: 3 | F58: 0 | G58: 9 | H58: 0 | I58: 0 | J58: 0 | K58: 9 | L58: 0 | M58: =C58+K58 -> 216 | N58: =D58+L58 -> 3 | O58: X | Q58: =if(G58=13,1,0)+VLOOKUP(B58,'120923'!B:Q,16,false) -> 0 | S58: =if(G58=9,1,0)+VLOOKUP(B58,'120923'!B:S,18,false) -> 19
A59: =A58+1 -> 55 | B59: Amit Patel | C59: 205 | D59: 4 | E59: 3 | F59: 0 | G59: 9 | H59: 0 | I59: 0 | J59: 0 | K59: 9 | L59: 0 | M59: =C59+K59 -> 214 | N59: =D59+L59 -> 4 | O59: X | Q59: =if(G59=13,1,0)+VLOOKUP(B59,'120923'!B:Q,16,false) -> 0 | S59: =if(G59=9,1,0)+VLOOKUP(B59,'120923'!B:S,18,false) -> 20
A60: =A59+1 -> 56 | B60: Coco Yan | C60: 202 | D60: 2 | E60: 3 | F60: 0 | G60: 9 | H60: 0 | I60: 0 | J60: 0 | K60: 9 | L60: 0 | M60: =C60+K60 -> 211 | N60: =D60+L60 -> 2 | O60: X | P60: X | Q60: =if(G60=13,1,0)+VLOOKUP(B60,'120923'!B:Q,16,false) -> 0 | S60: =if(G60=9,1,0)+VLOOKUP(B60,'120923'!B:S,18,false) -> 22
A61: =A60+1 -> 57 | B61: Thomas Zou | C61: 202 | D61: 2 | E61: 3 | G61: 9 | K61: 9 | M61: =C61+K61 -> 211 | N61: =D61+L61 -> 2 | O61: X | Q61: =if(G61=13,1,0)+VLOOKUP(B61,'120923'!B:Q,16,false) -> 0 | S61: =if(G61=9,1,0)+VLOOKUP(B61,'120923'!B:S,18,false) -> 22
A62: =A61+1 -> 58 | B62: Savay Lieu | C62: 198 | D62: 0 | E62: 3 | F62: 0 | G62: 9 | H62: 0 | I62: 0 | J62: 0 | K62: 9 | L62: 0 | M62: =C62+K62 -> 207 | N62: =D62+L62 -> 0 | O62: X | P62: X | Q62: =if(G62=13,1,0)+VLOOKUP(B62,'120923'!B:Q,16,false) -> 0 | S62: =if(G62=9,1,0)+VLOOKUP(B62,'120923'!B:S,18,false) -> 23
A63: =A62+1 -> 59 | B63: Mihir Anand | C63: 198 | D63: 0 | E63: 3 | F63: 0 | G63: 9 | H63: 0 | I63: 0 | J63: 0 | K63: 9 | L63: 0 | M63: =C63+K63 -> 207 | N63: =D63+L63 -> 0 | O63: X | Q63: =if(G63=13,1,0)+VLOOKUP(B63,'120923'!B:Q,16,false) -> 0 | S63: =if(G63=9,1,0)+VLOOKUP(B63,'120923'!B:S,18,false) -> 23
A64: =A63+1 -> 60 | B64: Manish Anand | C64: 198 | D64: 0 | E64: 3 | F64: 0 | G64: 9 | H64: 0 | I64: 0 | J64: 0 | K64: 9 | L64: 0 | M64: =C64+K64 -> 207 | N64: =D64+L64 -> 0 | O64: X | P64: X | Q64: =if(G64=13,1,0)+VLOOKUP(B64,'120923'!B:Q,16,false) -> 0 | S64: =if(G64=9,1,0)+VLOOKUP(B64,'120923'!B:S,18,false) -> 23
A65: =A64+1 -> 61 | B65: Fendi Purwadi | C65: 198 | D65: 0 | E65: 3 | F65: 0 | G65: 9 | H65: 0 | I65: 0 | J65: 0 | K65: 9 | L65: 0 | M65: =C65+K65 -> 207 | N65: =D65+L65 -> 0 | O65: X | Q65: =if(G65=13,1,0)+VLOOKUP(B65,'120923'!B:Q,16,false) -> 0 | S65: =if(G65=9,1,0)+VLOOKUP(B65,'120923'!B:S,18,false) -> 23 | U65: Not Renewing
A66: =A65+1 -> 62 | B66: Tiffany Yu | C66: 196 | D66: 2 | E66: 3 | G66: 9 | H66: 0 | I66: 0 | J66: 0 | K66: 9 | L66: 0 | M66: =C66+K66 -> 205 | N66: =D66+L66 -> 2 | O66: X | Q66: =if(G66=13,1,0)+VLOOKUP(B66,'120923'!B:Q,16,false) -> 0 | S66: =if(G66=9,1,0)+VLOOKUP(B66,'120923'!B:S,18,false) -> 21
A67: =A66+1 -> 63 | B67: Jose Ortiz | C67: 195 | D67: 5 | E67: 3 | F67: 0 | G67: 9 | H67: 0 | I67: 0 | J67: 0 | K67: 9 | L67: 0 | M67: =C67+K67 -> 204 | N67: =D67+L67 -> 5 | O67: X | Q67: =if(G67=13,1,0)+VLOOKUP(B67,'120923'!B:Q,16,false) -> 0 | S67: =if(G67=9,1,0)+VLOOKUP(B67,'120923'!B:S,18,false) -> 18
A68: =A67+1 -> 64 | B68: Joyce Zhu | C68: 192 | D68: 1 | E68: 1 | F68: 7 | G68: 0 | H68: 2 | I68: 6 | J68: 6 | K68: 14 | L68: 2 | M68: =C68+K68 -> 206 | N68: =D68+L68 -> 3 | O68: X | P68: X | Q68: =if(G68=13,1,0)+VLOOKUP(B68,'120923'!B:Q,16,false) -> 0 | S68: =if(G68=9,1,0)+VLOOKUP(B68,'120923'!B:S,18,false) -> 11
B70: =COUNTA(B5:B68) -> 64 | O70: Paid | P70: =COUNTA(P5:P68) -> 38
O71: To Pay | P71: =P72-P70 -> 26
O72: Total | P72: =B70 -> 64
B76: Top Scores | C76: Games | D76: Sets
B77: =IFERROR(__xludf.DUMMYFUNCTION("QUERY(B5:L68,""Select B, K, L where K >= 18 order by K desc, L desc"",0)"),"Adrian Tay") -> Adrian Tay | C77: =IFERROR(__xludf.DUMMYFUNCTION("""COMPUTED_VALUE"""),20.0) -> 20 | D77: =IFERROR(__xludf.DUMMYFUNCTION("""COMPUTED_VALUE"""),2.0) -> 2
B78: =IFERROR(__xludf.DUMMYFUNCTION("""COMPUTED_VALUE"""),"Erik Hoeckmann") -> Erik Hoeckmann | C78: =IFERROR(__xludf.DUMMYFUNCTION("""COMPUTED_VALUE"""),19.0) -> 19 | D78: =IFERROR(__xludf.DUMMYFUNCTION("""COMPUTED_VALUE"""),3.0) -> 3
B79: =IFERROR(__xludf.DUMMYFUNCTION("""COMPUTED_VALUE"""),"Peter Cheng") -> Peter Cheng | C79: =IFERROR(__xludf.DUMMYFUNCTION("""COMPUTED_VALUE"""),19.0) -> 19 | D79: =IFERROR(__xludf.DUMMYFUNCTION("""COMPUTED_VALUE"""),2.0) -> 2
B80: =IFERROR(__xludf.DUMMYFUNCTION("""COMPUTED_VALUE"""),"Robert Chang") -> Robert Chang | C80: =IFERROR(__xludf.DUMMYFUNCTION("""COMPUTED_VALUE"""),19.0) -> 19 | D80: =IFERROR(__xludf.DUMMYFUNCTION("""COMPUTED_VALUE"""),2.0) -> 2
B81: =IFERROR(__xludf.DUMMYFUNCTION("""COMPUTED_VALUE"""),"Joe Luzzi") -> Joe Luzzi | C81: =IFERROR(__xludf.DUMMYFUNCTION("""COMPUTED_VALUE"""),19.0) -> 19 | D81: =IFERROR(__xludf.DUMMYFUNCTION("""COMPUTED_VALUE"""),2.0) -> 2
B82: =IFERROR(__xludf.DUMMYFUNCTION("""COMPUTED_VALUE"""),"Alejandro Mejia") -> Alejandro Mejia | C82: =IFERROR(__xludf.DUMMYFUNCTION("""COMPUTED_VALUE"""),18.0) -> 18 | D82: =IFERROR(__xludf.DUMMYFUNCTION("""COMPUTED_VALUE"""),3.0) -> 3
B83: =IFERROR(__xludf.DUMMYFUNCTION("""COMPUTED_VALUE"""),"Susanta Mishra") -> Susanta Mishra | C83: =IFERROR(__xludf.DUMMYFUNCTION("""COMPUTED_VALUE"""),18.0) -> 18 | D83: =IFERROR(__xludf.DUMMYFUNCTION("""COMPUTED_VALUE"""),3.0) -> 3
B84: =IFERROR(__xludf.DUMMYFUNCTION("""COMPUTED_VALUE"""),"David Shin") -> David Shin | C84: =IFERROR(__xludf.DUMMYFUNCTION("""COMPUTED_VALUE"""),18.0) -> 18 | D84: =IFERROR(__xludf.DUMMYFUNCTION("""COMPUTED_VALUE"""),2.0) -> 2
B89: Name of Player | C89: Games Won | D89: Sets Won | E89: Check IN | F89: Court # | G89: Set 0 | H89: Set 1 | I89: Set 2 | J89: Set 3 | K89: Games Won | L89: Sets Won | M89: Games Won | N89: Sets Won
B90: =IFERROR(__xludf.DUMMYFUNCTION("QUERY(B5:N68, ""Select B, C, D, E, F, G, H, I, J, K, L, M, N where F >= 1"")"),"Peter Cheng") -> Peter Cheng | C90: =IFERROR(__xludf.DUMMYFUNCTION("""COMPUTED_VALUE"""),302.0) -> 302 | D90: =IFERROR(__xludf.DUMMYFUNCTION("""COMPUTED_VALUE"""),32.0) -> 32 | E90: =IFERROR(__xludf.DUMMYFUNCTION("""COMPUTED_VALUE"""),1.0) -> 1 | F90: =IFERROR(__xludf.DUMMYFUNCTION("""COMPUTED_VALUE"""),1.0) -> 1 | G90: =IFERROR(__xludf.DUMMYFUNCTION("""COMPUTED_VALUE"""),0.0) -> 0 | H90: =IFERROR(__xludf.DUMMYFUNCTION("""COMPUTED_VALUE"""),7.0) -> 7 | I90: =IFERROR(__xludf.DUMMYFUNCTION("""COMPUTED_VALUE"""),7.0) -> 7 | J90: =IFERROR(__xludf.DUMMYFUNCTION("""COMPUTED_VALUE"""),5.0) -> 5 | K90: =IFERROR(__xludf.DUMMYFUNCTION("""COMPUTED_VALUE"""),19.0) -> 19 | L90: =IFERROR(__xludf.DUMMYFUNCTION("""COMPUTED_VALUE"""),2.0) -> 2 | M90: =IFERROR(__xludf.DUMMYFUNCTION("""COMPUTED_VALUE"""),321.0) -> 321 | N90: =IFERROR(__xludf.DUMMYFUNCTION("""COMPUTED_VALUE"""),34.0) -> 34
B91: =IFERROR(__xludf.DUMMYFUNCTION("""COMPUTED_VALUE"""),"Adrian Tay") -> Adrian Tay | C91: =IFERROR(__xludf.DUMMYFUNCTION("""COMPUTED_VALUE"""),295.0) -> 295 | D91: =IFERROR(__xludf.DUMMYFUNCTION("""COMPUTED_VALUE"""),29.0) -> 29 | E91: =IFERROR(__xludf.DUMMYFUNCTION("""COMPUTED_VALUE"""),1.0) -> 1 | F91: =IFERROR(__xludf.DUMMYFUNCTION("""COMPUTED_VALUE"""),1.0) -> 1 | G91: =IFERROR(__xludf.DUMMYFUNCTION("""COMPUTED_VALUE"""),0.0) -> 0 | H91: =IFERROR(__xludf.DUMMYFUNCTION("""COMPUTED_VALUE"""),7.0) -> 7 | I91: =IFERROR(__xludf.DUMMYFUNCTION("""COMPUTED_VALUE"""),6.0) -> 6 | J91: =IFERROR(__xludf.DUMMYFUNCTION("""COMPUTED_VALUE"""),7.0) -> 7 | K91: =IFERROR(__xludf.DUMMYFUNCTION("""COMPUTED_VALUE"""),20.0) -> 20 | L91: =IFERROR(__xludf.DUMMYFUNCTION("""COMPUTED_VALUE"""),2.0) -> 2 | M91: =IFERROR(__xludf.DUMMYFUNCTION("""COMPUTED_VALUE"""),315.0) -> 315 | N91: =IFERROR(__xludf.DUMMYFUNCTION("""COMPUTED_VALUE"""),31.0) -> 31
B92: =IFERROR(__xludf.DUMMYFUNCTION("""COMPUTED_VALUE"""),"Robert Chang") -> Robert Chang | C92: =IFERROR(__xludf.DUMMYFUNCTION("""COMPUTED_VALUE"""),288.0) -> 288 | D92: =IFERROR(__xludf.DUMMYFUNCTION("""COMPUTED_VALUE"""),27.0) -> 27 | E92: =IFERROR(__xludf.DUMMYFUNCTION("""COMPUTED_VALUE"""),2.0) -> 2 | F92: =IFERROR(__xludf.DUMMYFUNCTION("""COMPUTED_VALUE"""),1.0) -> 1 | G92: =IFERROR(__xludf.DUMMYFUNCTION("""COMPUTED_VALUE"""),0.0) -> 0 | H92: =IFERROR(__xludf.DUMMYFUNCTION("""COMPUTED_VALUE"""),5.0) -> 5 | I92: =IFERROR(__xludf.DUMMYFUNCTION("""COMPUTED_VALUE"""),7.0) -> 7 | J92: =IFERROR(__xludf.DUMMYFUNCTION("""COMPUTED_VALUE"""),7.0) -> 7 | K92: =IFERROR(__xludf.DUMMYFUNCTION("""COMPUTED_VALUE"""),19.0) -> 19 | L92: =IFERROR(__xludf.DUMMYFUNCTION("""COMPUTED_VALUE"""),2.0) -> 2 | M92: =IFERROR(__xludf.DUMMYFUNCTION("""COMPUTED_VALUE"""),307.0) -> 307 | N92: =IFERROR(__xludf.DUMMYFUNCTION("""COMPUTED_VALUE"""),29.0) -> 29
B93: =IFERROR(__xludf.DUMMYFUNCTION("""COMPUTED_VALUE"""),"Pulkit Mathur") -> Pulkit Mathur | C93: =IFERROR(__xludf.DUMMYFUNCTION("""COMPUTED_VALUE"""),283.0) -> 283 | D93: =IFERROR(__xludf.DUMMYFUNCTION("""COMPUTED_VALUE"""),25.0) -> 25 | E93: =IFERROR(__xludf.DUMMYFUNCTION("""COMPUTED_VALUE"""),2.0) -> 2 | F93: =IFERROR(__xludf.DUMMYFUNCTION("""COMPUTED_VALUE"""),1.0) -> 1 | G93: =IFERROR(__xludf.DUMMYFUNCTION("""COMPUTED_VALUE"""),0.0) -> 0 | H93: =IFERROR(__xludf.DUMMYFUNCTION("""COMPUTED_VALUE"""),5.0) -> 5 | I93: =IFERROR(__xludf.DUMMYFUNCTION("""COMPUTED_VALUE"""),6.0) -> 6 | J93: =IFERROR(__xludf.DUMMYFUNCTION("""COMPUTED_VALUE"""),5.0) -> 5 | K93: =IFERROR(__xludf.DUMMYFUNCTION("""COMPUTED_VALUE"""),16.0) -> 16 | L93: =IFERROR(__xludf.DUMMYFUNCTION("""COMPUTED_VALUE"""),0.0) -> 0 | M93: =IFERROR(__xludf.DUMMYFUNCTION("""COMPUTED_VALUE"""),299.0) -> 299 | N93: =IFERROR(__xludf.DUMMYFUNCTION("""COMPUTED_VALUE"""),25.0) -> 25
B94: =IFERROR(__xludf.DUMMYFUNCTION("""COMPUTED_VALUE"""),"Lam Bui") -> Lam Bui | C94: =IFERROR(__xludf.DUMMYFUNCTION("""COMPUTED_VALUE"""),282.0) -> 282 | D94: =IFERROR(__xludf.DUMMYFUNCTION("""COMPUTED_VALUE"""),25.0) -> 25 | E94: =IFERROR(__xludf.DUMMYFUNCTION("""COMPUTED_VALUE"""),2.0) -> 2 | F94: =IFERROR(__xludf.DUMMYFUNCTION("""COMPUTED_VALUE"""),2.0) -> 2 | G94: =IFERROR(__xludf.DUMMYFUNCTION("""COMPUTED_VALUE"""),0.0) -> 0 | H94: =IFERROR(__xludf.DUMMYFUNCTION("""COMPUTED_VALUE"""),6.0) -> 6 | I94: =IFERROR(__xludf.DUMMYFUNCTION("""COMPUTED_VALUE"""),3.0) -> 3 | J94: =IFERROR(__xludf.DUMMYFUNCTION("""COMPUTED_VALUE"""),2.0) -> 2 | K94: =IFERROR(__xludf.DUMMYFUNCTION("""COMPUTED_VALUE"""),11.0) -> 11 | L94: =IFERROR(__xludf.DUMMYFUNCTION("""COMPUTED_VALUE"""),1.0) -> 1 | M94: =IFERROR(__xludf.DUMMYFUNCTION("""COMPUTED_VALUE"""),293.0) -> 293 | N94: =IFERROR(__xludf.DUMMYFUNCTION("""COMPUTED_VALUE"""),26.0) -> 26
B95: =IFERROR(__xludf.DUMMYFUNCTION("""COMPUTED_VALUE"""),"Matthew Huang") -> Matthew Huang | C95: =IFERROR(__xludf.DUMMYFUNCTION("""COMPUTED_VALUE"""),282.0) -> 282 | D95: =IFERROR(__xludf.DUMMYFUNCTION("""COMPUTED_VALUE"""),24.0) -> 24 | E95: =IFERROR(__xludf.DUMMYFUNCTION("""COMPUTED_VALUE"""),1.0) -> 1 | F95: =IFERROR(__xludf.DUMMYFUNCTION("""COMPUTED_VALUE"""),2.0) -> 2 | G95: =IFERROR(__xludf.DUMMYFUNCTION("""COMPUTED_VALUE"""),0.0) -> 0 | H95: =IFERROR(__xludf.DUMMYFUNCTION("""COMPUTED_VALUE"""),4.0) -> 4 | I95: =IFERROR(__xludf.DUMMYFUNCTION("""COMPUTED_VALUE"""),3.0) -> 3 | J95: =IFERROR(__xludf.DUMMYFUNCTION("""COMPUTED_VALUE"""),6.0) -> 6 | K95: =IFERROR(__xludf.DUMMYFUNCTION("""COMPUTED_VALUE"""),13.0) -> 13 | L95: =IFERROR(__xludf.DUMMYFUNCTION("""COMPUTED_VALUE"""),1.0) -> 1 | M95: =IFERROR(__xludf.DUMMYFUNCTION("""COMPUTED_VALUE"""),295.0) -> 295 | N95: =IFERROR(__xludf.DUMMYFUNCTION("""COMPUTED_VALUE"""),25.0) -> 25
B96: =IFERROR(__xludf.DUMMYFUNCTION("""COMPUTED_VALUE"""),"Pavan Akkimsetty") -> Pavan Akkimsetty | C96: =IFERROR(__xludf.DUMMYFUNCTION("""COMPUTED_VALUE"""),279.0) -> 279 | D96: =IFERROR(__xludf.DUMMYFUNCTION("""COMPUTED_VALUE"""),25.0) -> 25 | E96: =IFERROR(__xludf.DUMMYFUNCTION("""COMPUTED_VALUE"""),1.0) -> 1 | F96: =IFERROR(__xludf.DUMMYFUNCTION("""COMPUTED_VALUE"""),2.0) -> 2 | G96: =IFERROR(__xludf.DUMMYFUNCTION("""COMPUTED_VALUE"""),0.0) -> 0 | H96: =IFERROR(__xludf.DUMMYFUNCTION("""COMPUTED_VALUE"""),4.0) -> 4 | I96: =IFERROR(__xludf.DUMMYFUNCTION("""COMPUTED_VALUE"""),6.0) -> 6 | J96: =IFERROR(__xludf.DUMMYFUNCTION("""COMPUTED_VALUE"""),2.0) -> 2 | K96: =IFERROR(__xludf.DUMMYFUNCTION("""COMPUTED_VALUE"""),12.0) -> 12 | L96: =IFERROR(__xludf.DUMMYFUNCTION("""COMPUTED_VALUE"""),1.0) -> 1 | M96: =IFERROR(__xludf.DUMMYFUNCTION("""COMPUTED_VALUE"""),291.0) -> 291 | N96: =IFERROR(__xludf.DUMMYFUNCTION("""COMPUTED_VALUE"""),26.0) -> 26
B97: =IFERROR(__xludf.DUMMYFUNCTION("""COMPUTED_VALUE"""),"Alejandro Mejia") -> Alejandro Mejia | C97: =IFERROR(__xludf.DUMMYFUNCTION("""COMPUTED_VALUE"""),279.0) -> 279 | D97: =IFERROR(__xludf.DUMMYFUNCTION("""COMPUTED_VALUE"""),23.0) -> 23 | E97: =IFERROR(__xludf.DUMMYFUNCTION("""COMPUTED_VALUE"""),1.0) -> 1 | F97: =IFERROR(__xludf.DUMMYFUNCTION("""COMPUTED_VALUE"""),2.0) -> 2 | G97: =IFERROR(__xludf.DUMMYFUNCTION("""COMPUTED_VALUE"""),0.0) -> 0 | H97: =IFERROR(__xludf.DUMMYFUNCTION("""COMPUTED_VALUE"""),6.0) -> 6 | I97: =IFERROR(__xludf.DUMMYFUNCTION("""COMPUTED_VALUE"""),6.0) -> 6 | J97: =IFERROR(__xludf.DUMMYFUNCTION("""COMPUTED_VALUE"""),6.0) -> 6 | K97: =IFERROR(__xludf.DUMMYFUNCTION("""COMPUTED_VALUE"""),18.0) -> 18 | L97: =IFERROR(__xludf.DUMMYFUNCTION("""COMPUTED_VALUE"""),3.0) -> 3 | M97: =IFERROR(__xludf.DUMMYFUNCTION("""COMPUTED_VALUE"""),297.0) -> 297 | N97: =IFERROR(__xludf.DUMMYFUNCTION("""COMPUTED_VALUE"""),26.0) -> 26
B98: =IFERROR(__xludf.DUMMYFUNCTION("""COMPUTED_VALUE"""),"Erik Hoeckmann") -> Erik Hoeckmann | C98: =IFERROR(__xludf.DUMMYFUNCTION("""COMPUTED_VALUE"""),271.0) -> 271 | D98: =IFERROR(__xludf.DUMMYFUNCTION("""COMPUTED_VALUE"""),20.0) -> 20 | E98: =IFERROR(__xludf.DUMMYFUNCTION("""COMPUTED_VALUE"""),1.0) -> 1 | F98: =IFERROR(__xludf.DUMMYFUNCTION("""COMPUTED_VALUE"""),3.0) -> 3 | G98: =IFERROR(__xludf.DUMMYFUNCTION("""COMPUTED_VALUE"""),0.0) -> 0 | H98: =IFERROR(__xludf.DUMMYFUNCTION("""COMPUTED_VALUE"""),6.0) -> 6 | I98: =IFERROR(__xludf.DUMMYFUNCTION("""COMPUTED_VALUE"""),7.0) -> 7 | J98: =IFERROR(__xludf.DUMMYFUNCTION("""COMPUTED_VALUE"""),6.0) -> 6 | K98: =IFERROR(__xludf.DUMMYFUNCTION("""COMPUTED_VALUE"""),19.0) -> 19 | L98: =IFERROR(__xludf.DUMMYFUNCTION("""COMPUTED_VALUE"""),3.0) -> 3 | M98: =IFERROR(__xludf.DUMMYFUNCTION("""COMPUTED_VALUE"""),290.0) -> 290 | N98: =IFERROR(__xludf.DUMMYFUNCTION("""COMPUTED_VALUE"""),23.0) -> 23
B99: =IFERROR(__xludf.DUMMYFUNCTION("""COMPUTED_VALUE"""),"Peter Homsey") -> Peter Homsey | C99: =IFERROR(__xludf.DUMMYFUNCTION("""COMPUTED_VALUE"""),269.0) -> 269 | D99: =IFERROR(__xludf.DUMMYFUNCTION("""COMPUTED_VALUE"""),23.0) -> 23 | E99: =IFERROR(__xludf.DUMMYFUNCTION("""COMPUTED_VALUE"""),1.0) -> 1 | F99: =IFERROR(__xludf.DUMMYFUNCTION("""COMPUTED_VALUE"""),3.0) -> 3 | G99: =IFERROR(__xludf.DUMMYFUNCTION("""COMPUTED_VALUE"""),0.0) -> 0 | H99: =IFERROR(__xludf.DUMMYFUNCTION("""COMPUTED_VALUE"""),6.0) -> 6 | I99: =IFERROR(__xludf.DUMMYFUNCTION("""COMPUTED_VALUE"""),6.0) -> 6 | J99: =IFERROR(__xludf.DUMMYFUNCTION("""COMPUTED_VALUE"""),2.0) -> 2 | K99: =IFERROR(__xludf.DUMMYFUNCTION("""COMPUTED_VALUE"""),14.0) -> 14 | L99: =IFERROR(__xludf.DUMMYFUNCTION("""COMPUTED_VALUE"""),1.0) -> 1 | M99: =IFERROR(__xludf.DUMMYFUNCTION("""COMPUTED_VALUE"""),283.0) -> 283 | N99: =IFERROR(__xludf.DUMMYFUNCTION("""COMPUTED_VALUE"""),24.0) -> 24
B100: =IFERROR(__xludf.DUMMYFUNCTION("""COMPUTED_VALUE"""),"Oscar Bonilla") -> Oscar Bonilla | C100: =IFERROR(__xludf.DUMMYFUNCTION("""COMPUTED_VALUE"""),268.0) -> 268 | D100: =IFERROR(__xludf.DUMMYFUNCTION("""COMPUTED_VALUE"""),22.0) -> 22 | E100: =IFERROR(__xludf.DUMMYFUNCTION("""COMPUTED_VALUE"""),1.0) -> 1 | F100: =IFERROR(__xludf.DUMMYFUNCTION("""COMPUTED_VALUE"""),3.0) -> 3 | G100: =IFERROR(__xludf.DUMMYFUNCTION("""COMPUTED_VALUE"""),0.0) -> 0 | H100: =IFERROR(__xludf.DUMMYFUNCTION("""COMPUTED_VALUE"""),3.0) -> 3 | I100: =IFERROR(__xludf.DUMMYFUNCTION("""COMPUTED_VALUE"""),6.0) -> 6 | J100: =IFERROR(__xludf.DUMMYFUNCTION("""COMPUTED_VALUE"""),6.0) -> 6 | K100: =IFERROR(__xludf.DUMMYFUNCTION("""COMPUTED_VALUE"""),15.0) -> 15 | L100: =IFERROR(__xludf.DUMMYFUNCTION("""COMPUTED_VALUE"""),1.0) -> 1 | M100: =IFERROR(__xludf.DUMMYFUNCTION("""COMPUTED_VALUE"""),283.0) -> 283 | N100: =IFERROR(__xludf.DUMMYFUNCTION("""COMPUTED_VALUE"""),23.0) -> 23
B101: =IFERROR(__xludf.DUMMYFUNCTION("""COMPUTED_VALUE"""),"Ted Shen") -> Ted Shen | C101: =IFERROR(__xludf.DUMMYFUNCTION("""COMPUTED_VALUE"""),267.0) -> 267 | D101: =IFERROR(__xludf.DUMMYFUNCTION("""COMPUTED_VALUE"""),23.0) -> 23 | E101: =IFERROR(__xludf.DUMMYFUNCTION("""COMPUTED_VALUE"""),1.0) -> 1 | F101: =IFERROR(__xludf.DUMMYFUNCTION("""COMPUTED_VALUE"""),3.0) -> 3 | G101: =IFERROR(__xludf.DUMMYFUNCTION("""COMPUTED_VALUE"""),0.0) -> 0 | H101: =IFERROR(__xludf.DUMMYFUNCTION("""COMPUTED_VALUE"""),3.0) -> 3 | I101: =IFERROR(__xludf.DUMMYFUNCTION("""COMPUTED_VALUE"""),7.0) -> 7 | J101: =IFERROR(__xludf.DUMMYFUNCTION("""COMPUTED_VALUE"""),2.0) -> 2 | K101: =IFERROR(__xludf.DUMMYFUNCTION("""COMPUTED_VALUE"""),12.0) -> 12 | L101: =IFERROR(__xludf.DUMMYFUNCTION("""COMPUTED_VALUE"""),1.0) -> 1 | M101: =IFERROR(__xludf.DUMMYFUNCTION("""COMPUTED_VALUE"""),279.0) -> 279 | N101: =IFERROR(__xludf.DUMMYFUNCTION("""COMPUTED_VALUE"""),24.0) -> 24
B102: =IFERROR(__xludf.DUMMYFUNCTION("""COMPUTED_VALUE"""),"Chinna Ponnaganti") -> Chinna Ponnaganti | C102: =IFERROR(__xludf.DUMMYFUNCTION("""COMPUTED_VALUE"""),266.0) -> 266 | D102: =IFERROR(__xludf.DUMMYFUNCTION("""COMPUTED_VALUE"""),24.0) -> 24 | E102: =IFERROR(__xludf.DUMMYFUNCTION("""COMPUTED_VALUE"""),1.0) -> 1 | F102: =IFERROR(__xludf.DUMMYFUNCTION("""COMPUTED_VALUE"""),4.0) -> 4 | G102: =IFERROR(__xludf.DUMMYFUNCTION("""COMPUTED_VALUE"""),0.0) -> 0 | H102: =IFERROR(__xludf.DUMMYFUNCTION("""COMPUTED_VALUE"""),7.0) -> 7 | I102: =IFERROR(__xludf.DUMMYFUNCTION("""COMPUTED_VALUE"""),2.0) -> 2 | J102: =IFERROR(__xludf.DUMMYFUNCTION("""COMPUTED_VALUE"""),7.0) -> 7 | K102: =IFERROR(__xludf.DUMMYFUNCTION("""COMPUTED_VALUE"""),16.0) -> 16 | L102: =IFERROR(__xludf.DUMMYFUNCTION("""COMPUTED_VALUE"""),2.0) -> 2 | M102: =IFERROR(__xludf.DUMMYFUNCTION("""COMPUTED_VALUE"""),282.0) -> 282 | N102: =IFERROR(__xludf.DUMMYFUNCTION("""COMPUTED_VALUE"""),26.0) -> 26
B103: =IFERROR(__xludf.DUMMYFUNCTION("""COMPUTED_VALUE"""),"Joe Luzzi") -> Joe Luzzi | C103: =IFERROR(__xludf.DUMMYFUNCTION("""COMPUTED_VALUE"""),263.0) -> 263 | D103: =IFERROR(__xludf.DUMMYFUNCTION("""COMPUTED_VALUE"""),24.0) -> 24 | E103: =IFERROR(__xludf.DUMMYFUNCTION("""COMPUTED_VALUE"""),2.0) -> 2 | F103: =IFERROR(__xludf.DUMMYFUNCTION("""COMPUTED_VALUE"""),4.0) -> 4 | G103: =IFERROR(__xludf.DUMMYFUNCTION("""COMPUTED_VALUE"""),0.0) -> 0 | H103: =IFERROR(__xludf.DUMMYFUNCTION("""COMPUTED_VALUE"""),7.0) -> 7 | I103: =IFERROR(__xludf.DUMMYFUNCTION("""COMPUTED_VALUE"""),6.0) -> 6 | J103: =IFERROR(__xludf.DUMMYFUNCTION("""COMPUTED_VALUE"""),6.0) -> 6 | K103: =IFERROR(__xludf.DUMMYFUNCTION("""COMPUTED_VALUE"""),19.0) -> 19 | L103: =IFERROR(__xludf.DUMMYFUNCTION("""COMPUTED_VALUE"""),2.0) -> 2 | M103: =IFERROR(__xludf.DUMMYFUNCTION("""COMPUTED_VALUE"""),282.0) -> 282 | N103: =IFERROR(__xludf.DUMMYFUNCTION("""COMPUTED_VALUE"""),26.0) -> 26
B104: =IFERROR(__xludf.DUMMYFUNCTION("""COMPUTED_VALUE"""),"Tony Wong") -> Tony Wong | C104: =IFERROR(__xludf.DUMMYFUNCTION("""COMPUTED_VALUE"""),263.0) -> 263 | D104: =IFERROR(__xludf.DUMMYFUNCTION("""COMPUTED_VALUE"""),18.0) -> 18 | E104: =IFERROR(__xludf.DUMMYFUNCTION("""COMPUTED_VALUE"""),2.0) -> 2 | F104: =IFERROR(__xludf.DUMMYFUNCTION("""COMPUTED_VALUE"""),4.0) -> 4 | G104: =IFERROR(__xludf.DUMMYFUNCTION("""COMPUTED_VALUE"""),0.0) -> 0 | H104: =IFERROR(__xludf.DUMMYFUNCTION("""COMPUTED_VALUE"""),5.0) -> 5 | I104: =IFERROR(__xludf.DUMMYFUNCTION("""COMPUTED_VALUE"""),2.0) -> 2 | J104: =IFERROR(__xludf.DUMMYFUNCTION("""COMPUTED_VALUE"""),6.0) -> 6 | K104: =IFERROR(__xludf.DUMMYFUNCTION("""COMPUTED_VALUE"""),13.0) -> 13 | L104: =IFERROR(__xludf.DUMMYFUNCTION("""COMPUTED_VALUE"""),0.0) -> 0 | M104: =IFERROR(__xludf.DUMMYFUNCTION("""COMPUTED_VALUE"""),276.0) -> 276 | N104: =IFERROR(__xludf.DUMMYFUNCTION("""COMPUTED_VALUE"""),18.0) -> 18
B105: =IFERROR(__xludf.DUMMYFUNCTION("""COMPUTED_VALUE"""),"David Shin") -> David Shin | C105: =IFERROR(__xludf.DUMMYFUNCTION("""COMPUTED_VALUE"""),262.0) -> 262 | D105: =IFERROR(__xludf.DUMMYFUNCTION("""COMPUTED_VALUE"""),20.0) -> 20 | E105: =IFERROR(__xludf.DUMMYFUNCTION("""COMPUTED_VALUE"""),1.0) -> 1 | F105: =IFERROR(__xludf.DUMMYFUNCTION("""COMPUTED_VALUE"""),4.0) -> 4 | G105: =IFERROR(__xludf.DUMMYFUNCTION("""COMPUTED_VALUE"""),0.0) -> 0 | H105: =IFERROR(__xludf.DUMMYFUNCTION("""COMPUTED_VALUE"""),5.0) -> 5 | I105: =IFERROR(__xludf.DUMMYFUNCTION("""COMPUTED_VALUE"""),6.0) -> 6 | J105: =IFERROR(__xludf.DUMMYFUNCTION("""COMPUTED_VALUE"""),7.0) -> 7 | K105: =IFERROR(__xludf.DUMMYFUNCTION("""COMPUTED_VALUE"""),18.0) -> 18 | L105: =IFERROR(__xludf.DUMMYFUNCTION("""COMPUTED_VALUE"""),2.0) -> 2 | M105: =IFERROR(__xludf.DUMMYFUNCTION("""COMPUTED_VALUE"""),280.0) -> 280 | N105: =IFERROR(__xludf.DUMMYFUNCTION("""COMPUTED_VALUE"""),22.0) -> 22
B106: =IFERROR(__xludf.DUMMYFUNCTION("""COMPUTED_VALUE"""),"Trinath Goteti") -> Trinath Goteti | C106: =IFERROR(__xludf.DUMMYFUNCTION("""COMPUTED_VALUE"""),255.0) -> 255 | D106: =IFERROR(__xludf.DUMMYFUNCTION("""COMPUTED_VALUE"""),16.0) -> 16 | E106: =IFERROR(__xludf.DUMMYFUNCTION("""COMPUTED_VALUE"""),2.0) -> 2 | F106: =IFERROR(__xludf.DUMMYFUNCTION("""COMPUTED_VALUE"""),5.0) -> 5 | G106: =IFERROR(__xludf.DUMMYFUNCTION("""COMPUTED_VALUE"""),0.0) -> 0 | H106: =IFERROR(__xludf.DUMMYFUNCTION("""COMPUTED_VALUE"""),6.0) -> 6 | I106: =IFERROR(__xludf.DUMMYFUNCTION("""COMPUTED_VALUE"""),4.0) -> 4 | J106: =IFERROR(__xludf.DUMMYFUNCTION("""COMPUTED_VALUE"""),6.0) -> 6 | K106: =IFERROR(__xludf.DUMMYFUNCTION("""COMPUTED_VALUE"""),16.0) -> 16 | L106: =IFERROR(__xludf.DUMMYFUNCTION("""COMPUTED_VALUE"""),2.0) -> 2 | M106: =IFERROR(__xludf.DUMMYFUNCTION("""COMPUTED_VALUE"""),271.0) -> 271 | N106: =IFERROR(__xludf.DUMMYFUNCTION("""COMPUTED_VALUE"""),18.0) -> 18
B107: =IFERROR(__xludf.DUMMYFUNCTION("""COMPUTED_VALUE"""),"Sai Dilip Ponnaganti") -> Sai Dilip Ponnaganti | C107: =IFERROR(__xludf.DUMMYFUNCTION("""COMPUTED_VALUE"""),255.0) -> 255 | D107: =IFERROR(__xludf.DUMMYFUNCTION("""COMPUTED_VALUE"""),15.0) -> 15 | E107: =IFERROR(__xludf.DUMMYFUNCTION("""COMPUTED_VALUE"""),1.0) -> 1 | F107: =IFERROR(__xludf.DUMMYFUNCTION("""COMPUTED_VALUE"""),5.0) -> 5 | G107: =IFERROR(__xludf.DUMMYFUNCTION("""COMPUTED_VALUE"""),0.0) -> 0 | H107: =IFERROR(__xludf.DUMMYFUNCTION("""COMPUTED_VALUE"""),2.0) -> 2 | I107: =IFERROR(__xludf.DUMMYFUNCTION("""COMPUTED_VALUE"""),6.0) -> 6 | J107: =IFERROR(__xludf.DUMMYFUNCTION("""COMPUTED_VALUE"""),6.0) -> 6 | K107: =IFERROR(__xludf.DUMMYFUNCTION("""COMPUTED_VALUE"""),14.0) -> 14 | L107: =IFERROR(__xludf.DUMMYFUNCTION("""COMPUTED_VALUE"""),2.0) -> 2 | M107: =IFERROR(__xludf.DUMMYFUNCTION("""COMPUTED_VALUE"""),269.0) -> 269 | N107: =IFERROR(__xludf.DUMMYFUNCTION("""COMPUTED_VALUE"""),17.0) -> 17
B108: =IFERROR(__xludf.DUMMYFUNCTION("""COMPUTED_VALUE"""),"Sean Chang") -> Sean Chang | C108: =IFERROR(__xludf.DUMMYFUNCTION("""COMPUTED_VALUE"""),255.0) -> 255 | D108: =IFERROR(__xludf.DUMMYFUNCTION("""COMPUTED_VALUE"""),15.0) -> 15 | E108: =IFERROR(__xludf.DUMMYFUNCTION("""COMPUTED_VALUE"""),1.0) -> 1 | F108: =IFERROR(__xludf.DUMMYFUNCTION("""COMPUTED_VALUE"""),5.0) -> 5 | G108: =IFERROR(__xludf.DUMMYFUNCTION("""COMPUTED_VALUE"""),0.0) -> 0 | H108: =IFERROR(__xludf.DUMMYFUNCTION("""COMPUTED_VALUE"""),6.0) -> 6 | I108: =IFERROR(__xludf.DUMMYFUNCTION("""COMPUTED_VALUE"""),6.0) -> 6 | J108: =IFERROR(__xludf.DUMMYFUNCTION("""COMPUTED_VALUE"""),0.0) -> 0 | K108: =IFERROR(__xludf.DUMMYFUNCTION("""COMPUTED_VALUE"""),12.0) -> 12 | L108: =IFERROR(__xludf.DUMMYFUNCTION("""COMPUTED_VALUE"""),2.0) -> 2 | M108: =IFERROR(__xludf.DUMMYFUNCTION("""COMPUTED_VALUE"""),267.0) -> 267 | N108: =IFERROR(__xludf.DUMMYFUNCTION("""COMPUTED_VALUE"""),17.0) -> 17
...

Sheet 120923
B1: Standings as of | C1: 45269
B2: Number of Weeks Played | D2: 22
C3: Beginning of week | G3: Current Week Scores | M3: End of week | P3: Jan-Jul 2024
A4: Ranking | B4: Name of Player | C4: Games Won | D4: Sets Won | E4: Check IN | F4: Court # | G4: Set 0 | H4: Set 1 | I4: Set 2 | J4: Set 3 | K4: Games Won | L4: Sets Won | M4: Games Won | N4: Sets Won | O4: Waiver | P4: Fee | Q4: Sit outs | R4: No Shows | S4: Absent
A5: 1 | B5: Peter Cheng | C5: 291 | D5: 31 | E5: 1 | F5: 1 | G5: 0 | H5: 4 | I5: 6 | J5: 1 | K5: 11 | L5: 1 | M5: =C5+K5 -> 302 | N5: =D5+L5 -> 32 | O5: X | Q5: =if(G5=13,1,0)+VLOOKUP(B5,'120223'!B:Q,16,false) -> 1 | S5: =if(G5=9,1,0)+VLOOKUP(B5,'120223'!B:S,18,false) -> 6
A6: =A5+1 -> 2 | B6: Adrian Tay | C6: 277 | D6: 26 | E6: 2 | F6: 1 | G6: 0 | H6: 6 | I6: 6 | J6: 6 | K6: 18 | L6: 3 | M6: =C6+K6 -> 295 | N6: =D6+L6 -> 29 | O6: X | Q6: =if(G6=13,1,0)+VLOOKUP(B6,'120223'!B:Q,16,false) -> 0 | S6: =if(G6=9,1,0)+VLOOKUP(B6,'120223'!B:S,18,false) -> 8
A7: =A6+1 -> 3 | B7: Robert Chang | C7: 276 | D7: 26 | E7: 2 | F7: 1 | G7: 0 | H7: 4 | I7: 2 | J7: 6 | K7: 12 | L7: 1 | M7: =C7+K7 -> 288 | N7: =D7+L7 -> 27 | O7: X | P7: X | Q7: =if(G7=13,1,0)+VLOOKUP(B7,'120223'!B:Q,16,false) -> 0 | S7: =if(G7=9,1,0)+VLOOKUP(B7,'120223'!B:S,18,false) -> 10
A8: =A7+1 -> 4 | B8: Pavan Akkimsetty | C8: 270 | D8: 24 | E8: 1 | F8: 1 | G8: 0 | H8: 6 | I8: 2 | J8: 1 | K8: 9 | L8: 1 | M8: =C8+K8 -> 279 | N8: =D8+L8 -> 25 | O8: X | Q8: =if(G8=13,1,0)+VLOOKUP(B8,'120223'!B:Q,16,false) -> 0 | S8: =if(G8=9,1,0)+VLOOKUP(B8,'120223'!B:S,18,false) -> 2
A9: =A8+1 -> 5 | B9: Alejandro Mejia | C9: 270 | D9: 23 | E9: 3 | F9: 0 | G9: 9 | H9: 0 | I9: 0 | J9: 0 | K9: 9 | L9: 0 | M9: =C9+K9 -> 279 | N9: =D9+L9 -> 23 | O9: X | Q9: =if(G9=13,1,0)+VLOOKUP(B9,'120223'!B:Q,16,false) -> 1 | S9: =if(G9=9,1,0)+VLOOKUP(B9,'120223'!B:S,18,false) -> 4
A10: =A9+1 -> 6 | B10: Matthew Huang | C10: 269 | D10: 22 | E10: 2 | F10: 2 | G10: 0 | H10: 6 | I10: 7 | J10: 0 | K10: 13 | L10: 2 | M10: =C10+K10 -> 282 | N10: =D10+L10 -> 24 | O10: X | P10: X | Q10: =if(G10=13,1,0)+VLOOKUP(B10,'120223'!B:Q,16,false) -> 0 | S10: =if(G10=9,1,0)+VLOOKUP(B10,'120223'!B:S,18,false) -> 10
A11: =A10+1 -> 7 | B11: Pulkit Mathur | C11: 266 | D11: 23 | E11: 2 | F11: 2 | G11: 0 | H11: 4 | I11: 7 | J11: 6 | K11: 17 | L11: 2 | M11: =C11+K11 -> 283 | N11: =D11+L11 -> 25 | O11: X | P11: X | Q11: =if(G11=13,1,0)+VLOOKUP(B11,'120223'!B:Q,16,false) -> 0 | S11: =if(G11=9,1,0)+VLOOKUP(B11,'120223'!B:S,18,false) -> 8
A12: =A11+1 -> 8 | B12: Lam Bui | C12: 265 | D12: 23 | E12: 2 | F12: 2 | G12: 0 | H12: 6 | I12: 5 | J12: 6 | K12: 17 | L12: 2 | M12: =C12+K12 -> 282 | N12: =D12+L12 -> 25 | O12: X | Q12: =if(G12=13,1,0)+VLOOKUP(B12,'120223'!B:Q,16,false) -> 1 | S12: =if(G12=9,1,0)+VLOOKUP(B12,'120223'!B:S,18,false) -> 9
A13: =A12+1 -> 9 | B13: Peter Homsey | C13: 260 | D13: 23 | E13: 3 | F13: 0 | G13: 9 | H13: 0 | I13: 0 | J13: 0 | K13: 9 | L13: 0 | M13: =C13+K13 -> 269 | N13: =D13+L13 -> 23 | O13: X | Q13: =if(G13=13,1,0)+VLOOKUP(B13,'120223'!B:Q,16,false) -> 0 | S13: =if(G13=9,1,0)+VLOOKUP(B13,'120223'!B:S,18,false) -> 8
A14: =A13+1 -> 10 | B14: Jonathan Phan | C14: 260 | D14: 20 | E14: 1 | F14: 2 | G14: 0 | H14: 4 | I14: 5 | J14: 0 | K14: 9 | L14: 0 | M14: =C14+K14 -> 269 | N14: =D14+L14 -> 20 | O14: X | Q14: =if(G14=13,1,0)+VLOOKUP(B14,'120223'!B:Q,16,false) -> 0 | S14: =if(G14=9,1,0)+VLOOKUP(B14,'120223'!B:S,18,false) -> 5
A15: =A14+1 -> 11 | B15: Oscar Bonilla | C15: 259 | D15: 22 | E15: 3 | F15: 0 | G15: 9 | H15: 0 | I15: 0 | J15: 0 | K15: 9 | L15: 0 | M15: =C15+K15 -> 268 | N15: =D15+L15 -> 22 | O15: X | Q15: =if(G15=13,1,0)+VLOOKUP(B15,'120223'!B:Q,16,false) -> 0 | S15: =if(G15=9,1,0)+VLOOKUP(B15,'120223'!B:S,18,false) -> 10
A16: =A15+1 -> 12 | B16: Erik Hoeckmann | C16: 259 | D16: 20 | E16: 1 | F16: 3 | G16: 0 | H16: 3 | I16: 3 | J16: 6 | K16: 12 | L16: 0 | M16: =C16+K16 -> 271 | N16: =D16+L16 -> 20 | O16: X | Q16: =if(G16=13,1,0)+VLOOKUP(B16,'120223'!B:Q,16,false) -> 0 | S16: =if(G16=9,1,0)+VLOOKUP(B16,'120223'!B:S,18,false) -> 6
A17: =A16+1 -> 13 | B17: Tony Wong | C17: 254 | D17: 18 | E17: 3 | F17: 0 | G17: 9 | H17: 0 | I17: 0 | J17: 0 | K17: 9 | L17: 0 | M17: =C17+K17 -> 263 | N17: =D17+L17 -> 18 | O17: X | Q17: =if(G17=13,1,0)+VLOOKUP(B17,'120223'!B:Q,16,false) -> 0 | S17: =if(G17=9,1,0)+VLOOKUP(B17,'120223'!B:S,18,false) -> 6
A18: =A17+1 -> 14 | B18: Lloyd Sagar | C18: 253 | D18: 17 | E18: 1 | F18: 3 | G18: 0 | H18: 6 | I18: 6 | J18: 6 | K18: 18 | L18: 2 | M18: =C18+K18 -> 271 | N18: =D18+L18 -> 19 | O18: X | Q18: =if(G18=13,1,0)+VLOOKUP(B18,'120223'!B:Q,16,false) -> 0 | S18: =if(G18=9,1,0)+VLOOKUP(B18,'120223'!B:S,18,false) -> 5
A19: =A18+1 -> 15 | B19: Ted Shen | C19: 251 | D19: 21 | E19: 1 | F19: 3 | G19: 0 | H19: 6 | I19: 3 | J19: 7 | K19: 16 | L19: 2 | M19: =C19+K19 -> 267 | N19: =D19+L19 -> 23 | O19: X | Q19: =if(G19=13,1,0)+VLOOKUP(B19,'120223'!B:Q,16,false) -> 0 | S19: =if(G19=9,1,0)+VLOOKUP(B19,'120223'!B:S,18,false) -> 8
A20: =A19+1 -> 16 | B20: Chinna Ponnaganti | C20: 250 | D20: 22 | E20: 1 | F20: 3 | G20: 0 | H20: 3 | I20: 6 | J20: 7 | K20: 16 | L20: 2 | M20: =C20+K20 -> 266 | N20: =D20+L20 -> 24 | O20: X | P20: X | Q20: =if(G20=13,1,0)+VLOOKUP(B20,'120223'!B:Q,16,false) -> 1 | S20: =if(G20=9,1,0)+VLOOKUP(B20,'120223'!B:S,18,false) -> 5
A21: =A20+1 -> 17 | B21: Joe Luzzi | C21: 249 | D21: 22 | E21: 2 | F21: 4 | G21: 0 | H21: 6 | I21: 2 | J21: 6 | K21: 14 | L21: 2 | M21: =C21+K21 -> 263 | N21: =D21+L21 -> 24 | O21: X | Q21: =if(G21=13,1,0)+VLOOKUP(B21,'120223'!B:Q,16,false) -> 0 | S21: =if(G21=9,1,0)+VLOOKUP(B21,'120223'!B:S,18,false) -> 6
A22: =A21+1 -> 18 | B22: David Shin | C22: 249 | D22: 18 | E22: 1 | F22: 4 | G22: 0 | H22: 1 | I22: 6 | J22: 6 | K22: 13 | L22: 2 | M22: =C22+K22 -> 262 | N22: =D22+L22 -> 20 | O22: X | Q22: =if(G22=13,1,0)+VLOOKUP(B22,'120223'!B:Q,16,false) -> 0 | S22: =if(G22=9,1,0)+VLOOKUP(B22,'120223'!B:S,18,false) -> 7
A23: =A22+1 -> 19 | B23: Kingsley Kuo | C23: 248 | D23: 16 | E23: 1 | F23: 4 | G23: 0 | H23: 6 | I23: 6 | J23: 2 | K23: 14 | L23: 2 | M23: =C23+K23 -> 262 | N23: =D23+L23 -> 18 | O23: X | Q23: =if(G23=13,1,0)+VLOOKUP(B23,'120223'!B:Q,16,false) -> 0 | S23: =if(G23=9,1,0)+VLOOKUP(B23,'120223'!B:S,18,false) -> 13
A24: =A23+1 -> 20 | B24: Trinath Goteti | C24: 246 | D24: 16 | E24: 3 | F24: 0 | G24: 9 | H24: 0 | I24: 0 | J24: 0 | K24: 9 | L24: 0 | M24: =C24+K24 -> 255 | N24: =D24+L24 -> 16 | O24: X | Q24: =if(G24=13,1,0)+VLOOKUP(B24,'120223'!B:Q,16,false) -> 0 | S24: =if(G24=9,1,0)+VLOOKUP(B24,'120223'!B:S,18,false) -> 14
A25: =A24+1 -> 21 | B25: Sai Dilip Ponnaganti | C25: 246 | D25: 15 | E25: 3 | F25: 0 | G25: 9 | H25: 0 | I25: 0 | J25: 0 | K25: 9 | L25: 0 | M25: =C25+K25 -> 255 | N25: =D25+L25 -> 15 | O25: X | P25: X | Q25: =if(G25=13,1,0)+VLOOKUP(B25,'120223'!B:Q,16,false) -> 0 | S25: =if(G25=9,1,0)+VLOOKUP(B25,'120223'!B:S,18,false) -> 13
A26: =A25+1 -> 22 | B26: Anish Kumar | C26: 245 | D26: 17 | E26: 3 | F26: 0 | G26: 9 | H26: 0 | I26: 0 | J26: 0 | K26: 9 | L26: 0 | M26: =C26+K26 -> 254 | N26: =D26+L26 -> 17 | O26: X | Q26: =if(G26=13,1,0)+VLOOKUP(B26,'120223'!B:Q,16,false) -> 0 | S26: =if(G26=9,1,0)+VLOOKUP(B26,'120223'!B:S,18,false) -> 12
A27: =A26+1 -> 23 | B27: Rajasekar Ramasamy | C27: 244 | D27: 21 | E27: 1 | F27: 4 | G27: 0 | H27: 1 | I27: 2 | J27: 2 | K27: 5 | L27: 0 | M27: =C27+K27 -> 249 | N27: =D27+L27 -> 21 | O27: X | Q27: =if(G27=13,1,0)+VLOOKUP(B27,'120223'!B:Q,16,false) -> 0 | S27: =if(G27=9,1,0)+VLOOKUP(B27,'120223'!B:S,18,false) -> 7 | V27: =if(isna(VLOOKUP(B28,Checkin!A:B,2,false)),0,VLOOKUP(B28,Checkin!A:B,2,false)) -> 0
A28: =A27+1 -> 24 | B28: Sean Chang | C28: 244 | D28: 15 | E28: 1 | F28: 5 | G28: 0 | H28: 4 | I28: 4 | J28: 3 | K28: 11 | L28: 0 | M28: =C28+K28 -> 255 | N28: =D28+L28 -> 15 | O28: X | Q28: =if(G28=13,1,0)+VLOOKUP(B28,'120223'!B:Q,16,false) -> 2 | S28: =if(G28=9,1,0)+VLOOKUP(B28,'120223'!B:S,18,false) -> 8
A29: =A28+1 -> 25 | B29: Eric Pan | C29: 242 | D29: 16 | E29: 3 | F29: 0 | G29: 0 | H29: 0 | I29: 0 | J29: 0 | K29: 0 | L29: 0 | M29: =C29+K29 -> 242 | N29: =D29+L29 -> 16 | O29: X | Q29: =if(G29=13,1,0)+VLOOKUP(B29,'120223'!B:Q,16,false) -> 1 | S29: =if(G29=9,1,0)+VLOOKUP(B29,'120223'!B:S,18,false) -> 13
A30: =A29+1 -> 26 | B30: Tom Le | C30: 239 | D30: 13 | E30: 1 | F30: 5 | G30: 0 | H30: 6 | I30: 6 | J30: 3 | K30: 15 | L30: 2 | M30: =C30+K30 -> 254 | N30: =D30+L30 -> 15 | O30: X | Q30: =if(G30=13,1,0)+VLOOKUP(B30,'120223'!B:Q,16,false) -> 1 | S30: =if(G30=9,1,0)+VLOOKUP(B30,'120223'!B:S,18,false) -> 14
A31: =A30+1 -> 27 | B31: Christopher Li | C31: 235 | D31: 14 | E31: 1 | F31: 5 | G31: 0 | H31: 4 | I31: 6 | J31: 6 | K31: 16 | L31: 2 | M31: =C31+K31 -> 251 | N31: =D31+L31 -> 16 | O31: X | P31: X | Q31: =if(G31=13,1,0)+VLOOKUP(B31,'120223'!B:Q,16,false) -> 0 | S31: =if(G31=9,1,0)+VLOOKUP(B31,'120223'!B:S,18,false) -> 16
A32: =A31+1 -> 28 | B32: Sanjaye Elayattu | C32: 232 | D32: 11 | E32: 3 | F32: 0 | G32: 9 | H32: 0 | I32: 0 | J32: 0 | K32: 9 | L32: 0 | M32: =C32+K32 -> 241 | N32: =D32+L32 -> 11 | O32: X | P32: X | Q32: =if(G32=13,1,0)+VLOOKUP(B32,'120223'!B:Q,16,false) -> 0 | S32: =if(G32=9,1,0)+VLOOKUP(B32,'120223'!B:S,18,false) -> 15
A33: =A32+1 -> 29 | B33: Naveen Raj | C33: 229 | D33: 15 | E33: 3 | F33: 0 | G33: 9 | H33: 0 | I33: 0 | J33: 0 | K33: 9 | L33: 0 | M33: =C33+K33 -> 238 | N33: =D33+L33 -> 15 | O33: X | Q33: =if(G33=13,1,0)+VLOOKUP(B33,'120223'!B:Q,16,false) -> 0 | S33: =if(G33=9,1,0)+VLOOKUP(B33,'120223'!B:S,18,false) -> 7
A34: =A33+1 -> 30 | B34: Rosie Bonilla | C34: 228 | D34: 14 | E34: 3 | F34: 0 | G34: 9 | H34: 0 | I34: 0 | J34: 0 | K34: 9 | L34: 0 | M34: =C34+K34 -> 237 | N34: =D34+L34 -> 14 | O34: X | Q34: =if(G34=13,1,0)+VLOOKUP(B34,'120223'!B:Q,16,false) -> 0 | S34: =if(G34=9,1,0)+VLOOKUP(B34,'120223'!B:S,18,false) -> 8
A35: =A34+1 -> 31 | B35: Troy Wong | C35: 225 | D35: 10 | E35: 3 | F35: 0 | G35: 9 | H35: 0 | I35: 0 | J35: 0 | K35: 9 | L35: 0 | M35: =C35+K35 -> 234 | N35: =D35+L35 -> 10 | O35: X | Q35: =if(G35=13,1,0)+VLOOKUP(B35,'120223'!B:Q,16,false) -> 0 | S35: =if(G35=9,1,0)+VLOOKUP(B35,'120223'!B:S,18,false) -> 17
A36: =A35+1 -> 32 | B36: Manuel Rivera | C36: 224 | D36: 16 | E36: 3 | F36: 0 | G36: 9 | H36: 0 | I36: 0 | J36: 0 | K36: 9 | L36: 0 | M36: =C36+K36 -> 233 | N36: =D36+L36 -> 16 | O36: X | Q36: =if(G36=13,1,0)+VLOOKUP(B36,'120223'!B:Q,16,false) -> 0 | S36: =if(G36=9,1,0)+VLOOKUP(B36,'120223'!B:S,18,false) -> 9
A37: =A36+1 -> 33 | B37: Susanta Mishra | C37: 222 | D37: 11 | E37: 1 | F37: 5 | G37: 0 | H37: 6 | I37: 4 | J37: 6 | K37: 16 | L37: 2 | M37: =C37+K37 -> 238 | N37: =D37+L37 -> 13 | O37: X | Q37: =if(G37=13,1,0)+VLOOKUP(B37,'120223'!B:Q,16,false) -> 1 | S37: =if(G37=9,1,0)+VLOOKUP(B37,'120223'!B:S,18,false) -> 15
A38: =A37+1 -> 34 | B38: Derek Fu | C38: 222 | D38: 10 | E38: 3 | F38: 0 | G38: 9 | H38: 0 | I38: 0 | J38: 0 | K38: 9 | L38: 0 | M38: =C38+K38 -> 231 | N38: =D38+L38 -> 10 | O38: X | Q38: =if(G38=13,1,0)+VLOOKUP(B38,'120223'!B:Q,16,false) -> 0 | S38: =if(G38=9,1,0)+VLOOKUP(B38,'120223'!B:S,18,false) -> 18
A39: =A38+1 -> 35 | B39: Mauricio Palacios | C39: 219 | D39: 21 | E39: 2 | F39: 6 | G39: 0 | H39: 4 | I39: 7 | J39: 2 | K39: 13 | L39: 1 | M39: =C39+K39 -> 232 | N39: =D39+L39 -> 22 | O39: X | Q39: =if(G39=13,1,0)+VLOOKUP(B39,'120223'!B:Q,16,false) -> 0 | S39: =if(G39=9,1,0)+VLOOKUP(B39,'120223'!B:S,18,false) -> 3
A40: =A39+1 -> 36 | B40: Sandy Weyant | C40: 218 | D40: 13 | E40: 3 | F40: 0 | G40: 9 | H40: 0 | I40: 0 | J40: 0 | K40: 9 | L40: 0 | M40: =C40+K40 -> 227 | N40: =D40+L40 -> 13 | O40: X | Q40: =if(G40=13,1,0)+VLOOKUP(B40,'120223'!B:Q,16,false) -> 0 | S40: =if(G40=9,1,0)+VLOOKUP(B40,'120223'!B:S,18,false) -> 7
A41: =A40+1 -> 37 | B41: Paul Sanchez | C41: 216 | D41: 9 | E41: 3 | F41: 0 | G41: 9 | H41: 0 | I41: 0 | J41: 0 | K41: 9 | L41: 0 | M41: =C41+K41 -> 225 | N41: =D41+L41 -> 9 | O41: X | Q41: =if(G41=13,1,0)+VLOOKUP(B41,'120223'!B:Q,16,false) -> 0 | S41: =if(G41=9,1,0)+VLOOKUP(B41,'120223'!B:S,18,false) -> 14
A42: =A41+1 -> 38 | B42: Suleman Alidina | C42: 212 | D42: 9 | E42: 1 | F42: 6 | G42: 0 | H42: 6 | I42: 7 | J42: 6 | K42: 19 | L42: 3 | M42: =C42+K42 -> 231 | N42: =D42+L42 -> 12 | O42: X | Q42: =if(G42=13,1,0)+VLOOKUP(B42,'120223'!B:Q,16,false) -> 0 | S42: =if(G42=9,1,0)+VLOOKUP(B42,'120223'!B:S,18,false) -> 17
A43: =A42+1 -> 39 | B43: James Cole III | C43: 211 | D43: 8 | E43: 3 | F43: 0 | G43: 9 | H43: 0 | I43: 0 | J43: 0 | K43: 9 | L43: 0 | M43: =C43+K43 -> 220 | N43: =D43+L43 -> 8 | O43: X | Q43: =if(G43=13,1,0)+VLOOKUP(B43,'120223'!B:Q,16,false) -> 0 | S43: =if(G43=9,1,0)+VLOOKUP(B43,'120223'!B:S,18,false) -> 16
A44: =A43+1 -> 40 | B44: Vamsi Lolla | C44: 210 | D44: 10 | E44: 3 | F44: 0 | G44: 9 | H44: 0 | I44: 0 | J44: 0 | K44: 9 | L44: 0 | M44: =C44+K44 -> 219 | N44: =D44+L44 -> 10 | O44: X | Q44: =if(G44=13,1,0)+VLOOKUP(B44,'120223'!B:Q,16,false) -> 1 | S44: =if(G44=9,1,0)+VLOOKUP(B44,'120223'!B:S,18,false) -> 11
... A53: =A52+1 -> 49 | B53: Lauren Chang | C53: 201 | D53: 4 | E53: 3 | F53: 0 | G53: 9 | H53: 0 | I53: 0 | J53: 0 | K53: 9 | L53: 0 | M53: =C53+K53 -> 210 | N53: =D53+L53 -> 4 | O53: X | Q53: =if(G53=13,1,0)+VLOOKUP(B53,'120223'!B:Q,16,false) -> 0 | S53: =if(G53=9,1,0)+VLOOKUP(B53,'120223'!B:S,18,false) -> 17
A54: =A53+1 -> 50 | B54: Santosh Sundaresan | C54: 199 | D54: 6 | E54: 3 | F54: 0 | G54: 9 | H54: 0 | I54: 0 | J54: 0 | K54: 9 | L54: 0 | M54: =C54+K54 -> 208 | N54: =D54+L54 -> 6 | O54: X | P54: X | Q54: =if(G54=13,1,0)+VLOOKUP(B54,'120223'!B:Q,16,false) -> 0 | S54: =if(G54=9,1,0)+VLOOKUP(B54,'120223'!B:S,18,false) -> 16
A55: =A54+1 -> 51 | B55: Vilas Janardhanan | C55: 198 | D55: 7 | E55: 3 | F55: 0 | G55: 9 | H55: 0 | I55: 0 | J55: 0 | K55: 9 | L55: 0 | M55: =C55+K55 -> 207 | N55: =D55+L55 -> 7 | O55: X | Q55: =if(G55=13,1,0)+VLOOKUP(B55,'120223'!B:Q,16,false) -> 0 | S55: =if(G55=9,1,0)+VLOOKUP(B55,'120223'!B:S,18,false) -> 16
A56: =A55+1 -> 52 | B56: Piyorasa Li | C56: 198 | D56: 3 | E56: 3 | F56: 0 | G56: 9 | H56: 0 | I56: 0 | J56: 0 | K56: 9 | L56: 0 | M56: =C56+K56 -> 207 | N56: =D56+L56 -> 3 | O56: X | Q56: =if(G56=13,1,0)+VLOOKUP(B56,'120223'!B:Q,16,false) -> 0 | S56: =if(G56=9,1,0)+VLOOKUP(B56,'120223'!B:S,18,false) -> 17
A57: =A56+1 -> 53 | B57: Jason Kim | C57: 198 | D57: 3 | E57: 3 | F57: 0 | G57: 9 | H57: 0 | I57: 0 | J57: 0 | K57: 9 | L57: 0 | M57: =C57+K57 -> 207 | N57: =D57+L57 -> 3 | O57: X | Q57: =if(G57=13,1,0)+VLOOKUP(B57,'120223'!B:Q,16,false) -> 0 | S57: =if(G57=9,1,0)+VLOOKUP(B57,'120223'!B:S,18,false) -> 18
A58: =A57+1 -> 54 | B58: Coco Yan | C58: 193 | D58: 2 | E58: 3 | F58: 0 | G58: 9 | H58: 0 | I58: 0 | J58: 0 | K58: 9 | L58: 0 | M58: =C58+K58 -> 202 | N58: =D58+L58 -> 2 | O58: X | Q58: =if(G58=13,1,0)+VLOOKUP(B58,'120223'!B:Q,16,false) -> 0 | S58: =if(G58=9,1,0)+VLOOKUP(B58,'120223'!B:S,18,false) -> 21
A59: =A58+1 -> 55 | B59: Thomas Zou | C59: 193 | D59: 2 | E59: 3 | G59: 9 | K59: 9 | M59: =C59+K59 -> 202 | N59: =D59+L59 -> 2 | O59: X | Q59: =if(G59=13,1,0)+VLOOKUP(B59,'120223'!B:Q,16,false) -> 0 | S59: =if(G59=9,1,0)+VLOOKUP(B59,'120223'!B:S,18,false) -> 21
A60: =A59+1 -> 56 | B60: Amit Patel | C60: 192 | D60: 3 | E60: 1 | F60: 7 | G60: 0 | H60: 6 | I60: 6 | J60: 1 | K60: 13 | L60: 1 | M60: =C60+K60 -> 205 | N60: =D60+L60 -> 4 | O60: X | Q60: =if(G60=13,1,0)+VLOOKUP(B60,'120223'!B:Q,16,false) -> 0 | S60: =if(G60=9,1,0)+VLOOKUP(B60,'120223'!B:S,18,false) -> 19
A61: =A60+1 -> 57 | B61: Kevin Wang | C61: 191 | D61: 13 | E61: 1 | F61: 7 | G61: 0 | H61: 4 | I61: 6 | J61: 6 | K61: 16 | L61: 1 | M61: =C61+K61 -> 207 | N61: =D61+L61 -> 14 | O61: X | Q61: =if(G61=13,1,0)+VLOOKUP(B61,'120223'!B:Q,16,false) -> 0 | S61: =if(G61=9,1,0)+VLOOKUP(B61,'120223'!B:S,18,false) -> 8
A62: =A61+1 -> 58 | B62: Savay Lieu | C62: 189 | D62: 0 | E62: 3 | F62: 0 | G62: 9 | H62: 0 | I62: 0 | J62: 0 | K62: 9 | L62: 0 | M62: =C62+K62 -> 198 | N62: =D62+L62 -> 0 | O62: X | Q62: =if(G62=13,1,0)+VLOOKUP(B62,'120223'!B:Q,16,false) -> 0 | S62: =if(G62=9,1,0)+VLOOKUP(B62,'120223'!B:S,18,false) -> 22
A63: =A62+1 -> 59 | B63: Mihir Anand | C63: 189 | D63: 0 | E63: 3 | F63: 0 | G63: 9 | H63: 0 | I63: 0 | J63: 0 | K63: 9 | L63: 0 | M63: =C63+K63 -> 198 | N63: =D63+L63 -> 0 | O63: X | Q63: =if(G63=13,1,0)+VLOOKUP(B63,'120223'!B:Q,16,false) -> 0 | S63: =if(G63=9,1,0)+VLOOKUP(B63,'120223'!B:S,18,false) -> 22
A64: =A63+1 -> 60 | B64: Manish Anand | C64: 189 | D64: 0 | E64: 3 | F64: 0 | G64: 9 | H64: 0 | I64: 0 | J64: 0 | K64: 9 | L64: 0 | M64: =C64+K64 -> 198 | N64: =D64+L64 -> 0 | O64: X | P64: X | Q64: =if(G64=13,1,0)+VLOOKUP(B64,'120223'!B:Q,16,false) -> 0 | S64: =if(G64=9,1,0)+VLOOKUP(B64,'120223'!B:S,18,false) -> 22
