Workbook

Sheet Current
B1: Standings as of | C1: 45836
B2: Number of Weeks Played | D2: 24 | AB2: =text(C1,"mm/dd/yy") -> 06/28/25
C3: Beginning of week | F3: Current Week Scores | N3: End of week | Q3: Jan-Jun 2025 | R3: Jul-Dec 2025
A4: Ranking | B4: Name of Player | C4: Games Won | D4: Sets Won | E4: Games Won / Match | F4: Check IN | G4: Court # | H4: Set 0 | I4: Set 1 | J4: Set 2 | K4: Set 3 | L4: Games Won | M4: Sets Won | N4: Games Won | O4: Sets Won | P4: Waiver | Q4: Fee | R4: Fee | S4: Sit outs | T4: No Shows | U4: Absent | V4: Positions Gained/Lost | W4: Ranking
A5: 1 | B5: Pulkit Mathur | C5: 389 | D5: 50 | E5: =if(($D$2-U5-S5)<>0,(C5-(U5*9)-(S5*13))/($D$2-U5-S5),0) -> 16.347826 | F5: =if(isna(VLOOKUP(B5,Checkin!A:B,2,false)),0,VLOOKUP(B5,Checkin!A:B,2,false)) -> 0 | G5: =if(OR($F5=1, $F5=2),VLOOKUP($B5,Courts!$B$2:$K$50,10,false),0) -> 0 | H5: =IF(OR(F5=3,F5=4),9,IF(F5=5,13,0)) -> 0 | I5: =if(OR($F5=1, $F5=2),VLOOKUP($B5,Courts!$B$2:$J$50,5,false),0) -> 0 | J5: =if(OR($F5=1, $F5=2),VLOOKUP($B5,Courts!$B$2:$J$50,6,false),0) -> 0 | K5: =if(OR($F5=1, $F5=2),VLOOKUP($B5,Courts!$B$2:$J$50,7,false),0) -> 0 | L5: =H5+I5+J5+K5 -> 0 | M5: =if(OR($F5=1, $F5=2),VLOOKUP($B5,Courts!$B$2:$J$50,9,false),0) -> 0 | N5: =C5+L5 -> 389 | O5: =D5+M5 -> 50 | P5: X | Q5: X | R5: X | S5: =if(H5=13,1,0)+VLOOKUP(B5,indirect($AB$2&"!B:T"),18,false) -> 1 | U5: =if(H5=9,1,0)+VLOOKUP(B5,indirect($AB$2&"!B:U"),20,false) -> 0 | V5: =VLOOKUP(B5,indirect($AB$2&"!B$5:w$70"),22,false)-A5 -> 0 | W5: 1
A6: =A5+1 -> 2 | B6: Ethan Gu | C6: 321 | D6: 30 | E6: =if(($D$2-U6-S6)<>0,(C6-(U6*9)-(S6*13))/($D$2-U6-S6),0) -> 14.25 | F6: =if(isna(VLOOKUP(B6,Checkin!A:B,2,false)),0,VLOOKUP(B6,Checkin!A:B,2,false)) -> 0 | G6: =if(OR($F6=1, $F6=2),VLOOKUP($B6,Courts!$B$2:$K$50,10,false),0) -> 0 | H6: =IF(OR(F6=3,F6=4),9,IF(F6=5,13,0)) -> 0 | I6: =if(OR($F6=1, $F6=2),VLOOKUP($B6,Courts!$B$2:$J$50,5,false),0) -> 0 | J6: =if(OR($F6=1, $F6=2),VLOOKUP($B6,Courts!$B$2:$J$50,6,false),0) -> 0 | K6: =if(OR($F6=1, $F6=2),VLOOKUP($B6,Courts!$B$2:$J$50,7,false),0) -> 0 | L6: =H6+I6+J6+K6 -> 0 | M6: =if(OR($F6=1, $F6=2),VLOOKUP($B6,Courts!$B$2:$J$50,9,false),0) -> 0 | N6: =C6+L6 -> 321 | O6: =D6+M6 -> 30 | P6: X | Q6: X | R6: X | S6: =if(H6=13,1,0)+VLOOKUP(B6,indirect($AB$2&"!B:T"),18,false) -> 0 | U6: =if(H6=9,1,0)+VLOOKUP(B6,indirect($AB$2&"!B:U"),20,false) -> 4 | V6: =VLOOKUP(B6,indirect($AB$2&"!B$5:w$70"),22,false)-A6 -> 0 | W6: =W5+1 -> 2
A7: =A6+1 -> 3 | B7: Pavan Akkimsetty | C7: 316 | D7: 31 | E7: =if(($D$2-U7-S7)<>0,(C7-(U7*9)-(S7*13))/($D$2-U7-S7),0) -> 14.882353 | F7: =if(isna(VLOOKUP(B7,Checkin!A:B,2,false)),0,VLOOKUP(B7,Checkin!A:B,2,false)) -> 0 | G7: =if(OR($F7=1, $F7=2),VLOOKUP($B7,Courts!$B$2:$K$50,10,false),0) -> 0 | H7: =IF(OR(F7=3,F7=4),9,IF(F7=5,13,0)) -> 0 | I7: =if(OR($F7=1, $F7=2),VLOOKUP($B7,Courts!$B$2:$J$50,5,false),0) -> 0 | J7: =if(OR($F7=1, $F7=2),VLOOKUP($B7,Courts!$B$2:$J$50,6,false),0) -> 0 | K7: =if(OR($F7=1, $F7=2),VLOOKUP($B7,Courts!$B$2:$J$50,7,false),0) -> 0 | L7: =H7+I7+J7+K7 -> 0 | M7: =if(OR($F7=1, $F7=2),VLOOKUP($B7,Courts!$B$2:$J$50,9,false),0) -> 0 | N7: =C7+L7 -> 316 | O7: =D7+M7 -> 31 | P7: X | Q7: X | R7: X | S7: =if(H7=13,1,0)+VLOOKUP(B7,indirect($AB$2&"!B:T"),18,false) -> 0 | U7: =if(H7=9,1,0)+VLOOKUP(B7,indirect($AB$2&"!B:U"),20,false) -> 7 | V7: =VLOOKUP(B7,indirect($AB$2&"!B$5:w$70"),22,false)-A7 -> 0 | W7: =W6+1 -> 3
A8: =A7+1 -> 4 | B8: Sandeep Kamalon | C8: 311 | D8: 30 | E8: =if(($D$2-U8-S8)<>0,(C8-(U8*9)-(S8*13))/($D$2-U8-S8),0) -> 13.136364 | F8: =if(isna(VLOOKUP(B8,Checkin!A:B,2,false)),0,VLOOKUP(B8,Checkin!A:B,2,false)) -> 0 | G8: =if(OR($F8=1, $F8=2),VLOOKUP($B8,Courts!$B$2:$K$50,10,false),0) -> 0 | H8: =IF(OR(F8=3,F8=4),9,IF(F8=5,13,0)) -> 0 | I8: =if(OR($F8=1, $F8=2),VLOOKUP($B8,Courts!$B$2:$J$50,5,false),0) -> 0 | J8: =if(OR($F8=1, $F8=2),VLOOKUP($B8,Courts!$B$2:$J$50,6,false),0) -> 0 | K8: =if(OR($F8=1, $F8=2),VLOOKUP($B8,Courts!$B$2:$J$50,7,false),0) -> 0 | L8: =H8+I8+J8+K8 -> 0 | M8: =if(OR($F8=1, $F8=2),VLOOKUP($B8,Courts!$B$2:$J$50,9,false),0) -> 0 | N8: =C8+L8 -> 311 | O8: =D8+M8 -> 30 | P8: X | Q8: X | R8: X | S8: =if(H8=13,1,0)+VLOOKUP(B8,indirect($AB$2&"!B:T"),18,false) -> 1 | U8: =if(H8=9,1,0)+VLOOKUP(B8,indirect($AB$2&"!B:U"),20,false) -> 1 | V8: =VLOOKUP(B8,indirect($AB$2&"!B$5:w$70"),22,false)-A8 -> 4 | W8: =W7+1 -> 4
A9: =A8+1 -> 5 | B9: Jonathan Phan | C9: 311 | D9: 29 | E9: =if(($D$2-U9-S9)<>0,(C9-(U9*9)-(S9*13))/($D$2-U9-S9),0) -> 14.9375 | F9: =if(isna(VLOOKUP(B9,Checkin!A:B,2,false)),0,VLOOKUP(B9,Checkin!A:B,2,false)) -> 0 | G9: =if(OR($F9=1, $F9=2),VLOOKUP($B9,Courts!$B$2:$K$50,10,false),0) -> 0 | H9: =IF(OR(F9=3,F9=4),9,IF(F9=5,13,0)) -> 0 | I9: =if(OR($F9=1, $F9=2),VLOOKUP($B9,Courts!$B$2:$J$50,5,false),0) -> 0 | J9: =if(OR($F9=1, $F9=2),VLOOKUP($B9,Courts!$B$2:$J$50,6,false),0) -> 0 | K9: =if(OR($F9=1, $F9=2),VLOOKUP($B9,Courts!$B$2:$J$50,7,false),0) -> 0 | L9: =H9+I9+J9+K9 -> 0 | M9: =if(OR($F9=1, $F9=2),VLOOKUP($B9,Courts!$B$2:$J$50,9,false),0) -> 0 | N9: =C9+L9 -> 311 | O9: =D9+M9 -> 29 | P9: X | Q9: X | R9: X | S9: =if(H9=13,1,0)+VLOOKUP(B9,indirect($AB$2&"!B:T"),18,false) -> 0 | U9: =if(H9=9,1,0)+VLOOKUP(B9,indirect($AB$2&"!B:U"),20,false) -> 8 | V9: =VLOOKUP(B9,indirect($AB$2&"!B$5:w$70"),22,false)-A9 -> -1 | W9: =W8+1 -> 5
A10: =A9+1 -> 6 | B10: Basudev Thoppai Vidyasankar | C10: 311 | D10: 27 | E10: =if(($D$2-U10-S10)<>0,(C10-(U10*9)-(S10*13))/($D$2-U10-S10),0) -> 14.588235 | F10: =if(isna(VLOOKUP(B10,Checkin!A:B,2,false)),0,VLOOKUP(B10,Checkin!A:B,2,false)) -> 0 | G10: =if(OR($F10=1, $F10=2),VLOOKUP($B10,Courts!$B$2:$K$50,10,false),0) -> 0 | H10: =IF(OR(F10=3,F10=4),9,IF(F10=5,13,0)) -> 0 | I10: =if(OR($F10=1, $F10=2),VLOOKUP($B10,Courts!$B$2:$J$50,5,false),0) -> 0 | J10: =if(OR($F10=1, $F10=2),VLOOKUP($B10,Courts!$B$2:$J$50,6,false),0) -> 0 | K10: =if(OR($F10=1, $F10=2),VLOOKUP($B10,Courts!$B$2:$J$50,7,false),0) -> 0 | L10: =H10+I10+J10+K10 -> 0 | M10: =if(OR($F10=1, $F10=2),VLOOKUP($B10,Courts!$B$2:$J$50,9,false),0) -> 0 | N10: =C10+L10 -> 311 | O10: =D10+M10 -> 27 | P10: X | Q10: X | R10: X | S10: =if(H10=13,1,0)+VLOOKUP(B10,indirect($AB$2&"!B:T"),18,false) -> 0 | U10: =if(H10=9,1,0)+VLOOKUP(B10,indirect($AB$2&"!B:U"),20,false) -> 7 | V10: =VLOOKUP(B10,indirect($AB$2&"!B$5:w$70"),22,false)-A10 -> 0 | W10: =W9+1 -> 6
A11: =A10+1 -> 7 | B11: Manish Anand | C11: 308 | D11: 22 | E11: =if(($D$2-U11-S11)<>0,(C11-(U11*9)-(S11*13))/($D$2-U11-S11),0) -> 14.5 | F11: =if(isna(VLOOKUP(B11,Checkin!A:B,2,false)),0,VLOOKUP(B11,Checkin!A:B,2,false)) -> 0 | G11: =if(OR($F11=1, $F11=2),VLOOKUP($B11,Courts!$B$2:$K$50,10,false),0) -> 0 | H11: =IF(OR(F11=3,F11=4),9,IF(F11=5,13,0)) -> 0 | I11: =if(OR($F11=1, $F11=2),VLOOKUP($B11,Courts!$B$2:$J$50,5,false),0) -> 0 | J11: =if(OR($F11=1, $F11=2),VLOOKUP($B11,Courts!$B$2:$J$50,6,false),0) -> 0 | K11: =if(OR($F11=1, $F11=2),VLOOKUP($B11,Courts!$B$2:$J$50,7,false),0) -> 0 | L11: =H11+I11+J11+K11 -> 0 | M11: =if(OR($F11=1, $F11=2),VLOOKUP($B11,Courts!$B$2:$J$50,9,false),0) -> 0 | N11: =C11+L11 -> 308 | O11: =D11+M11 -> 22 | P11: X | Q11: X | R11: X | S11: =if(H11=13,1,0)+VLOOKUP(B11,indirect($AB$2&"!B:T"),18,false) -> 1 | U11: =if(H11=9,1,0)+VLOOKUP(B11,indirect($AB$2&"!B:U"),20,false) -> 7 | V11: =VLOOKUP(B11,indirect($AB$2&"!B$5:w$70"),22,false)-A11 -> -2 | W11: =W10+1 -> 7
A12: =A11+1 -> 8 | B12: Joe Luzzi | C12: 305 | D12: 24 | E12: =if(($D$2-U12-S12)<>0,(C12-(U12*9)-(S12*13))/($D$2-U12-S12),0) -> 13.473684 | F12: =if(isna(VLOOKUP(B12,Checkin!A:B,2,false)),0,VLOOKUP(B12,Checkin!A:B,2,false)) -> 0 | G12: =if(OR($F12=1, $F12=2),VLOOKUP($B12,Courts!$B$2:$K$50,10,false),0) -> 0 | H12: =IF(OR(F12=3,F12=4),9,IF(F12=5,13,0)) -> 0 | I12: =if(OR($F12=1, $F12=2),VLOOKUP($B12,Courts!$B$2:$J$50,5,false),0) -> 0 | J12: =if(OR($F12=1, $F12=2),VLOOKUP($B12,Courts!$B$2:$J$50,6,false),0) -> 0 | K12: =if(OR($F12=1, $F12=2),VLOOKUP($B12,Courts!$B$2:$J$50,7,false),0) -> 0 | L12: =H12+I12+J12+K12 -> 0 | M12: =if(OR($F12=1, $F12=2),VLOOKUP($B12,Courts!$B$2:$J$50,9,false),0) -> 0 | N12: =C12+L12 -> 305 | O12: =D12+M12 -> 24 | P12: X | Q12: X | R12: X | S12: =if(H12=13,1,0)+VLOOKUP(B12,indirect($AB$2&"!B:T"),18,false) -> 1 | U12: =if(H12=9,1,0)+VLOOKUP(B12,indirect($AB$2&"!B:U"),20,false) -> 4 | V12: =VLOOKUP(B12,indirect($AB$2&"!B$5:w$70"),22,false)-A12 -> 2 | W12: =W11+1 -> 8
A13: =A12+1 -> 9 | B13: Lloyd Sagar | C13: 303 | D13: 29 | E13: =if(($D$2-U13-S13)<>0,(C13-(U13*9)-(S13*13))/($D$2-U13-S13),0) -> 14.1875 | F13: =if(isna(VLOOKUP(B13,Checkin!A:B,2,false)),0,VLOOKUP(B13,Checkin!A:B,2,false)) -> 0 | G13: =if(OR($F13=1, $F13=2),VLOOKUP($B13,Courts!$B$2:$K$50,10,false),0) -> 0 | H13: =IF(OR(F13=3,F13=4),9,IF(F13=5,13,0)) -> 0 | I13: =if(OR($F13=1, $F13=2),VLOOKUP($B13,Courts!$B$2:$J$50,5,false),0) -> 0 | J13: =if(OR($F13=1, $F13=2),VLOOKUP($B13,Courts!$B$2:$J$50,6,false),0) -> 0 | K13: =if(OR($F13=1, $F13=2),VLOOKUP($B13,Courts!$B$2:$J$50,7,false),0) -> 0 | L13: =H13+I13+J13+K13 -> 0 | M13: =if(OR($F13=1, $F13=2),VLOOKUP($B13,Courts!$B$2:$J$50,9,false),0) -> 0 | N13: =C13+L13 -> 303 | O13: =D13+M13 -> 29 | P13: X | Q13: X | R13: X | S13: =if(H13=13,1,0)+VLOOKUP(B13,indirect($AB$2&"!B:T"),18,false) -> 1 | U13: =if(H13=9,1,0)+VLOOKUP(B13,indirect($AB$2&"!B:U"),20,false) -> 7 | V13: =VLOOKUP(B13,indirect($AB$2&"!B$5:w$70"),22,false)-A13 -> 8 | W13: =W12+1 -> 9
A14: =A13+1 -> 10 | B14: David Shin | C14: 303 | D14: 24 | E14: =if(($D$2-U14-S14)<>0,(C14-(U14*9)-(S14*13))/($D$2-U14-S14),0) -> 13.647059 | F14: =if(isna(VLOOKUP(B14,Checkin!A:B,2,false)),0,VLOOKUP(B14,Checkin!A:B,2,false)) -> 0 | G14: =if(OR($F14=1, $F14=2),VLOOKUP($B14,Courts!$B$2:$K$50,10,false),0) -> 0 | H14: =IF(OR(F14=3,F14=4),9,IF(F14=5,13,0)) -> 0 | I14: =if(OR($F14=1, $F14=2),VLOOKUP($B14,Courts!$B$2:$J$50,5,false),0) -> 0 | J14: =if(OR($F14=1, $F14=2),VLOOKUP($B14,Courts!$B$2:$J$50,6,false),0) -> 0 | K14: =if(OR($F14=1, $F14=2),VLOOKUP($B14,Courts!$B$2:$J$50,7,false),0) -> 0 | L14: =H14+I14+J14+K14 -> 0 | M14: =if(OR($F14=1, $F14=2),VLOOKUP($B14,Courts!$B$2:$J$50,9,false),0) -> 0 | N14: =C14+L14 -> 303 | O14: =D14+M14 -> 24 | P14: X | Q14: X | R14: X | S14: =if(H14=13,1,0)+VLOOKUP(B14,indirect($AB$2&"!B:T"),18,false) -> 2 | U14: =if(H14=9,1,0)+VLOOKUP(B14,indirect($AB$2&"!B:U"),20,false) -> 5 | V14: =VLOOKUP(B14,indirect($AB$2&"!B$5:w$70"),22,false)-A14 -> -3 | W14: =W13+1 -> 10
A15: =A14+1 -> 11 | B15: Herman Au | C15: 303 | D15: 20 | E15: =if(($D$2-U15-S15)<>0,(C15-(U15*9)-(S15*13))/($D$2-U15-S15),0) -> 13.882353 | F15: =if(isna(VLOOKUP(B15,Checkin!A:B,2,false)),0,VLOOKUP(B15,Checkin!A:B,2,false)) -> 0 | G15: =if(OR($F15=1, $F15=2),VLOOKUP($B15,Courts!$B$2:$K$50,10,false),0) -> 0 | H15: =IF(OR(F15=3,F15=4),9,IF(F15=5,13,0)) -> 0 | I15: =if(OR($F15=1, $F15=2),VLOOKUP($B15,Courts!$B$2:$J$50,5,false),0) -> 0 | J15: =if(OR($F15=1, $F15=2),VLOOKUP($B15,Courts!$B$2:$J$50,6,false),0) -> 0 | K15: =if(OR($F15=1, $F15=2),VLOOKUP($B15,Courts!$B$2:$J$50,7,false),0) -> 0 | L15: =H15+I15+J15+K15 -> 0 | M15: =if(OR($F15=1, $F15=2),VLOOKUP($B15,Courts!$B$2:$J$50,9,false),0) -> 0 | N15: =C15+L15 -> 303 | O15: =D15+M15 -> 20 | P15: X | Q15: X | R15: X | S15: =if(H15=13,1,0)+VLOOKUP(B15,indirect($AB$2&"!B:T"),18,false) -> 1 | U15: =if(H15=9,1,0)+VLOOKUP(B15,indirect($AB$2&"!B:U"),20,false) -> 6 | V15: =VLOOKUP(B15,indirect($AB$2&"!B$5:w$70"),22,false)-A15 -> 1 | W15: =W14+1 -> 11
A16: =A15+1 -> 12 | B16: Scott Li | C16: 301 | D16: 24 | E16: =if(($D$2-U16-S16)<>0,(C16-(U16*9)-(S16*13))/($D$2-U16-S16),0) -> 13.764706 | F16: =if(isna(VLOOKUP(B16,Checkin!A:B,2,false)),0,VLOOKUP(B16,Checkin!A:B,2,false)) -> 0 | G16: =if(OR($F16=1, $F16=2),VLOOKUP($B16,Courts!$B$2:$K$50,10,false),0) -> 0 | H16: =IF(OR(F16=3,F16=4),9,IF(F16=5,13,0)) -> 0 | I16: =if(OR($F16=1, $F16=2),VLOOKUP($B16,Courts!$B$2:$J$50,5,false),0) -> 0 | J16: =if(OR($F16=1, $F16=2),VLOOKUP($B16,Courts!$B$2:$J$50,6,false),0) -> 0 | K16: =if(OR($F16=1, $F16=2),VLOOKUP($B16,Courts!$B$2:$J$50,7,false),0) -> 0 | L16: =H16+I16+J16+K16 -> 0 | M16: =if(OR($F16=1, $F16=2),VLOOKUP($B16,Courts!$B$2:$J$50,9,false),0) -> 0 | N16: =C16+L16 -> 301 | O16: =D16+M16 -> 24 | P16: X | Q16: X | R16: X | S16: =if(H16=13,1,0)+VLOOKUP(B16,indirect($AB$2&"!B:T"),18,false) -> 1 | U16: =if(H16=9,1,0)+VLOOKUP(B16,indirect($AB$2&"!B:U"),20,false) -> 6 | V16: =VLOOKUP(B16,indirect($AB$2&"!B$5:w$70"),22,false)-A16 -> -3 | W16: =W15+1 -> 12
A17: =A16+1 -> 13 | B17: Erik Hoeckmann | C17: 299 | D17: 26 | E17: =if(($D$2-U17-S17)<>0,(C17-(U17*9)-(S17*13))/($D$2-U17-S17),0) -> 14.266667 | F17: =if(isna(VLOOKUP(B17,Checkin!A:B,2,false)),0,VLOOKUP(B17,Checkin!A:B,2,false)) -> 0 | G17: =if(OR($F17=1, $F17=2),VLOOKUP($B17,Courts!$B$2:$K$50,10,false),0) -> 0 | H17: =IF(OR(F17=3,F17=4),9,IF(F17=5,13,0)) -> 0 | I17: =if(OR($F17=1, $F17=2),VLOOKUP($B17,Courts!$B$2:$J$50,5,false),0) -> 0 | J17: =if(OR($F17=1, $F17=2),VLOOKUP($B17,Courts!$B$2:$J$50,6,false),0) -> 0 | K17: =if(OR($F17=1, $F17=2),VLOOKUP($B17,Courts!$B$2:$J$50,7,false),0) -> 0 | L17: =H17+I17+J17+K17 -> 0 | M17: =if(OR($F17=1, $F17=2),VLOOKUP($B17,Courts!$B$2:$J$50,9,false),0) -> 0 | N17: =C17+L17 -> 299 | O17: =D17+M17 -> 26 | P17: X | Q17: X | R17: X | S17: =if(H17=13,1,0)+VLOOKUP(B17,indirect($AB$2&"!B:T"),18,false) -> 1 | U17: =if(H17=9,1,0)+VLOOKUP(B17,indirect($AB$2&"!B:U"),20,false) -> 8 | V17: =VLOOKUP(B17,indirect($AB$2&"!B$5:w$70"),22,false)-A17 -> -2 | W17: =W16+1 -> 13
... A69: =A68+1 -> 65 | B69: Barathi Sundaram | C69: 196 | D69: 3 | E69: =if(($D$2-U69-S69)<>0,(C69-(U69*9)-(S69*13))/($D$2-U69-S69),0) -> 6.7777778 | F69: =if(isna(VLOOKUP(B69,Checkin!A:B,2,false)),0,VLOOKUP(B69,Checkin!A:B,2,false)) -> 0 | G69: =if(OR($F69=1, $F69=2),VLOOKUP($B69,Courts!$B$2:$K$50,10,false),0) -> 0 | H69: =IF(OR(F69=3,F69=4),9,IF(F69=5,13,0)) -> 0 | I69: =if(OR($F69=1, $F69=2),VLOOKUP($B69,Courts!$B$2:$J$50,5,false),0) -> 0 | J69: =if(OR($F69=1, $F69=2),VLOOKUP($B69,Courts!$B$2:$J$50,6,false),0) -> 0 | K69: =if(OR($F69=1, $F69=2),VLOOKUP($B69,Courts!$B$2:$J$50,7,false),0) -> 0 | L69: =H69+I69+J69+K69 -> 0 | M69: =if(OR($F69=1, $F69=2),VLOOKUP($B69,Courts!$B$2:$J$50,9,false),0) -> 0 | N69: =C69+L69 -> 196 | O69: =D69+M69 -> 3 | P69: X | Q69: X | R69: X | S69: =if(H69=13,1,0)+VLOOKUP(B69,indirect($AB$2&"!B:T"),18,false) -> 0 | U69: =if(H69=9,1,0)+VLOOKUP(B69,indirect($AB$2&"!B:U"),20,false) -> 15 | V69: =VLOOKUP(B69,indirect($AB$2&"!B$5:w$70"),22,false)-A69 -> 0 | W69: =W68+1 -> 65
P74: Renewed | R74: =COUNTIF(R5:R69,"X") -> 64 | S74: =R74/R78 -> 0.98461538
P75: Not Renewing | R75: =countif(R5:R69,"N") -> 1
B76: Top Scores | C76: Games | D76: Sets | E76: Court # | P76: New Members | R76: 1
B77: =IFERROR(__xludf.DUMMYFUNCTION("QUERY(B5:M69,""Select B, L, M, G where L >= 18 order by L desc,M desc"",0)"),"#N/A") -> #N/A | P77: To Renew | R77: =countif(R5:R69,"") -> 0
P78: Total | R78: =sum(R74:R77)-R76 -> 65
B90: Top 10 Movements (UP) | C90: Positions Moved | D90: Position Last week | E90: Position This week | F90: Points this week | G90: Court | L90: Cross Check
B91: =IFERROR(__xludf.DUMMYFUNCTION("query(B5:V69,""select B, V order by V Desc Limit 10"")"),"Lam Bui") -> Lam Bui | C91: =IFERROR(__xludf.DUMMYFUNCTION("""COMPUTED_VALUE"""),13.0) -> 13 | D91: =VLOOKUP(B91,indirect($AB$2&"!B$5:w$70"),22, false) -> 27 | E91: =VLOOKUP(B91,B$5:W$69,22, false) -> 14 | F91: =VLOOKUP(B91,indirect($AB$2&"!B$5:U$70"),11, false) -> 18 | G91: =VLOOKUP(B91,indirect($AB$2&"!B$5:U$70"),6, false) -> 4 | L91: =if(D91-E91=C91,"ok","Error") -> ok
B92: =IFERROR(__xludf.DUMMYFUNCTION("""COMPUTED_VALUE"""),"Lloyd Sagar") -> Lloyd Sagar | C92: =IFERROR(__xludf.DUMMYFUNCTION("""COMPUTED_VALUE"""),8.0) -> 8 | D92: =VLOOKUP(B92,indirect($AB$2&"!B$5:w$70"),22, false) -> 17 | E92: =VLOOKUP(B92,B$5:W$69,22, false) -> 9 | F92: =VLOOKUP(B92,indirect($AB$2&"!B$5:U$70"),11, false) -> 18 | G92: =VLOOKUP(B92,indirect($AB$2&"!B$5:U$70"),6, false) -> 3 | L92: =if(D92-E92=C92,"ok","Error") -> ok
B93: =IFERROR(__xludf.DUMMYFUNCTION("""COMPUTED_VALUE"""),"Jimmy Awolesi") -> Jimmy Awolesi | C93: =IFERROR(__xludf.DUMMYFUNCTION("""COMPUTED_VALUE"""),8.0) -> 8 | D93: =VLOOKUP(B93,indirect($AB$2&"!B$5:w$70"),22, false) -> 34 | E93: =VLOOKUP(B93,B$5:W$69,22, false) -> 26 | F93: =VLOOKUP(B93,indirect($AB$2&"!B$5:U$70"),11, false) -> 19 | G93: =VLOOKUP(B93,indirect($AB$2&"!B$5:U$70"),6, false) -> 5 | L93: =if(D93-E93=C93,"ok","Error") -> ok
B94: =IFERROR(__xludf.DUMMYFUNCTION("""COMPUTED_VALUE"""),"Ted Shen") -> Ted Shen | C94: =IFERROR(__xludf.DUMMYFUNCTION("""COMPUTED_VALUE"""),6.0) -> 6 | D94: =VLOOKUP(B94,indirect($AB$2&"!B$5:w$70"),22, false) -> 21 | E94: =VLOOKUP(B94,B$5:W$69,22, false) -> 15 | F94: =VLOOKUP(B94,indirect($AB$2&"!B$5:U$70"),11, false) -> 14 | G94: =VLOOKUP(B94,indirect($AB$2&"!B$5:U$70"),6, false) -> 3 | L94: =if(D94-E94=C94,"ok","Error") -> ok
B95: =IFERROR(__xludf.DUMMYFUNCTION("""COMPUTED_VALUE"""),"Matthew Huang") -> Matthew Huang | C95: =IFERROR(__xludf.DUMMYFUNCTION("""COMPUTED_VALUE"""),5.0) -> 5 | D95: =VLOOKUP(B95,indirect($AB$2&"!B$5:w$70"),22, false) -> 43 | E95: =VLOOKUP(B95,B$5:W$69,22, false) -> 38 | F95: =VLOOKUP(B95,indirect($AB$2&"!B$5:U$70"),11, false) -> 18 | G95: =VLOOKUP(B95,indirect($AB$2&"!B$5:U$70"),6, false) -> 7 | L95: =if(D95-E95=C95,"ok","Error") -> ok
B96: =IFERROR(__xludf.DUMMYFUNCTION("""COMPUTED_VALUE"""),"Sandeep Kamalon") -> Sandeep Kamalon | C96: =IFERROR(__xludf.DUMMYFUNCTION("""COMPUTED_VALUE"""),4.0) -> 4 | D96: =VLOOKUP(B96,indirect($AB$2&"!B$5:w$70"),22, false) -> 8 | E96: =VLOOKUP(B96,B$5:W$69,22, false) -> 4 | F96: =VLOOKUP(B96,indirect($AB$2&"!B$5:U$70"),11, false) -> 18 | G96: =VLOOKUP(B96,indirect($AB$2&"!B$5:U$70"),6, false) -> 2 | L96: =if(D96-E96=C96,"ok","Error") -> ok
B97: =IFERROR(__xludf.DUMMYFUNCTION("""COMPUTED_VALUE"""),"Wayne Liu") -> Wayne Liu | C97: =IFERROR(__xludf.DUMMYFUNCTION("""COMPUTED_VALUE"""),4.0) -> 4 | D97: =VLOOKUP(B97,indirect($AB$2&"!B$5:w$70"),22, false) -> 31 | E97: =VLOOKUP(B97,B$5:W$69,22, false) -> 27 | F97: =VLOOKUP(B97,indirect($AB$2&"!B$5:U$70"),11, false) -> 14 | G97: =VLOOKUP(B97,indirect($AB$2&"!B$5:U$70"),6, false) -> 5 | L97: =if(D97-E97=C97,"ok","Error") -> ok
B98: =IFERROR(__xludf.DUMMYFUNCTION("""COMPUTED_VALUE"""),"Balaji Alahari") -> Balaji Alahari | C98: =IFERROR(__xludf.DUMMYFUNCTION("""COMPUTED_VALUE"""),3.0) -> 3 | D98: =VLOOKUP(B98,indirect($AB$2&"!B$5:w$70"),22, false) -> 62 | E98: =VLOOKUP(B98,B$5:W$69,22, false) -> 59 | F98: =VLOOKUP(B98,indirect($AB$2&"!B$5:U$70"),11, false) -> 15 | G98: =VLOOKUP(B98,indirect($AB$2&"!B$5:U$70"),6, false) -> 8 | L98: =if(D98-E98=C98,"ok","Error") -> ok
B99: =IFERROR(__xludf.DUMMYFUNCTION("""COMPUTED_VALUE"""),"Joe Luzzi") -> Joe Luzzi | C99: =IFERROR(__xludf.DUMMYFUNCTION("""COMPUTED_VALUE"""),2.0) -> 2 | D99: =VLOOKUP(B99,indirect($AB$2&"!B$5:w$70"),22, false) -> 10 | E99: =VLOOKUP(B99,B$5:W$69,22, false) -> 8 | F99: =VLOOKUP(B99,indirect($AB$2&"!B$5:U$70"),11, false) -> 14 | G99: =VLOOKUP(B99,indirect($AB$2&"!B$5:U$70"),6, false) -> 2 | L99: =if(D99-E99=C99,"ok","Error") -> ok
B100: =IFERROR(__xludf.DUMMYFUNCTION("""COMPUTED_VALUE"""),"Tina Hanson") -> Tina Hanson | C100: =IFERROR(__xludf.DUMMYFUNCTION("""COMPUTED_VALUE"""),2.0) -> 2 | D100: =VLOOKUP(B100,indirect($AB$2&"!B$5:w$70"),22, false) -> 22 | E100: =VLOOKUP(B100,B$5:W$69,22, false) -> 20 | F100: =VLOOKUP(B100,indirect($AB$2&"!B$5:U$70"),11, false) -> 12 | G100: =VLOOKUP(B100,indirect($AB$2&"!B$5:U$70"),6, false) -> 3 | L100: =if(D100-E100=C100,"ok","Error") -> ok
B103: Top 10 Movements (Down) | C103: Positions | D103: Position Last week | E103: Position This week | F103: Points this week | G103: Court | L103: Cross Check
B104: =IFERROR(__xludf.DUMMYFUNCTION("query(B5:V69,""select B, V order by V asc Limit 10"")"),"Troy Wong") -> Troy Wong | C104: =IFERROR(__xludf.DUMMYFUNCTION("""COMPUTED_VALUE"""),-6.0) -> -6 | D104: =VLOOKUP(B104,indirect($AB$2&"!B$5:w$70"),22, false) -> 19 | E104: =VLOOKUP(B104,B$5:W$69,22, false) -> 25 | F104: =VLOOKUP(B104,indirect($AB$2&"!B$5:U$70"),11, false) -> 9 | G104: =VLOOKUP(B104,indirect($AB$2&"!B$5:U$70"),6, false) -> 0 | L104: =if(D104-E104=C104,"ok","Error") -> ok
B105: =IFERROR(__xludf.DUMMYFUNCTION("""COMPUTED_VALUE"""),"Robert Chang") -> Robert Chang | C105: =IFERROR(__xludf.DUMMYFUNCTION("""COMPUTED_VALUE"""),-5.0) -> -5 | D105: =VLOOKUP(B105,indirect($AB$2&"!B$5:w$70"),22, false) -> 16 | E105: =VLOOKUP(B105,B$5:W$69,22, false) -> 21 | F105: =VLOOKUP(B105,indirect($AB$2&"!B$5:U$70"),11, false) -> 9 | G105: =VLOOKUP(B105,indirect($AB$2&"!B$5:U$70"),6, false) -> 0 | L105: =if(D105-E105=C105,"ok","Error") -> ok
B106: =IFERROR(__xludf.DUMMYFUNCTION("""COMPUTED_VALUE"""),"Tom Le") -> Tom Le | C106: =IFERROR(__xludf.DUMMYFUNCTION("""COMPUTED_VALUE"""),-5.0) -> -5 | D106: =VLOOKUP(B106,indirect($AB$2&"!B$5:w$70"),22, false) -> 24 | E106: =VLOOKUP(B106,B$5:W$69,22, false) -> 29 | F106: =VLOOKUP(B106,indirect($AB$2&"!B$5:U$70"),11, false) -> 9 | G106: =VLOOKUP(B106,indirect($AB$2&"!B$5:U$70"),6, false) -> 0 | L106: =if(D106-E106=C106,"ok","Error") -> ok
B107: =IFERROR(__xludf.DUMMYFUNCTION("""COMPUTED_VALUE"""),"Oscar Bonilla") -> Oscar Bonilla | C107: =IFERROR(__xludf.DUMMYFUNCTION("""COMPUTED_VALUE"""),-4.0) -> -4 | D107: =VLOOKUP(B107,indirect($AB$2&"!B$5:w$70"),22, false) -> 18 | E107: =VLOOKUP(B107,B$5:W$69,22, false) -> 22 | F107: =VLOOKUP(B107,indirect($AB$2&"!B$5:U$70"),11, false) -> 9 | G107: =VLOOKUP(B107,indirect($AB$2&"!B$5:U$70"),6, false) -> 0 | L107: =if(D107-E107=C107,"ok","Error") -> ok
B108: =IFERROR(__xludf.DUMMYFUNCTION("""COMPUTED_VALUE"""),"David Shin") -> David Shin | C108: =IFERROR(__xludf.DUMMYFUNCTION("""COMPUTED_VALUE"""),-3.0) -> -3 | D108: =VLOOKUP(B108,indirect($AB$2&"!B$5:w$70"),22, false) -> 7 | E108: =VLOOKUP(B108,B$5:W$69,22, false) -> 10 | F108: =VLOOKUP(B108,indirect($AB$2&"!B$5:U$70"),11, false) -> 9 | G108: =VLOOKUP(B108,indirect($AB$2&"!B$5:U$70"),6, false) -> 0 | L108: =if(D108-E108=C108,"ok","Error") -> ok
B109: =IFERROR(__xludf.DUMMYFUNCTION("""COMPUTED_VALUE"""),"Scott Li") -> Scott Li | C109: =IFERROR(__xludf.DUMMYFUNCTION("""COMPUTED_VALUE"""),-3.0) -> -3 | D109: =VLOOKUP(B109,indirect($AB$2&"!B$5:w$70"),22, false) -> 9 | E109: =VLOOKUP(B109,B$5:W$69,22, false) -> 12 | F109: =VLOOKUP(B109,indirect($AB$2&"!B$5:U$70"),11, false) -> 9 | G109: =VLOOKUP(B109,indirect($AB$2&"!B$5:U$70"),6, false) -> 0 | L109: =if(D109-E109=C109,"ok","Error") -> ok
B110: =IFERROR(__xludf.DUMMYFUNCTION("""COMPUTED_VALUE"""),"Susanta Mishra") -> Susanta Mishra | C110: =IFERROR(__xludf.DUMMYFUNCTION("""COMPUTED_VALUE"""),-3.0) -> -3 | D110: =VLOOKUP(B110,indirect($AB$2&"!B$5:w$70"),22, false) -> 13 | E110: =VLOOKUP(B110,B$5:W$69,22, false) -> 16 | F110: =VLOOKUP(B110,indirect($AB$2&"!B$5:U$70"),11, false) -> 9 | G110: =VLOOKUP(B110,indirect($AB$2&"!B$5:U$70"),6, false) -> 0 | L110: =if(D110-E110=C110,"ok","Error") -> ok
B111: =IFERROR(__xludf.DUMMYFUNCTION("""COMPUTED_VALUE"""),"James Phan") -> James Phan | C111: =IFERROR(__xludf.DUMMYFUNCTION("""COMPUTED_VALUE"""),-3.0) -> -3 | D111: =VLOOKUP(B111,indirect($AB$2&"!B$5:w$70"),22, false) -> 14 | E111: =VLOOKUP(B111,B$5:W$69,22, false) -> 17 | F111: =VLOOKUP(B111,indirect($AB$2&"!B$5:U$70"),11, false) -> 9 | G111: =VLOOKUP(B111,indirect($AB$2&"!B$5:U$70"),6, false) -> 0 | L111: =if(D111-E111=C111,"ok","Error") -> ok
B112: =IFERROR(__xludf.DUMMYFUNCTION("""COMPUTED_VALUE"""),"Cid Macaraeg") -> Cid Macaraeg | C112: =IFERROR(__xludf.DUMMYFUNCTION("""COMPUTED_VALUE"""),-3.0) -> -3 | D112: =VLOOKUP(B112,indirect($AB$2&"!B$5:w$70"),22, false) -> 15 | E112: =VLOOKUP(B112,B$5:W$69,22, false) -> 18 | F112: =VLOOKUP(B112,indirect($AB$2&"!B$5:U$70"),11, false) -> 9 | G112: =VLOOKUP(B112,indirect($AB$2&"!B$5:U$70"),6, false) -> 0 | L112: =if(D112-E112=C112,"ok","Error") -> ok
B113: =IFERROR(__xludf.DUMMYFUNCTION("""COMPUTED_VALUE"""),"Adrian Tay") -> Adrian Tay | C113: =IFERROR(__xludf.DUMMYFUNCTION("""COMPUTED_VALUE"""),-3.0) -> -3 | D113: =VLOOKUP(B113,indirect($AB$2&"!B$5:w$70"),22, false) -> 28 | E113: =VLOOKUP(B113,B$5:W$69,22, false) -> 31 | F113: =VLOOKUP(B113,indirect($AB$2&"!B$5:U$70"),11, false) -> 9 | G113: =VLOOKUP(B113,indirect($AB$2&"!B$5:U$70"),6, false) -> 0 | L113: =if(D113-E113=C113,"ok","Error") -> ok
A119: Renewals for July-December 2025
B120: Members Renewed | C120: Members to Renew | F120: Members Not Renewing | I120: New Members Joined/invited*
A121: 1 | B121: =IFERROR(__xludf.DUMMYFUNCTION("query(B5:V69,""select B where R = 'X' order by B asc"")"),"Adrian Tay") -> Adrian Tay | C121: =IFERROR(__xludf.DUMMYFUNCTION("query(B5:V69,""select B where R = '' order by B asc"")"),"#N/A") -> #N/A | F121: =IFERROR(__xludf.DUMMYFUNCTION("query(B5:V69,""select B where R = 'N' order by B asc"")"),"Trinath Goteti") -> Trinath Goteti | I121: Darren Wong
A122: =A121+1 -> 2 | B122: =IFERROR(__xludf.DUMMYFUNCTION("""COMPUTED_VALUE"""),"Alejandro Mejia") -> Alejandro Mejia
A123: =A122+1 -> 3 | B123: =IFERROR(__xludf.DUMMYFUNCTION("""COMPUTED_VALUE"""),"Alex Hou") -> Alex Hou
A124: =A123+1 -> 4 | B124: =IFERROR(__xludf.DUMMYFUNCTION("""COMPUTED_VALUE"""),"Allen Zhang") -> Allen Zhang
A125: =A124+1 -> 5 | B125: =IFERROR(__xludf.DUMMYFUNCTION("""COMPUTED_VALUE"""),"Andrew Wen") -> Andrew Wen
A126: =A125+1 -> 6 | B126: =IFERROR(__xludf.DUMMYFUNCTION("""COMPUTED_VALUE"""),"Balaji Alahari") -> Balaji Alahari
A127: =A126+1 -> 7 | B127: =IFERROR(__xludf.DUMMYFUNCTION("""COMPUTED_VALUE"""),"Barathi Sundaram") -> Barathi Sundaram
A128: =A127+1 -> 8 | B128: =IFERROR(__xludf.DUMMYFUNCTION("""COMPUTED_VALUE"""),"Basudev Thoppai Vidyasankar") -> Basudev Thoppai Vidyasankar
A129: =A128+1 -> 9 | B129: =IFERROR(__xludf.DUMMYFUNCTION("""COMPUTED_VALUE"""),"Chinna Ponnaganti") -> Chinna Ponnaganti
A130: =A129+1 -> 10 | B130: =IFERROR(__xludf.DUMMYFUNCTION("""COMPUTED_VALUE"""),"Cid Macaraeg") -> Cid Macaraeg
A131: =A130+1 -> 11 | B131: =IFERROR(__xludf.DUMMYFUNCTION("""COMPUTED_VALUE"""),"Coco Yan") -> Coco Yan
A132: =A131+1 -> 12 | B132: =IFERROR(__xludf.DUMMYFUNCTION("""COMPUTED_VALUE"""),"David Shin") -> David Shin
A133: =A132+1 -> 13 | B133: =IFERROR(__xludf.DUMMYFUNCTION("""COMPUTED_VALUE"""),"Elayaraja Thangaraj ") -> Elayaraja Thangaraj
A134: =A133+1 -> 14 | B134: =IFERROR(__xludf.DUMMYFUNCTION("""COMPUTED_VALUE"""),"Eric Pan") -> Eric Pan
A135: =A134+1 -> 15 | B135: =IFERROR(__xludf.DUMMYFUNCTION("""COMPUTED_VALUE"""),"Eric Tan") -> Eric Tan
A136: =A135+1 -> 16 | B136: =IFERROR(__xludf.DUMMYFUNCTION("""COMPUTED_VALUE"""),"Erik Hoeckmann") -> Erik Hoeckmann
A137: =A136+1 -> 17 | B137: =IFERROR(__xludf.DUMMYFUNCTION("""COMPUTED_VALUE"""),"Ethan Gu") -> Ethan Gu
A138: =A137+1 -> 18 | B138: =IFERROR(__xludf.DUMMYFUNCTION("""COMPUTED_VALUE"""),"Frank Moon") -> Frank Moon
A139: =A138+1 -> 19 | B139: =IFERROR(__xludf.DUMMYFUNCTION("""COMPUTED_VALUE"""),"Herman Au") -> Herman Au
A140: =A139+1 -> 20 | B140: =IFERROR(__xludf.DUMMYFUNCTION("""COMPUTED_VALUE"""),"Hongyuan Wen") -> Hongyuan Wen
A141: =A140+1 -> 21 | B141: =IFERROR(__xludf.DUMMYFUNCTION("""COMPUTED_VALUE"""),"Hubert J Sung") -> Hubert J Sung
A142: =A141+1 -> 22 | B142: =IFERROR(__xludf.DUMMYFUNCTION("""COMPUTED_VALUE"""),"James Phan") -> James Phan
A143: =A142+1 -> 23 | B143: =IFERROR(__xludf.DUMMYFUNCTION("""COMPUTED_VALUE"""),"Jim Miao") -> Jim Miao
A144: =A143+1 -> 24 | B144: =IFERROR(__xludf.DUMMYFUNCTION("""COMPUTED_VALUE"""),"Jimmy Awolesi") -> Jimmy Awolesi
A145: =A144+1 -> 25 | B145: =IFERROR(__xludf.DUMMYFUNCTION("""COMPUTED_VALUE"""),"Joe Luzzi") -> Joe Luzzi
A146: =A145+1 -> 26 | B146: =IFERROR(__xludf.DUMMYFUNCTION("""COMPUTED_VALUE"""),"Jonathan Phan") -> Jonathan Phan
A147: =A146+1 -> 27 | B147: =IFERROR(__xludf.DUMMYFUNCTION("""COMPUTED_VALUE"""),"Joyce Zhu") -> Joyce Zhu
A148: =A147+1 -> 28 | B148: =IFERROR(__xludf.DUMMYFUNCTION("""COMPUTED_VALUE"""),"Kumar Palakeel") -> Kumar Palakeel
A149: =A148+1 -> 29 | B149: =IFERROR(__xludf.DUMMYFUNCTION("""COMPUTED_VALUE"""),"Lam Bui") -> Lam Bui
A150: =A149+1 -> 30 | B150: =IFERROR(__xludf.DUMMYFUNCTION("""COMPUTED_VALUE"""),"Leigh-Anh Nguyen") -> Leigh-Anh Nguyen
A151: =A150+1 -> 31 | B151: =IFERROR(__xludf.DUMMYFUNCTION("""COMPUTED_VALUE"""),"Lloyd Sagar") -> Lloyd Sagar
A152: =A151+1 -> 32 | B152: =IFERROR(__xludf.DUMMYFUNCTION("""COMPUTED_VALUE"""),"Luis Hsu") -> Luis Hsu
A153: =A152+1 -> 33 | B153: =IFERROR(__xludf.DUMMYFUNCTION("""COMPUTED_VALUE"""),"Manish Anand") -> Manish Anand
A154: =A153+1 -> 34 | B154: =IFERROR(__xludf.DUMMYFUNCTION("""COMPUTED_VALUE"""),"Manuel Rivera") -> Manuel Rivera
A155: =A154+1 -> 35 | B155: =IFERROR(__xludf.DUMMYFUNCTION("""COMPUTED_VALUE"""),"Matthew Huang") -> Matthew Huang
A156: =A155+1 -> 36 | B156: =IFERROR(__xludf.DUMMYFUNCTION("""COMPUTED_VALUE"""),"Mauricio Palacios") -> Mauricio Palacios
A157: =A156+1 -> 37 | B157: =IFERROR(__xludf.DUMMYFUNCTION("""COMPUTED_VALUE"""),"Naveen Raj") -> Naveen Raj
A158: =A157+1 -> 38 | B158: =IFERROR(__xludf.DUMMYFUNCTION("""COMPUTED_VALUE"""),"Nicole Ni") -> Nicole Ni
A159: =A158+1 -> 39 | B159: =IFERROR(__xludf.DUMMYFUNCTION("""COMPUTED_VALUE"""),"Oscar Bonilla") -> Oscar Bonilla
A160: =A159+1 -> 40 | B160: =IFERROR(__xludf.DUMMYFUNCTION("""COMPUTED_VALUE"""),"Pavan Akkimsetty") -> Pavan Akkimsetty
A161: =A160+1 -> 41 | B161: =IFERROR(__xludf.DUMMYFUNCTION("""COMPUTED_VALUE"""),"Pulkit Mathur") -> Pulkit Mathur
A162: =A161+1 -> 42 | B162: =IFERROR(__xludf.DUMMYFUNCTION("""COMPUTED_VALUE"""),"Rajasekar Ramasamy") -> Rajasekar Ramasamy
A163: =A162+1 -> 43 | B163: =IFERROR(__xludf.DUMMYFUNCTION("""COMPUTED_VALUE"""),"Rajesh Dorairaj") -> Rajesh Dorairaj
A164: =A163+1 -> 44 | B164: =IFERROR(__xludf.DUMMYFUNCTION("""COMPUTED_VALUE"""),"Ramesh Bandaru") -> Ramesh Bandaru
A165: =A164+1 -> 45 | B165: =IFERROR(__xludf.DUMMYFUNCTION("""COMPUTED_VALUE"""),"Robert Chang") -> Robert Chang
A166: =A165+1 -> 46 | B166: =IFERROR(__xludf.DUMMYFUNCTION("""COMPUTED_VALUE"""),"Sandeep Kamalon") -> Sandeep Kamalon
A167: =A166+1 -> 47 | B167: =IFERROR(__xludf.DUMMYFUNCTION("""COMPUTED_VALUE"""),"Sandy Weyant") -> Sandy Weyant
A168: =A167+1 -> 48 | B168: =IFERROR(__xludf.DUMMYFUNCTION("""COMPUTED_VALUE"""),"Sanjaye Elayattu") -> Sanjaye Elayattu
A169: =A168+1 -> 49 | B169: =IFERROR(__xludf.DUMMYFUNCTION("""COMPUTED_VALUE"""),"Santosh Sundaresan ") -> Santosh Sundaresan
A170: =A169+1 -> 50 | B170: =IFERROR(__xludf.DUMMYFUNCTION("""COMPUTED_VALUE"""),"Saravanan Veerapandian") -> Saravanan Veerapandian
A171: =A170+1 -> 51 | B171: =IFERROR(__xludf.DUMMYFUNCTION("""COMPUTED_VALUE"""),"Scott Li") -> Scott Li
A172: =A171+1 -> 52 | B172: =IFERROR(__xludf.DUMMYFUNCTION("""COMPUTED_VALUE"""),"Sean Chang") -> Sean Chang
A173: =A172+1 -> 53 | B173: =IFERROR(__xludf.DUMMYFUNCTION("""COMPUTED_VALUE"""),"Suleman Alidina") -> Suleman Alidina
...

Sheet Courts
A1: Court # | B1: Name of the Player | C1: Games Won | D1: Sets Won | E1: Check In | F1: Set 1 | G1: Set 2 | H1: Set 3 | I1: Total Games won | J1: Sets Won | K1: Court # | L1: Scores Entered by | M1: Mark 'X', if the court needs to be played at WHS | O1: Set 1 | P1: Set 2 | Q1: Set 2 | S1: Sets Validations | V1: Set 1 | W1: Set 2 | X1: Set 2
A2: 1 | B2: =IFERROR(__xludf.DUMMYFUNCTION("QUERY(indirect(""'"" & ""Current"" & ""'!B5:F69""),""Select B, C, D, F where F = 1 or F = 2 "",0)"),"#N/A") -> #N/A | I2: =sum(F2:H2) -> 0 | K2: =A2 -> 1 | O2: =if(COUNTIF(V2:V4,"Good")=2,"Good","Error") -> Error | P2: =if(COUNTIF(W2:W4,"Good")=2,"Good","Error") -> Error | Q2: =if(COUNTIF(X2:X4,"Good")=2,"Good","Error") -> Error | S2: =sum(J2:J5) -> 0 | T2: =if(S2=0,"",if(S2=6,"Good","ERROR")) | V2: =if(isna(VLOOKUP(F2,F3:F5,1,false)),"Error","Good") -> Error | W2: =if(isna(VLOOKUP(G2,G3:G5,1,false)),"Error","Good") -> Error | X2: =if(isna(VLOOKUP(H2,H3:H5,1,false)),"Error","Good") -> Error
A3: 1 | I3: =sum(F3:H3) -> 0 | K3: =A3 -> 1 | V3: =if(isna(VLOOKUP(F3,F4:F5,1,false)),"Error","Good") -> Error | W3: =if(isna(VLOOKUP(G3,G4:G5,1,false)),"Error","Good") -> Error | X3: =if(isna(VLOOKUP(H3,H4:H5,1,false)),"Error","Good") -> Error | AD3: Alejandro Mejia
A4: 1 | I4: =sum(F4:H4) -> 0 | K4: =A4 -> 1 | V4: =if(F4=F5,"Good") -> Good | W4: =if(G4=G5,"Good") -> Good | X4: =if(H4=H5,"Good") -> Good | Y4: N | Z4: Skip Court 3 | AD4: Jimmy Awolesi
A5: 1 | I5: =sum(F5:H5) -> 0 | K5: =A5 -> 1 | Y5: N | Z5: Skip Court 4 | AD5: Tony Wong
A6: 2 | I6: =sum(F6:H6) -> 0 | K6: =A6 -> 2 | O6: =if(COUNTIF(V6:V8,"Good")=2,"Good","Error") -> Error | P6: =if(COUNTIF(W6:W8,"Good")=2,"Good","Error") -> Error | Q6: =if(COUNTIF(X6:X8,"Good")=2,"Good","Error") -> Error | S6: =sum(J6:J9) -> 0 | T6: =if(S6=0,"",if(S6=6,"Good","ERROR")) | V6: =if(isna(VLOOKUP(F6,F7:F9,1,false)),"Error","Good") -> Error | W6: =if(isna(VLOOKUP(G6,G7:G9,1,false)),"Error","Good") -> Error | X6: =if(isna(VLOOKUP(H6,H7:H9,1,false)),"Error","Good") -> Error | AD6: Vinaya Kajla
A7: 2 | I7: =sum(F7:H7) -> 0 | K7: =A7 -> 2 | V7: =if(isna(VLOOKUP(F7,F8:F9,1,false)),"Error","Good") -> Error | W7: =if(isna(VLOOKUP(G7,G8:G9,1,false)),"Error","Good") -> Error | X7: =if(isna(VLOOKUP(H7,H8:H9,1,false)),"Error","Good") -> Error
A8: 2 | I8: =sum(F8:H8) -> 0 | K8: =A8 -> 2 | V8: =if(F8=F9,"Good") -> Good | W8: =if(G8=G9,"Good") -> Good | X8: =if(H8=H9,"Good") -> Good
A9: 2 | I9: =sum(F9:H9) -> 0 | K9: =A9 -> 2
A10: 3 | I10: =sum(F10:H10) -> 0 | K10: =A10 -> 3 | O10: =if(COUNTIF(V10:V12,"Good")=2,"Good","Error") -> Error | P10: =if(COUNTIF(W10:W12,"Good")=2,"Good","Error") -> Error | Q10: =if(COUNTIF(X10:X12,"Good")=2,"Good","Error") -> Error | S10: =sum(J10:J13) -> 0 | T10: =if(S10=0,"",if(S10=6,"Good","ERROR")) | V10: =if(isna(VLOOKUP(F10,F11:F13,1,false)),"Error","Good") -> Error | W10: =if(isna(VLOOKUP(G10,G11:G13,1,false)),"Error","Good") -> Error | X10: =if(isna(VLOOKUP(H10,H11:H13,1,false)),"Error","Good") -> Error
A11: 3 | I11: =sum(F11:H11) -> 0 | K11: =A11 -> 3 | V11: =if(isna(VLOOKUP(F11,F12:F13,1,false)),"Error","Good") -> Error | W11: =if(isna(VLOOKUP(G11,G12:G13,1,false)),"Error","Good") -> Error | X11: =if(isna(VLOOKUP(H11,H12:H13,1,false)),"Error","Good") -> Error | AD11: Suleman Alidina
A12: 3 | I12: =sum(F12:H12) -> 0 | K12: =A12 -> 3 | V12: =if(F12=F13,"Good") -> Good | W12: =if(G12=G13,"Good") -> Good | X12: =if(H12=H13,"Good") -> Good | AD12: Ash Nikravan
A13: 3 | I13: =sum(F13:H13) -> 0 | K13: =A13 -> 3 | AD13: Susanta Mishra
A14: 4 | I14: =sum(F14:H14) -> 0 | K14: =A14 -> 4 | O14: =if(COUNTIF(V14:V16,"Good")=2,"Good","Error") -> Error | P14: =if(COUNTIF(W14:W16,"Good")=2,"Good","Error") -> Error | Q14: =if(COUNTIF(X14:X16,"Good")=2,"Good","Error") -> Error | S14: =sum(J14:J17) -> 0 | T14: =if(S14=0,"",if(S14=6,"Good","ERROR")) | V14: =if(isna(VLOOKUP(F14,F15:F17,1,false)),"Error","Good") -> Error | W14: =if(isna(VLOOKUP(G14,G15:G17,1,false)),"Error","Good") -> Error | X14: =if(isna(VLOOKUP(H14,H15:H17,1,false)),"Error","Good") -> Error | AD14: David Tam
A15: 4 | I15: =sum(F15:H15) -> 0 | K15: =A15 -> 4 | V15: =if(isna(VLOOKUP(F15,F16:F17,1,false)),"Error","Good") -> Error | W15: =if(isna(VLOOKUP(G15,G16:G17,1,false)),"Error","Good") -> Error | X15: =if(isna(VLOOKUP(H15,H16:H17,1,false)),"Error","Good") -> Error
A16: 4 | I16: =sum(F16:H16) -> 0 | K16: =A16 -> 4 | V16: =if(F16=F17,"Good") -> Good | W16: =if(G16=G17,"Good") -> Good | X16: =if(H16=H17,"Good") -> Good
A17: 4 | I17: =sum(F17:H17) -> 0 | K17: =A17 -> 4
A18: 5 | I18: =sum(F18:H18) -> 0 | K18: =A18 -> 5 | O18: =if(COUNTIF(V18:V20,"Good")=2,"Good","Error") -> Error | P18: =if(COUNTIF(W18:W20,"Good")=2,"Good","Error") -> Error | Q18: =if(COUNTIF(X18:X20,"Good")=2,"Good","Error") -> Error | S18: =sum(J18:J21) -> 0 | T18: =if(S18=0,"",if(S18=6,"Good","ERROR")) | V18: =if(isna(VLOOKUP(F18,F19:F21,1,false)),"Error","Good") -> Error | W18: =if(isna(VLOOKUP(G18,G19:G21,1,false)),"Error","Good") -> Error | X18: =if(isna(VLOOKUP(H18,H19:H21,1,false)),"Error","Good") -> Error | AD18: Pulkit Mathur
A19: 5 | I19: =sum(F19:H19) -> 0 | K19: =A19 -> 5 | V19: =if(isna(VLOOKUP(F19,F20:F21,1,false)),"Error","Good") -> Error | W19: =if(isna(VLOOKUP(G19,G20:G21,1,false)),"Error","Good") -> Error | X19: =if(isna(VLOOKUP(H19,H20:H21,1,false)),"Error","Good") -> Error | AD19: Kingsley Kuo
A20: 5 | I20: =sum(F20:H20) -> 0 | K20: =A20 -> 5 | V20: =if(F20=F21,"Good") -> Good | W20: =if(G20=G21,"Good") -> Good | X20: =if(H20=H21,"Good") -> Good | AD20: Scott Li
A21: 5 | I21: =sum(F21:H21) -> 0 | K21: =A21 -> 5 | AD21: Vamsi Lolla
A22: 6 | I22: =sum(F22:H22) -> 0 | K22: =A22 -> 6 | O22: =if(COUNTIF(V22:V24,"Good")=2,"Good","Error") -> Error | P22: =if(COUNTIF(W22:W24,"Good")=2,"Good","Error") -> Error | Q22: =if(COUNTIF(X22:X24,"Good")=2,"Good","Error") -> Error | S22: =sum(J22:J25) -> 0 | T22: =if(S22=0,"",if(S22=6,"Good","ERROR")) | V22: =if(isna(VLOOKUP(F22,F23:F25,1,false)),"Error","Good") -> Error | W22: =if(isna(VLOOKUP(G22,G23:G25,1,false)),"Error","Good") -> Error | X22: =if(isna(VLOOKUP(H22,H23:H25,1,false)),"Error","Good") -> Error
A23: 6 | I23: =sum(F23:H23) -> 0 | K23: =A23 -> 6 | V23: =if(isna(VLOOKUP(F23,F24:F25,1,false)),"Error","Good") -> Error | W23: =if(isna(VLOOKUP(G23,G24:G25,1,false)),"Error","Good") -> Error | X23: =if(isna(VLOOKUP(H23,H24:H25,1,false)),"Error","Good") -> Error
A24: 6 | I24: =sum(F24:H24) -> 0 | K24: =A24 -> 6 | V24: =if(F24=F25,"Good") -> Good | W24: =if(G24=G25,"Good") -> Good | X24: =if(H24=H25,"Good") -> Good | AD24: Rajasekar Ramasamy
A25: 6 | I25: =sum(F25:H25) -> 0 | K25: =A25 -> 6 | AD25: Anish Kumar
A26: 7 | I26: =sum(F26:H26) -> 0 | K26: =A26 -> 7 | O26: =if(COUNTIF(V26:V28,"Good")=2,"Good","Error") -> Error | P26: =if(COUNTIF(W26:W28,"Good")=2,"Good","Error") -> Error | Q26: =if(COUNTIF(X26:X28,"Good")=2,"Good","Error") -> Error | S26: =sum(J26:J29) -> 0 | T26: =if(S26=0,"",if(S26=6,"Good","ERROR")) | V26: =if(isna(VLOOKUP(F26,F27:F29,1,false)),"Error","Good") -> Error | W26: =if(isna(VLOOKUP(G26,G27:G29,1,false)),"Error","Good") -> Error | X26: =if(isna(VLOOKUP(H26,H27:H29,1,false)),"Error","Good") -> Error | AD26: Manuel Rivera
A27: 7 | I27: =sum(F27:H27) -> 0 | K27: =A27 -> 7 | V27: =if(isna(VLOOKUP(F27,F28:F29,1,false)),"Error","Good") -> Error | W27: =if(isna(VLOOKUP(G27,G28:G29,1,false)),"Error","Good") -> Error | X27: =if(isna(VLOOKUP(H27,H28:H29,1,false)),"Error","Good") -> Error | AD27: Ted Shen
A28: 7 | I28: =sum(F28:H28) -> 0 | K28: =A28 -> 7 | V28: =if(F28=F29,"Good") -> Good | W28: =if(G28=G29,"Good") -> Good | X28: =if(H28=H29,"Good") -> Good
A29: 7 | I29: =sum(F29:H29) -> 0 | K29: =A29 -> 7
A30: 8 | I30: =sum(F30:H30) -> 0 | K30: =A30 -> 8 | O30: =if(COUNTIF(V30:V32,"Good")=2,"Good","Error") -> Error | P30: =if(COUNTIF(W30:W32,"Good")=2,"Good","Error") -> Error | Q30: =if(COUNTIF(X30:X32,"Good")=2,"Good","Error") -> Error | S30: =sum(J30:J33) -> 0 | T30: =if(S30=0,"",if(S30=6,"Good","ERROR")) | V30: =if(isna(VLOOKUP(F30,F31:F33,1,false)),"Error","Good") -> Error | W30: =if(isna(VLOOKUP(G30,G31:G33,1,false)),"Error","Good") -> Error | X30: =if(isna(VLOOKUP(H30,H31:H33,1,false)),"Error","Good") -> Error
A31: 8 | I31: =sum(F31:H31) -> 0 | K31: =A31 -> 8 | V31: =if(isna(VLOOKUP(F31,F32:F33,1,false)),"Error","Good") -> Error | W31: =if(isna(VLOOKUP(G31,G32:G33,1,false)),"Error","Good") -> Error | X31: =if(isna(VLOOKUP(H31,H32:H33,1,false)),"Error","Good") -> Error
A32: 8 | I32: =sum(F32:H32) -> 0 | K32: =A32 -> 8 | V32: =if(F32=F33,"Good") -> Good | W32: =if(G32=G33,"Good") -> Good | X32: =if(H32=H33,"Good") -> Good
A33: 8 | I33: =sum(F33:H33) -> 0 | K33: =A33 -> 8 | AD33: Chinna Ponnaganti
A34: 9 | I34: =sum(F34:H34) -> 0 | K34: =A34 -> 9 | O34: =if(COUNTIF(V34:V36,"Good")=2,"Good","Error") -> Error | P34: =if(COUNTIF(W34:W36,"Good")=2,"Good","Error") -> Error | Q34: =if(COUNTIF(X34:X36,"Good")=2,"Good","Error") -> Error | S34: =sum(J34:J37) -> 0 | T34: =if(S34=0,"",if(S34=6,"Good","ERROR")) | V34: =if(isna(VLOOKUP(F34,F35:F37,1,false)),"Error","Good") -> Error | W34: =if(isna(VLOOKUP(G34,G35:G37,1,false)),"Error","Good") -> Error | X34: =if(isna(VLOOKUP(H34,H35:H37,1,false)),"Error","Good") -> Error | AD34: Mauricio Palacios
A35: 9 | I35: =sum(F35:H35) -> 0 | K35: =A35 -> 9 | V35: =if(isna(VLOOKUP(F35,F36:F37,1,false)),"Error","Good") -> Error | W35: =if(isna(VLOOKUP(G35,G36:G37,1,false)),"Error","Good") -> Error | X35: =if(isna(VLOOKUP(H35,H36:H37,1,false)),"Error","Good") -> Error | AD35: Joyce Zhu
A36: 9 | I36: =sum(F36:H36) -> 0 | K36: =A36 -> 9 | V36: =if(F36=F37,"Good") -> Good | W36: =if(G36=G37,"Good") -> Good | X36: =if(H36=H37,"Good") -> Good | AD36: Balaji Alahari
A37: 9 | I37: =sum(F37:H37) -> 0 | K37: =A37 -> 9
A38: 10 | I38: =sum(F38:H38) -> 0 | K38: =A38 -> 10 | O38: =if(COUNTIF(V38:V40,"Good")=2,"Good","Error") -> Error | P38: =if(COUNTIF(W38:W40,"Good")=2,"Good","Error") -> Error | Q38: =if(COUNTIF(X38:X40,"Good")=2,"Good","Error") -> Error | S38: =sum(J38:J41) -> 0 | T38: =if(S38=0,"",if(S38=6,"Good","ERROR")) | V38: =if(isna(VLOOKUP(F38,F39:F41,1,false)),"Error","Good") -> Error | W38: =if(isna(VLOOKUP(G38,G39:G41,1,false)),"Error","Good") -> Error | X38: =if(isna(VLOOKUP(H38,H39:H41,1,false)),"Error","Good") -> Error
A39: 10 | I39: =sum(F39:H39) -> 0 | K39: =A39 -> 10 | V39: =if(isna(VLOOKUP(F39,F40:F41,1,false)),"Error","Good") -> Error | W39: =if(isna(VLOOKUP(G39,G40:G41,1,false)),"Error","Good") -> Error | X39: =if(isna(VLOOKUP(H39,H40:H41,1,false)),"Error","Good") -> Error
A40: 10 | I40: =sum(F40:H40) -> 0 | K40: =A40 -> 10 | V40: =if(F40=F41,"Good") -> Good | W40: =if(G40=G41,"Good") -> Good | X40: =if(H40=H41,"Good") -> Good
A41: 10 | I41: =sum(F41:H41) -> 0 | K41: =A41 -> 10
A42: 11 | I42: =sum(F42:H42) -> 0 | K42: =A42 -> 11 | O42: =if(COUNTIF(V42:V44,"Good")=2,"Good","Error") -> Error | P42: =if(COUNTIF(W42:W44,"Good")=2,"Good","Error") -> Error | Q42: =if(COUNTIF(X42:X44,"Good")=2,"Good","Error") -> Error | S42: =sum(J42:J45) -> 0 | T42: =if(S42=0,"",if(S42=6,"Good","ERROR")) | V42: =if(isna(VLOOKUP(F42,F43:F45,1,false)),"Error","Good") -> Error | W42: =if(isna(VLOOKUP(G42,G43:G45,1,false)),"Error","Good") -> Error | X42: =if(isna(VLOOKUP(H42,H43:H45,1,false)),"Error","Good") -> Error
A43: 11 | I43: =sum(F43:H43) -> 0 | K43: =A43 -> 11 | V43: =if(isna(VLOOKUP(F43,F44:F45,1,false)),"Error","Good") -> Error | W43: =if(isna(VLOOKUP(G43,G44:G45,1,false)),"Error","Good") -> Error | X43: =if(isna(VLOOKUP(H43,H44:H45,1,false)),"Error","Good") -> Error
A44: 11 | I44: =sum(F44:H44) -> 0 | K44: =A44 -> 11 | V44: =if(F44=F45,"Good") -> Good | W44: =if(G44=G45,"Good") -> Good | X44: =if(H44=H45,"Good") -> Good
A45: 11 | I45: =sum(F45:H45) -> 0 | K45: =A45 -> 11
A46: 12 | I46: =sum(F46:H46) -> 0 | K46: =A46 -> 12
A47: 12 | I47: =sum(F47:H47) -> 0 | K47: =A47 -> 12
A48: 12 | I48: =sum(F48:H48) -> 0 | K48: =A48 -> 12
A49: 12 | I49: =sum(F49:H49) -> 0 | K49: =A49 -> 12
A50: 13 | I50: =sum(F50:H50) -> 0 | K50: =A50 -> 13
A51: 13 | I51: =sum(F51:H51) -> 0 | K51: =A51 -> 13
A52: 13 | I52: =sum(F52:H52) -> 0 | K52: =A52 -> 13
A53: 13 | I53: =sum(F53:H53) -> 0 | K53: =A53 -> 13
A54: 14 | I54: =sum(F54:H54) -> 0 | K54: =A54 -> 14
A55: 14 | I55: =sum(F55:H55) -> 0 | K55: =A55 -> 14
A56: 14 | I56: =sum(F56:H56) -> 0 | K56: =A56 -> 14
... A65: 16 | I65: =sum(F65:H65) -> 0 | K65: =A65 -> 16
A69: Diamond Bar High School Courts
A70: 21400 Pathfinder Rd, Diamond Bar, CA 91765
A71: Court # | B71: Name of the Player | C71: Games Won | D71: Sets Won | M71: WHS Admin Rotations
A72: =IFERROR(__xludf.DUMMYFUNCTION("QUERY(A2:D45,""Select A, B, C, D where A > 0 and A <= 8"",0)"),1.0) -> 1 | B72: =IFERROR(__xludf.DUMMYFUNCTION("""COMPUTED_VALUE"""),"#N/A") -> #N/A | M72: Date | N72: Admin
A73: =IFERROR(__xludf.DUMMYFUNCTION("""COMPUTED_VALUE"""),1.0) -> 1 | M73: 45766 | N73: Chinna Ponnaganti | P73: Chinna Ponnaganti
A74: =IFERROR(__xludf.DUMMYFUNCTION("""COMPUTED_VALUE"""),1.0) -> 1 | M74: =M73+7 -> 45773 | N74: Joe Luzzi | P74: Joe Luzzi
A75: =IFERROR(__xludf.DUMMYFUNCTION("""COMPUTED_VALUE"""),1.0) -> 1 | M75: =M74+7 -> 45780 | N75: Lam Bui | P75: Lam Bui
A76: =IFERROR(__xludf.DUMMYFUNCTION("""COMPUTED_VALUE"""),2.0) -> 2 | M76: =M75+7 -> 45787 | N76: Robert Chang | P76: Robert Chang
A77: =IFERROR(__xludf.DUMMYFUNCTION("""COMPUTED_VALUE"""),2.0) -> 2 | M77: =M76+7 -> 45794 | N77: Sean Chang | P77: Sean Chang
A78: =IFERROR(__xludf.DUMMYFUNCTION("""COMPUTED_VALUE"""),2.0) -> 2 | M78: =M77+7 -> 45801 | N78: Tom Le | P78: Tom Le
A79: =IFERROR(__xludf.DUMMYFUNCTION("""COMPUTED_VALUE"""),2.0) -> 2 | M79: =M78+7 -> 45808 | N79: Chinna Ponnaganti
A80: =IFERROR(__xludf.DUMMYFUNCTION("""COMPUTED_VALUE"""),3.0) -> 3 | M80: =M79+7 -> 45815 | N80: Joe Luzzi
A81: =IFERROR(__xludf.DUMMYFUNCTION("""COMPUTED_VALUE"""),3.0) -> 3 | M81: =M80+7 -> 45822 | N81: Lam Bui
A82: =IFERROR(__xludf.DUMMYFUNCTION("""COMPUTED_VALUE"""),3.0) -> 3 | M82: =M81+7 -> 45829 | N82: Robert Chang
A83: =IFERROR(__xludf.DUMMYFUNCTION("""COMPUTED_VALUE"""),3.0) -> 3 | M83: =M82+7 -> 45836 | N83: Sean Chang
A84: =IFERROR(__xludf.DUMMYFUNCTION("""COMPUTED_VALUE"""),4.0) -> 4 | M84: =M83+7 -> 45843 | N84: Tom Le
A85: =IFERROR(__xludf.DUMMYFUNCTION("""COMPUTED_VALUE"""),4.0) -> 4 | M85: =M84+7 -> 45850 | N85: Chinna Ponnaganti
A86: =IFERROR(__xludf.DUMMYFUNCTION("""COMPUTED_VALUE"""),4.0) -> 4 | M86: =M85+7 -> 45857 | N86: Joe Luzzi
A87: =IFERROR(__xludf.DUMMYFUNCTION("""COMPUTED_VALUE"""),4.0) -> 4 | M87: =M86+7 -> 45864 | N87: Lam Bui
A88: =IFERROR(__xludf.DUMMYFUNCTION("""COMPUTED_VALUE"""),5.0) -> 5 | M88: =M87+7 -> 45871 | N88: Robert Chang
A89: =IFERROR(__xludf.DUMMYFUNCTION("""COMPUTED_VALUE"""),5.0) -> 5 | M89: =M88+7 -> 45878 | N89: Sean Chang
A90: =IFERROR(__xludf.DUMMYFUNCTION("""COMPUTED_VALUE"""),5.0) -> 5 | M90: =M89+7 -> 45885 | N90: Tom Le
A91: =IFERROR(__xludf.DUMMYFUNCTION("""COMPUTED_VALUE"""),5.0) -> 5 | M91: =M90+7 -> 45892 | N91: Chinna Ponnaganti
A92: =IFERROR(__xludf.DUMMYFUNCTION("""COMPUTED_VALUE"""),6.0) -> 6 | M92: =M91+7 -> 45899 | N92: Joe Luzzi
A93: =IFERROR(__xludf.DUMMYFUNCTION("""COMPUTED_VALUE"""),6.0) -> 6 | M93: =M92+7 -> 45906 | N93: Lam Bui
A94: =IFERROR(__xludf.DUMMYFUNCTION("""COMPUTED_VALUE"""),6.0) -> 6 | M94: =M93+7 -> 45913 | N94: Robert Chang
A95: =IFERROR(__xludf.DUMMYFUNCTION("""COMPUTED_VALUE"""),6.0) -> 6 | M95: =M94+7 -> 45920 | N95: Sean Chang
A96: =IFERROR(__xludf.DUMMYFUNCTION("""COMPUTED_VALUE"""),7.0) -> 7 | M96: =M95+7 -> 45927 | N96: Tom Le
A97: =IFERROR(__xludf.DUMMYFUNCTION("""COMPUTED_VALUE"""),7.0) -> 7 | M97: =M96+7 -> 45934 | N97: Chinna Ponnaganti
A98: =IFERROR(__xludf.DUMMYFUNCTION("""COMPUTED_VALUE"""),7.0) -> 7 | M98: =M97+7 -> 45941 | N98: Joe Luzzi
A99: =IFERROR(__xludf.DUMMYFUNCTION("""COMPUTED_VALUE"""),7.0) -> 7 | M99: =M98+7 -> 45948 | N99: Lam Bui
A100: =IFERROR(__xludf.DUMMYFUNCTION("""COMPUTED_VALUE"""),8.0) -> 8 | M100: =M99+7 -> 45955 | N100: Robert Chang
A101: =IFERROR(__xludf.DUMMYFUNCTION("""COMPUTED_VALUE"""),8.0) -> 8 | M101: =M100+7 -> 45962 | N101: Sean Chang
A102: =IFERROR(__xludf.DUMMYFUNCTION("""COMPUTED_VALUE"""),8.0) -> 8 | M102: =M101+7 -> 45969 | N102: Tom Le
A103: =IFERROR(__xludf.DUMMYFUNCTION("""COMPUTED_VALUE"""),8.0) -> 8 | M103: =M102+7 -> 45976 | N103: Chinna Ponnaganti
M104: =M103+7 -> 45983 | N104: Joe Luzzi
M105: =M104+7 -> 45990 | N105: Lam Bui
M106: =M105+7 -> 45997 | N106: Robert Chang
M107: =M106+7 -> 46004 | N107: Sean Chang
A108: Walnut High School Courts | M108: =M107+7 -> 46011 | N108: Tom Le
A109: 400 Pierre Rd, Walnut, CA 91789 | M109: =M108+7 -> 46018 | N109: Chinna Ponnaganti
A110: Court # | B110: Name of the Player | C110: Games Won | D110: Sets Won
A111: =IFERROR(__xludf.DUMMYFUNCTION("QUERY(A2:D45,""Select A, B, C, D where A >= 9 "",0)"),9.0) -> 9
...

Sheet Checkin
A1: Name | B1: Check in | C1: Previous sitouts | E1: Sl.No | F1: Playing(1) | G1: Out(3) | H1: Out-Can Play(4) | I1: To Respond | J1: Sitouts(5) | K1: Playing-Can Sit(2) | L1: Previous sitouts | M1: Sit Outs Needed
A2: =IFERROR(__xludf.DUMMYFUNCTION("IMPORTRANGE(""1uZFF2o7rrfB0YZtASdZnP52Ef50ZinvtOPb1Tbuq8J4"",""CheckIn!C1:D99"")"),"#REF!") -> #REF! | C2: =iferror(VLOOKUP(A2,indirect("'" & "Current" & "'!$B:$S"),18,false),"") | E2: 1 | F2: =IFERROR(__xludf.DUMMYFUNCTION("QUERY(A2:B98, ""Select A where B = 1 order by A"")"),"#N/A") -> #N/A | G2: =IFERROR(__xludf.DUMMYFUNCTION("QUERY($A2:$B98, ""Select A where B = 3 order by A"")"),"#N/A") -> #N/A | H2: =IFERROR(__xludf.DUMMYFUNCTION("QUERY($A2:$B98, ""Select A where B = 4"")"),"#N/A") -> #N/A | I2: =IFERROR(__xludf.DUMMYFUNCTION("QUERY(Current!B5:F69, ""Select B where F = 0 order by B"")"),"Adrian Tay") -> Adrian Tay | J2: =IFERROR(__xludf.DUMMYFUNCTION("QUERY($A2:$C98, ""Select A where B = 5 order by C"")"),"#N/A") -> #N/A | K2: =IFERROR(__xludf.DUMMYFUNCTION("QUERY($A2:$C98, ""Select A,C where B = 2 order by C"")"),"#N/A") -> #N/A | M2: =if(P21>0,1,"")
C3: =iferror(VLOOKUP(A3,indirect("'" & "Current" & "'!$B:$S"),18,false),"") | E3: =E2+1 -> 2 | I3: =IFERROR(__xludf.DUMMYFUNCTION("""COMPUTED_VALUE"""),"Alejandro Mejia") -> Alejandro Mejia | M3: =if(AND(M2>0, counta($K$2:K3)<=$P$21),M2+1,"")
C4: =iferror(VLOOKUP(A4,indirect("'" & "Current" & "'!$B:$S"),18,false),"") | E4: =E3+1 -> 3 | I4: =IFERROR(__xludf.DUMMYFUNCTION("""COMPUTED_VALUE"""),"Alex Hou") -> Alex Hou | M4: =if(AND(M3>0, counta($K$2:K4)<=$P$21),M3+1,"") | O4: Last update | P4: =now() -> 46311.564 | R4: Whatsapp Message
C5: =iferror(VLOOKUP(A5,indirect("'" & "Current" & "'!$B:$S"),18,false),"") | E5: =E4+1 -> 4 | I5: =IFERROR(__xludf.DUMMYFUNCTION("""COMPUTED_VALUE"""),"Allen Zhang") -> Allen Zhang | M5: =if(AND(M4>0, counta($K$2:K5)<=$P$21),M4+1,"")
C6: =iferror(VLOOKUP(A6,indirect("'" & "Current" & "'!$B:$S"),18,false),"") | E6: =E5+1 -> 5 | I6: =IFERROR(__xludf.DUMMYFUNCTION("""COMPUTED_VALUE"""),"Andrew Wen") -> Andrew Wen | M6: =if(AND(M5>0, counta($K$2:K6)<=$P$21),M5+1,"") | O6: Playing | P6: =if(isna(F2),0,COUNTA(F$2:F$58)) -> 0 | R6: =CONCATENATE( " *",P$15," Courts Full*") -> *0 Courts Full*
C7: =iferror(VLOOKUP(A7,indirect("'" & "Current" & "'!$B:$S"),18,false),"") | E7: =E6+1 -> 6 | I7: =IFERROR(__xludf.DUMMYFUNCTION("""COMPUTED_VALUE"""),"Balaji Alahari") -> Balaji Alahari | M7: =if(AND(M6>0, counta($K$2:K7)<=$P$21),M6+1,"") | O7: Playing-Can Sit | P7: =if(isna(K2),0,COUNTA(K2:K98)) -> 0
C8: =iferror(VLOOKUP(A8,indirect("'" & "Current" & "'!$B:$S"),18,false),"") | E8: =E7+1 -> 7 | I8: =IFERROR(__xludf.DUMMYFUNCTION("""COMPUTED_VALUE"""),"Barathi Sundaram") -> Barathi Sundaram | M8: =if(AND(M7>0, counta($K$2:K8)<=$P$21),M7+1,"") | O8: Out/Can Play | P8: =if(isna(H2),0,COUNTA(H$2:H$58)) -> 0 | R8: =CONCATENATE(O$16," -- *",P$16,"*") -> Playing -- *0*
C9: =iferror(VLOOKUP(A9,indirect("'" & "Current" & "'!$B:$S"),18,false),"") | E9: =E8+1 -> 8 | I9: =IFERROR(__xludf.DUMMYFUNCTION("""COMPUTED_VALUE"""),"Basudev Thoppai Vidyasankar") -> Basudev Thoppai Vidyasankar | M9: =if(AND(M8>0, counta($K$2:K9)<=$P$21),M8+1,"") | O9: Out | P9: =if(isna(G2),0,COUNTA(G$2:G$58)) -> 0 | R9: =CONCATENATE(O$17," ------ ",P$17) -> Out ------ 0
C10: =iferror(VLOOKUP(A10,indirect("'" & "Current" & "'!$B:$S"),18,false),"") | E10: =E9+1 -> 9 | I10: =IFERROR(__xludf.DUMMYFUNCTION("""COMPUTED_VALUE"""),"Chinna Ponnaganti") -> Chinna Ponnaganti | M10: =if(AND(M9>0, counta($K$2:K10)<=$P$21),M9+1,"") | O10: Sitouts | P10: =if(isna(J2),0,COUNTA(J$2:J$29)) -> 0 | R10: =CONCATENATE(O$18," ------ ",P$18) -> TBD ------ 65
C11: =iferror(VLOOKUP(A11,indirect("'" & "Current" & "'!$B:$S"),18,false),"") | E11: =E10+1 -> 10 | I11: =IFERROR(__xludf.DUMMYFUNCTION("""COMPUTED_VALUE"""),"Cid Macaraeg") -> Cid Macaraeg | M11: =if(AND(M10>0, counta($K$2:K11)<=$P$21),M10+1,"") | O11: TBD | P11: =if(isna(I2),0,COUNTA(I$2:I$98)) -> 65
C12: =iferror(VLOOKUP(A12,indirect("'" & "Current" & "'!$B:$S"),18,false),"") | E12: =E11+1 -> 11 | I12: =IFERROR(__xludf.DUMMYFUNCTION("""COMPUTED_VALUE"""),"Coco Yan") -> Coco Yan | M12: =if(AND(M11>0, counta($K$2:K12)<=$P$21),M11+1,"") | O12: Total | P12: =sum(P6:P11) -> 65 | R12: *Sent Reminders*
C13: =iferror(VLOOKUP(A13,indirect("'" & "Current" & "'!$B:$S"),18,false),"") | E13: =E12+1 -> 12 | I13: =IFERROR(__xludf.DUMMYFUNCTION("""COMPUTED_VALUE"""),"David Shin") -> David Shin | M13: =if(AND(M12>0, counta($K$2:K13)<=$P$21),M12+1,"")
C14: =iferror(VLOOKUP(A14,indirect("'" & "Current" & "'!$B:$S"),18,false),"") | E14: =E13+1 -> 13 | I14: =IFERROR(__xludf.DUMMYFUNCTION("""COMPUTED_VALUE"""),"Elayaraja Thangaraj ") -> Elayaraja Thangaraj | M14: =if(AND(M13>0, counta($K$2:K14)<=$P$21),M13+1,"")
C15: =iferror(VLOOKUP(A15,indirect("'" & "Current" & "'!$B:$S"),18,false),"") | E15: =E14+1 -> 14 | I15: =IFERROR(__xludf.DUMMYFUNCTION("""COMPUTED_VALUE"""),"Eric Pan") -> Eric Pan | M15: =if(AND(M14>0, counta($K$2:K15)<=$P$21),M14+1,"") | O15: Courts Full | P15: =rounddown(P16/4,0) -> 0
C16: =iferror(VLOOKUP(A16,indirect("'" & "Current" & "'!$B:$S"),18,false),"") | E16: =E15+1 -> 15 | I16: =IFERROR(__xludf.DUMMYFUNCTION("""COMPUTED_VALUE"""),"Eric Tan") -> Eric Tan | M16: =if(AND(M15>0, counta($K$2:K16)<=$P$21),M15+1,"") | O16: Playing | P16: =sum(P6:P7) -> 0
C17: =iferror(VLOOKUP(A17,indirect("'" & "Current" & "'!$B:$S"),18,false),"") | E17: =E16+1 -> 16 | I17: =IFERROR(__xludf.DUMMYFUNCTION("""COMPUTED_VALUE"""),"Erik Hoeckmann") -> Erik Hoeckmann | M17: =if(AND(M16>0, counta($K$2:K17)<=$P$21),M16+1,"") | O17: Out | P17: =P9+P8 -> 0
C18: =iferror(VLOOKUP(A18,indirect("'" & "Current" & "'!$B:$S"),18,false),"") | E18: =E17+1 -> 17 | I18: =IFERROR(__xludf.DUMMYFUNCTION("""COMPUTED_VALUE"""),"Ethan Gu") -> Ethan Gu | M18: =if(AND(M17>0, counta($K$2:K18)<=$P$21),M17+1,"") | O18: TBD | P18: =P11 -> 65
C19: =iferror(VLOOKUP(A19,indirect("'" & "Current" & "'!$B:$S"),18,false),"") | E19: =E18+1 -> 18 | I19: =IFERROR(__xludf.DUMMYFUNCTION("""COMPUTED_VALUE"""),"Frank Moon") -> Frank Moon | M19: =if(AND(M18>0, counta($K$2:K19)<=$P$21),M18+1,"") | O19: Total | P19: =sum(P16:P18) -> 65 | Q19: =if(P19>65,"Check duplicates","")
C20: =iferror(VLOOKUP(A20,indirect("'" & "Current" & "'!$B:$S"),18,false),"") | E20: =E19+1 -> 19 | I20: =IFERROR(__xludf.DUMMYFUNCTION("""COMPUTED_VALUE"""),"Herman Au") -> Herman Au | M20: =if(AND(M19>0, counta($K$2:K20)<=$P$21),M19+1,"")
C21: =iferror(VLOOKUP(A21,indirect("'" & "Current" & "'!$B:$S"),18,false),"") | E21: =E20+1 -> 20 | I21: =IFERROR(__xludf.DUMMYFUNCTION("""COMPUTED_VALUE"""),"Hongyuan Wen") -> Hongyuan Wen | M21: =if(AND(M20>0, counta($K$2:K21)<=$P$21),M20+1,"") | O21: Sitouts Needed | P21: =max(mod(P16,4),P16-44) -> 0
C22: =iferror(VLOOKUP(A22,indirect("'" & "Current" & "'!$B:$S"),18,false),"") | E22: =E21+1 -> 21 | I22: =IFERROR(__xludf.DUMMYFUNCTION("""COMPUTED_VALUE"""),"Hubert J Sung") -> Hubert J Sung | M22: =if(AND(M21>0, counta($K$2:K22)<=$P$21),M21+1,"")
C23: =iferror(VLOOKUP(A23,indirect("'" & "Current" & "'!$B:$S"),18,false),"") | E23: =E22+1 -> 22 | I23: =IFERROR(__xludf.DUMMYFUNCTION("""COMPUTED_VALUE"""),"James Phan") -> James Phan | M23: =if(AND(M22>0, counta($K$2:K23)<=$P$21),M22+1,"") | O23: Vacations/Injuries
C24: =iferror(VLOOKUP(A24,indirect("'" & "Current" & "'!$B:$S"),18,false),"") | E24: =E23+1 -> 23 | I24: =IFERROR(__xludf.DUMMYFUNCTION("""COMPUTED_VALUE"""),"Jim Miao") -> Jim Miao | M24: =if(AND(M23>0, counta($K$2:K24)<=$P$21),M23+1,"") | O24: Frank Moon | P24: 9098000351 | Q24: Until end of season
C25: =iferror(VLOOKUP(A25,indirect("'" & "Current" & "'!$B:$S"),18,false),"") | E25: =E24+1 -> 24 | I25: =IFERROR(__xludf.DUMMYFUNCTION("""COMPUTED_VALUE"""),"Jimmy Awolesi") -> Jimmy Awolesi | M25: =if(AND(M24>0, counta($K$2:K25)<=$P$21),M24+1,"") | O25: Leigh-Anh Nguyen | P25: 6266794225 | Q25: Until end of season
C26: =iferror(VLOOKUP(A26,indirect("'" & "Current" & "'!$B:$S"),18,false),"") | E26: =E25+1 -> 25 | I26: =IFERROR(__xludf.DUMMYFUNCTION("""COMPUTED_VALUE"""),"Joe Luzzi") -> Joe Luzzi | M26: =if(AND(M25>0, counta($K$2:K26)<=$P$21),M25+1,"") | O26: Trinath Goteti | P26: 7142673763 | Q26: Left UTC
C27: =iferror(VLOOKUP(A27,indirect("'" & "Current" & "'!$B:$S"),18,false),"") | E27: =E26+1 -> 26 | I27: =IFERROR(__xludf.DUMMYFUNCTION("""COMPUTED_VALUE"""),"Jonathan Phan") -> Jonathan Phan | O27: Scott Li | P27: 6503070756 | Q27: Until end of season
C28: =iferror(VLOOKUP(A28,indirect("'" & "Current" & "'!$B:$S"),18,false),"") | E28: =E27+1 -> 27 | I28: =IFERROR(__xludf.DUMMYFUNCTION("""COMPUTED_VALUE"""),"Joyce Zhu") -> Joyce Zhu | O28: Naveen Raj | P28: 9493096136 | Q28: Until 7/8
C29: =iferror(VLOOKUP(A29,indirect("'" & "Current" & "'!$B:$S"),18,false),"") | E29: =E28+1 -> 28 | I29: =IFERROR(__xludf.DUMMYFUNCTION("""COMPUTED_VALUE"""),"Kumar Palakeel") -> Kumar Palakeel
C30: =iferror(VLOOKUP(A30,indirect("'" & "Current" & "'!$B:$S"),18,false),"") | E30: =E29+1 -> 29 | I30: =IFERROR(__xludf.DUMMYFUNCTION("""COMPUTED_VALUE"""),"Lam Bui") -> Lam Bui
C31: =iferror(VLOOKUP(A31,indirect("'" & "Current" & "'!$B:$S"),18,false),"") | E31: =E30+1 -> 30 | I31: =IFERROR(__xludf.DUMMYFUNCTION("""COMPUTED_VALUE"""),"Leigh-Anh Nguyen") -> Leigh-Anh Nguyen
C32: =iferror(VLOOKUP(A32,indirect("'" & "Current" & "'!$B:$S"),18,false),"") | E32: =E31+1 -> 31 | I32: =IFERROR(__xludf.DUMMYFUNCTION("""COMPUTED_VALUE"""),"Lloyd Sagar") -> Lloyd Sagar
C33: =iferror(VLOOKUP(A33,indirect("'" & "Current" & "'!$B:$S"),18,false),"") | E33: =E32+1 -> 32 | I33: =IFERROR(__xludf.DUMMYFUNCTION("""COMPUTED_VALUE"""),"Luis Hsu") -> Luis Hsu
C34: =iferror(VLOOKUP(A34,indirect("'" & "Current" & "'!$B:$S"),18,false),"") | E34: =E33+1 -> 33 | I34: =IFERROR(__xludf.DUMMYFUNCTION("""COMPUTED_VALUE"""),"Manish Anand") -> Manish Anand
C35: =iferror(VLOOKUP(A35,indirect("'" & "Current" & "'!$B:$S"),18,false),"") | E35: =E34+1 -> 34 | I35: =IFERROR(__xludf.DUMMYFUNCTION("""COMPUTED_VALUE"""),"Manuel Rivera") -> Manuel Rivera
C36: =iferror(VLOOKUP(A36,indirect("'" & "Current" & "'!$B:$S"),18,false),"") | E36: =E35+1 -> 35 | I36: =IFERROR(__xludf.DUMMYFUNCTION("""COMPUTED_VALUE"""),"Matthew Huang") -> Matthew Huang
C37: =iferror(VLOOKUP(A37,indirect("'" & "Current" & "'!$B:$S"),18,false),"") | E37: =E36+1 -> 36 | I37: =IFERROR(__xludf.DUMMYFUNCTION("""COMPUTED_VALUE"""),"Mauricio Palacios") -> Mauricio Palacios
C38: =iferror(VLOOKUP(A38,indirect("'" & "Current" & "'!$B:$S"),18,false),"") | E38: =E37+1 -> 37 | I38: =IFERROR(__xludf.DUMMYFUNCTION("""COMPUTED_VALUE"""),"Naveen Raj") -> Naveen Raj
C39: =iferror(VLOOKUP(A39,indirect("'" & "Current" & "'!$B:$S"),18,false),"") | E39: =E38+1 -> 38 | I39: =IFERROR(__xludf.DUMMYFUNCTION("""COMPUTED_VALUE"""),"Nicole Ni") -> Nicole Ni
C40: =iferror(VLOOKUP(A40,indirect("'" & "Current" & "'!$B:$S"),18,false),"") | E40: =E39+1 -> 39 | I40: =IFERROR(__xludf.DUMMYFUNCTION("""COMPUTED_VALUE"""),"Oscar Bonilla") -> Oscar Bonilla
C41: =iferror(VLOOKUP(A41,indirect("'" & "Current" & "'!$B:$S"),18,false),"") | E41: =E40+1 -> 40 | I41: =IFERROR(__xludf.DUMMYFUNCTION("""COMPUTED_VALUE"""),"Pavan Akkimsetty") -> Pavan Akkimsetty
C42: =iferror(VLOOKUP(A42,indirect("'" & "Current" & "'!$B:$S"),18,false),"") | E42: =E41+1 -> 41 | I42: =IFERROR(__xludf.DUMMYFUNCTION("""COMPUTED_VALUE"""),"Pulkit Mathur") -> Pulkit Mathur
C43: =iferror(VLOOKUP(A43,indirect("'" & "Current" & "'!$B:$S"),18,false),"") | E43: =E42+1 -> 42 | I43: =IFERROR(__xludf.DUMMYFUNCTION("""COMPUTED_VALUE"""),"Rajasekar Ramasamy") -> Rajasekar Ramasamy
C44: =iferror(VLOOKUP(A44,indirect("'" & "Current" & "'!$B:$S"),18,false),"") | E44: =E43+1 -> 43 | I44: =IFERROR(__xludf.DUMMYFUNCTION("""COMPUTED_VALUE"""),"Rajesh Dorairaj") -> Rajesh Dorairaj
C45: =iferror(VLOOKUP(A45,indirect("'" & "Current" & "'!$B:$S"),18,false),"") | E45: =E44+1 -> 44 | I45: =IFERROR(__xludf.DUMMYFUNCTION("""COMPUTED_VALUE"""),"Ramesh Bandaru") -> Ramesh Bandaru
C46: =iferror(VLOOKUP(A46,indirect("'" & "Current" & "'!$B:$S"),18,false),"") | E46: =E45+1 -> 45 | I46: =IFERROR(__xludf.DUMMYFUNCTION("""COMPUTED_VALUE"""),"Robert Chang") -> Robert Chang
C47: =iferror(VLOOKUP(A47,indirect("'" & "Current" & "'!$B:$S"),18,false),"") | E47: =E46+1 -> 46 | I47: =IFERROR(__xludf.DUMMYFUNCTION("""COMPUTED_VALUE"""),"Sandeep Kamalon") -> Sandeep Kamalon
C48: =iferror(VLOOKUP(A48,indirect("'" & "Current" & "'!$B:$S"),18,false),"") | E48: =E47+1 -> 47 | I48: =IFERROR(__xludf.DUMMYFUNCTION("""COMPUTED_VALUE"""),"Sandy Weyant") -> Sandy Weyant
C49: =iferror(VLOOKUP(A49,indirect("'" & "Current" & "'!$B:$S"),18,false),"") | E49: =E48+1 -> 48 | I49: =IFERROR(__xludf.DUMMYFUNCTION("""COMPUTED_VALUE"""),"Sanjaye Elayattu") -> Sanjaye Elayattu
C50: =iferror(VLOOKUP(A50,indirect("'" & "Current" & "'!$B:$S"),18,false),"") | E50: =E49+1 -> 49 | I50: =IFERROR(__xludf.DUMMYFUNCTION("""COMPUTED_VALUE"""),"Santosh Sundaresan ") -> Santosh Sundaresan
C51: =iferror(VLOOKUP(A51,indirect("'" & "Current" & "'!$B:$S"),18,false),"") | E51: =E50+1 -> 50 | I51: =IFERROR(__xludf.DUMMYFUNCTION("""COMPUTED_VALUE"""),"Saravanan Veerapandian") -> Saravanan Veerapandian
C52: =iferror(VLOOKUP(A52,indirect("'" & "Current" & "'!$B:$S"),18,false),"") | E52: =E51+1 -> 51 | I52: =IFERROR(__xludf.DUMMYFUNCTION("""COMPUTED_VALUE"""),"Scott Li") -> Scott Li
C53: =iferror(VLOOKUP(A53,indirect("'" & "Current" & "'!$B:$S"),18,false),"") | E53: =E52+1 -> 52 | I53: =IFERROR(__xludf.DUMMYFUNCTION("""COMPUTED_VALUE"""),"Sean Chang") -> Sean Chang
C54: =iferror(VLOOKUP(A54,indirect("'" & "Current" & "'!$B:$S"),18,false),"") | E54: =E53+1 -> 53 | I54: =IFERROR(__xludf.DUMMYFUNCTION("""COMPUTED_VALUE"""),"Suleman Alidina") -> Suleman Alidina
C55: =iferror(VLOOKUP(A55,indirect("'" & "Current" & "'!$B:$S"),18,false),"") | E55: =E54+1 -> 54 | I55: =IFERROR(__xludf.DUMMYFUNCTION("""COMPUTED_VALUE"""),"Susanta Mishra") -> Susanta Mishra
C56: =iferror(VLOOKUP(A56,indirect("'" & "Current" & "'!$B:$S"),18,false),"") | E56: =E55+1 -> 55 | I56: =IFERROR(__xludf.DUMMYFUNCTION("""COMPUTED_VALUE"""),"Ted Shen") -> Ted Shen
C57: =iferror(VLOOKUP(A57,indirect("'" & "Current" & "'!$B:$S"),18,false),"") | E57: =E56+1 -> 56 | I57: =IFERROR(__xludf.DUMMYFUNCTION("""COMPUTED_VALUE"""),"Tina Hanson") -> Tina Hanson
C58: =iferror(VLOOKUP(A58,indirect("'" & "Current" & "'!$B:$S"),18,false),"") | E58: =E57+1 -> 57 | I58: =IFERROR(__xludf.DUMMYFUNCTION("""COMPUTED_VALUE"""),"Tom Le") -> Tom Le
C59: =iferror(VLOOKUP(A59,indirect("'" & "Current" & "'!$B:$S"),18,false),"") | E59: =E58+1 -> 58 | I59: =IFERROR(__xludf.DUMMYFUNCTION("""COMPUTED_VALUE"""),"Trinath Goteti") -> Trinath Goteti
C60: =iferror(VLOOKUP(A60,indirect("'" & "Current" & "'!$B:$S"),18,false),"") | E60: =E59+1 -> 59 | I60: =IFERROR(__xludf.DUMMYFUNCTION("""COMPUTED_VALUE"""),"Trish Newlin") -> Trish Newlin
C61: =iferror(VLOOKUP(A61,indirect("'" & "Current" & "'!$B:$S"),18,false),"") | E61: =E60+1 -> 60 | I61: =IFERROR(__xludf.DUMMYFUNCTION("""COMPUTED_VALUE"""),"Troy Wong") -> Troy Wong
C62: =iferror(VLOOKUP(A62,indirect("'" & "Current" & "'!$B:$S"),18,false),"") | E62: =E61+1 -> 61 | I62: =IFERROR(__xludf.DUMMYFUNCTION("""COMPUTED_VALUE"""),"Tyler Leong") -> Tyler Leong
C63: =iferror(VLOOKUP(A63,indirect("'" & "Current" & "'!$B:$S"),18,false),"") | E63: =E62+1 -> 62 | I63: =IFERROR(__xludf.DUMMYFUNCTION("""COMPUTED_VALUE"""),"Vicki Martinet") -> Vicki Martinet
C64: =iferror(VLOOKUP(A64,indirect("'" & "Current" & "'!$B:$S"),18,false),"") | E64: =E63+1 -> 63 | I64: =IFERROR(__xludf.DUMMYFUNCTION("""COMPUTED_VALUE"""),"Vinaya Kajla") -> Vinaya Kajla
C65: =iferror(VLOOKUP(A65,indirect("'" & "Current" & "'!$B:$S"),18,false),"") | E65: =E64+1 -> 64 | I65: =IFERROR(__xludf.DUMMYFUNCTION("""COMPUTED_VALUE"""),"Vishnu Amarnath") -> Vishnu Amarnath
C66: =iferror(VLOOKUP(A66,indirect("'" & "Current" & "'!$B:$S"),18,false),"") | E66: =E65+1 -> 65 | I66: =IFERROR(__xludf.DUMMYFUNCTION("""COMPUTED_VALUE"""),"Wayne Liu") -> Wayne Liu

Sheet Data
A1: No | B1: Name of Player | C1: 45661 | D1: =C1+7 -> 45668 | E1: =D1+7 -> 45675 | F1: =E1+7 -> 45682 | G1: =F1+7 -> 45689 | H1: =G1+7 -> 45696 | I1: =H1+7 -> 45703 | J1: =I1+7 -> 45710 | K1: =J1+7 -> 45717 | ... AB1: =AA1+7 -> 45836
A2: 1 | B2: Adrian Tay | C2: =IFERROR(VLOOKUP($B2,indirect(text(C$1,"mm/dd/yy")&"!B:L"),11,false),"Not played") -> 18 | D2: =IFERROR(VLOOKUP($B2,indirect(text(D$1,"mm/dd/yy")&"!B:L"),11,false),"Not played") -> 9 | E2: =IFERROR(VLOOKUP($B2,indirect(text(E$1,"mm/dd/yy")&"!B:L"),11,false),"Not played") -> 9 | F2: =IFERROR(VLOOKUP($B2,indirect(text(F$1,"mm/dd/yy")&"!B:L"),11,false),"Not played") -> 18 | G2: =IFERROR(VLOOKUP($B2,indirect(text(G$1,"mm/dd/yy")&"!B:L"),11,false),"Not played") -> 9 | H2: =IFERROR(VLOOKUP($B2,indirect(text(H$1,"mm/dd/yy")&"!B:L"),11,false),"Not played") -> 9 | I2: =IFERROR(VLOOKUP($B2,indirect(text(I$1,"mm/dd/yy")&"!B:L"),11,false),"Not played") -> 18 | J2: =IFERROR(VLOOKUP($B2,indirect(text(J$1,"mm/dd/yy")&"!B:L"),11,false),"Not played") -> 9 | ... AB2: =IFERROR(VLOOKUP($B2,indirect(text(AB$1,"mm/dd/yy")&"!B:L"),11,false),"Not played") -> 9
A3: =A2+1 -> 2 | B3: Alejandro Mejia | C3: =IFERROR(VLOOKUP($B3,indirect(text(C$1,"mm/dd/yy")&"!B:L"),11,false),"Not played") -> 19 | D3: =IFERROR(VLOOKUP($B3,indirect(text(D$1,"mm/dd/yy")&"!B:L"),11,false),"Not played") -> 19 | E3: =IFERROR(VLOOKUP($B3,indirect(text(E$1,"mm/dd/yy")&"!B:L"),11,false),"Not played") -> 9 | F3: =IFERROR(VLOOKUP($B3,indirect(text(F$1,"mm/dd/yy")&"!B:L"),11,false),"Not played") -> 9 | G3: =IFERROR(VLOOKUP($B3,indirect(text(G$1,"mm/dd/yy")&"!B:L"),11,false),"Not played") -> 18 | H3: =IFERROR(VLOOKUP($B3,indirect(text(H$1,"mm/dd/yy")&"!B:L"),11,false),"Not played") -> 18 | I3: =IFERROR(VLOOKUP($B3,indirect(text(I$1,"mm/dd/yy")&"!B:L"),11,false),"Not played") -> 12 | J3: =IFERROR(VLOOKUP($B3,indirect(text(J$1,"mm/dd/yy")&"!B:L"),11,false),"Not played") -> 9 | ... AB3: =IFERROR(VLOOKUP($B3,indirect(text(AB$1,"mm/dd/yy")&"!B:L"),11,false),"Not played") -> 9
A4: =A3+1 -> 3 | B4: Alex Hou | C4: =IFERROR(VLOOKUP($B4,indirect(text(C$1,"mm/dd/yy")&"!B:L"),11,false),"Not played") -> 12 | D4: =IFERROR(VLOOKUP($B4,indirect(text(D$1,"mm/dd/yy")&"!B:L"),11,false),"Not played") -> 15 | E4: =IFERROR(VLOOKUP($B4,indirect(text(E$1,"mm/dd/yy")&"!B:L"),11,false),"Not played") -> 14 | F4: =IFERROR(VLOOKUP($B4,indirect(text(F$1,"mm/dd/yy")&"!B:L"),11,false),"Not played") -> 12 | G4: =IFERROR(VLOOKUP($B4,indirect(text(G$1,"mm/dd/yy")&"!B:L"),11,false),"Not played") -> 15 | H4: =IFERROR(VLOOKUP($B4,indirect(text(H$1,"mm/dd/yy")&"!B:L"),11,false),"Not played") -> 10 | I4: =IFERROR(VLOOKUP($B4,indirect(text(I$1,"mm/dd/yy")&"!B:L"),11,false),"Not played") -> 15 | J4: =IFERROR(VLOOKUP($B4,indirect(text(J$1,"mm/dd/yy")&"!B:L"),11,false),"Not played") -> 16 | ... AB4: =IFERROR(VLOOKUP($B4,indirect(text(AB$1,"mm/dd/yy")&"!B:L"),11,false),"Not played") -> 12
A5: =A4+1 -> 4 | B5: Allen Zhang | C5: =IFERROR(VLOOKUP($B5,indirect(text(C$1,"mm/dd/yy")&"!B:L"),11,false),"Not played") -> 12 | D5: =IFERROR(VLOOKUP($B5,indirect(text(D$1,"mm/dd/yy")&"!B:L"),11,false),"Not played") -> 8 | E5: =IFERROR(VLOOKUP($B5,indirect(text(E$1,"mm/dd/yy")&"!B:L"),11,false),"Not played") -> 8 | F5: =IFERROR(VLOOKUP($B5,indirect(text(F$1,"mm/dd/yy")&"!B:L"),11,false),"Not played") -> 13 | G5: =IFERROR(VLOOKUP($B5,indirect(text(G$1,"mm/dd/yy")&"!B:L"),11,false),"Not played") -> 10 | H5: =IFERROR(VLOOKUP($B5,indirect(text(H$1,"mm/dd/yy")&"!B:L"),11,false),"Not played") -> 18 | I5: =IFERROR(VLOOKUP($B5,indirect(text(I$1,"mm/dd/yy")&"!B:L"),11,false),"Not played") -> 10 | J5: =IFERROR(VLOOKUP($B5,indirect(text(J$1,"mm/dd/yy")&"!B:L"),11,false),"Not played") -> 14 | ... AB5: =IFERROR(VLOOKUP($B5,indirect(text(AB$1,"mm/dd/yy")&"!B:L"),11,false),"Not played") -> 10
A6: =A5+1 -> 5 | B6: Andrew Wen | C6: =IFERROR(VLOOKUP($B6,indirect(text(C$1,"mm/dd/yy")&"!B:L"),11,false),"Not played") -> 13 | D6: =IFERROR(VLOOKUP($B6,indirect(text(D$1,"mm/dd/yy")&"!B:L"),11,false),"Not played") -> 13 | E6: =IFERROR(VLOOKUP($B6,indirect(text(E$1,"mm/dd/yy")&"!B:L"),11,false),"Not played") -> 13 | F6: =IFERROR(VLOOKUP($B6,indirect(text(F$1,"mm/dd/yy")&"!B:L"),11,false),"Not played") -> 12 | G6: =IFERROR(VLOOKUP($B6,indirect(text(G$1,"mm/dd/yy")&"!B:L"),11,false),"Not played") -> 9 | H6: =IFERROR(VLOOKUP($B6,indirect(text(H$1,"mm/dd/yy")&"!B:L"),11,false),"Not played") -> 8 | I6: =IFERROR(VLOOKUP($B6,indirect(text(I$1,"mm/dd/yy")&"!B:L"),11,false),"Not played") -> 11 | J6: =IFERROR(VLOOKUP($B6,indirect(text(J$1,"mm/dd/yy")&"!B:L"),11,false),"Not played") -> 8 | ... AB6: =IFERROR(VLOOKUP($B6,indirect(text(AB$1,"mm/dd/yy")&"!B:L"),11,false),"Not played") -> 12
A7: =A6+1 -> 6 | B7: Balaji Alahari | C7: =IFERROR(VLOOKUP($B7,indirect(text(C$1,"mm/dd/yy")&"!B:L"),11,false),"Not played") -> 13 | D7: =IFERROR(VLOOKUP($B7,indirect(text(D$1,"mm/dd/yy")&"!B:L"),11,false),"Not played") -> 9 | E7: =IFERROR(VLOOKUP($B7,indirect(text(E$1,"mm/dd/yy")&"!B:L"),11,false),"Not played") -> 9 | F7: =IFERROR(VLOOKUP($B7,indirect(text(F$1,"mm/dd/yy")&"!B:L"),11,false),"Not played") -> 9 | G7: =IFERROR(VLOOKUP($B7,indirect(text(G$1,"mm/dd/yy")&"!B:L"),11,false),"Not played") -> 9 | H7: =IFERROR(VLOOKUP($B7,indirect(text(H$1,"mm/dd/yy")&"!B:L"),11,false),"Not played") -> 9 | I7: =IFERROR(VLOOKUP($B7,indirect(text(I$1,"mm/dd/yy")&"!B:L"),11,false),"Not played") -> 9 | J7: =IFERROR(VLOOKUP($B7,indirect(text(J$1,"mm/dd/yy")&"!B:L"),11,false),"Not played") -> 9 | ... AB7: =IFERROR(VLOOKUP($B7,indirect(text(AB$1,"mm/dd/yy")&"!B:L"),11,false),"Not played") -> 15
A8: =A7+1 -> 7 | B8: Barathi Sundaram | C8: =IFERROR(VLOOKUP($B8,indirect(text(C$1,"mm/dd/yy")&"!B:L"),11,false),"Not played") -> 9 | D8: =IFERROR(VLOOKUP($B8,indirect(text(D$1,"mm/dd/yy")&"!B:L"),11,false),"Not played") -> 7 | E8: =IFERROR(VLOOKUP($B8,indirect(text(E$1,"mm/dd/yy")&"!B:L"),11,false),"Not played") -> 10 | F8: =IFERROR(VLOOKUP($B8,indirect(text(F$1,"mm/dd/yy")&"!B:L"),11,false),"Not played") -> 9 | G8: =IFERROR(VLOOKUP($B8,indirect(text(G$1,"mm/dd/yy")&"!B:L"),11,false),"Not played") -> 2 | H8: =IFERROR(VLOOKUP($B8,indirect(text(H$1,"mm/dd/yy")&"!B:L"),11,false),"Not played") -> 9 | I8: =IFERROR(VLOOKUP($B8,indirect(text(I$1,"mm/dd/yy")&"!B:L"),11,false),"Not played") -> 11 | J8: =IFERROR(VLOOKUP($B8,indirect(text(J$1,"mm/dd/yy")&"!B:L"),11,false),"Not played") -> 9 | ... AB8: =IFERROR(VLOOKUP($B8,indirect(text(AB$1,"mm/dd/yy")&"!B:L"),11,false),"Not played") -> 9
A9: =A8+1 -> 8 | B9: Basudev Thoppai Vidyasankar | C9: =IFERROR(VLOOKUP($B9,indirect(text(C$1,"mm/dd/yy")&"!B:L"),11,false),"Not played") -> 16 | D9: =IFERROR(VLOOKUP($B9,indirect(text(D$1,"mm/dd/yy")&"!B:L"),11,false),"Not played") -> 19 | E9: =IFERROR(VLOOKUP($B9,indirect(text(E$1,"mm/dd/yy")&"!B:L"),11,false),"Not played") -> 15 | F9: =IFERROR(VLOOKUP($B9,indirect(text(F$1,"mm/dd/yy")&"!B:L"),11,false),"Not played") -> 8 | G9: =IFERROR(VLOOKUP($B9,indirect(text(G$1,"mm/dd/yy")&"!B:L"),11,false),"Not played") -> 9 | H9: =IFERROR(VLOOKUP($B9,indirect(text(H$1,"mm/dd/yy")&"!B:L"),11,false),"Not played") -> 14 | I9: =IFERROR(VLOOKUP($B9,indirect(text(I$1,"mm/dd/yy")&"!B:L"),11,false),"Not played") -> 19 | J9: =IFERROR(VLOOKUP($B9,indirect(text(J$1,"mm/dd/yy")&"!B:L"),11,false),"Not played") -> 9 | ... AB9: =IFERROR(VLOOKUP($B9,indirect(text(AB$1,"mm/dd/yy")&"!B:L"),11,false),"Not played") -> 14
A10: =A9+1 -> 9 | B10: Chinna Ponnaganti | C10: =IFERROR(VLOOKUP($B10,indirect(text(C$1,"mm/dd/yy")&"!B:L"),11,false),"Not played") -> 13 | D10: =IFERROR(VLOOKUP($B10,indirect(text(D$1,"mm/dd/yy")&"!B:L"),11,false),"Not played") -> 13 | E10: =IFERROR(VLOOKUP($B10,indirect(text(E$1,"mm/dd/yy")&"!B:L"),11,false),"Not played") -> 18 | F10: =IFERROR(VLOOKUP($B10,indirect(text(F$1,"mm/dd/yy")&"!B:L"),11,false),"Not played") -> 10 | G10: =IFERROR(VLOOKUP($B10,indirect(text(G$1,"mm/dd/yy")&"!B:L"),11,false),"Not played") -> 9 | H10: =IFERROR(VLOOKUP($B10,indirect(text(H$1,"mm/dd/yy")&"!B:L"),11,false),"Not played") -> 13 | I10: =IFERROR(VLOOKUP($B10,indirect(text(I$1,"mm/dd/yy")&"!B:L"),11,false),"Not played") -> 9 | J10: =IFERROR(VLOOKUP($B10,indirect(text(J$1,"mm/dd/yy")&"!B:L"),11,false),"Not played") -> 7 | ... AB10: =IFERROR(VLOOKUP($B10,indirect(text(AB$1,"mm/dd/yy")&"!B:L"),11,false),"Not played") -> 10
A11: =A10+1 -> 10 | B11: Cid Macaraeg | C11: =IFERROR(VLOOKUP($B11,indirect(text(C$1,"mm/dd/yy")&"!B:L"),11,false),"Not played") -> 19 | D11: =IFERROR(VLOOKUP($B11,indirect(text(D$1,"mm/dd/yy")&"!B:L"),11,false),"Not played") -> 13 | E11: =IFERROR(VLOOKUP($B11,indirect(text(E$1,"mm/dd/yy")&"!B:L"),11,false),"Not played") -> 9 | F11: =IFERROR(VLOOKUP($B11,indirect(text(F$1,"mm/dd/yy")&"!B:L"),11,false),"Not played") -> 12 | G11: =IFERROR(VLOOKUP($B11,indirect(text(G$1,"mm/dd/yy")&"!B:L"),11,false),"Not played") -> 9 | H11: =IFERROR(VLOOKUP($B11,indirect(text(H$1,"mm/dd/yy")&"!B:L"),11,false),"Not played") -> 18 | I11: =IFERROR(VLOOKUP($B11,indirect(text(I$1,"mm/dd/yy")&"!B:L"),11,false),"Not played") -> 15 | J11: =IFERROR(VLOOKUP($B11,indirect(text(J$1,"mm/dd/yy")&"!B:L"),11,false),"Not played") -> 16 | ... AB11: =IFERROR(VLOOKUP($B11,indirect(text(AB$1,"mm/dd/yy")&"!B:L"),11,false),"Not played") -> 9
A12: =A11+1 -> 11 | B12: Coco Yan | C12: =IFERROR(VLOOKUP($B12,indirect(text(C$1,"mm/dd/yy")&"!B:L"),11,false),"Not played") -> 13 | D12: =IFERROR(VLOOKUP($B12,indirect(text(D$1,"mm/dd/yy")&"!B:L"),11,false),"Not played") -> 9 | E12: =IFERROR(VLOOKUP($B12,indirect(text(E$1,"mm/dd/yy")&"!B:L"),11,false),"Not played") -> 11 | F12: =IFERROR(VLOOKUP($B12,indirect(text(F$1,"mm/dd/yy")&"!B:L"),11,false),"Not played") -> 13 | G12: =IFERROR(VLOOKUP($B12,indirect(text(G$1,"mm/dd/yy")&"!B:L"),11,false),"Not played") -> 11 | H12: =IFERROR(VLOOKUP($B12,indirect(text(H$1,"mm/dd/yy")&"!B:L"),11,false),"Not played") -> 13 | I12: =IFERROR(VLOOKUP($B12,indirect(text(I$1,"mm/dd/yy")&"!B:L"),11,false),"Not played") -> 12 | J12: =IFERROR(VLOOKUP($B12,indirect(text(J$1,"mm/dd/yy")&"!B:L"),11,false),"Not played") -> 9 | ... AB12: =IFERROR(VLOOKUP($B12,indirect(text(AB$1,"mm/dd/yy")&"!B:L"),11,false),"Not played") -> 10
A13: =A12+1 -> 12 | B13: David Shin | C13: =IFERROR(VLOOKUP($B13,indirect(text(C$1,"mm/dd/yy")&"!B:L"),11,false),"Not played") -> 13 | D13: =IFERROR(VLOOKUP($B13,indirect(text(D$1,"mm/dd/yy")&"!B:L"),11,false),"Not played") -> 9 | E13: =IFERROR(VLOOKUP($B13,indirect(text(E$1,"mm/dd/yy")&"!B:L"),11,false),"Not played") -> 18 | F13: =IFERROR(VLOOKUP($B13,indirect(text(F$1,"mm/dd/yy")&"!B:L"),11,false),"Not played") -> 12 | G13: =IFERROR(VLOOKUP($B13,indirect(text(G$1,"mm/dd/yy")&"!B:L"),11,false),"Not played") -> 13 | H13: =IFERROR(VLOOKUP($B13,indirect(text(H$1,"mm/dd/yy")&"!B:L"),11,false),"Not played") -> 13 | I13: =IFERROR(VLOOKUP($B13,indirect(text(I$1,"mm/dd/yy")&"!B:L"),11,false),"Not played") -> 19 | J13: =IFERROR(VLOOKUP($B13,indirect(text(J$1,"mm/dd/yy")&"!B:L"),11,false),"Not played") -> 16 | ... AB13: =IFERROR(VLOOKUP($B13,indirect(text(AB$1,"mm/dd/yy")&"!B:L"),11,false),"Not played") -> 9
A14: =A13+1 -> 13 | B14: Elayaraja Thangaraj | C14: =IFERROR(VLOOKUP($B14,indirect(text(C$1,"mm/dd/yy")&"!B:L"),11,false),"Not played") -> 11 | D14: =IFERROR(VLOOKUP($B14,indirect(text(D$1,"mm/dd/yy")&"!B:L"),11,false),"Not played") -> 14 | E14: =IFERROR(VLOOKUP($B14,indirect(text(E$1,"mm/dd/yy")&"!B:L"),11,false),"Not played") -> 9 | F14: =IFERROR(VLOOKUP($B14,indirect(text(F$1,"mm/dd/yy")&"!B:L"),11,false),"Not played") -> 9 | G14: =IFERROR(VLOOKUP($B14,indirect(text(G$1,"mm/dd/yy")&"!B:L"),11,false),"Not played") -> 16 | H14: =IFERROR(VLOOKUP($B14,indirect(text(H$1,"mm/dd/yy")&"!B:L"),11,false),"Not played") -> 9 | I14: =IFERROR(VLOOKUP($B14,indirect(text(I$1,"mm/dd/yy")&"!B:L"),11,false),"Not played") -> 9 | J14: =IFERROR(VLOOKUP($B14,indirect(text(J$1,"mm/dd/yy")&"!B:L"),11,false),"Not played") -> 9 | ... AB14: =IFERROR(VLOOKUP($B14,indirect(text(AB$1,"mm/dd/yy")&"!B:L"),11,false),"Not played") -> 13
... A66: =A65+1 -> 65 | B66: Wayne Liu | C66: =IFERROR(VLOOKUP($B66,indirect(text(C$1,"mm/dd/yy")&"!B:L"),11,false),"Not played") -> 19 | D66: =IFERROR(VLOOKUP($B66,indirect(text(D$1,"mm/dd/yy")&"!B:L"),11,false),"Not played") -> 12 | E66: =IFERROR(VLOOKUP($B66,indirect(text(E$1,"mm/dd/yy")&"!B:L"),11,false),"Not played") -> 13 | F66: =IFERROR(VLOOKUP($B66,indirect(text(F$1,"mm/dd/yy")&"!B:L"),11,false),"Not played") -> 8 | G66: =IFERROR(VLOOKUP($B66,indirect(text(G$1,"mm/dd/yy")&"!B:L"),11,false),"Not played") -> 14 | H66: =IFERROR(VLOOKUP($B66,indirect(text(H$1,"mm/dd/yy")&"!B:L"),11,false),"Not played") -> 4 | I66: =IFERROR(VLOOKUP($B66,indirect(text(I$1,"mm/dd/yy")&"!B:L"),11,false),"Not played") -> 13 | J66: =IFERROR(VLOOKUP($B66,indirect(text(J$1,"mm/dd/yy")&"!B:L"),11,false),"Not played") -> 7 | ... AB66: =IFERROR(VLOOKUP($B66,indirect(text(AB$1,"mm/dd/yy")&"!B:L"),11,false),"Not played") -> 14
B72: Color Coding | C72: 0-8
C73: 9-17
C74: 18-20
C75: 21

Sheet Waitlist
A1: =IFERROR(__xludf.DUMMYFUNCTION("IMPORTRANGE(""1vk67ABbS4TvdE0gnpv39mwReeTC8qhP2vyc266Yeuy8"",""Waitlist!A1:D199"")"),"#REF!") -> #REF!
G4: Here is the link to add new players to the waitlist.
G5: tinyurl.com/UTCWaitList

Sheet 062825
B1: Standings as of | C1: 45836
B2: Number of Weeks Played | D2: 24 | AB2: =text(C1-7,"mm/dd/yy") -> 06/21/25
C3: Beginning of week | F3: Current Week Scores | N3: End of week | Q3: Jan-Jun 2025 | R3: Jul-Dec 2025
A4: Ranking | B4: Name of Player | C4: Games Won | D4: Sets Won | E4: Games Won / Match | F4: Check IN | G4: Court # | H4: Set 0 | I4: Set 1 | J4: Set 2 | K4: Set 3 | L4: Games Won | M4: Sets Won | N4: Games Won | O4: Sets Won | P4: Waiver | Q4: Fee | R4: Fee | S4: Sit outs | T4: No Shows | U4: Absent | V4: Positions Gained/Lost | W4: Ranking
A5: 1 | B5: Pulkit Mathur | C5: 371 | D5: 47 | E5: =if(($D$2-U5-S5)<>0,(C5-(U5*9)-(S5*13))/($D$2-U5-S5),0) -> 15.565217 | F5: 1 | G5: 1 | H5: 0 | I5: 6 | J5: 6 | K5: 6 | L5: 18 | M5: 3 | N5: =C5+L5 -> 389 | O5: =D5+M5 -> 50 | P5: X | Q5: X | R5: X | S5: =if(H5=13,1,0)+VLOOKUP(B5,indirect($AB$2&"!B:T"),18,false) -> 1 | U5: =if(H5=9,1,0)+VLOOKUP(B5,indirect($AB$2&"!B:U"),20,false) -> 0 | V5: =VLOOKUP(B5,indirect($AB$2&"!B$5:w$70"),22,false)-A5 -> 0 | W5: 1
A6: =A5+1 -> 2 | B6: Ethan Gu | C6: 310 | D6: 29 | E6: =if(($D$2-U6-S6)<>0,(C6-(U6*9)-(S6*13))/($D$2-U6-S6),0) -> 13.7 | F6: 1 | G6: 1 | H6: 0 | I6: 1 | J6: 4 | K6: 6 | L6: 11 | M6: 1 | N6: =C6+L6 -> 321 | O6: =D6+M6 -> 30 | P6: X | Q6: X | R6: X | S6: =if(H6=13,1,0)+VLOOKUP(B6,indirect($AB$2&"!B:T"),18,false) -> 0 | U6: =if(H6=9,1,0)+VLOOKUP(B6,indirect($AB$2&"!B:U"),20,false) -> 4 | V6: =VLOOKUP(B6,indirect($AB$2&"!B$5:w$70"),22,false)-A6 -> 0 | W6: =W5+1 -> 2
A7: =A6+1 -> 3 | B7: Pavan Akkimsetty | C7: 303 | D7: 30 | E7: =if(($D$2-U7-S7)<>0,(C7-(U7*9)-(S7*13))/($D$2-U7-S7),0) -> 14.117647 | F7: 1 | G7: 1 | H7: 0 | I7: 6 | J7: 4 | K7: 3 | L7: 13 | M7: 1 | N7: =C7+L7 -> 316 | O7: =D7+M7 -> 31 | P7: X | Q7: X | R7: X | S7: =if(H7=13,1,0)+VLOOKUP(B7,indirect($AB$2&"!B:T"),18,false) -> 0 | U7: =if(H7=9,1,0)+VLOOKUP(B7,indirect($AB$2&"!B:U"),20,false) -> 7 | V7: =VLOOKUP(B7,indirect($AB$2&"!B$5:w$70"),22,false)-A7 -> 1 | W7: =W6+1 -> 3
A8: =A7+1 -> 4 | B8: Jonathan Phan | C8: 301 | D8: 28 | E8: =if(($D$2-U8-S8)<>0,(C8-(U8*9)-(S8*13))/($D$2-U8-S8),0) -> 14.3125 | F8: 1 | G8: 1 | H8: 0 | I8: 1 | J8: 6 | K8: 3 | L8: 10 | M8: 1 | N8: =C8+L8 -> 311 | O8: =D8+M8 -> 29 | P8: X | Q8: X | R8: X | S8: =if(H8=13,1,0)+VLOOKUP(B8,indirect($AB$2&"!B:T"),18,false) -> 0 | U8: =if(H8=9,1,0)+VLOOKUP(B8,indirect($AB$2&"!B:U"),20,false) -> 8 | V8: =VLOOKUP(B8,indirect($AB$2&"!B$5:w$70"),22,false)-A8 -> 4 | W8: =W7+1 -> 4
A9: =A8+1 -> 5 | B9: Manish Anand | C9: 299 | D9: 22 | E9: =if(($D$2-U9-S9)<>0,(C9-(U9*9)-(S9*13))/($D$2-U9-S9),0) -> 13.9375 | F9: 3 | G9: 0 | H9: 9 | I9: 0 | J9: 0 | K9: 0 | L9: 9 | M9: 0 | N9: =C9+L9 -> 308 | O9: =D9+M9 -> 22 | P9: X | Q9: X | R9: X | S9: =if(H9=13,1,0)+VLOOKUP(B9,indirect($AB$2&"!B:T"),18,false) -> 1 | U9: =if(H9=9,1,0)+VLOOKUP(B9,indirect($AB$2&"!B:U"),20,false) -> 7 | V9: =VLOOKUP(B9,indirect($AB$2&"!B$5:w$70"),22,false)-A9 -> 0 | W9: =W8+1 -> 5
A10: =A9+1 -> 6 | B10: Basudev Thoppai Vidyasankar | C10: 297 | D10: 26 | E10: =if(($D$2-U10-S10)<>0,(C10-(U10*9)-(S10*13))/($D$2-U10-S10),0) -> 13.764706 | F10: 1 | G10: 2 | H10: 0 | I10: 4 | J10: 6 | K10: 4 | L10: 14 | M10: 1 | N10: =C10+L10 -> 311 | O10: =D10+M10 -> 27 | P10: X | Q10: X | R10: X | S10: =if(H10=13,1,0)+VLOOKUP(B10,indirect($AB$2&"!B:T"),18,false) -> 0 | U10: =if(H10=9,1,0)+VLOOKUP(B10,indirect($AB$2&"!B:U"),20,false) -> 7 | V10: =VLOOKUP(B10,indirect($AB$2&"!B$5:w$70"),22,false)-A10 -> -3 | W10: =W9+1 -> 6
A11: =A10+1 -> 7 | B11: David Shin | C11: 294 | D11: 24 | E11: =if(($D$2-U11-S11)<>0,(C11-(U11*9)-(S11*13))/($D$2-U11-S11),0) -> 13.117647 | F11: 3 | G11: 0 | H11: 9 | I11: 0 | J11: 0 | K11: 0 | L11: 9 | M11: 0 | N11: =C11+L11 -> 303 | O11: =D11+M11 -> 24 | P11: X | Q11: X | R11: X | S11: =if(H11=13,1,0)+VLOOKUP(B11,indirect($AB$2&"!B:T"),18,false) -> 2 | U11: =if(H11=9,1,0)+VLOOKUP(B11,indirect($AB$2&"!B:U"),20,false) -> 5 | V11: =VLOOKUP(B11,indirect($AB$2&"!B$5:w$70"),22,false)-A11 -> -1 | W11: =W10+1 -> 7
A12: =A11+1 -> 8 | B12: Sandeep Kamalon | C12: 293 | D12: 27 | E12: =if(($D$2-U12-S12)<>0,(C12-(U12*9)-(S12*13))/($D$2-U12-S12),0) -> 12.318182 | F12: 1 | G12: 2 | H12: 0 | I12: 6 | J12: 6 | K12: 6 | L12: 18 | M12: 3 | N12: =C12+L12 -> 311 | O12: =D12+M12 -> 30 | P12: X | Q12: X | R12: X | S12: =if(H12=13,1,0)+VLOOKUP(B12,indirect($AB$2&"!B:T"),18,false) -> 1 | U12: =if(H12=9,1,0)+VLOOKUP(B12,indirect($AB$2&"!B:U"),20,false) -> 1 | V12: =VLOOKUP(B12,indirect($AB$2&"!B$5:w$70"),22,false)-A12 -> -1 | W12: =W11+1 -> 8
A13: =A12+1 -> 9 | B13: Scott Li | C13: 292 | D13: 24 | E13: =if(($D$2-U13-S13)<>0,(C13-(U13*9)-(S13*13))/($D$2-U13-S13),0) -> 13.235294 | F13: 3 | G13: 0 | H13: 9 | I13: 0 | J13: 0 | K13: 0 | L13: 9 | M13: 0 | N13: =C13+L13 -> 301 | O13: =D13+M13 -> 24 | P13: X | Q13: X | R13: X | S13: =if(H13=13,1,0)+VLOOKUP(B13,indirect($AB$2&"!B:T"),18,false) -> 1 | U13: =if(H13=9,1,0)+VLOOKUP(B13,indirect($AB$2&"!B:U"),20,false) -> 6 | V13: =VLOOKUP(B13,indirect($AB$2&"!B$5:w$70"),22,false)-A13 -> 0 | W13: =W12+1 -> 9
A14: =A13+1 -> 10 | B14: Joe Luzzi | C14: 291 | D14: 23 | E14: =if(($D$2-U14-S14)<>0,(C14-(U14*9)-(S14*13))/($D$2-U14-S14),0) -> 12.736842 | F14: 2 | G14: 2 | H14: 0 | I14: 4 | J14: 4 | K14: 6 | L14: 14 | M14: 1 | N14: =C14+L14 -> 305 | O14: =D14+M14 -> 24 | P14: X | Q14: X | R14: X | S14: =if(H14=13,1,0)+VLOOKUP(B14,indirect($AB$2&"!B:T"),18,false) -> 1 | U14: =if(H14=9,1,0)+VLOOKUP(B14,indirect($AB$2&"!B:U"),20,false) -> 4 | V14: =VLOOKUP(B14,indirect($AB$2&"!B$5:w$70"),22,false)-A14 -> 0 | W14: =W13+1 -> 10
A15: =A14+1 -> 11 | B15: Erik Hoeckmann | C15: 290 | D15: 26 | E15: =if(($D$2-U15-S15)<>0,(C15-(U15*9)-(S15*13))/($D$2-U15-S15),0) -> 13.666667 | F15: 3 | G15: 0 | H15: 9 | I15: 0 | J15: 0 | K15: 0 | L15: 9 | M15: 0 | N15: =C15+L15 -> 299 | O15: =D15+M15 -> 26 | P15: X | Q15: X | R15: X | S15: =if(H15=13,1,0)+VLOOKUP(B15,indirect($AB$2&"!B:T"),18,false) -> 1 | U15: =if(H15=9,1,0)+VLOOKUP(B15,indirect($AB$2&"!B:U"),20,false) -> 8 | V15: =VLOOKUP(B15,indirect($AB$2&"!B$5:w$70"),22,false)-A15 -> 10 | W15: =W14+1 -> 11
A16: =A15+1 -> 12 | B16: Herman Au | C16: 289 | D16: 19 | E16: =if(($D$2-U16-S16)<>0,(C16-(U16*9)-(S16*13))/($D$2-U16-S16),0) -> 13.058824 | F16: 2 | G16: 2 | H16: 0 | I16: 6 | J16: 4 | K16: 4 | L16: 14 | M16: 1 | N16: =C16+L16 -> 303 | O16: =D16+M16 -> 20 | P16: X | Q16: X | R16: X | S16: =if(H16=13,1,0)+VLOOKUP(B16,indirect($AB$2&"!B:T"),18,false) -> 1 | U16: =if(H16=9,1,0)+VLOOKUP(B16,indirect($AB$2&"!B:U"),20,false) -> 6 | V16: =VLOOKUP(B16,indirect($AB$2&"!B$5:w$70"),22,false)-A16 -> 6 | W16: =W15+1 -> 12
A17: =A16+1 -> 13 | B17: Susanta Mishra | C17: 288 | D17: 25 | E17: =if(($D$2-U17-S17)<>0,(C17-(U17*9)-(S17*13))/($D$2-U17-S17),0) -> 15.181818 | F17: 3 | G17: 0 | H17: 9 | I17: 0 | J17: 0 | K17: 0 | L17: 9 | M17: 0 | N17: =C17+L17 -> 297 | O17: =D17+M17 -> 25 | P17: X | Q17: X | R17: X | S17: =if(H17=13,1,0)+VLOOKUP(B17,indirect($AB$2&"!B:T"),18,false) -> 1 | U17: =if(H17=9,1,0)+VLOOKUP(B17,indirect($AB$2&"!B:U"),20,false) -> 12 | V17: =VLOOKUP(B17,indirect($AB$2&"!B$5:w$70"),22,false)-A17 -> -2 | W17: =W16+1 -> 13
... A69: =A68+1 -> 65 | B69: Barathi Sundaram | C69: 187 | D69: 3 | E69: =if(($D$2-U69-S69)<>0,(C69-(U69*9)-(S69*13))/($D$2-U69-S69),0) -> 5.7777778 | F69: 3 | G69: 0 | H69: 9 | I69: 0 | J69: 0 | K69: 0 | L69: 9 | M69: 0 | N69: =C69+L69 -> 196 | O69: =D69+M69 -> 3 | P69: X | Q69: X | R69: X | S69: =if(H69=13,1,0)+VLOOKUP(B69,indirect($AB$2&"!B:T"),18,false) -> 0 | U69: =if(H69=9,1,0)+VLOOKUP(B69,indirect($AB$2&"!B:U"),20,false) -> 15 | V69: =VLOOKUP(B69,indirect($AB$2&"!B$5:w$70"),22,false)-A69 -> 0 | W69: =W68+1 -> 65
P74: Renewed | R74: =COUNTIF(R5:R69,"X") -> 64 | S74: =R74/R78 -> 0.98461538
B75: Top Scores | C75: Games | D75: Sets | E75: Court # | P75: Not Renewing | R75: =countif(R5:R69,"N") -> 1
P76: New Members | R76: 1
B77: =IFERROR(__xludf.DUMMYFUNCTION("QUERY(B5:M69,""Select B, L, M, G where L >= 18 order by L desc,M desc"",0)"),"Jimmy Awolesi") -> Jimmy Awolesi | C77: =IFERROR(__xludf.DUMMYFUNCTION("""COMPUTED_VALUE"""),19.0) -> 19 | D77: =IFERROR(__xludf.DUMMYFUNCTION("""COMPUTED_VALUE"""),3.0) -> 3 | E77: =IFERROR(__xludf.DUMMYFUNCTION("""COMPUTED_VALUE"""),5.0) -> 5 | P77: To Renew | R77: =countif(R5:R69,"") -> 0
B78: =IFERROR(__xludf.DUMMYFUNCTION("""COMPUTED_VALUE"""),"Pulkit Mathur") -> Pulkit Mathur | C78: =IFERROR(__xludf.DUMMYFUNCTION("""COMPUTED_VALUE"""),18.0) -> 18 | D78: =IFERROR(__xludf.DUMMYFUNCTION("""COMPUTED_VALUE"""),3.0) -> 3 | E78: =IFERROR(__xludf.DUMMYFUNCTION("""COMPUTED_VALUE"""),1.0) -> 1 | P78: Total | R78: =sum(R74:R77)-R76 -> 65
B79: =IFERROR(__xludf.DUMMYFUNCTION("""COMPUTED_VALUE"""),"Sandeep Kamalon") -> Sandeep Kamalon | C79: =IFERROR(__xludf.DUMMYFUNCTION("""COMPUTED_VALUE"""),18.0) -> 18 | D79: =IFERROR(__xludf.DUMMYFUNCTION("""COMPUTED_VALUE"""),3.0) -> 3 | E79: =IFERROR(__xludf.DUMMYFUNCTION("""COMPUTED_VALUE"""),2.0) -> 2
B80: =IFERROR(__xludf.DUMMYFUNCTION("""COMPUTED_VALUE"""),"Lloyd Sagar") -> Lloyd Sagar | C80: =IFERROR(__xludf.DUMMYFUNCTION("""COMPUTED_VALUE"""),18.0) -> 18 | D80: =IFERROR(__xludf.DUMMYFUNCTION("""COMPUTED_VALUE"""),3.0) -> 3 | E80: =IFERROR(__xludf.DUMMYFUNCTION("""COMPUTED_VALUE"""),3.0) -> 3
B81: =IFERROR(__xludf.DUMMYFUNCTION("""COMPUTED_VALUE"""),"Lam Bui") -> Lam Bui | C81: =IFERROR(__xludf.DUMMYFUNCTION("""COMPUTED_VALUE"""),18.0) -> 18 | D81: =IFERROR(__xludf.DUMMYFUNCTION("""COMPUTED_VALUE"""),3.0) -> 3 | E81: =IFERROR(__xludf.DUMMYFUNCTION("""COMPUTED_VALUE"""),4.0) -> 4
B82: =IFERROR(__xludf.DUMMYFUNCTION("""COMPUTED_VALUE"""),"Jim Miao") -> Jim Miao | C82: =IFERROR(__xludf.DUMMYFUNCTION("""COMPUTED_VALUE"""),18.0) -> 18 | D82: =IFERROR(__xludf.DUMMYFUNCTION("""COMPUTED_VALUE"""),3.0) -> 3 | E82: =IFERROR(__xludf.DUMMYFUNCTION("""COMPUTED_VALUE"""),6.0) -> 6
B83: =IFERROR(__xludf.DUMMYFUNCTION("""COMPUTED_VALUE"""),"Matthew Huang") -> Matthew Huang | C83: =IFERROR(__xludf.DUMMYFUNCTION("""COMPUTED_VALUE"""),18.0) -> 18 | D83: =IFERROR(__xludf.DUMMYFUNCTION("""COMPUTED_VALUE"""),3.0) -> 3 | E83: =IFERROR(__xludf.DUMMYFUNCTION("""COMPUTED_VALUE"""),7.0) -> 7
B90: Top 10 Movements (UP) | C90: Positions Moved | D90: Position Last week | E90: Position This week | F90: Points this week | G90: Court | L90: Cross Check
B91: =IFERROR(__xludf.DUMMYFUNCTION("query(B5:V69,""select B, V order by V Desc Limit 10"")"),"Erik Hoeckmann") -> Erik Hoeckmann | C91: =IFERROR(__xludf.DUMMYFUNCTION("""COMPUTED_VALUE"""),10.0) -> 10 | D91: =VLOOKUP(B91,indirect($AB$2&"!B$5:w$70"),22, false) -> 21 | E91: =VLOOKUP(B91,B$5:W$69,22, false) -> 11 | F91: =VLOOKUP(B91,indirect($AB$2&"!B$5:U$70"),11, false) -> 19 | G91: =VLOOKUP(B91,indirect($AB$2&"!B$5:U$70"),6, false) -> 3 | L91: =if(D91-E91=C91,"ok","Error") -> ok
B92: =IFERROR(__xludf.DUMMYFUNCTION("""COMPUTED_VALUE"""),"Herman Au") -> Herman Au | C92: =IFERROR(__xludf.DUMMYFUNCTION("""COMPUTED_VALUE"""),6.0) -> 6 | D92: =VLOOKUP(B92,indirect($AB$2&"!B$5:w$70"),22, false) -> 18 | E92: =VLOOKUP(B92,B$5:W$69,22, false) -> 12 | F92: =VLOOKUP(B92,indirect($AB$2&"!B$5:U$70"),11, false) -> 14 | G92: =VLOOKUP(B92,indirect($AB$2&"!B$5:U$70"),6, false) -> 3 | L92: =if(D92-E92=C92,"ok","Error") -> ok
B93: =IFERROR(__xludf.DUMMYFUNCTION("""COMPUTED_VALUE"""),"Alex Hou") -> Alex Hou | C93: =IFERROR(__xludf.DUMMYFUNCTION("""COMPUTED_VALUE"""),6.0) -> 6 | D93: =VLOOKUP(B93,indirect($AB$2&"!B$5:w$70"),22, false) -> 26 | E93: =VLOOKUP(B93,B$5:W$69,22, false) -> 20 | F93: =VLOOKUP(B93,indirect($AB$2&"!B$5:U$70"),11, false) -> 15 | G93: =VLOOKUP(B93,indirect($AB$2&"!B$5:U$70"),6, false) -> 3 | L93: =if(D93-E93=C93,"ok","Error") -> ok
B94: =IFERROR(__xludf.DUMMYFUNCTION("""COMPUTED_VALUE"""),"Eric Tan") -> Eric Tan | C94: =IFERROR(__xludf.DUMMYFUNCTION("""COMPUTED_VALUE"""),6.0) -> 6 | D94: =VLOOKUP(B94,indirect($AB$2&"!B$5:w$70"),22, false) -> 44 | E94: =VLOOKUP(B94,B$5:W$69,22, false) -> 38 | F94: =VLOOKUP(B94,indirect($AB$2&"!B$5:U$70"),11, false) -> 15 | G94: =VLOOKUP(B94,indirect($AB$2&"!B$5:U$70"),6, false) -> 6 | L94: =if(D94-E94=C94,"ok","Error") -> ok
B95: =IFERROR(__xludf.DUMMYFUNCTION("""COMPUTED_VALUE"""),"Jonathan Phan") -> Jonathan Phan | C95: =IFERROR(__xludf.DUMMYFUNCTION("""COMPUTED_VALUE"""),4.0) -> 4 | D95: =VLOOKUP(B95,indirect($AB$2&"!B$5:w$70"),22, false) -> 8 | E95: =VLOOKUP(B95,B$5:W$69,22, false) -> 4 | F95: =VLOOKUP(B95,indirect($AB$2&"!B$5:U$70"),11, false) -> 18 | G95: =VLOOKUP(B95,indirect($AB$2&"!B$5:U$70"),6, false) -> 2 | L95: =if(D95-E95=C95,"ok","Error") -> ok
B96: =IFERROR(__xludf.DUMMYFUNCTION("""COMPUTED_VALUE"""),"Hongyuan Wen") -> Hongyuan Wen | C96: =IFERROR(__xludf.DUMMYFUNCTION("""COMPUTED_VALUE"""),4.0) -> 4 | D96: =VLOOKUP(B96,indirect($AB$2&"!B$5:w$70"),22, false) -> 27 | E96: =VLOOKUP(B96,B$5:W$69,22, false) -> 23 | F96: =VLOOKUP(B96,indirect($AB$2&"!B$5:U$70"),11, false) -> 17 | G96: =VLOOKUP(B96,indirect($AB$2&"!B$5:U$70"),6, false) -> 4 | L96: =if(D96-E96=C96,"ok","Error") -> ok
B97: =IFERROR(__xludf.DUMMYFUNCTION("""COMPUTED_VALUE"""),"Mauricio Palacios") -> Mauricio Palacios | C97: =IFERROR(__xludf.DUMMYFUNCTION("""COMPUTED_VALUE"""),4.0) -> 4 | D97: =VLOOKUP(B97,indirect($AB$2&"!B$5:w$70"),22, false) -> 29 | E97: =VLOOKUP(B97,B$5:W$69,22, false) -> 25 | F97: =VLOOKUP(B97,indirect($AB$2&"!B$5:U$70"),11, false) -> 18 | G97: =VLOOKUP(B97,indirect($AB$2&"!B$5:U$70"),6, false) -> 4 | L97: =if(D97-E97=C97,"ok","Error") -> ok
B98: =IFERROR(__xludf.DUMMYFUNCTION("""COMPUTED_VALUE"""),"Manuel Rivera") -> Manuel Rivera | C98: =IFERROR(__xludf.DUMMYFUNCTION("""COMPUTED_VALUE"""),4.0) -> 4 | D98: =VLOOKUP(B98,indirect($AB$2&"!B$5:w$70"),22, false) -> 49 | E98: =VLOOKUP(B98,B$5:W$69,22, false) -> 45 | F98: =VLOOKUP(B98,indirect($AB$2&"!B$5:U$70"),11, false) -> 14 | G98: =VLOOKUP(B98,indirect($AB$2&"!B$5:U$70"),6, false) -> 7 | L98: =if(D98-E98=C98,"ok","Error") -> ok
B99: =IFERROR(__xludf.DUMMYFUNCTION("""COMPUTED_VALUE"""),"Tina Hanson") -> Tina Hanson | C99: =IFERROR(__xludf.DUMMYFUNCTION("""COMPUTED_VALUE"""),2.0) -> 2 | D99: =VLOOKUP(B99,indirect($AB$2&"!B$5:w$70"),22, false) -> 24 | E99: =VLOOKUP(B99,B$5:W$69,22, false) -> 22 | F99: =VLOOKUP(B99,indirect($AB$2&"!B$5:U$70"),11, false) -> 14 | G99: =VLOOKUP(B99,indirect($AB$2&"!B$5:U$70"),6, false) -> 3 | L99: =if(D99-E99=C99,"ok","Error") -> ok
B100: =IFERROR(__xludf.DUMMYFUNCTION("""COMPUTED_VALUE"""),"Chinna Ponnaganti") -> Chinna Ponnaganti | C100: =IFERROR(__xludf.DUMMYFUNCTION("""COMPUTED_VALUE"""),2.0) -> 2 | D100: =VLOOKUP(B100,indirect($AB$2&"!B$5:w$70"),22, false) -> 28 | E100: =VLOOKUP(B100,B$5:W$69,22, false) -> 26 | F100: =VLOOKUP(B100,indirect($AB$2&"!B$5:U$70"),11, false) -> 17 | G100: =VLOOKUP(B100,indirect($AB$2&"!B$5:U$70"),6, false) -> 4 | L100: =if(D100-E100=C100,"ok","Error") -> ok
B103: Top 10 Movements (Down) | C103: Positions | D103: Position Last week | E103: Position This week | F103: Points this week | G103: Court | L103: Cross Check
B104: =IFERROR(__xludf.DUMMYFUNCTION("query(B5:V69,""select B, V order by V asc Limit 10"")"),"Lam Bui") -> Lam Bui | C104: =IFERROR(__xludf.DUMMYFUNCTION("""COMPUTED_VALUE"""),-5.0) -> -5 | D104: =VLOOKUP(B104,indirect($AB$2&"!B$5:w$70"),22, false) -> 22 | E104: =VLOOKUP(B104,B$5:W$69,22, false) -> 27 | F104: =VLOOKUP(B104,indirect($AB$2&"!B$5:U$70"),11, false) -> 9 | G104: =VLOOKUP(B104,indirect($AB$2&"!B$5:U$70"),6, false) -> 0 | L104: =if(D104-E104=C104,"ok","Error") -> ok
B105: =IFERROR(__xludf.DUMMYFUNCTION("""COMPUTED_VALUE"""),"Adrian Tay") -> Adrian Tay | C105: =IFERROR(__xludf.DUMMYFUNCTION("""COMPUTED_VALUE"""),-5.0) -> -5 | D105: =VLOOKUP(B105,indirect($AB$2&"!B$5:w$70"),22, false) -> 23 | E105: =VLOOKUP(B105,B$5:W$69,22, false) -> 28 | F105: =VLOOKUP(B105,indirect($AB$2&"!B$5:U$70"),11, false) -> 9 | G105: =VLOOKUP(B105,indirect($AB$2&"!B$5:U$70"),6, false) -> 0 | L105: =if(D105-E105=C105,"ok","Error") -> ok
B106: =IFERROR(__xludf.DUMMYFUNCTION("""COMPUTED_VALUE"""),"Tom Le") -> Tom Le | C106: =IFERROR(__xludf.DUMMYFUNCTION("""COMPUTED_VALUE"""),-4.0) -> -4 | D106: =VLOOKUP(B106,indirect($AB$2&"!B$5:w$70"),22, false) -> 20 | E106: =VLOOKUP(B106,B$5:W$69,22, false) -> 24 | F106: =VLOOKUP(B106,indirect($AB$2&"!B$5:U$70"),11, false) -> 9 | G106: =VLOOKUP(B106,indirect($AB$2&"!B$5:U$70"),6, false) -> 0 | L106: =if(D106-E106=C106,"ok","Error") -> ok
B107: =IFERROR(__xludf.DUMMYFUNCTION("""COMPUTED_VALUE"""),"Alejandro Mejia") -> Alejandro Mejia | C107: =IFERROR(__xludf.DUMMYFUNCTION("""COMPUTED_VALUE"""),-4.0) -> -4 | D107: =VLOOKUP(B107,indirect($AB$2&"!B$5:w$70"),22, false) -> 25 | E107: =VLOOKUP(B107,B$5:W$69,22, false) -> 29 | F107: =VLOOKUP(B107,indirect($AB$2&"!B$5:U$70"),11, false) -> 9 | G107: =VLOOKUP(B107,indirect($AB$2&"!B$5:U$70"),6, false) -> 0 | L107: =if(D107-E107=C107,"ok","Error") -> ok
B108: =IFERROR(__xludf.DUMMYFUNCTION("""COMPUTED_VALUE"""),"Basudev Thoppai Vidyasankar") -> Basudev Thoppai Vidyasankar | C108: =IFERROR(__xludf.DUMMYFUNCTION("""COMPUTED_VALUE"""),-3.0) -> -3 | D108: =VLOOKUP(B108,indirect($AB$2&"!B$5:w$70"),22, false) -> 3 | E108: =VLOOKUP(B108,B$5:W$69,22, false) -> 6 | F108: =VLOOKUP(B108,indirect($AB$2&"!B$5:U$70"),11, false) -> 9 | G108: =VLOOKUP(B108,indirect($AB$2&"!B$5:U$70"),6, false) -> 0 | L108: =if(D108-E108=C108,"ok","Error") -> ok
B109: =IFERROR(__xludf.DUMMYFUNCTION("""COMPUTED_VALUE"""),"Oscar Bonilla") -> Oscar Bonilla | C109: =IFERROR(__xludf.DUMMYFUNCTION("""COMPUTED_VALUE"""),-3.0) -> -3 | D109: =VLOOKUP(B109,indirect($AB$2&"!B$5:w$70"),22, false) -> 15 | E109: =VLOOKUP(B109,B$5:W$69,22, false) -> 18 | F109: =VLOOKUP(B109,indirect($AB$2&"!B$5:U$70"),11, false) -> 9 | G109: =VLOOKUP(B109,indirect($AB$2&"!B$5:U$70"),6, false) -> 0 | L109: =if(D109-E109=C109,"ok","Error") -> ok
B110: =IFERROR(__xludf.DUMMYFUNCTION("""COMPUTED_VALUE"""),"Susanta Mishra") -> Susanta Mishra | C110: =IFERROR(__xludf.DUMMYFUNCTION("""COMPUTED_VALUE"""),-2.0) -> -2 | D110: =VLOOKUP(B110,indirect($AB$2&"!B$5:w$70"),22, false) -> 11 | E110: =VLOOKUP(B110,B$5:W$69,22, false) -> 13 | F110: =VLOOKUP(B110,indirect($AB$2&"!B$5:U$70"),11, false) -> 10 | G110: =VLOOKUP(B110,indirect($AB$2&"!B$5:U$70"),6, false) -> 2 | L110: =if(D110-E110=C110,"ok","Error") -> ok
B111: =IFERROR(__xludf.DUMMYFUNCTION("""COMPUTED_VALUE"""),"James Phan") -> James Phan | C111: =IFERROR(__xludf.DUMMYFUNCTION("""COMPUTED_VALUE"""),-2.0) -> -2 | D111: =VLOOKUP(B111,indirect($AB$2&"!B$5:w$70"),22, false) -> 12 | E111: =VLOOKUP(B111,B$5:W$69,22, false) -> 14 | F111: =VLOOKUP(B111,indirect($AB$2&"!B$5:U$70"),11, false) -> 9 | G111: =VLOOKUP(B111,indirect($AB$2&"!B$5:U$70"),6, false) -> 0 | L111: =if(D111-E111=C111,"ok","Error") -> ok
B112: =IFERROR(__xludf.DUMMYFUNCTION("""COMPUTED_VALUE"""),"Cid Macaraeg") -> Cid Macaraeg | C112: =IFERROR(__xludf.DUMMYFUNCTION("""COMPUTED_VALUE"""),-2.0) -> -2 | D112: =VLOOKUP(B112,indirect($AB$2&"!B$5:w$70"),22, false) -> 13 | E112: =VLOOKUP(B112,B$5:W$69,22, false) -> 15 | F112: =VLOOKUP(B112,indirect($AB$2&"!B$5:U$70"),11, false) -> 9 | G112: =VLOOKUP(B112,indirect($AB$2&"!B$5:U$70"),6, false) -> 0 | L112: =if(D112-E112=C112,"ok","Error") -> ok
B113: =IFERROR(__xludf.DUMMYFUNCTION("""COMPUTED_VALUE"""),"Robert Chang") -> Robert Chang | C113: =IFERROR(__xludf.DUMMYFUNCTION("""COMPUTED_VALUE"""),-2.0) -> -2 | D113: =VLOOKUP(B113,indirect($AB$2&"!B$5:w$70"),22, false) -> 14 | E113: =VLOOKUP(B113,B$5:W$69,22, false) -> 16 | F113: =VLOOKUP(B113,indirect($AB$2&"!B$5:U$70"),11, false) -> 9 | G113: =VLOOKUP(B113,indirect($AB$2&"!B$5:U$70"),6, false) -> 0 | L113: =if(D113-E113=C113,"ok","Error") -> ok
A119: Renewals for July-December 2025
B120: Members Renewed | C120: Members to Renew | F120: Members Not Renewing | I120: New Members Joined/invited*
A121: 1 | B121: =IFERROR(__xludf.DUMMYFUNCTION("query(B5:V69,""select B where R = 'X' order by B asc"")"),"Adrian Tay") -> Adrian Tay | C121: =IFERROR(__xludf.DUMMYFUNCTION("query(B5:V69,""select B where R = '' order by B asc"")"),"#N/A") -> #N/A | F121: =IFERROR(__xludf.DUMMYFUNCTION("query(B5:V69,""select B where R = 'N' order by B asc"")"),"Trinath Goteti") -> Trinath Goteti | I121: Darren Wong
A122: =A121+1 -> 2 | B122: =IFERROR(__xludf.DUMMYFUNCTION("""COMPUTED_VALUE"""),"Alejandro Mejia") -> Alejandro Mejia
A123: =A122+1 -> 3 | B123: =IFERROR(__xludf.DUMMYFUNCTION("""COMPUTED_VALUE"""),"Alex Hou") -> Alex Hou
A124: =A123+1 -> 4 | B124: =IFERROR(__xludf.DUMMYFUNCTION("""COMPUTED_VALUE"""),"Allen Zhang") -> Allen Zhang
A125: =A124+1 -> 5 | B125: =IFERROR(__xludf.DUMMYFUNCTION("""COMPUTED_VALUE"""),"Andrew Wen") -> Andrew Wen
A126: =A125+1 -> 6 | B126: =IFERROR(__xludf.DUMMYFUNCTION("""COMPUTED_VALUE"""),"Balaji Alahari") -> Balaji Alahari
A127: =A126+1 -> 7 | B127: =IFERROR(__xludf.DUMMYFUNCTION("""COMPUTED_VALUE"""),"Barathi Sundaram") -> Barathi Sundaram
A128: =A127+1 -> 8 | B128: =IFERROR(__xludf.DUMMYFUNCTION("""COMPUTED_VALUE"""),"Basudev Thoppai Vidyasankar") -> Basudev Thoppai Vidyasankar
A129: =A128+1 -> 9 | B129: =IFERROR(__xludf.DUMMYFUNCTION("""COMPUTED_VALUE"""),"Chinna Ponnaganti") -> Chinna Ponnaganti
A130: =A129+1 -> 10 | B130: =IFERROR(__xludf.DUMMYFUNCTION("""COMPUTED_VALUE"""),"Cid Macaraeg") -> Cid Macaraeg
A131: =A130+1 -> 11 | B131: =IFERROR(__xludf.DUMMYFUNCTION("""COMPUTED_VALUE"""),"Coco Yan") -> Coco Yan
A132: =A131+1 -> 12 | B132: =IFERROR(__xludf.DUMMYFUNCTION("""COMPUTED_VALUE"""),"David Shin") -> David Shin
A133: =A132+1 -> 13 | B133: =IFERROR(__xludf.DUMMYFUNCTION("""COMPUTED_VALUE"""),"Elayaraja Thangaraj ") -> Elayaraja Thangaraj
A134: =A133+1 -> 14 | B134: =IFERROR(__xludf.DUMMYFUNCTION("""COMPUTED_VALUE"""),"Eric Pan") -> Eric Pan
A135: =A134+1 -> 15 | B135: =IFERROR(__xludf.DUMMYFUNCTION("""COMPUTED_VALUE"""),"Eric Tan") -> Eric Tan
A136: =A135+1 -> 16 | B136: =IFERROR(__xludf.DUMMYFUNCTION("""COMPUTED_VALUE"""),"Erik Hoeckmann") -> Erik Hoeckmann
A137: =A136+1 -> 17 | B137: =IFERROR(__xludf.DUMMYFUNCTION("""COMPUTED_VALUE"""),"Ethan Gu") -> Ethan Gu
A138: =A137+1 -> 18 | B138: =IFERROR(__xludf.DUMMYFUNCTION("""COMPUTED_VALUE"""),"Frank Moon") -> Frank Moon
A139: =A138+1 -> 19 | B139: =IFERROR(__xludf.DUMMYFUNCTION("""COMPUTED_VALUE"""),"Herman Au") -> Herman Au
A140: =A139+1 -> 20 | B140: =IFERROR(__xludf.DUMMYFUNCTION("""COMPUTED_VALUE"""),"Hongyuan Wen") -> Hongyuan Wen
A141: =A140+1 -> 21 | B141: =IFERROR(__xludf.DUMMYFUNCTION("""COMPUTED_VALUE"""),"Hubert J Sung") -> Hubert J Sung
A142: =A141+1 -> 22 | B142: =IFERROR(__xludf.DUMMYFUNCTION("""COMPUTED_VALUE"""),"James Phan") -> James Phan
A143: =A142+1 -> 23 | B143: =IFERROR(__xludf.DUMMYFUNCTION("""COMPUTED_VALUE"""),"Jim Miao") -> Jim Miao
A144: =A143+1 -> 24 | B144: =IFERROR(__xludf.DUMMYFUNCTION("""COMPUTED_VALUE"""),"Jimmy Awolesi") -> Jimmy Awolesi
A145: =A144+1 -> 25 | B145: =IFERROR(__xludf.DUMMYFUNCTION("""COMPUTED_VALUE"""),"Joe Luzzi") -> Joe Luzzi
A146: =A145+1 -> 26 | B146: =IFERROR(__xludf.DUMMYFUNCTION("""COMPUTED_VALUE"""),"Jonathan Phan") -> Jonathan Phan
A147: =A146+1 -> 27 | B147: =IFERROR(__xludf.DUMMYFUNCTION("""COMPUTED_VALUE"""),"Joyce Zhu") -> Joyce Zhu
A148: =A147+1 -> 28 | B148: =IFERROR(__xludf.DUMMYFUNCTION("""COMPUTED_VALUE"""),"Kumar Palakeel") -> Kumar Palakeel
A149: =A148+1 -> 29 | B149: =IFERROR(__xludf.DUMMYFUNCTION("""COMPUTED_VALUE"""),"Lam Bui") -> Lam Bui
A150: =A149+1 -> 30 | B150: =IFERROR(__xludf.DUMMYFUNCTION("""COMPUTED_VALUE"""),"Leigh-Anh Nguyen") -> Leigh-Anh Nguyen
A151: =A150+1 -> 31 | B151: =IFERROR(__xludf.DUMMYFUNCTION("""COMPUTED_VALUE"""),"Lloyd Sagar") -> Lloyd Sagar
A152: =A151+1 -> 32 | B152: =IFERROR(__xludf.DUMMYFUNCTION("""COMPUTED_VALUE"""),"Luis Hsu") -> Luis Hsu
A153: =A152+1 -> 33 | B153: =IFERROR(__xludf.DUMMYFUNCTION("""COMPUTED_VALUE"""),"Manish Anand") -> Manish Anand
A154: =A153+1 -> 34 | B154: =IFERROR(__xludf.DUMMYFUNCTION("""COMPUTED_VALUE"""),"Manuel Rivera") -> Manuel Rivera
A155: =A154+1 -> 35 | B155: =IFERROR(__xludf.DUMMYFUNCTION("""COMPUTED_VALUE"""),"Matthew Huang") -> Matthew Huang
A156: =A155+1 -> 36 | B156: =IFERROR(__xludf.DUMMYFUNCTION("""COMPUTED_VALUE"""),"Mauricio Palacios") -> Mauricio Palacios
A157: =A156+1 -> 37 | B157: =IFERROR(__xludf.DUMMYFUNCTION("""COMPUTED_VALUE"""),"Naveen Raj") -> Naveen Raj
A158: =A157+1 -> 38 | B158: =IFERROR(__xludf.DUMMYFUNCTION("""COMPUTED_VALUE"""),"Nicole Ni") -> Nicole Ni
A159: =A158+1 -> 39 | B159: =IFERROR(__xludf.DUMMYFUNCTION("""COMPUTED_VALUE"""),"Oscar Bonilla") -> Oscar Bonilla
A160: =A159+1 -> 40 | B160: =IFERROR(__xludf.DUMMYFUNCTION("""COMPUTED_VALUE"""),"Pavan Akkimsetty") -> Pavan Akkimsetty
A161: =A160+1 -> 41 | B161: =IFERROR(__xludf.DUMMYFUNCTION("""COMPUTED_VALUE"""),"Pulkit Mathur") -> Pulkit Mathur
A162: =A161+1 -> 42 | B162: =IFERROR(__xludf.DUMMYFUNCTION("""COMPUTED_VALUE"""),"Rajasekar Ramasamy") -> Rajasekar Ramasamy
A163: =A162+1 -> 43 | B163: =IFERROR(__xludf.DUMMYFUNCTION("""COMPUTED_VALUE"""),"Rajesh Dorairaj") -> Rajesh Dorairaj
A164: =A163+1 -> 44 | B164: =IFERROR(__xludf.DUMMYFUNCTION("""COMPUTED_VALUE"""),"Ramesh Bandaru") -> Ramesh Bandaru
A165: =A164+1 -> 45 | B165: =IFERROR(__xludf.DUMMYFUNCTION("""COMPUTED_VALUE"""),"Robert Chang") -> Robert Chang
A166: =A165+1 -> 46 | B166: =IFERROR(__xludf.DUMMYFUNCTION("""COMPUTED_VALUE"""),"Sandeep Kamalon") -> Sandeep Kamalon
A167: =A166+1 -> 47 | B167: =IFERROR(__xludf.DUMMYFUNCTION("""COMPUTED_VALUE"""),"Sandy Weyant") -> Sandy Weyant
A168: =A167+1 -> 48 | B168: =IFERROR(__xludf.DUMMYFUNCTION("""COMPUTED_VALUE"""),"Sanjaye Elayattu") -> Sanjaye Elayattu
...

Sheet 062125
B1: Standings as of | C1: 45829
B2: Number of Weeks Played | D2: 23 | AB2: =text(C1-7,"mm/dd/yy") -> 06/14/25
C3: Beginning of week | F3: Current Week Scores | N3: End of week | Q3: Jan-Jun 2025 | R3: Jul-Dec 2025
A4: Ranking | B4: Name of Player | C4: Games Won | D4: Sets Won | E4: Games Won / Match | F4: Check IN | G4: Court # | H4: Set 0 | I4: Set 1 | J4: Set 2 | K4: Set 3 | L4: Games Won | M4: Sets Won | N4: Games Won | O4: Sets Won | P4: Waiver | Q4: Fee | R4: Fee | S4: Sit outs | T4: No Shows | U4: Absent | V4: Positions Gained/Lost | W4: Ranking
A5: 1 | B5: Pulkit Mathur | C5: 353 | D5: 45 | E5: =if(($D$2-U5-S5)<>0,(C5-(U5*9)-(S5*13))/($D$2-U5-S5),0) -> 15.454545 | F5: 2 | G5: 1 | H5: 0 | I5: 7 | J5: 5 | K5: 6 | L5: 18 | M5: 2 | N5: =C5+L5 -> 371 | O5: =D5+M5 -> 47 | P5: X | Q5: X | R5: X | S5: =if(H5=13,1,0)+VLOOKUP(B5,indirect($AB$2&"!B:T"),18,false) -> 1 | U5: =if(H5=9,1,0)+VLOOKUP(B5,indirect($AB$2&"!B:U"),20,false) -> 0 | V5: =VLOOKUP(B5,indirect($AB$2&"!B$5:w$70"),22,false)-A5 -> 0 | W5: 1
A6: =A5+1 -> 2 | B6: Ethan Gu | C6: 291 | D6: 27 | E6: =if(($D$2-U6-S6)<>0,(C6-(U6*9)-(S6*13))/($D$2-U6-S6),0) -> 13.421053 | F6: 1 | G6: 1 | H6: 0 | I6: 6 | J6: 7 | K6: 6 | L6: 19 | M6: 2 | N6: =C6+L6 -> 310 | O6: =D6+M6 -> 29 | P6: X | Q6: X | R6: X | S6: =if(H6=13,1,0)+VLOOKUP(B6,indirect($AB$2&"!B:T"),18,false) -> 0 | U6: =if(H6=9,1,0)+VLOOKUP(B6,indirect($AB$2&"!B:U"),20,false) -> 4 | V6: =VLOOKUP(B6,indirect($AB$2&"!B$5:w$70"),22,false)-A6 -> 0 | W6: =W5+1 -> 2
A7: =A6+1 -> 3 | B7: Basudev Thoppai Vidyasankar | C7: 288 | D7: 26 | E7: =if(($D$2-U7-S7)<>0,(C7-(U7*9)-(S7*13))/($D$2-U7-S7),0) -> 14.0625 | F7: 3 | G7: 0 | H7: 9 | I7: 0 | J7: 0 | K7: 0 | L7: 9 | M7: 0 | N7: =C7+L7 -> 297 | O7: =D7+M7 -> 26 | P7: X | Q7: X | R7: X | S7: =if(H7=13,1,0)+VLOOKUP(B7,indirect($AB$2&"!B:T"),18,false) -> 0 | U7: =if(H7=9,1,0)+VLOOKUP(B7,indirect($AB$2&"!B:U"),20,false) -> 7 | V7: =VLOOKUP(B7,indirect($AB$2&"!B$5:w$70"),22,false)-A7 -> 0 | W7: =W6+1 -> 3
A8: =A7+1 -> 4 | B8: Pavan Akkimsetty | C8: 287 | D8: 28 | E8: =if(($D$2-U8-S8)<>0,(C8-(U8*9)-(S8*13))/($D$2-U8-S8),0) -> 14 | F8: 1 | G8: 1 | H8: 0 | I8: 7 | J8: 7 | K8: 2 | L8: 16 | M8: 2 | N8: =C8+L8 -> 303 | O8: =D8+M8 -> 30 | P8: X | Q8: X | R8: X | S8: =if(H8=13,1,0)+VLOOKUP(B8,indirect($AB$2&"!B:T"),18,false) -> 0 | U8: =if(H8=9,1,0)+VLOOKUP(B8,indirect($AB$2&"!B:U"),20,false) -> 7 | V8: =VLOOKUP(B8,indirect($AB$2&"!B$5:w$70"),22,false)-A8 -> 0 | W8: =W7+1 -> 4
A9: =A8+1 -> 5 | B9: Manish Anand | C9: 286 | D9: 22 | E9: =if(($D$2-U9-S9)<>0,(C9-(U9*9)-(S9*13))/($D$2-U9-S9),0) -> 13.6875 | F9: 1 | G9: 1 | H9: 0 | I9: 6 | J9: 5 | K9: 2 | L9: 13 | M9: 0 | N9: =C9+L9 -> 299 | O9: =D9+M9 -> 22 | P9: X | Q9: X | R9: X | S9: =if(H9=13,1,0)+VLOOKUP(B9,indirect($AB$2&"!B:T"),18,false) -> 1 | U9: =if(H9=9,1,0)+VLOOKUP(B9,indirect($AB$2&"!B:U"),20,false) -> 6 | V9: =VLOOKUP(B9,indirect($AB$2&"!B$5:w$70"),22,false)-A9 -> 0 | W9: =W8+1 -> 5
A10: =A9+1 -> 6 | B10: David Shin | C10: 285 | D10: 24 | E10: =if(($D$2-U10-S10)<>0,(C10-(U10*9)-(S10*13))/($D$2-U10-S10),0) -> 13.117647 | F10: 3 | G10: 0 | H10: 9 | I10: 0 | J10: 0 | K10: 0 | L10: 9 | M10: 0 | N10: =C10+L10 -> 294 | O10: =D10+M10 -> 24 | P10: X | Q10: X | R10: X | S10: =if(H10=13,1,0)+VLOOKUP(B10,indirect($AB$2&"!B:T"),18,false) -> 2 | U10: =if(H10=9,1,0)+VLOOKUP(B10,indirect($AB$2&"!B:U"),20,false) -> 4 | V10: =VLOOKUP(B10,indirect($AB$2&"!B$5:w$70"),22,false)-A10 -> 0 | W10: =W9+1 -> 6
A11: =A10+1 -> 7 | B11: Sandeep Kamalon | C11: 283 | D11: 26 | E11: =if(($D$2-U11-S11)<>0,(C11-(U11*9)-(S11*13))/($D$2-U11-S11),0) -> 12.428571 | F11: 1 | G11: 2 | H11: 0 | I11: 6 | J11: 2 | K11: 2 | L11: 10 | M11: 1 | N11: =C11+L11 -> 293 | O11: =D11+M11 -> 27 | P11: X | Q11: X | R11: X | S11: =if(H11=13,1,0)+VLOOKUP(B11,indirect($AB$2&"!B:T"),18,false) -> 1 | U11: =if(H11=9,1,0)+VLOOKUP(B11,indirect($AB$2&"!B:U"),20,false) -> 1 | V11: =VLOOKUP(B11,indirect($AB$2&"!B$5:w$70"),22,false)-A11 -> 0 | W11: =W10+1 -> 7
A12: =A11+1 -> 8 | B12: Jonathan Phan | C12: 283 | D12: 25 | E12: =if(($D$2-U12-S12)<>0,(C12-(U12*9)-(S12*13))/($D$2-U12-S12),0) -> 14.066667 | F12: 1 | G12: 2 | H12: 0 | I12: 6 | J12: 6 | K12: 6 | L12: 18 | M12: 3 | N12: =C12+L12 -> 301 | O12: =D12+M12 -> 28 | P12: X | Q12: X | R12: X | S12: =if(H12=13,1,0)+VLOOKUP(B12,indirect($AB$2&"!B:T"),18,false) -> 0 | U12: =if(H12=9,1,0)+VLOOKUP(B12,indirect($AB$2&"!B:U"),20,false) -> 8 | V12: =VLOOKUP(B12,indirect($AB$2&"!B$5:w$70"),22,false)-A12 -> 6 | W12: =W11+1 -> 8
A13: =A12+1 -> 9 | B13: Scott Li | C13: 283 | D13: 24 | E13: =if(($D$2-U13-S13)<>0,(C13-(U13*9)-(S13*13))/($D$2-U13-S13),0) -> 13.235294 | F13: 3 | G13: 0 | H13: 9 | I13: 0 | J13: 0 | K13: 0 | L13: 9 | M13: 0 | N13: =C13+L13 -> 292 | O13: =D13+M13 -> 24 | P13: X | Q13: X | R13: X | S13: =if(H13=13,1,0)+VLOOKUP(B13,indirect($AB$2&"!B:T"),18,false) -> 1 | U13: =if(H13=9,1,0)+VLOOKUP(B13,indirect($AB$2&"!B:U"),20,false) -> 5 | V13: =VLOOKUP(B13,indirect($AB$2&"!B$5:w$70"),22,false)-A13 -> -1 | W13: =W12+1 -> 9
A14: =A13+1 -> 10 | B14: Joe Luzzi | C14: 282 | D14: 23 | E14: =if(($D$2-U14-S14)<>0,(C14-(U14*9)-(S14*13))/($D$2-U14-S14),0) -> 12.944444 | F14: 3 | G14: 0 | H14: 9 | I14: 0 | J14: 0 | K14: 0 | L14: 9 | M14: 0 | N14: =C14+L14 -> 291 | O14: =D14+M14 -> 23 | P14: X | Q14: X | R14: X | S14: =if(H14=13,1,0)+VLOOKUP(B14,indirect($AB$2&"!B:T"),18,false) -> 1 | U14: =if(H14=9,1,0)+VLOOKUP(B14,indirect($AB$2&"!B:U"),20,false) -> 4 | V14: =VLOOKUP(B14,indirect($AB$2&"!B$5:w$70"),22,false)-A14 -> 7 | W14: =W13+1 -> 10
A15: =A14+1 -> 11 | B15: Susanta Mishra | C15: 278 | D15: 24 | E15: =if(($D$2-U15-S15)<>0,(C15-(U15*9)-(S15*13))/($D$2-U15-S15),0) -> 15.090909 | F15: 1 | G15: 2 | H15: 0 | I15: 2 | J15: 6 | K15: 2 | L15: 10 | M15: 1 | N15: =C15+L15 -> 288 | O15: =D15+M15 -> 25 | P15: X | Q15: X | R15: X | S15: =if(H15=13,1,0)+VLOOKUP(B15,indirect($AB$2&"!B:T"),18,false) -> 1 | U15: =if(H15=9,1,0)+VLOOKUP(B15,indirect($AB$2&"!B:U"),20,false) -> 11 | V15: =VLOOKUP(B15,indirect($AB$2&"!B$5:w$70"),22,false)-A15 -> 13 | W15: =W14+1 -> 11
A16: =A15+1 -> 12 | B16: James Phan | C16: 278 | D16: 22 | E16: =if(($D$2-U16-S16)<>0,(C16-(U16*9)-(S16*13))/($D$2-U16-S16),0) -> 15.7 | F16: 3 | G16: 0 | H16: 9 | I16: 0 | J16: 0 | K16: 0 | L16: 9 | M16: 0 | N16: =C16+L16 -> 287 | O16: =D16+M16 -> 22 | P16: X | Q16: X | R16: X | S16: =if(H16=13,1,0)+VLOOKUP(B16,indirect($AB$2&"!B:T"),18,false) -> 1 | U16: =if(H16=9,1,0)+VLOOKUP(B16,indirect($AB$2&"!B:U"),20,false) -> 12 | V16: =VLOOKUP(B16,indirect($AB$2&"!B$5:w$70"),22,false)-A16 -> -3 | W16: =W15+1 -> 12
A17: =A16+1 -> 13 | B17: Cid Macaraeg | C17: 278 | D17: 22 | E17: =if(($D$2-U17-S17)<>0,(C17-(U17*9)-(S17*13))/($D$2-U17-S17),0) -> 14.583333 | F17: 3 | G17: 0 | H17: 9 | I17: 0 | J17: 0 | K17: 0 | L17: 9 | M17: 0 | N17: =C17+L17 -> 287 | O17: =D17+M17 -> 22 | P17: X | Q17: X | R17: X | S17: =if(H17=13,1,0)+VLOOKUP(B17,indirect($AB$2&"!B:T"),18,false) -> 1 | U17: =if(H17=9,1,0)+VLOOKUP(B17,indirect($AB$2&"!B:U"),20,false) -> 10 | V17: =VLOOKUP(B17,indirect($AB$2&"!B$5:w$70"),22,false)-A17 -> -3 | W17: =W16+1 -> 13
... A21: =A20+1 -> 17 | B21: Troy Wong | C21: 275 | D21: 20 | E21: =if(($D$2-U21-S21)<>0,(C21-(U21*9)-(S21*13))/($D$2-U21-S21),0) -> 15.181818 | F21: 3 | G21: 0 | H21: 9 | I21: 0 | J21: 0 | K21: 0 | L21: 9 | M21: 0 | N21: =C21+L21 -> 284 | O21: =D21+M21 -> 20 | P21: X | Q21: X | R21: X | S21: =if(H21=13,1,0)+VLOOKUP(B21,indirect($AB$2&"!B:T"),18,false) -> 0 | U21: =if(H21=9,1,0)+VLOOKUP(B21,indirect($AB$2&"!B:U"),20,false) -> 12 | V21: =VLOOKUP(B21,indirect($AB$2&"!B$5:w$70"),22,false)-A21 -> -2 | W21: =W20+1 -> 17
A22: =A21+1 -> 18 | B22: Herman Au | C22: 275 | D22: 18 | E22: =if(($D$2-U22-S22)<>0,(C22-(U22*9)-(S22*13))/($D$2-U22-S22),0) -> 13 | F22: 1 | G22: 3 | H22: 0 | I22: 5 | J22: 6 | K22: 3 | L22: 14 | M22: 1 | N22: =C22+L22 -> 289 | O22: =D22+M22 -> 19 | P22: X | Q22: X | S22: =if(H22=13,1,0)+VLOOKUP(B22,indirect($AB$2&"!B:T"),18,false) -> 1 | U22: =if(H22=9,1,0)+VLOOKUP(B22,indirect($AB$2&"!B:U"),20,false) -> 6 | V22: =VLOOKUP(B22,indirect($AB$2&"!B$5:w$70"),22,false)-A22 -> 3 | W22: =W21+1 -> 18
A23: =A22+1 -> 19 | B23: Ted Shen | C23: 274 | D23: 25 | E23: =if(($D$2-U23-S23)<>0,(C23-(U23*9)-(S23*13))/($D$2-U23-S23),0) -> 13.466667 | F23: 3 | G23: 0 | H23: 9 | I23: 0 | J23: 0 | K23: 0 | L23: 9 | M23: 0 | N23: =C23+L23 -> 283 | O23: =D23+M23 -> 25 | P23: X | Q23: X | R23: X | S23: =if(H23=13,1,0)+VLOOKUP(B23,indirect($AB$2&"!B:T"),18,false) -> 0 | U23: =if(H23=9,1,0)+VLOOKUP(B23,indirect($AB$2&"!B:U"),20,false) -> 8 | V23: =VLOOKUP(B23,indirect($AB$2&"!B$5:w$70"),22,false)-A23 -> -3 | W23: =W22+1 -> 19
A24: =A23+1 -> 20 | B24: Tom Le | C24: 272 | D24: 23 | E24: =if(($D$2-U24-S24)<>0,(C24-(U24*9)-(S24*13))/($D$2-U24-S24),0) -> 14.545455 | F24: 3 | G24: 0 | H24: 9 | I24: 0 | J24: 0 | K24: 0 | L24: 9 | M24: 0 | N24: =C24+L24 -> 281 | O24: =D24+M24 -> 23 | P24: X | Q24: X | R24: X | S24: =if(H24=13,1,0)+VLOOKUP(B24,indirect($AB$2&"!B:T"),18,false) -> 1 | U24: =if(H24=9,1,0)+VLOOKUP(B24,indirect($AB$2&"!B:U"),20,false) -> 11 | V24: =VLOOKUP(B24,indirect($AB$2&"!B$5:w$70"),22,false)-A24 -> -2 | W24: =W23+1 -> 20
A25: =A24+1 -> 21 | B25: Erik Hoeckmann | C25: 271 | D25: 23 | E25: =if(($D$2-U25-S25)<>0,(C25-(U25*9)-(S25*13))/($D$2-U25-S25),0) -> 13 | F25: 1 | G25: 3 | H25: 0 | I25: 7 | J25: 6 | K25: 6 | L25: 19 | M25: 3 | N25: =C25+L25 -> 290 | O25: =D25+M25 -> 26 | P25: X | Q25: X | R25: X | S25: =if(H25=13,1,0)+VLOOKUP(B25,indirect($AB$2&"!B:T"),18,false) -> 1 | U25: =if(H25=9,1,0)+VLOOKUP(B25,indirect($AB$2&"!B:U"),20,false) -> 7 | V25: =VLOOKUP(B25,indirect($AB$2&"!B$5:w$70"),22,false)-A25 -> -2 | W25: =W24+1 -> 21
A26: =A25+1 -> 22 | B26: Lam Bui | C26: 271 | D26: 22 | E26: =if(($D$2-U26-S26)<>0,(C26-(U26*9)-(S26*13))/($D$2-U26-S26),0) -> 14.454545 | F26: 3 | G26: 0 | H26: 9 | I26: 0 | J26: 0 | K26: 0 | L26: 9 | M26: 0 | N26: =C26+L26 -> 280 | O26: =D26+M26 -> 22 | P26: X | Q26: X | R26: X | S26: =if(H26=13,1,0)+VLOOKUP(B26,indirect($AB$2&"!B:T"),18,false) -> 1 | U26: =if(H26=9,1,0)+VLOOKUP(B26,indirect($AB$2&"!B:U"),20,false) -> 11 | V26: =VLOOKUP(B26,indirect($AB$2&"!B$5:w$70"),22,false)-A26 -> -2 | W26: =W25+1 -> 22
A27: =A26+1 -> 23 | B27: Adrian Tay | C27: 269 | D27: 23 | E27: =if(($D$2-U27-S27)<>0,(C27-(U27*9)-(S27*13))/($D$2-U27-S27),0) -> 16.75 | F27: 3 | G27: 0 | H27: 9 | I27: 0 | J27: 0 | K27: 0 | L27: 9 | M27: 0 | N27: =C27+L27 -> 278 | O27: =D27+M27 -> 23 | P27: X | Q27: X | R27: X | S27: =if(H27=13,1,0)+VLOOKUP(B27,indirect($AB$2&"!B:T"),18,false) -> 0 | U27: =if(H27=9,1,0)+VLOOKUP(B27,indirect($AB$2&"!B:U"),20,false) -> 15 | V27: =VLOOKUP(B27,indirect($AB$2&"!B$5:w$70"),22,false)-A27 -> 9 | W27: =W26+1 -> 23
A28: =A27+1 -> 24 | B28: Tina Hanson | C28: 269 | D28: 23 | E28: =if(($D$2-U28-S28)<>0,(C28-(U28*9)-(S28*13))/($D$2-U28-S28),0) -> 12.1 | F28: 1 | G28: 3 | H28: 0 | I28: 7 | J28: 4 | K28: 3 | L28: 14 | M28: 1 | N28: =C28+L28 -> 283 | O28: =D28+M28 -> 24 | P28: X | Q28: X | R28: X | S28: =if(H28=13,1,0)+VLOOKUP(B28,indirect($AB$2&"!B:T"),18,false) -> 0 | U28: =if(H28=9,1,0)+VLOOKUP(B28,indirect($AB$2&"!B:U"),20,false) -> 3 | V28: =VLOOKUP(B28,indirect($AB$2&"!B$5:w$70"),22,false)-A28 -> -2 | W28: =W27+1 -> 24
A29: =A28+1 -> 25 | B29: Alejandro Mejia | C29: 269 | D29: 22 | E29: =if(($D$2-U29-S29)<>0,(C29-(U29*9)-(S29*13))/($D$2-U29-S29),0) -> 14.636364 | F29: 3 | G29: 0 | H29: 9 | I29: 0 | J29: 0 | K29: 0 | L29: 9 | M29: 0 | N29: =C29+L29 -> 278 | O29: =D29+M29 -> 22 | P29: X | Q29: X | R29: X | S29: =if(H29=13,1,0)+VLOOKUP(B29,indirect($AB$2&"!B:T"),18,false) -> 0 | U29: =if(H29=9,1,0)+VLOOKUP(B29,indirect($AB$2&"!B:U"),20,false) -> 12 | V29: =VLOOKUP(B29,indirect($AB$2&"!B$5:w$70"),22,false)-A29 -> -2 | W29: =W28+1 -> 25
A30: =A29+1 -> 26 | B30: Alex Hou | C30: 268 | D30: 26 | E30: =if(($D$2-U30-S30)<>0,(C30-(U30*9)-(S30*13))/($D$2-U30-S30),0) -> 11.652174 | F30: 1 | G30: 3 | H30: 0 | I30: 5 | J30: 4 | K30: 6 | L30: 15 | M30: 1 | N30: =C30+L30 -> 283 | O30: =D30+M30 -> 27 | P30: X | Q30: X | R30: X | S30: =if(H30=13,1,0)+VLOOKUP(B30,indirect($AB$2&"!B:T"),18,false) -> 0 | U30: =if(H30=9,1,0)+VLOOKUP(B30,indirect($AB$2&"!B:U"),20,false) -> 0 | V30: =VLOOKUP(B30,indirect($AB$2&"!B$5:w$70"),22,false)-A30 -> -1 | W30: =W29+1 -> 26
A31: =A30+1 -> 27 | B31: Hongyuan Wen | C31: 265 | D31: 22 | E31: =if(($D$2-U31-S31)<>0,(C31-(U31*9)-(S31*13))/($D$2-U31-S31),0) -> 11.842105 | F31: 1 | G31: 4 | H31: 0 | I31: 7 | J31: 4 | K31: 6 | L31: 17 | M31: 2 | N31: =C31+L31 -> 282 | O31: =D31+M31 -> 24 | P31: X | Q31: X | R31: X | S31: =if(H31=13,1,0)+VLOOKUP(B31,indirect($AB$2&"!B:T"),18,false) -> 1 | U31: =if(H31=9,1,0)+VLOOKUP(B31,indirect($AB$2&"!B:U"),20,false) -> 3 | V31: =VLOOKUP(B31,indirect($AB$2&"!B$5:w$70"),22,false)-A31 -> -1 | W31: =W30+1 -> 27
A32: =A31+1 -> 28 | B32: Chinna Ponnaganti | C32: 263 | D32: 21 | E32: =if(($D$2-U32-S32)<>0,(C32-(U32*9)-(S32*13))/($D$2-U32-S32),0) -> 11.75 | F32: 2 | G32: 4 | H32: 0 | I32: 7 | J32: 6 | K32: 4 | L32: 17 | M32: 2 | N32: =C32+L32 -> 280 | O32: =D32+M32 -> 23 | P32: X | Q32: X | R32: X | S32: =if(H32=13,1,0)+VLOOKUP(B32,indirect($AB$2&"!B:T"),18,false) -> 3 | U32: =if(H32=9,1,0)+VLOOKUP(B32,indirect($AB$2&"!B:U"),20,false) -> 4 | V32: =VLOOKUP(B32,indirect($AB$2&"!B$5:w$70"),22,false)-A32 -> -1 | W32: =W31+1 -> 28
A33: =A32+1 -> 29 | B33: Mauricio Palacios | C33: 263 | D33: 19 | E33: =if(($D$2-U33-S33)<>0,(C33-(U33*9)-(S33*13))/($D$2-U33-S33),0) -> 13 | F33: 2 | G33: 4 | H33: 0 | I33: 6 | J33: 6 | K33: 6 | L33: 18 | M33: 2 | N33: =C33+L33 -> 281 | O33: =D33+M33 -> 21 | P33: X | Q33: X | R33: X | S33: =if(H33=13,1,0)+VLOOKUP(B33,indirect($AB$2&"!B:T"),18,false) -> 0 | U33: =if(H33=9,1,0)+VLOOKUP(B33,indirect($AB$2&"!B:U"),20,false) -> 9 | V33: =VLOOKUP(B33,indirect($AB$2&"!B$5:w$70"),22,false)-A33 -> 1 | W33: =W32+1 -> 29
A34: =A33+1 -> 30 | B34: Wayne Liu | C34: 262 | D34: 27 | E34: =if(($D$2-U34-S34)<>0,(C34-(U34*9)-(S34*13))/($D$2-U34-S34),0) -> 11.391304 | F34: 1 | G34: 4 | H34: 0 | I34: 6 | J34: 4 | K34: 4 | L34: 14 | M34: 0 | N34: =C34+L34 -> 276 | O34: =D34+M34 -> 27 | P34: X | Q34: X | R34: X | S34: =if(H34=13,1,0)+VLOOKUP(B34,indirect($AB$2&"!B:T"),18,false) -> 0 | U34: =if(H34=9,1,0)+VLOOKUP(B34,indirect($AB$2&"!B:U"),20,false) -> 0 | V34: =VLOOKUP(B34,indirect($AB$2&"!B$5:w$70"),22,false)-A34 -> 1 | W34: =W33+1 -> 30
... A69: =A68+1 -> 65 | B69: Barathi Sundaram | C69: 183 | D69: 3 | E69: =if(($D$2-U69-S69)<>0,(C69-(U69*9)-(S69*13))/($D$2-U69-S69),0) -> 6.3333333 | F69: 1 | G69: 8 | H69: 0 | I69: 2 | J69: 0 | K69: 2 | L69: 4 | M69: 0 | N69: =C69+L69 -> 187 | O69: =D69+M69 -> 3 | P69: X | Q69: X | R69: X | S69: =if(H69=13,1,0)+VLOOKUP(B69,indirect($AB$2&"!B:T"),18,false) -> 0 | U69: =if(H69=9,1,0)+VLOOKUP(B69,indirect($AB$2&"!B:U"),20,false) -> 14 | V69: =VLOOKUP(B69,indirect($AB$2&"!B$5:w$70"),22,false)-A69 -> 0 | W69: =W68+1 -> 65
P74: Renewed | R74: =COUNTIF(R5:R69,"X") -> 63 | S74: =R74/R78 -> 0.96923077
P75: Not Renewing | R75: =countif(R5:R69,"N") -> 1
B76: Top Scores | C76: Games | D76: Sets | E76: Court # | P76: New Members | R76: 1
B77: =IFERROR(__xludf.DUMMYFUNCTION("QUERY(B5:M69,""Select B, L, M, G where L >= 18 order by L desc,M desc"",0)"),"Erik Hoeckmann") -> Erik Hoeckmann | C77: =IFERROR(__xludf.DUMMYFUNCTION("""COMPUTED_VALUE"""),19.0) -> 19 | D77: =IFERROR(__xludf.DUMMYFUNCTION("""COMPUTED_VALUE"""),3.0) -> 3 | E77: =IFERROR(__xludf.DUMMYFUNCTION("""COMPUTED_VALUE"""),3.0) -> 3 | P77: To Renew | R77: =countif(R5:R69,"") -> 1
B78: =IFERROR(__xludf.DUMMYFUNCTION("""COMPUTED_VALUE"""),"Ethan Gu") -> Ethan Gu | C78: =IFERROR(__xludf.DUMMYFUNCTION("""COMPUTED_VALUE"""),19.0) -> 19 | D78: =IFERROR(__xludf.DUMMYFUNCTION("""COMPUTED_VALUE"""),2.0) -> 2 | E78: =IFERROR(__xludf.DUMMYFUNCTION("""COMPUTED_VALUE"""),1.0) -> 1 | P78: Total | R78: =sum(R74:R77)-R76 -> 65
B79: =IFERROR(__xludf.DUMMYFUNCTION("""COMPUTED_VALUE"""),"Jonathan Phan") -> Jonathan Phan | C79: =IFERROR(__xludf.DUMMYFUNCTION("""COMPUTED_VALUE"""),18.0) -> 18 | D79: =IFERROR(__xludf.DUMMYFUNCTION("""COMPUTED_VALUE"""),3.0) -> 3 | E79: =IFERROR(__xludf.DUMMYFUNCTION("""COMPUTED_VALUE"""),2.0) -> 2
B80: =IFERROR(__xludf.DUMMYFUNCTION("""COMPUTED_VALUE"""),"Pulkit Mathur") -> Pulkit Mathur | C80: =IFERROR(__xludf.DUMMYFUNCTION("""COMPUTED_VALUE"""),18.0) -> 18 | D80: =IFERROR(__xludf.DUMMYFUNCTION("""COMPUTED_VALUE"""),2.0) -> 2 | E80: =IFERROR(__xludf.DUMMYFUNCTION("""COMPUTED_VALUE"""),1.0) -> 1
B81: =IFERROR(__xludf.DUMMYFUNCTION("""COMPUTED_VALUE"""),"Mauricio Palacios") -> Mauricio Palacios | C81: =IFERROR(__xludf.DUMMYFUNCTION("""COMPUTED_VALUE"""),18.0) -> 18 | D81: =IFERROR(__xludf.DUMMYFUNCTION("""COMPUTED_VALUE"""),2.0) -> 2 | E81: =IFERROR(__xludf.DUMMYFUNCTION("""COMPUTED_VALUE"""),4.0) -> 4
B90: Top 10 Movements (UP) | C90: Positions Moved | D90: Position Last week | E90: Position This week | F90: Points this week | G90: Court | L90: Cross Check
B91: =IFERROR(__xludf.DUMMYFUNCTION("query(B5:V69,""select B, V order by V Desc Limit 10"")"),"Susanta Mishra") -> Susanta Mishra | C91: =IFERROR(__xludf.DUMMYFUNCTION("""COMPUTED_VALUE"""),13.0) -> 13 | D91: =VLOOKUP(B91,indirect($AB$2&"!B$5:w$70"),22, false) -> 24 | E91: =VLOOKUP(B91,B$5:W$69,22, false) -> 11 | F91: =VLOOKUP(B91,indirect($AB$2&"!B$5:U$70"),11, false) -> 18 | G91: =VLOOKUP(B91,indirect($AB$2&"!B$5:U$70"),6, false) -> 3 | L91: =if(D91-E91=C91,"ok","Error") -> ok
B92: =IFERROR(__xludf.DUMMYFUNCTION("""COMPUTED_VALUE"""),"Adrian Tay") -> Adrian Tay | C92: =IFERROR(__xludf.DUMMYFUNCTION("""COMPUTED_VALUE"""),9.0) -> 9 | D92: =VLOOKUP(B92,indirect($AB$2&"!B$5:w$70"),22, false) -> 32 | E92: =VLOOKUP(B92,B$5:W$69,22, false) -> 23 | F92: =VLOOKUP(B92,indirect($AB$2&"!B$5:U$70"),11, false) -> 18 | G92: =VLOOKUP(B92,indirect($AB$2&"!B$5:U$70"),6, false) -> 4 | L92: =if(D92-E92=C92,"ok","Error") -> ok
B93: =IFERROR(__xludf.DUMMYFUNCTION("""COMPUTED_VALUE"""),"Nicole Ni") -> Nicole Ni | C93: =IFERROR(__xludf.DUMMYFUNCTION("""COMPUTED_VALUE"""),8.0) -> 8 | D93: =VLOOKUP(B93,indirect($AB$2&"!B$5:w$70"),22, false) -> 47 | E93: =VLOOKUP(B93,B$5:W$69,22, false) -> 39 | F93: =VLOOKUP(B93,indirect($AB$2&"!B$5:U$70"),11, false) -> 18 | G93: =VLOOKUP(B93,indirect($AB$2&"!B$5:U$70"),6, false) -> 6 | L93: =if(D93-E93=C93,"ok","Error") -> ok
B94: =IFERROR(__xludf.DUMMYFUNCTION("""COMPUTED_VALUE"""),"Joe Luzzi") -> Joe Luzzi | C94: =IFERROR(__xludf.DUMMYFUNCTION("""COMPUTED_VALUE"""),7.0) -> 7 | D94: =VLOOKUP(B94,indirect($AB$2&"!B$5:w$70"),22, false) -> 17 | E94: =VLOOKUP(B94,B$5:W$69,22, false) -> 10 | F94: =VLOOKUP(B94,indirect($AB$2&"!B$5:U$70"),11, false) -> 17 | G94: =VLOOKUP(B94,indirect($AB$2&"!B$5:U$70"),6, false) -> 2 | L94: =if(D94-E94=C94,"ok","Error") -> ok
B95: =IFERROR(__xludf.DUMMYFUNCTION("""COMPUTED_VALUE"""),"Jonathan Phan") -> Jonathan Phan | C95: =IFERROR(__xludf.DUMMYFUNCTION("""COMPUTED_VALUE"""),6.0) -> 6 | D95: =VLOOKUP(B95,indirect($AB$2&"!B$5:w$70"),22, false) -> 14 | E95: =VLOOKUP(B95,B$5:W$69,22, false) -> 8 | F95: =VLOOKUP(B95,indirect($AB$2&"!B$5:U$70"),11, false) -> 17 | G95: =VLOOKUP(B95,indirect($AB$2&"!B$5:U$70"),6, false) -> 2 | L95: =if(D95-E95=C95,"ok","Error") -> ok
B96: =IFERROR(__xludf.DUMMYFUNCTION("""COMPUTED_VALUE"""),"Frank Moon") -> Frank Moon | C96: =IFERROR(__xludf.DUMMYFUNCTION("""COMPUTED_VALUE"""),4.0) -> 4 | D96: =VLOOKUP(B96,indirect($AB$2&"!B$5:w$70"),22, false) -> 63 | E96: =VLOOKUP(B96,B$5:W$69,22, false) -> 59 | F96: =VLOOKUP(B96,indirect($AB$2&"!B$5:U$70"),11, false) -> 17 | G96: =VLOOKUP(B96,indirect($AB$2&"!B$5:U$70"),6, false) -> 7 | L96: =if(D96-E96=C96,"ok","Error") -> ok
B97: =IFERROR(__xludf.DUMMYFUNCTION("""COMPUTED_VALUE"""),"Herman Au") -> Herman Au | C97: =IFERROR(__xludf.DUMMYFUNCTION("""COMPUTED_VALUE"""),3.0) -> 3 | D97: =VLOOKUP(B97,indirect($AB$2&"!B$5:w$70"),22, false) -> 21 | E97: =VLOOKUP(B97,B$5:W$69,22, false) -> 18 | F97: =VLOOKUP(B97,indirect($AB$2&"!B$5:U$70"),11, false) -> 14 | G97: =VLOOKUP(B97,indirect($AB$2&"!B$5:U$70"),6, false) -> 2 | L97: =if(D97-E97=C97,"ok","Error") -> ok
B98: =IFERROR(__xludf.DUMMYFUNCTION("""COMPUTED_VALUE"""),"Andrew Wen") -> Andrew Wen | C98: =IFERROR(__xludf.DUMMYFUNCTION("""COMPUTED_VALUE"""),2.0) -> 2 | D98: =VLOOKUP(B98,indirect($AB$2&"!B$5:w$70"),22, false) -> 39 | E98: =VLOOKUP(B98,B$5:W$69,22, false) -> 37 | F98: =VLOOKUP(B98,indirect($AB$2&"!B$5:U$70"),11, false) -> 12 | G98: =VLOOKUP(B98,indirect($AB$2&"!B$5:U$70"),6, false) -> 6 | L98: =if(D98-E98=C98,"ok","Error") -> ok
B99: =IFERROR(__xludf.DUMMYFUNCTION("""COMPUTED_VALUE"""),"Santosh Sundaresan ") -> Santosh Sundaresan | C99: =IFERROR(__xludf.DUMMYFUNCTION("""COMPUTED_VALUE"""),2.0) -> 2 | D99: =VLOOKUP(B99,indirect($AB$2&"!B$5:w$70"),22, false) -> 57 | E99: =VLOOKUP(B99,B$5:W$69,22, false) -> 55 | F99: =VLOOKUP(B99,indirect($AB$2&"!B$5:U$70"),11, false) -> 17 | G99: =VLOOKUP(B99,indirect($AB$2&"!B$5:U$70"),6, false) -> 7 | L99: =if(D99-E99=C99,"ok","Error") -> ok
B100: =IFERROR(__xludf.DUMMYFUNCTION("""COMPUTED_VALUE"""),"Mauricio Palacios") -> Mauricio Palacios | C100: =IFERROR(__xludf.DUMMYFUNCTION("""COMPUTED_VALUE"""),1.0) -> 1 | D100: =VLOOKUP(B100,indirect($AB$2&"!B$5:w$70"),22, false) -> 30 | E100: =VLOOKUP(B100,B$5:W$69,22, false) -> 29 | F100: =VLOOKUP(B100,indirect($AB$2&"!B$5:U$70"),11, false) -> 11 | G100: =VLOOKUP(B100,indirect($AB$2&"!B$5:U$70"),6, false) -> 4 | L100: =if(D100-E100=C100,"ok","Error") -> ok
B103: Top 10 Movements (Down) | C103: Positions | D103: Position Last week | E103: Position This week | F103: Points this week | G103: Court | L103: Cross Check
B104: =IFERROR(__xludf.DUMMYFUNCTION("query(B5:V69,""select B, V order by V asc Limit 10"")"),"Vinaya Kajla") -> Vinaya Kajla | C104: =IFERROR(__xludf.DUMMYFUNCTION("""COMPUTED_VALUE"""),-9.0) -> -9 | D104: =VLOOKUP(B104,indirect($AB$2&"!B$5:w$70"),22, false) -> 38 | E104: =VLOOKUP(B104,B$5:W$69,22, false) -> 47 | F104: =VLOOKUP(B104,indirect($AB$2&"!B$5:U$70"),11, false) -> 0 | G104: =VLOOKUP(B104,indirect($AB$2&"!B$5:U$70"),6, false) -> 5 | L104: =if(D104-E104=C104,"ok","Error") -> ok
B105: =IFERROR(__xludf.DUMMYFUNCTION("""COMPUTED_VALUE"""),"Sean Chang") -> Sean Chang | C105: =IFERROR(__xludf.DUMMYFUNCTION("""COMPUTED_VALUE"""),-4.0) -> -4 | D105: =VLOOKUP(B105,indirect($AB$2&"!B$5:w$70"),22, false) -> 28 | E105: =VLOOKUP(B105,B$5:W$69,22, false) -> 32 | F105: =VLOOKUP(B105,indirect($AB$2&"!B$5:U$70"),11, false) -> 9 | G105: =VLOOKUP(B105,indirect($AB$2&"!B$5:U$70"),6, false) -> 0 | L105: =if(D105-E105=C105,"ok","Error") -> ok
B106: =IFERROR(__xludf.DUMMYFUNCTION("""COMPUTED_VALUE"""),"James Phan") -> James Phan | C106: =IFERROR(__xludf.DUMMYFUNCTION("""COMPUTED_VALUE"""),-3.0) -> -3 | D106: =VLOOKUP(B106,indirect($AB$2&"!B$5:w$70"),22, false) -> 9 | E106: =VLOOKUP(B106,B$5:W$69,22, false) -> 12 | F106: =VLOOKUP(B106,indirect($AB$2&"!B$5:U$70"),11, false) -> 9 | G106: =VLOOKUP(B106,indirect($AB$2&"!B$5:U$70"),6, false) -> 0 | L106: =if(D106-E106=C106,"ok","Error") -> ok
B107: =IFERROR(__xludf.DUMMYFUNCTION("""COMPUTED_VALUE"""),"Cid Macaraeg") -> Cid Macaraeg | C107: =IFERROR(__xludf.DUMMYFUNCTION("""COMPUTED_VALUE"""),-3.0) -> -3 | D107: =VLOOKUP(B107,indirect($AB$2&"!B$5:w$70"),22, false) -> 10 | E107: =VLOOKUP(B107,B$5:W$69,22, false) -> 13 | F107: =VLOOKUP(B107,indirect($AB$2&"!B$5:U$70"),11, false) -> 9 | G107: =VLOOKUP(B107,indirect($AB$2&"!B$5:U$70"),6, false) -> 0 | L107: =if(D107-E107=C107,"ok","Error") -> ok
B108: =IFERROR(__xludf.DUMMYFUNCTION("""COMPUTED_VALUE"""),"Robert Chang") -> Robert Chang | C108: =IFERROR(__xludf.DUMMYFUNCTION("""COMPUTED_VALUE"""),-3.0) -> -3 | D108: =VLOOKUP(B108,indirect($AB$2&"!B$5:w$70"),22, false) -> 11 | E108: =VLOOKUP(B108,B$5:W$69,22, false) -> 14 | F108: =VLOOKUP(B108,indirect($AB$2&"!B$5:U$70"),11, false) -> 9 | G108: =VLOOKUP(B108,indirect($AB$2&"!B$5:U$70"),6, false) -> 0 | L108: =if(D108-E108=C108,"ok","Error") -> ok
B109: =IFERROR(__xludf.DUMMYFUNCTION("""COMPUTED_VALUE"""),"Oscar Bonilla") -> Oscar Bonilla | C109: =IFERROR(__xludf.DUMMYFUNCTION("""COMPUTED_VALUE"""),-3.0) -> -3 | D109: =VLOOKUP(B109,indirect($AB$2&"!B$5:w$70"),22, false) -> 12 | E109: =VLOOKUP(B109,B$5:W$69,22, false) -> 15 | F109: =VLOOKUP(B109,indirect($AB$2&"!B$5:U$70"),11, false) -> 10 | G109: =VLOOKUP(B109,indirect($AB$2&"!B$5:U$70"),6, false) -> 2 | L109: =if(D109-E109=C109,"ok","Error") -> ok
B110: =IFERROR(__xludf.DUMMYFUNCTION("""COMPUTED_VALUE"""),"Lloyd Sagar") -> Lloyd Sagar | C110: =IFERROR(__xludf.DUMMYFUNCTION("""COMPUTED_VALUE"""),-3.0) -> -3 | D110: =VLOOKUP(B110,indirect($AB$2&"!B$5:w$70"),22, false) -> 13 | E110: =VLOOKUP(B110,B$5:W$69,22, false) -> 16 | F110: =VLOOKUP(B110,indirect($AB$2&"!B$5:U$70"),11, false) -> 9 | G110: =VLOOKUP(B110,indirect($AB$2&"!B$5:U$70"),6, false) -> 0 | L110: =if(D110-E110=C110,"ok","Error") -> ok
B111: =IFERROR(__xludf.DUMMYFUNCTION("""COMPUTED_VALUE"""),"Ted Shen") -> Ted Shen | C111: =IFERROR(__xludf.DUMMYFUNCTION("""COMPUTED_VALUE"""),-3.0) -> -3 | D111: =VLOOKUP(B111,indirect($AB$2&"!B$5:w$70"),22, false) -> 16 | E111: =VLOOKUP(B111,B$5:W$69,22, false) -> 19 | F111: =VLOOKUP(B111,indirect($AB$2&"!B$5:U$70"),11, false) -> 9 | G111: =VLOOKUP(B111,indirect($AB$2&"!B$5:U$70"),6, false) -> 0 | L111: =if(D111-E111=C111,"ok","Error") -> ok
B112: =IFERROR(__xludf.DUMMYFUNCTION("""COMPUTED_VALUE"""),"Troy Wong") -> Troy Wong | C112: =IFERROR(__xludf.DUMMYFUNCTION("""COMPUTED_VALUE"""),-2.0) -> -2 | D112: =VLOOKUP(B112,indirect($AB$2&"!B$5:w$70"),22, false) -> 15 | E112: =VLOOKUP(B112,B$5:W$69,22, false) -> 17 | F112: =VLOOKUP(B112,indirect($AB$2&"!B$5:U$70"),11, false) -> 9 | G112: =VLOOKUP(B112,indirect($AB$2&"!B$5:U$70"),6, false) -> 0 | L112: =if(D112-E112=C112,"ok","Error") -> ok
B113: =IFERROR(__xludf.DUMMYFUNCTION("""COMPUTED_VALUE"""),"Tom Le") -> Tom Le | C113: =IFERROR(__xludf.DUMMYFUNCTION("""COMPUTED_VALUE"""),-2.0) -> -2 | D113: =VLOOKUP(B113,indirect($AB$2&"!B$5:w$70"),22, false) -> 18 | E113: =VLOOKUP(B113,B$5:W$69,22, false) -> 20 | F113: =VLOOKUP(B113,indirect($AB$2&"!B$5:U$70"),11, false) -> 9 | G113: =VLOOKUP(B113,indirect($AB$2&"!B$5:U$70"),6, false) -> 0 | L113: =if(D113-E113=C113,"ok","Error") -> ok
A119: Renewals for July-December 2025
B120: Members Renewed | C120: Members to Renew | F120: Members Not Renewing | I120: New Members Joined/invited*
A121: 1 | B121: =IFERROR(__xludf.DUMMYFUNCTION("query(B5:V69,""select B where R = 'X' order by B asc"")"),"Adrian Tay") -> Adrian Tay | C121: =IFERROR(__xludf.DUMMYFUNCTION("query(B5:V69,""select B where R = '' order by B asc"")"),"Herman Au") -> Herman Au | F121: =IFERROR(__xludf.DUMMYFUNCTION("query(B5:V69,""select B where R = 'N' order by B asc"")"),"Trinath Goteti") -> Trinath Goteti | I121: Darren Wong
A122: =A121+1 -> 2 | B122: =IFERROR(__xludf.DUMMYFUNCTION("""COMPUTED_VALUE"""),"Alejandro Mejia") -> Alejandro Mejia
A123: =A122+1 -> 3 | B123: =IFERROR(__xludf.DUMMYFUNCTION("""COMPUTED_VALUE"""),"Alex Hou") -> Alex Hou
A124: =A123+1 -> 4 | B124: =IFERROR(__xludf.DUMMYFUNCTION("""COMPUTED_VALUE"""),"Allen Zhang") -> Allen Zhang
A125: =A124+1 -> 5 | B125: =IFERROR(__xludf.DUMMYFUNCTION("""COMPUTED_VALUE"""),"Andrew Wen") -> Andrew Wen
A126: =A125+1 -> 6 | B126: =IFERROR(__xludf.DUMMYFUNCTION("""COMPUTED_VALUE"""),"Balaji Alahari") -> Balaji Alahari
A127: =A126+1 -> 7 | B127: =IFERROR(__xludf.DUMMYFUNCTION("""COMPUTED_VALUE"""),"Barathi Sundaram") -> Barathi Sundaram
A128: =A127+1 -> 8 | B128: =IFERROR(__xludf.DUMMYFUNCTION("""COMPUTED_VALUE"""),"Basudev Thoppai Vidyasankar") -> Basudev Thoppai Vidyasankar
A129: =A128+1 -> 9 | B129: =IFERROR(__xludf.DUMMYFUNCTION("""COMPUTED_VALUE"""),"Chinna Ponnaganti") -> Chinna Ponnaganti
A130: =A129+1 -> 10 | B130: =IFERROR(__xludf.DUMMYFUNCTION("""COMPUTED_VALUE"""),"Cid Macaraeg") -> Cid Macaraeg
A131: =A130+1 -> 11 | B131: =IFERROR(__xludf.DUMMYFUNCTION("""COMPUTED_VALUE"""),"Coco Yan") -> Coco Yan
A132: =A131+1 -> 12 | B132: =IFERROR(__xludf.DUMMYFUNCTION("""COMPUTED_VALUE"""),"David Shin") -> David Shin
A133: =A132+1 -> 13 | B133: =IFERROR(__xludf.DUMMYFUNCTION("""COMPUTED_VALUE"""),"Elayaraja Thangaraj ") -> Elayaraja Thangaraj
A134: =A133+1 -> 14 | B134: =IFERROR(__xludf.DUMMYFUNCTION("""COMPUTED_VALUE"""),"Eric Pan") -> Eric Pan
A135: =A134+1 -> 15 | B135: =IFERROR(__xludf.DUMMYFUNCTION("""COMPUTED_VALUE"""),"Eric Tan") -> Eric Tan
A136: =A135+1 -> 16 | B136: =IFERROR(__xludf.DUMMYFUNCTION("""COMPUTED_VALUE"""),"Erik Hoeckmann") -> Erik Hoeckmann
A137: =A136+1 -> 17 | B137: =IFERROR(__xludf.DUMMYFUNCTION("""COMPUTED_VALUE"""),"Ethan Gu") -> Ethan Gu
A138: =A137+1 -> 18 | B138: =IFERROR(__xludf.DUMMYFUNCTION("""COMPUTED_VALUE"""),"Frank Moon") -> Frank Moon
A139: =A138+1 -> 19 | B139: =IFERROR(__xludf.DUMMYFUNCTION("""COMPUTED_VALUE"""),"Hongyuan Wen") -> Hongyuan Wen
A140: =A139+1 -> 20 | B140: =IFERROR(__xludf.DUMMYFUNCTION("""COMPUTED_VALUE"""),"Hubert J Sung") -> Hubert J Sung
A141: =A140+1 -> 21 | B141: =IFERROR(__xludf.DUMMYFUNCTION("""COMPUTED_VALUE"""),"James Phan") -> James Phan
A142: =A141+1 -> 22 | B142: =IFERROR(__xludf.DUMMYFUNCTION("""COMPUTED_VALUE"""),"Jim Miao") -> Jim Miao
A143: =A142+1 -> 23 | B143: =IFERROR(__xludf.DUMMYFUNCTION("""COMPUTED_VALUE"""),"Jimmy Awolesi") -> Jimmy Awolesi
A144: =A143+1 -> 24 | B144: =IFERROR(__xludf.DUMMYFUNCTION("""COMPUTED_VALUE"""),"Joe Luzzi") -> Joe Luzzi
A145: =A144+1 -> 25 | B145: =IFERROR(__xludf.DUMMYFUNCTION("""COMPUTED_VALUE"""),"Jonathan Phan") -> Jonathan Phan
A146: =A145+1 -> 26 | B146: =IFERROR(__xludf.DUMMYFUNCTION("""COMPUTED_VALUE"""),"Joyce Zhu") -> Joyce Zhu
A147: =A146+1 -> 27 | B147: =IFERROR(__xludf.DUMMYFUNCTION("""COMPUTED_VALUE"""),"Kumar Palakeel") -> Kumar Palakeel
A148: =A147+1 -> 28 | B148: =IFERROR(__xludf.DUMMYFUNCTION("""COMPUTED_VALUE"""),"Lam Bui") -> Lam Bui
A149: =A148+1 -> 29 | B149: =IFERROR(__xludf.DUMMYFUNCTION("""COMPUTED_VALUE"""),"Leigh-Anh Nguyen") -> Leigh-Anh Nguyen
A150: =A149+1 -> 30 | B150: =IFERROR(__xludf.DUMMYFUNCTION("""COMPUTED_VALUE"""),"Lloyd Sagar") -> Lloyd Sagar
A151: =A150+1 -> 31 | B151: =IFERROR(__xludf.DUMMYFUNCTION("""COMPUTED_VALUE"""),"Luis Hsu") -> Luis Hsu
A152: =A151+1 -> 32 | B152: =IFERROR(__xludf.DUMMYFUNCTION("""COMPUTED_VALUE"""),"Manish Anand") -> Manish Anand
A153: =A152+1 -> 33 | B153: =IFERROR(__xludf.DUMMYFUNCTION("""COMPUTED_VALUE"""),"Manuel Rivera") -> Manuel Rivera
A154: =A153+1 -> 34 | B154: =IFERROR(__xludf.DUMMYFUNCTION("""COMPUTED_VALUE"""),"Matthew Huang") -> Matthew Huang
A155: =A154+1 -> 35 | B155: =IFERROR(__xludf.DUMMYFUNCTION("""COMPUTED_VALUE"""),"Mauricio Palacios") -> Mauricio Palacios
A156: =A155+1 -> 36 | B156: =IFERROR(__xludf.DUMMYFUNCTION("""COMPUTED_VALUE"""),"Naveen Raj") -> Naveen Raj
...

Sheet 061425
B1: Standings as of | C1: 45822
B2: Number of Weeks Played | D2: 22 | AB2: =text(C1-7,"mm/dd/yy") -> 06/07/25
C3: Beginning of week | F3: Current Week Scores | N3: End of week | Q3: Jan-Jun 2025 | R3: Jul-Dec 2025
A4: Ranking | B4: Name of Player | C4: Games Won | D4: Sets Won | E4: Games Won / Match | F4: Check IN | G4: Court # | H4: Set 0 | I4: Set 1 | J4: Set 2 | K4: Set 3 | L4: Games Won | M4: Sets Won | N4: Games Won | O4: Sets Won | P4: Waiver | Q4: Fee | R4: Fee | S4: Sit outs | T4: No Shows | U4: Absent | V4: Positions Gained/Lost | W4: Ranking
A5: 1 | B5: Pulkit Mathur | C5: 335 | D5: 42 | E5: =if(($D$2-U5-S5)<>0,(C5-(U5*9)-(S5*13))/($D$2-U5-S5),0) -> 15.333333 | F5: 2 | G5: 1 | H5: 0 | I5: 6 | J5: 6 | K5: 6 | L5: 18 | M5: 3 | N5: =C5+L5 -> 353 | O5: =D5+M5 -> 45 | P5: X | Q5: X | R5: X | S5: =if(H5=13,1,0)+VLOOKUP(B5,indirect($AB$2&"!B:T"),18,false) -> 1 | U5: =if(H5=9,1,0)+VLOOKUP(B5,indirect($AB$2&"!B:U"),20,false) -> 0 | V5: =VLOOKUP(B5,indirect($AB$2&"!B$5:w$70"),22,false)-A5 -> 0 | W5: 1
A6: =A5+1 -> 2 | B6: Ethan Gu | C6: 280 | D6: 26 | E6: =if(($D$2-U6-S6)<>0,(C6-(U6*9)-(S6*13))/($D$2-U6-S6),0) -> 13.555556 | F6: 1 | G6: 1 | H6: 0 | I6: 3 | J6: 2 | K6: 6 | L6: 11 | M6: 1 | N6: =C6+L6 -> 291 | O6: =D6+M6 -> 27 | P6: X | Q6: X | R6: X | S6: =if(H6=13,1,0)+VLOOKUP(B6,indirect($AB$2&"!B:T"),18,false) -> 0 | U6: =if(H6=9,1,0)+VLOOKUP(B6,indirect($AB$2&"!B:U"),20,false) -> 4 | V6: =VLOOKUP(B6,indirect($AB$2&"!B$5:w$70"),22,false)-A6 -> 3 | W6: =W5+1 -> 2
A7: =A6+1 -> 3 | B7: Basudev Thoppai Vidyasankar | C7: 279 | D7: 26 | E7: =if(($D$2-U7-S7)<>0,(C7-(U7*9)-(S7*13))/($D$2-U7-S7),0) -> 14.0625 | F7: 3 | G7: 0 | H7: 9 | I7: 0 | J7: 0 | K7: 0 | L7: 9 | M7: 0 | N7: =C7+L7 -> 288 | O7: =D7+M7 -> 26 | P7: X | Q7: X | R7: X | S7: =if(H7=13,1,0)+VLOOKUP(B7,indirect($AB$2&"!B:T"),18,false) -> 0 | U7: =if(H7=9,1,0)+VLOOKUP(B7,indirect($AB$2&"!B:U"),20,false) -> 6 | V7: =VLOOKUP(B7,indirect($AB$2&"!B$5:w$70"),22,false)-A7 -> 3 | W7: =W6+1 -> 3
A8: =A7+1 -> 4 | B8: Pavan Akkimsetty | C8: 278 | D8: 28 | E8: =if(($D$2-U8-S8)<>0,(C8-(U8*9)-(S8*13))/($D$2-U8-S8),0) -> 14.333333 | F8: 3 | G8: 0 | H8: 9 | I8: 0 | J8: 0 | K8: 0 | L8: 9 | M8: 0 | N8: =C8+L8 -> 287 | O8: =D8+M8 -> 28 | P8: X | Q8: X | R8: X | S8: =if(H8=13,1,0)+VLOOKUP(B8,indirect($AB$2&"!B:T"),18,false) -> 0 | U8: =if(H8=9,1,0)+VLOOKUP(B8,indirect($AB$2&"!B:U"),20,false) -> 7 | V8: =VLOOKUP(B8,indirect($AB$2&"!B$5:w$70"),22,false)-A8 -> -1 | W8: =W7+1 -> 4
A9: =A8+1 -> 5 | B9: Manish Anand | C9: 277 | D9: 22 | E9: =if(($D$2-U9-S9)<>0,(C9-(U9*9)-(S9*13))/($D$2-U9-S9),0) -> 14 | F9: 3 | G9: 0 | H9: 9 | I9: 0 | J9: 0 | K9: 0 | L9: 9 | M9: 0 | N9: =C9+L9 -> 286 | O9: =D9+M9 -> 22 | P9: X | Q9: X | R9: X | S9: =if(H9=13,1,0)+VLOOKUP(B9,indirect($AB$2&"!B:T"),18,false) -> 1 | U9: =if(H9=9,1,0)+VLOOKUP(B9,indirect($AB$2&"!B:U"),20,false) -> 6 | V9: =VLOOKUP(B9,indirect($AB$2&"!B$5:w$70"),22,false)-A9 -> -3 | W9: =W8+1 -> 5
A10: =A9+1 -> 6 | B10: David Shin | C10: 276 | D10: 24 | E10: =if(($D$2-U10-S10)<>0,(C10-(U10*9)-(S10*13))/($D$2-U10-S10),0) -> 13.117647 | F10: 3 | G10: 0 | H10: 9 | I10: 0 | J10: 0 | K10: 0 | L10: 9 | M10: 0 | N10: =C10+L10 -> 285 | O10: =D10+M10 -> 24 | P10: X | Q10: X | R10: X | S10: =if(H10=13,1,0)+VLOOKUP(B10,indirect($AB$2&"!B:T"),18,false) -> 2 | U10: =if(H10=9,1,0)+VLOOKUP(B10,indirect($AB$2&"!B:U"),20,false) -> 3 | V10: =VLOOKUP(B10,indirect($AB$2&"!B$5:w$70"),22,false)-A10 -> -2 | W10: =W9+1 -> 6
A11: =A10+1 -> 7 | B11: Sandeep Kamalon | C11: 272 | D11: 25 | E11: =if(($D$2-U11-S11)<>0,(C11-(U11*9)-(S11*13))/($D$2-U11-S11),0) -> 12.5 | F11: 1 | G11: 1 | H11: 0 | I11: 6 | J11: 2 | K11: 3 | L11: 11 | M11: 1 | N11: =C11+L11 -> 283 | O11: =D11+M11 -> 26 | P11: X | Q11: X | R11: X | S11: =if(H11=13,1,0)+VLOOKUP(B11,indirect($AB$2&"!B:T"),18,false) -> 1 | U11: =if(H11=9,1,0)+VLOOKUP(B11,indirect($AB$2&"!B:U"),20,false) -> 1 | V11: =VLOOKUP(B11,indirect($AB$2&"!B$5:w$70"),22,false)-A11 -> 0 | W11: =W10+1 -> 7
A12: =A11+1 -> 8 | B12: Scott Li | C12: 271 | D12: 23 | E12: =if(($D$2-U12-S12)<>0,(C12-(U12*9)-(S12*13))/($D$2-U12-S12),0) -> 13.058824 | F12: 1 | G12: 1 | H12: 0 | I12: 3 | J12: 6 | K12: 3 | L12: 12 | M12: 1 | N12: =C12+L12 -> 283 | O12: =D12+M12 -> 24 | P12: X | Q12: X | R12: X | S12: =if(H12=13,1,0)+VLOOKUP(B12,indirect($AB$2&"!B:T"),18,false) -> 1 | U12: =if(H12=9,1,0)+VLOOKUP(B12,indirect($AB$2&"!B:U"),20,false) -> 4 | V12: =VLOOKUP(B12,indirect($AB$2&"!B$5:w$70"),22,false)-A12 -> 10 | W12: =W11+1 -> 8
A13: =A12+1 -> 9 | B13: James Phan | C13: 269 | D13: 22 | E13: =if(($D$2-U13-S13)<>0,(C13-(U13*9)-(S13*13))/($D$2-U13-S13),0) -> 15.7 | F13: 3 | G13: 0 | H13: 9 | I13: 0 | J13: 0 | K13: 0 | L13: 9 | M13: 0 | N13: =C13+L13 -> 278 | O13: =D13+M13 -> 22 | P13: X | Q13: X | R13: X | S13: =if(H13=13,1,0)+VLOOKUP(B13,indirect($AB$2&"!B:T"),18,false) -> 1 | U13: =if(H13=9,1,0)+VLOOKUP(B13,indirect($AB$2&"!B:U"),20,false) -> 11 | V13: =VLOOKUP(B13,indirect($AB$2&"!B$5:w$70"),22,false)-A13 -> -1 | W13: =W12+1 -> 9
A14: =A13+1 -> 10 | B14: Cid Macaraeg | C14: 269 | D14: 22 | E14: =if(($D$2-U14-S14)<>0,(C14-(U14*9)-(S14*13))/($D$2-U14-S14),0) -> 14.583333 | F14: 3 | G14: 0 | H14: 9 | I14: 0 | J14: 0 | K14: 0 | L14: 9 | M14: 0 | N14: =C14+L14 -> 278 | O14: =D14+M14 -> 22 | P14: X | Q14: X | R14: X | S14: =if(H14=13,1,0)+VLOOKUP(B14,indirect($AB$2&"!B:T"),18,false) -> 1 | U14: =if(H14=9,1,0)+VLOOKUP(B14,indirect($AB$2&"!B:U"),20,false) -> 9 | V14: =VLOOKUP(B14,indirect($AB$2&"!B$5:w$70"),22,false)-A14 -> -1 | W14: =W13+1 -> 10
A15: =A14+1 -> 11 | B15: Robert Chang | C15: 268 | D15: 24 | E15: =if(($D$2-U15-S15)<>0,(C15-(U15*9)-(S15*13))/($D$2-U15-S15),0) -> 15.6 | F15: 3 | G15: 0 | H15: 9 | I15: 0 | J15: 0 | K15: 0 | L15: 9 | M15: 0 | N15: =C15+L15 -> 277 | O15: =D15+M15 -> 24 | P15: X | Q15: X | R15: X | S15: =if(H15=13,1,0)+VLOOKUP(B15,indirect($AB$2&"!B:T"),18,false) -> 1 | U15: =if(H15=9,1,0)+VLOOKUP(B15,indirect($AB$2&"!B:U"),20,false) -> 11 | V15: =VLOOKUP(B15,indirect($AB$2&"!B$5:w$70"),22,false)-A15 -> -1 | W15: =W14+1 -> 11
A16: =A15+1 -> 12 | B16: Oscar Bonilla | C16: 266 | D16: 25 | E16: =if(($D$2-U16-S16)<>0,(C16-(U16*9)-(S16*13))/($D$2-U16-S16),0) -> 15.181818 | F16: 1 | G16: 2 | H16: 0 | I16: 5 | J16: 4 | K16: 1 | L16: 10 | M16: 0 | N16: =C16+L16 -> 276 | O16: =D16+M16 -> 25 | P16: X | Q16: X | R16: X | S16: =if(H16=13,1,0)+VLOOKUP(B16,indirect($AB$2&"!B:T"),18,false) -> 0 | U16: =if(H16=9,1,0)+VLOOKUP(B16,indirect($AB$2&"!B:U"),20,false) -> 11 | V16: =VLOOKUP(B16,indirect($AB$2&"!B$5:w$70"),22,false)-A16 -> -1 | W16: =W15+1 -> 12
A17: =A16+1 -> 13 | B17: Lloyd Sagar | C17: 266 | D17: 25 | E17: =if(($D$2-U17-S17)<>0,(C17-(U17*9)-(S17*13))/($D$2-U17-S17),0) -> 13.571429 | F17: 3 | G17: 0 | H17: 9 | I17: 0 | J17: 0 | K17: 0 | L17: 9 | M17: 0 | N17: =C17+L17 -> 275 | O17: =D17+M17 -> 25 | P17: X | Q17: X | R17: X | S17: =if(H17=13,1,0)+VLOOKUP(B17,indirect($AB$2&"!B:T"),18,false) -> 1 | U17: =if(H17=9,1,0)+VLOOKUP(B17,indirect($AB$2&"!B:U"),20,false) -> 7 | V17: =VLOOKUP(B17,indirect($AB$2&"!B$5:w$70"),22,false)-A17 -> 8 | W17: =W16+1 -> 13
... A24: =A23+1 -> 20 | B24: Lam Bui | C24: 262 | D24: 22 | E24: =if(($D$2-U24-S24)<>0,(C24-(U24*9)-(S24*13))/($D$2-U24-S24),0) -> 14.454545 | F24: 3 | G24: 0 | H24: 9 | I24: 0 | J24: 0 | K24: 0 | L24: 9 | M24: 0 | N24: =C24+L24 -> 271 | O24: =D24+M24 -> 22 | P24: X | Q24: X | R24: X | S24: =if(H24=13,1,0)+VLOOKUP(B24,indirect($AB$2&"!B:T"),18,false) -> 1 | U24: =if(H24=9,1,0)+VLOOKUP(B24,indirect($AB$2&"!B:U"),20,false) -> 10 | V24: =VLOOKUP(B24,indirect($AB$2&"!B$5:w$70"),22,false)-A24 -> -3 | W24: =W23+1 -> 20
A25: =A24+1 -> 21 | B25: Herman Au | C25: 261 | D25: 16 | E25: =if(($D$2-U25-S25)<>0,(C25-(U25*9)-(S25*13))/($D$2-U25-S25),0) -> 12.933333 | F25: 2 | G25: 2 | H25: 0 | I25: 7 | J25: 6 | K25: 1 | L25: 14 | M25: 2 | N25: =C25+L25 -> 275 | O25: =D25+M25 -> 18 | P25: X | Q25: X | S25: =if(H25=13,1,0)+VLOOKUP(B25,indirect($AB$2&"!B:T"),18,false) -> 1 | U25: =if(H25=9,1,0)+VLOOKUP(B25,indirect($AB$2&"!B:U"),20,false) -> 6 | V25: =VLOOKUP(B25,indirect($AB$2&"!B$5:w$70"),22,false)-A25 -> 3 | W25: =W24+1 -> 21
A26: =A25+1 -> 22 | B26: Tina Hanson | C26: 260 | D26: 23 | E26: =if(($D$2-U26-S26)<>0,(C26-(U26*9)-(S26*13))/($D$2-U26-S26),0) -> 12.263158 | F26: 3 | G26: 0 | H26: 9 | I26: 0 | J26: 0 | K26: 0 | L26: 9 | M26: 0 | N26: =C26+L26 -> 269 | O26: =D26+M26 -> 23 | P26: X | Q26: X | R26: X | S26: =if(H26=13,1,0)+VLOOKUP(B26,indirect($AB$2&"!B:T"),18,false) -> 0 | U26: =if(H26=9,1,0)+VLOOKUP(B26,indirect($AB$2&"!B:U"),20,false) -> 3 | V26: =VLOOKUP(B26,indirect($AB$2&"!B$5:w$70"),22,false)-A26 -> 0 | W26: =W25+1 -> 22
A27: =A26+1 -> 23 | B27: Alejandro Mejia | C27: 260 | D27: 22 | E27: =if(($D$2-U27-S27)<>0,(C27-(U27*9)-(S27*13))/($D$2-U27-S27),0) -> 14.636364 | F27: 3 | G27: 0 | H27: 9 | I27: 0 | J27: 0 | K27: 0 | L27: 9 | M27: 0 | N27: =C27+L27 -> 269 | O27: =D27+M27 -> 22 | P27: X | Q27: X | R27: X | S27: =if(H27=13,1,0)+VLOOKUP(B27,indirect($AB$2&"!B:T"),18,false) -> 0 | U27: =if(H27=9,1,0)+VLOOKUP(B27,indirect($AB$2&"!B:U"),20,false) -> 11 | V27: =VLOOKUP(B27,indirect($AB$2&"!B$5:w$70"),22,false)-A27 -> -4 | W27: =W26+1 -> 23
A28: =A27+1 -> 24 | B28: Susanta Mishra | C28: 260 | D28: 21 | E28: =if(($D$2-U28-S28)<>0,(C28-(U28*9)-(S28*13))/($D$2-U28-S28),0) -> 14.8 | F28: 1 | G28: 3 | H28: 0 | I28: 6 | J28: 6 | K28: 6 | L28: 18 | M28: 3 | N28: =C28+L28 -> 278 | O28: =D28+M28 -> 24 | P28: X | Q28: X | R28: X | S28: =if(H28=13,1,0)+VLOOKUP(B28,indirect($AB$2&"!B:T"),18,false) -> 1 | U28: =if(H28=9,1,0)+VLOOKUP(B28,indirect($AB$2&"!B:U"),20,false) -> 11 | V28: =VLOOKUP(B28,indirect($AB$2&"!B$5:w$70"),22,false)-A28 -> -4 | W28: =W27+1 -> 24
A29: =A28+1 -> 25 | B29: Alex Hou | C29: 258 | D29: 25 | E29: =if(($D$2-U29-S29)<>0,(C29-(U29*9)-(S29*13))/($D$2-U29-S29),0) -> 11.727273 | F29: 1 | G29: 3 | H29: 0 | I29: 3 | J29: 1 | K29: 6 | L29: 10 | M29: 1 | N29: =C29+L29 -> 268 | O29: =D29+M29 -> 26 | P29: X | Q29: X | R29: X | S29: =if(H29=13,1,0)+VLOOKUP(B29,indirect($AB$2&"!B:T"),18,false) -> 0 | U29: =if(H29=9,1,0)+VLOOKUP(B29,indirect($AB$2&"!B:U"),20,false) -> 0 | V29: =VLOOKUP(B29,indirect($AB$2&"!B$5:w$70"),22,false)-A29 -> 3 | W29: =W28+1 -> 25
A30: =A29+1 -> 26 | B30: Hongyuan Wen | C30: 256 | D30: 21 | E30: =if(($D$2-U30-S30)<>0,(C30-(U30*9)-(S30*13))/($D$2-U30-S30),0) -> 12 | F30: 1 | G30: 3 | H30: 0 | I30: 3 | J30: 6 | K30: 0 | L30: 9 | M30: 1 | N30: =C30+L30 -> 265 | O30: =D30+M30 -> 22 | P30: X | Q30: X | R30: X | S30: =if(H30=13,1,0)+VLOOKUP(B30,indirect($AB$2&"!B:T"),18,false) -> 1 | U30: =if(H30=9,1,0)+VLOOKUP(B30,indirect($AB$2&"!B:U"),20,false) -> 3 | V30: =VLOOKUP(B30,indirect($AB$2&"!B$5:w$70"),22,false)-A30 -> 4 | W30: =W29+1 -> 26
A31: =A30+1 -> 27 | B31: Chinna Ponnaganti | C31: 256 | D31: 20 | E31: =if(($D$2-U31-S31)<>0,(C31-(U31*9)-(S31*13))/($D$2-U31-S31),0) -> 12.066667 | F31: 2 | G31: 3 | H31: 0 | I31: 6 | J31: 1 | K31: 0 | L31: 7 | M31: 1 | N31: =C31+L31 -> 263 | O31: =D31+M31 -> 21 | P31: X | Q31: X | R31: X | S31: =if(H31=13,1,0)+VLOOKUP(B31,indirect($AB$2&"!B:T"),18,false) -> 3 | U31: =if(H31=9,1,0)+VLOOKUP(B31,indirect($AB$2&"!B:U"),20,false) -> 4 | V31: =VLOOKUP(B31,indirect($AB$2&"!B$5:w$70"),22,false)-A31 -> -1 | W31: =W30+1 -> 27
A32: =A31+1 -> 28 | B32: Sean Chang | C32: 252 | D32: 22 | E32: =if(($D$2-U32-S32)<>0,(C32-(U32*9)-(S32*13))/($D$2-U32-S32),0) -> 12.846154 | F32: 3 | G32: 0 | H32: 9 | I32: 0 | J32: 0 | K32: 0 | L32: 9 | M32: 0 | N32: =C32+L32 -> 261 | O32: =D32+M32 -> 22 | P32: X | Q32: X | R32: X | S32: =if(H32=13,1,0)+VLOOKUP(B32,indirect($AB$2&"!B:T"),18,false) -> 1 | U32: =if(H32=9,1,0)+VLOOKUP(B32,indirect($AB$2&"!B:U"),20,false) -> 8 | V32: =VLOOKUP(B32,indirect($AB$2&"!B$5:w$70"),22,false)-A32 -> -3 | W32: =W31+1 -> 28
A33: =A32+1 -> 29 | B33: Elayaraja Thangaraj | C33: 252 | D33: 18 | E33: =if(($D$2-U33-S33)<>0,(C33-(U33*9)-(S33*13))/($D$2-U33-S33),0) -> 13.545455 | F33: 1 | G33: 4 | H33: 0 | I33: 6 | J33: 2 | K33: 2 | L33: 10 | M33: 1 | N33: =C33+L33 -> 262 | O33: =D33+M33 -> 19 | P33: X | Q33: X | R33: X | S33: =if(H33=13,1,0)+VLOOKUP(B33,indirect($AB$2&"!B:T"),18,false) -> 1 | U33: =if(H33=9,1,0)+VLOOKUP(B33,indirect($AB$2&"!B:U"),20,false) -> 10 | V33: =VLOOKUP(B33,indirect($AB$2&"!B$5:w$70"),22,false)-A33 -> 3 | W33: =W32+1 -> 29
A34: =A33+1 -> 30 | B34: Mauricio Palacios | C34: 252 | D34: 18 | E34: =if(($D$2-U34-S34)<>0,(C34-(U34*9)-(S34*13))/($D$2-U34-S34),0) -> 13.153846 | F34: 2 | G34: 4 | H34: 0 | I34: 3 | J34: 2 | K34: 6 | L34: 11 | M34: 1 | N34: =C34+L34 -> 263 | O34: =D34+M34 -> 19 | P34: X | Q34: X | R34: X | S34: =if(H34=13,1,0)+VLOOKUP(B34,indirect($AB$2&"!B:T"),18,false) -> 0 | U34: =if(H34=9,1,0)+VLOOKUP(B34,indirect($AB$2&"!B:U"),20,false) -> 9 | V34: =VLOOKUP(B34,indirect($AB$2&"!B$5:w$70"),22,false)-A34 -> 3 | W34: =W33+1 -> 30
A35: =A34+1 -> 31 | B35: Wayne Liu | C35: 251 | D35: 26 | E35: =if(($D$2-U35-S35)<>0,(C35-(U35*9)-(S35*13))/($D$2-U35-S35),0) -> 11.409091 | F35: 1 | G35: 4 | H35: 0 | I35: 3 | J35: 6 | K35: 2 | L35: 11 | M35: 1 | N35: =C35+L35 -> 262 | O35: =D35+M35 -> 27 | P35: X | Q35: X | R35: X | S35: =if(H35=13,1,0)+VLOOKUP(B35,indirect($AB$2&"!B:T"),18,false) -> 0 | U35: =if(H35=9,1,0)+VLOOKUP(B35,indirect($AB$2&"!B:U"),20,false) -> 0 | V35: =VLOOKUP(B35,indirect($AB$2&"!B$5:w$70"),22,false)-A35 -> -4 | W35: =W34+1 -> 31
A36: =A35+1 -> 32 | B36: Adrian Tay | C36: 251 | D36: 20 | E36: =if(($D$2-U36-S36)<>0,(C36-(U36*9)-(S36*13))/($D$2-U36-S36),0) -> 15.625 | F36: 1 | G36: 4 | H36: 0 | I36: 6 | J36: 6 | K36: 6 | L36: 18 | M36: 3 | N36: =C36+L36 -> 269 | O36: =D36+M36 -> 23 | P36: X | Q36: X | R36: X | S36: =if(H36=13,1,0)+VLOOKUP(B36,indirect($AB$2&"!B:T"),18,false) -> 0 | U36: =if(H36=9,1,0)+VLOOKUP(B36,indirect($AB$2&"!B:U"),20,false) -> 14 | V36: =VLOOKUP(B36,indirect($AB$2&"!B$5:w$70"),22,false)-A36 -> -3 | W36: =W35+1 -> 32
A37: =A36+1 -> 33 | B37: Saravanan Veerapandian | C37: 248 | D37: 19 | E37: =if(($D$2-U37-S37)<>0,(C37-(U37*9)-(S37*13))/($D$2-U37-S37),0) -> 11.631579 | F37: 1 | G37: 5 | H37: 0 | I37: 0 | J37: 6 | K37: 6 | L37: 12 | M37: 2 | N37: =C37+L37 -> 260 | O37: =D37+M37 -> 21 | P37: X | Q37: X | R37: X | S37: =if(H37=13,1,0)+VLOOKUP(B37,indirect($AB$2&"!B:T"),18,false) -> 0 | U37: =if(H37=9,1,0)+VLOOKUP(B37,indirect($AB$2&"!B:U"),20,false) -> 3 | V37: =VLOOKUP(B37,indirect($AB$2&"!B$5:w$70"),22,false)-A37 -> 1 | W37: =W36+1 -> 33
... A69: =A68+1 -> 65 | B69: Barathi Sundaram | C69: 174 | D69: 3 | E69: =if(($D$2-U69-S69)<>0,(C69-(U69*9)-(S69*13))/($D$2-U69-S69),0) -> 6 | F69: 3 | G69: 0 | H69: 9 | I69: 0 | J69: 0 | K69: 0 | L69: 9 | M69: 0 | N69: =C69+L69 -> 183 | O69: =D69+M69 -> 3 | P69: X | Q69: X | R69: X | S69: =if(H69=13,1,0)+VLOOKUP(B69,indirect($AB$2&"!B:T"),18,false) -> 0 | U69: =if(H69=9,1,0)+VLOOKUP(B69,indirect($AB$2&"!B:U"),20,false) -> 14 | V69: =VLOOKUP(B69,indirect($AB$2&"!B$5:w$70"),22,false)-A69 -> 0 | W69: =W68+1 -> 65
P74: Renewed | R74: =COUNTIF(R5:R69,"X") -> 63 | S74: =R74/R78 -> 0.96923077
B75: Top Scores | C75: Games | D75: Sets | E75: Court # | P75: Not Renewing | R75: =countif(R5:R69,"N") -> 1
P76: New Members | R76: 1
B77: =IFERROR(__xludf.DUMMYFUNCTION("QUERY(B5:M69,""Select B, L, M, G where L >= 18 order by L desc,M desc"",0)"),"Pulkit Mathur") -> Pulkit Mathur | C77: =IFERROR(__xludf.DUMMYFUNCTION("""COMPUTED_VALUE"""),18.0) -> 18 | D77: =IFERROR(__xludf.DUMMYFUNCTION("""COMPUTED_VALUE"""),3.0) -> 3 | E77: =IFERROR(__xludf.DUMMYFUNCTION("""COMPUTED_VALUE"""),1.0) -> 1 | P77: To Renew | R77: =countif(R5:R69,"") -> 1
B78: =IFERROR(__xludf.DUMMYFUNCTION("""COMPUTED_VALUE"""),"Susanta Mishra") -> Susanta Mishra | C78: =IFERROR(__xludf.DUMMYFUNCTION("""COMPUTED_VALUE"""),18.0) -> 18 | D78: =IFERROR(__xludf.DUMMYFUNCTION("""COMPUTED_VALUE"""),3.0) -> 3 | E78: =IFERROR(__xludf.DUMMYFUNCTION("""COMPUTED_VALUE"""),3.0) -> 3 | P78: Total | R78: =sum(R74:R77)-R76 -> 65
B79: =IFERROR(__xludf.DUMMYFUNCTION("""COMPUTED_VALUE"""),"Adrian Tay") -> Adrian Tay | C79: =IFERROR(__xludf.DUMMYFUNCTION("""COMPUTED_VALUE"""),18.0) -> 18 | D79: =IFERROR(__xludf.DUMMYFUNCTION("""COMPUTED_VALUE"""),3.0) -> 3 | E79: =IFERROR(__xludf.DUMMYFUNCTION("""COMPUTED_VALUE"""),4.0) -> 4
B80: =IFERROR(__xludf.DUMMYFUNCTION("""COMPUTED_VALUE"""),"Nicole Ni") -> Nicole Ni | C80: =IFERROR(__xludf.DUMMYFUNCTION("""COMPUTED_VALUE"""),18.0) -> 18 | D80: =IFERROR(__xludf.DUMMYFUNCTION("""COMPUTED_VALUE"""),3.0) -> 3 | E80: =IFERROR(__xludf.DUMMYFUNCTION("""COMPUTED_VALUE"""),6.0) -> 6
B90: Top 10 Movements (UP) | C90: Positions Moved | D90: Position Last week | E90: Position This week | F90: Points this week | G90: Court | L90: Cross Check
B91: =IFERROR(__xludf.DUMMYFUNCTION("query(B5:V69,""select B, V order by V Desc Limit 10"")"),"Scott Li") -> Scott Li | C91: =IFERROR(__xludf.DUMMYFUNCTION("""COMPUTED_VALUE"""),10.0) -> 10 | D91: =VLOOKUP(B91,indirect($AB$2&"!B$5:w$70"),22, false) -> 18 | E91: =VLOOKUP(B91,B$5:W$69,22, false) -> 8 | F91: =VLOOKUP(B91,indirect($AB$2&"!B$5:U$70"),11, false) -> 18 | G91: =VLOOKUP(B91,indirect($AB$2&"!B$5:U$70"),6, false) -> 3 | L91: =if(D91-E91=C91,"ok","Error") -> ok
B92: =IFERROR(__xludf.DUMMYFUNCTION("""COMPUTED_VALUE"""),"Lloyd Sagar") -> Lloyd Sagar | C92: =IFERROR(__xludf.DUMMYFUNCTION("""COMPUTED_VALUE"""),8.0) -> 8 | D92: =VLOOKUP(B92,indirect($AB$2&"!B$5:w$70"),22, false) -> 21 | E92: =VLOOKUP(B92,B$5:W$69,22, false) -> 13 | F92: =VLOOKUP(B92,indirect($AB$2&"!B$5:U$70"),11, false) -> 18 | G92: =VLOOKUP(B92,indirect($AB$2&"!B$5:U$70"),6, false) -> 3 | L92: =if(D92-E92=C92,"ok","Error") -> ok
B93: =IFERROR(__xludf.DUMMYFUNCTION("""COMPUTED_VALUE"""),"Matthew Huang") -> Matthew Huang | C93: =IFERROR(__xludf.DUMMYFUNCTION("""COMPUTED_VALUE"""),7.0) -> 7 | D93: =VLOOKUP(B93,indirect($AB$2&"!B$5:w$70"),22, false) -> 49 | E93: =VLOOKUP(B93,B$5:W$69,22, false) -> 42 | F93: =VLOOKUP(B93,indirect($AB$2&"!B$5:U$70"),11, false) -> 18 | G93: =VLOOKUP(B93,indirect($AB$2&"!B$5:U$70"),6, false) -> 8 | L93: =if(D93-E93=C93,"ok","Error") -> ok
B94: =IFERROR(__xludf.DUMMYFUNCTION("""COMPUTED_VALUE"""),"Andrew Wen") -> Andrew Wen | C94: =IFERROR(__xludf.DUMMYFUNCTION("""COMPUTED_VALUE"""),6.0) -> 6 | D94: =VLOOKUP(B94,indirect($AB$2&"!B$5:w$70"),22, false) -> 45 | E94: =VLOOKUP(B94,B$5:W$69,22, false) -> 39 | F94: =VLOOKUP(B94,indirect($AB$2&"!B$5:U$70"),11, false) -> 18 | G94: =VLOOKUP(B94,indirect($AB$2&"!B$5:U$70"),6, false) -> 7 | L94: =if(D94-E94=C94,"ok","Error") -> ok
B95: =IFERROR(__xludf.DUMMYFUNCTION("""COMPUTED_VALUE"""),"Tom Le") -> Tom Le | C95: =IFERROR(__xludf.DUMMYFUNCTION("""COMPUTED_VALUE"""),5.0) -> 5 | D95: =VLOOKUP(B95,indirect($AB$2&"!B$5:w$70"),22, false) -> 23 | E95: =VLOOKUP(B95,B$5:W$69,22, false) -> 18 | F95: =VLOOKUP(B95,indirect($AB$2&"!B$5:U$70"),11, false) -> 18 | G95: =VLOOKUP(B95,indirect($AB$2&"!B$5:U$70"),6, false) -> 3 | L95: =if(D95-E95=C95,"ok","Error") -> ok
B96: =IFERROR(__xludf.DUMMYFUNCTION("""COMPUTED_VALUE"""),"Ramesh Bandaru") -> Ramesh Bandaru | C96: =IFERROR(__xludf.DUMMYFUNCTION("""COMPUTED_VALUE"""),5.0) -> 5 | D96: =VLOOKUP(B96,indirect($AB$2&"!B$5:w$70"),22, false) -> 40 | E96: =VLOOKUP(B96,B$5:W$69,22, false) -> 35 | F96: =VLOOKUP(B96,indirect($AB$2&"!B$5:U$70"),11, false) -> 19 | G96: =VLOOKUP(B96,indirect($AB$2&"!B$5:U$70"),6, false) -> 6 | L96: =if(D96-E96=C96,"ok","Error") -> ok
B97: =IFERROR(__xludf.DUMMYFUNCTION("""COMPUTED_VALUE"""),"Hongyuan Wen") -> Hongyuan Wen | C97: =IFERROR(__xludf.DUMMYFUNCTION("""COMPUTED_VALUE"""),4.0) -> 4 | D97: =VLOOKUP(B97,indirect($AB$2&"!B$5:w$70"),22, false) -> 30 | E97: =VLOOKUP(B97,B$5:W$69,22, false) -> 26 | F97: =VLOOKUP(B97,indirect($AB$2&"!B$5:U$70"),11, false) -> 15 | G97: =VLOOKUP(B97,indirect($AB$2&"!B$5:U$70"),6, false) -> 5 | L97: =if(D97-E97=C97,"ok","Error") -> ok
B98: =IFERROR(__xludf.DUMMYFUNCTION("""COMPUTED_VALUE"""),"Ethan Gu") -> Ethan Gu | C98: =IFERROR(__xludf.DUMMYFUNCTION("""COMPUTED_VALUE"""),3.0) -> 3 | D98: =VLOOKUP(B98,indirect($AB$2&"!B$5:w$70"),22, false) -> 5 | E98: =VLOOKUP(B98,B$5:W$69,22, false) -> 2 | F98: =VLOOKUP(B98,indirect($AB$2&"!B$5:U$70"),11, false) -> 18 | G98: =VLOOKUP(B98,indirect($AB$2&"!B$5:U$70"),6, false) -> 1 | L98: =if(D98-E98=C98,"ok","Error") -> ok
B99: =IFERROR(__xludf.DUMMYFUNCTION("""COMPUTED_VALUE"""),"Basudev Thoppai Vidyasankar") -> Basudev Thoppai Vidyasankar | C99: =IFERROR(__xludf.DUMMYFUNCTION("""COMPUTED_VALUE"""),3.0) -> 3 | D99: =VLOOKUP(B99,indirect($AB$2&"!B$5:w$70"),22, false) -> 6 | E99: =VLOOKUP(B99,B$5:W$69,22, false) -> 3 | F99: =VLOOKUP(B99,indirect($AB$2&"!B$5:U$70"),11, false) -> 18 | G99: =VLOOKUP(B99,indirect($AB$2&"!B$5:U$70"),6, false) -> 2 | L99: =if(D99-E99=C99,"ok","Error") -> ok
B100: =IFERROR(__xludf.DUMMYFUNCTION("""COMPUTED_VALUE"""),"Herman Au") -> Herman Au | C100: =IFERROR(__xludf.DUMMYFUNCTION("""COMPUTED_VALUE"""),3.0) -> 3 | D100: =VLOOKUP(B100,indirect($AB$2&"!B$5:w$70"),22, false) -> 24 | E100: =VLOOKUP(B100,B$5:W$69,22, false) -> 21 | F100: =VLOOKUP(B100,indirect($AB$2&"!B$5:U$70"),11, false) -> 16 | G100: =VLOOKUP(B100,indirect($AB$2&"!B$5:U$70"),6, false) -> 4 | L100: =if(D100-E100=C100,"ok","Error") -> ok
B103: Top 10 Movements (Down) | C103: Positions | D103: Position Last week | E103: Position This week | F103: Points this week | G103: Court | L103: Cross Check
B104: =IFERROR(__xludf.DUMMYFUNCTION("query(B5:V69,""select B, V order by V asc Limit 10"")"),"Jimmy Awolesi") -> Jimmy Awolesi | C104: =IFERROR(__xludf.DUMMYFUNCTION("""COMPUTED_VALUE"""),-5.0) -> -5 | D104: =VLOOKUP(B104,indirect($AB$2&"!B$5:w$70"),22, false) -> 31 | E104: =VLOOKUP(B104,B$5:W$69,22, false) -> 36 | F104: =VLOOKUP(B104,indirect($AB$2&"!B$5:U$70"),11, false) -> 7 | G104: =VLOOKUP(B104,indirect($AB$2&"!B$5:U$70"),6, false) -> 5 | L104: =if(D104-E104=C104,"ok","Error") -> ok
B105: =IFERROR(__xludf.DUMMYFUNCTION("""COMPUTED_VALUE"""),"Alejandro Mejia") -> Alejandro Mejia | C105: =IFERROR(__xludf.DUMMYFUNCTION("""COMPUTED_VALUE"""),-4.0) -> -4 | D105: =VLOOKUP(B105,indirect($AB$2&"!B$5:w$70"),22, false) -> 19 | E105: =VLOOKUP(B105,B$5:W$69,22, false) -> 23 | F105: =VLOOKUP(B105,indirect($AB$2&"!B$5:U$70"),11, false) -> 9 | G105: =VLOOKUP(B105,indirect($AB$2&"!B$5:U$70"),6, false) -> 0 | L105: =if(D105-E105=C105,"ok","Error") -> ok
B106: =IFERROR(__xludf.DUMMYFUNCTION("""COMPUTED_VALUE"""),"Susanta Mishra") -> Susanta Mishra | C106: =IFERROR(__xludf.DUMMYFUNCTION("""COMPUTED_VALUE"""),-4.0) -> -4 | D106: =VLOOKUP(B106,indirect($AB$2&"!B$5:w$70"),22, false) -> 20 | E106: =VLOOKUP(B106,B$5:W$69,22, false) -> 24 | F106: =VLOOKUP(B106,indirect($AB$2&"!B$5:U$70"),11, false) -> 9 | G106: =VLOOKUP(B106,indirect($AB$2&"!B$5:U$70"),6, false) -> 0 | L106: =if(D106-E106=C106,"ok","Error") -> ok
B107: =IFERROR(__xludf.DUMMYFUNCTION("""COMPUTED_VALUE"""),"Wayne Liu") -> Wayne Liu | C107: =IFERROR(__xludf.DUMMYFUNCTION("""COMPUTED_VALUE"""),-4.0) -> -4 | D107: =VLOOKUP(B107,indirect($AB$2&"!B$5:w$70"),22, false) -> 27 | E107: =VLOOKUP(B107,B$5:W$69,22, false) -> 31 | F107: =VLOOKUP(B107,indirect($AB$2&"!B$5:U$70"),11, false) -> 9 | G107: =VLOOKUP(B107,indirect($AB$2&"!B$5:U$70"),6, false) -> 4 | L107: =if(D107-E107=C107,"ok","Error") -> ok
B108: =IFERROR(__xludf.DUMMYFUNCTION("""COMPUTED_VALUE"""),"Naveen Raj") -> Naveen Raj | C108: =IFERROR(__xludf.DUMMYFUNCTION("""COMPUTED_VALUE"""),-4.0) -> -4 | D108: =VLOOKUP(B108,indirect($AB$2&"!B$5:w$70"),22, false) -> 37 | E108: =VLOOKUP(B108,B$5:W$69,22, false) -> 41 | F108: =VLOOKUP(B108,indirect($AB$2&"!B$5:U$70"),11, false) -> 9 | G108: =VLOOKUP(B108,indirect($AB$2&"!B$5:U$70"),6, false) -> 0 | L108: =if(D108-E108=C108,"ok","Error") -> ok
B109: =IFERROR(__xludf.DUMMYFUNCTION("""COMPUTED_VALUE"""),"Sandy Weyant") -> Sandy Weyant | C109: =IFERROR(__xludf.DUMMYFUNCTION("""COMPUTED_VALUE"""),-4.0) -> -4 | D109: =VLOOKUP(B109,indirect($AB$2&"!B$5:w$70"),22, false) -> 39 | E109: =VLOOKUP(B109,B$5:W$69,22, false) -> 43 | F109: =VLOOKUP(B109,indirect($AB$2&"!B$5:U$70"),11, false) -> 9 | G109: =VLOOKUP(B109,indirect($AB$2&"!B$5:U$70"),6, false) -> 0 | L109: =if(D109-E109=C109,"ok","Error") -> ok
B110: =IFERROR(__xludf.DUMMYFUNCTION("""COMPUTED_VALUE"""),"Manish Anand") -> Manish Anand | C110: =IFERROR(__xludf.DUMMYFUNCTION("""COMPUTED_VALUE"""),-3.0) -> -3 | D110: =VLOOKUP(B110,indirect($AB$2&"!B$5:w$70"),22, false) -> 2 | E110: =VLOOKUP(B110,B$5:W$69,22, false) -> 5 | F110: =VLOOKUP(B110,indirect($AB$2&"!B$5:U$70"),11, false) -> 9 | G110: =VLOOKUP(B110,indirect($AB$2&"!B$5:U$70"),6, false) -> 0 | L110: =if(D110-E110=C110,"ok","Error") -> ok
B111: =IFERROR(__xludf.DUMMYFUNCTION("""COMPUTED_VALUE"""),"Erik Hoeckmann") -> Erik Hoeckmann | C111: =IFERROR(__xludf.DUMMYFUNCTION("""COMPUTED_VALUE"""),-3.0) -> -3 | D111: =VLOOKUP(B111,indirect($AB$2&"!B$5:w$70"),22, false) -> 16 | E111: =VLOOKUP(B111,B$5:W$69,22, false) -> 19 | F111: =VLOOKUP(B111,indirect($AB$2&"!B$5:U$70"),11, false) -> 9 | G111: =VLOOKUP(B111,indirect($AB$2&"!B$5:U$70"),6, false) -> 0 | L111: =if(D111-E111=C111,"ok","Error") -> ok
B112: =IFERROR(__xludf.DUMMYFUNCTION("""COMPUTED_VALUE"""),"Lam Bui") -> Lam Bui | C112: =IFERROR(__xludf.DUMMYFUNCTION("""COMPUTED_VALUE"""),-3.0) -> -3 | D112: =VLOOKUP(B112,indirect($AB$2&"!B$5:w$70"),22, false) -> 17 | E112: =VLOOKUP(B112,B$5:W$69,22, false) -> 20 | F112: =VLOOKUP(B112,indirect($AB$2&"!B$5:U$70"),11, false) -> 9 | G112: =VLOOKUP(B112,indirect($AB$2&"!B$5:U$70"),6, false) -> 0 | L112: =if(D112-E112=C112,"ok","Error") -> ok
B113: =IFERROR(__xludf.DUMMYFUNCTION("""COMPUTED_VALUE"""),"Sean Chang") -> Sean Chang | C113: =IFERROR(__xludf.DUMMYFUNCTION("""COMPUTED_VALUE"""),-3.0) -> -3 | D113: =VLOOKUP(B113,indirect($AB$2&"!B$5:w$70"),22, false) -> 25 | E113: =VLOOKUP(B113,B$5:W$69,22, false) -> 28 | F113: =VLOOKUP(B113,indirect($AB$2&"!B$5:U$70"),11, false) -> 9 | G113: =VLOOKUP(B113,indirect($AB$2&"!B$5:U$70"),6, false) -> 0 | L113: =if(D113-E113=C113,"ok","Error") -> ok
A119: Renewals for July-December 2025
B120: Members Renewed | C120: Members to Renew | F120: Members Not Renewing | I120: New Members Joined/invited*
A121: 1 | B121: =IFERROR(__xludf.DUMMYFUNCTION("query(B5:V69,""select B where R = 'X' order by B asc"")"),"Adrian Tay") -> Adrian Tay | C121: =IFERROR(__xludf.DUMMYFUNCTION("query(B5:V69,""select B where R = '' order by B asc"")"),"Herman Au") -> Herman Au | F121: =IFERROR(__xludf.DUMMYFUNCTION("query(B5:V69,""select B where R = 'N' order by B asc"")"),"Trinath Goteti") -> Trinath Goteti | I121: Darren Wong
A122: =A121+1 -> 2 | B122: =IFERROR(__xludf.DUMMYFUNCTION("""COMPUTED_VALUE"""),"Alejandro Mejia") -> Alejandro Mejia
A123: =A122+1 -> 3 | B123: =IFERROR(__xludf.DUMMYFUNCTION("""COMPUTED_VALUE"""),"Alex Hou") -> Alex Hou
A124: =A123+1 -> 4 | B124: =IFERROR(__xludf.DUMMYFUNCTION("""COMPUTED_VALUE"""),"Allen Zhang") -> Allen Zhang
A125: =A124+1 -> 5 | B125: =IFERROR(__xludf.DUMMYFUNCTION("""COMPUTED_VALUE"""),"Andrew Wen") -> Andrew Wen
A126: =A125+1 -> 6 | B126: =IFERROR(__xludf.DUMMYFUNCTION("""COMPUTED_VALUE"""),"Balaji Alahari") -> Balaji Alahari
A127: =A126+1 -> 7 | B127: =IFERROR(__xludf.DUMMYFUNCTION("""COMPUTED_VALUE"""),"Barathi Sundaram") -> Barathi Sundaram
A128: =A127+1 -> 8 | B128: =IFERROR(__xludf.DUMMYFUNCTION("""COMPUTED_VALUE"""),"Basudev Thoppai Vidyasankar") -> Basudev Thoppai Vidyasankar
A129: =A128+1 -> 9 | B129: =IFERROR(__xludf.DUMMYFUNCTION("""COMPUTED_VALUE"""),"Chinna Ponnaganti") -> Chinna Ponnaganti
A130: =A129+1 -> 10 | B130: =IFERROR(__xludf.DUMMYFUNCTION("""COMPUTED_VALUE"""),"Cid Macaraeg") -> Cid Macaraeg
A131: =A130+1 -> 11 | B131: =IFERROR(__xludf.DUMMYFUNCTION("""COMPUTED_VALUE"""),"Coco Yan") -> Coco Yan
A132: =A131+1 -> 12 | B132: =IFERROR(__xludf.DUMMYFUNCTION("""COMPUTED_VALUE"""),"David Shin") -> David Shin
A133: =A132+1 -> 13 | B133: =IFERROR(__xludf.DUMMYFUNCTION("""COMPUTED_VALUE"""),"Elayaraja Thangaraj ") -> Elayaraja Thangaraj
A134: =A133+1 -> 14 | B134: =IFERROR(__xludf.DUMMYFUNCTION("""COMPUTED_VALUE"""),"Eric Pan") -> Eric Pan
A135: =A134+1 -> 15 | B135: =IFERROR(__xludf.DUMMYFUNCTION("""COMPUTED_VALUE"""),"Eric Tan") -> Eric Tan
A136: =A135+1 -> 16 | B136: =IFERROR(__xludf.DUMMYFUNCTION("""COMPUTED_VALUE"""),"Erik Hoeckmann") -> Erik Hoeckmann
A137: =A136+1 -> 17 | B137: =IFERROR(__xludf.DUMMYFUNCTION("""COMPUTED_VALUE"""),"Ethan Gu") -> Ethan Gu
A138: =A137+1 -> 18 | B138: =IFERROR(__xludf.DUMMYFUNCTION("""COMPUTED_VALUE"""),"Frank Moon") -> Frank Moon
A139: =A138+1 -> 19 | B139: =IFERROR(__xludf.DUMMYFUNCTION("""COMPUTED_VALUE"""),"Hongyuan Wen") -> Hongyuan Wen
A140: =A139+1 -> 20 | B140: =IFERROR(__xludf.DUMMYFUNCTION("""COMPUTED_VALUE"""),"Hubert J Sung") -> Hubert J Sung
A141: =A140+1 -> 21 | B141: =IFERROR(__xludf.DUMMYFUNCTION("""COMPUTED_VALUE"""),"James Phan") -> James Phan
A142: =A141+1 -> 22 | B142: =IFERROR(__xludf.DUMMYFUNCTION("""COMPUTED_VALUE"""),"Jim Miao") -> Jim Miao
A143: =A142+1 -> 23 | B143: =IFERROR(__xludf.DUMMYFUNCTION("""COMPUTED_VALUE"""),"Jimmy Awolesi") -> Jimmy Awolesi
A144: =A143+1 -> 24 | B144: =IFERROR(__xludf.DUMMYFUNCTION("""COMPUTED_VALUE"""),"Joe Luzzi") -> Joe Luzzi
A145: =A144+1 -> 25 | B145: =IFERROR(__xludf.DUMMYFUNCTION("""COMPUTED_VALUE"""),"Jonathan Phan") -> Jonathan Phan
A146: =A145+1 -> 26 | B146: =IFERROR(__xludf.DUMMYFUNCTION("""COMPUTED_VALUE"""),"Joyce Zhu") -> Joyce Zhu
A147: =A146+1 -> 27 | B147: =IFERROR(__xludf.DUMMYFUNCTION("""COMPUTED_VALUE"""),"Kumar Palakeel") -> Kumar Palakeel
A148: =A147+1 -> 28 | B148: =IFERROR(__xludf.DUMMYFUNCTION("""COMPUTED_VALUE"""),"Lam Bui") -> Lam Bui
A149: =A148+1 -> 29 | B149: =IFERROR(__xludf.DUMMYFUNCTION("""COMPUTED_VALUE"""),"Leigh-Anh Nguyen") -> Leigh-Anh Nguyen
A150: =A149+1 -> 30 | B150: =IFERROR(__xludf.DUMMYFUNCTION("""COMPUTED_VALUE"""),"Lloyd Sagar") -> Lloyd Sagar
A151: =A150+1 -> 31 | B151: =IFERROR(__xludf.DUMMYFUNCTION("""COMPUTED_VALUE"""),"Luis Hsu") -> Luis Hsu
A152: =A151+1 -> 32 | B152: =IFERROR(__xludf.DUMMYFUNCTION("""COMPUTED_VALUE"""),"Manish Anand") -> Manish Anand
A153: =A152+1 -> 33 | B153: =IFERROR(__xludf.DUMMYFUNCTION("""COMPUTED_VALUE"""),"Manuel Rivera") -> Manuel Rivera
A154: =A153+1 -> 34 | B154: =IFERROR(__xludf.DUMMYFUNCTION("""COMPUTED_VALUE"""),"Matthew Huang") -> Matthew Huang
A155: =A154+1 -> 35 | B155: =IFERROR(__xludf.DUMMYFUNCTION("""COMPUTED_VALUE"""),"Mauricio Palacios") -> Mauricio Palacios
A156: =A155+1 -> 36 | B156: =IFERROR(__xludf.DUMMYFUNCTION("""COMPUTED_VALUE"""),"Naveen Raj") -> Naveen Raj
A157: =A156+1 -> 37 | B157: =IFERROR(__xludf.DUMMYFUNCTION("""COMPUTED_VALUE"""),"Nicole Ni") -> Nicole Ni
...

Sheet 060725
B1: Standings as of | C1: 45815
B2: Number of Weeks Played | D2: 21 | AB2: =text(C1-7,"mm/dd/yy") -> 05/31/25
C3: Beginning of week | F3: Current Week Scores | N3: End of week | Q3: Jan-Jun 2025 | R3: Jul-Dec 2025
A4: Ranking | B4: Name of Player | C4: Games Won | D4: Sets Won | E4: Games Won / Match | F4: Check IN | G4: Court # | H4: Set 0 | I4: Set 1 | J4: Set 2 | K4: Set 3 | L4: Games Won | M4: Sets Won | N4: Games Won | O4: Sets Won | P4: Waiver | Q4: Fee | R4: Fee | S4: Sit outs | T4: No Shows | U4: Absent | V4: Positions Gained/Lost | W4: Ranking
A5: 1 | B5: Pulkit Mathur | C5: 322 | D5: 41 | E5: =if(($D$2-U5-S5)<>0,(C5-(U5*9)-(S5*13))/($D$2-U5-S5),0) -> 15.45 | F5: 2 | G5: 1 | H5: 0 | I5: 4 | J5: 3 | K5: 6 | L5: 13 | M5: 1 | N5: =C5+L5 -> 335 | O5: =D5+M5 -> 42 | P5: X | Q5: X | R5: X | S5: =if(H5=13,1,0)+VLOOKUP(B5,indirect($AB$2&"!B:T"),18,false) -> 1 | U5: =if(H5=9,1,0)+VLOOKUP(B5,indirect($AB$2&"!B:U"),20,false) -> 0 | V5: =VLOOKUP(B5,indirect($AB$2&"!B$5:w$70"),22,false)-A5 -> 0 | W5: 1
A6: =A5+1 -> 2 | B6: Manish Anand | C6: 268 | D6: 22 | E6: =if(($D$2-U6-S6)<>0,(C6-(U6*9)-(S6*13))/($D$2-U6-S6),0) -> 14 | F6: 3 | G6: 0 | H6: 9 | I6: 0 | J6: 0 | K6: 0 | L6: 9 | M6: 0 | N6: =C6+L6 -> 277 | O6: =D6+M6 -> 22 | P6: X | Q6: X | R6: X | S6: =if(H6=13,1,0)+VLOOKUP(B6,indirect($AB$2&"!B:T"),18,false) -> 1 | U6: =if(H6=9,1,0)+VLOOKUP(B6,indirect($AB$2&"!B:U"),20,false) -> 5 | V6: =VLOOKUP(B6,indirect($AB$2&"!B$5:w$70"),22,false)-A6 -> 1 | W6: =W5+1 -> 2
A7: =A6+1 -> 3 | B7: Pavan Akkimsetty | C7: 267 | D7: 27 | E7: =if(($D$2-U7-S7)<>0,(C7-(U7*9)-(S7*13))/($D$2-U7-S7),0) -> 14.2 | F7: 1 | G7: 1 | H7: 0 | I7: 4 | J7: 6 | K7: 1 | L7: 11 | M7: 1 | N7: =C7+L7 -> 278 | O7: =D7+M7 -> 28 | P7: X | Q7: X | R7: X | S7: =if(H7=13,1,0)+VLOOKUP(B7,indirect($AB$2&"!B:T"),18,false) -> 0 | U7: =if(H7=9,1,0)+VLOOKUP(B7,indirect($AB$2&"!B:U"),20,false) -> 6 | V7: =VLOOKUP(B7,indirect($AB$2&"!B$5:w$70"),22,false)-A7 -> 6 | W7: =W6+1 -> 3
A8: =A7+1 -> 4 | B8: David Shin | C8: 266 | D8: 23 | E8: =if(($D$2-U8-S8)<>0,(C8-(U8*9)-(S8*13))/($D$2-U8-S8),0) -> 13.058824 | F8: 2 | G8: 1 | H8: 0 | I8: 6 | J8: 3 | K8: 1 | L8: 10 | M8: 1 | N8: =C8+L8 -> 276 | O8: =D8+M8 -> 24 | P8: X | Q8: X | R8: X | S8: =if(H8=13,1,0)+VLOOKUP(B8,indirect($AB$2&"!B:T"),18,false) -> 2 | U8: =if(H8=9,1,0)+VLOOKUP(B8,indirect($AB$2&"!B:U"),20,false) -> 2 | V8: =VLOOKUP(B8,indirect($AB$2&"!B$5:w$70"),22,false)-A8 -> -2 | W8: =W7+1 -> 4
A9: =A8+1 -> 5 | B9: Ethan Gu | C9: 262 | D9: 23 | E9: =if(($D$2-U9-S9)<>0,(C9-(U9*9)-(S9*13))/($D$2-U9-S9),0) -> 13.294118 | F9: 1 | G9: 1 | H9: 0 | I9: 6 | J9: 6 | K9: 6 | L9: 18 | M9: 3 | N9: =C9+L9 -> 280 | O9: =D9+M9 -> 26 | P9: X | Q9: X | R9: X | S9: =if(H9=13,1,0)+VLOOKUP(B9,indirect($AB$2&"!B:T"),18,false) -> 0 | U9: =if(H9=9,1,0)+VLOOKUP(B9,indirect($AB$2&"!B:U"),20,false) -> 4 | V9: =VLOOKUP(B9,indirect($AB$2&"!B$5:w$70"),22,false)-A9 -> 6 | W9: =W8+1 -> 5
A10: =A9+1 -> 6 | B10: Basudev Thoppai Vidyasankar | C10: 261 | D10: 23 | E10: =if(($D$2-U10-S10)<>0,(C10-(U10*9)-(S10*13))/($D$2-U10-S10),0) -> 13.5 | F10: 1 | G10: 2 | H10: 0 | I10: 6 | J10: 6 | K10: 6 | L10: 18 | M10: 3 | N10: =C10+L10 -> 279 | O10: =D10+M10 -> 26 | P10: X | Q10: X | R10: X | S10: =if(H10=13,1,0)+VLOOKUP(B10,indirect($AB$2&"!B:T"),18,false) -> 0 | U10: =if(H10=9,1,0)+VLOOKUP(B10,indirect($AB$2&"!B:U"),20,false) -> 5 | V10: =VLOOKUP(B10,indirect($AB$2&"!B$5:w$70"),22,false)-A10 -> 1 | W10: =W9+1 -> 6
A11: =A10+1 -> 7 | B11: Sandeep Kamalon | C11: 260 | D11: 24 | E11: =if(($D$2-U11-S11)<>0,(C11-(U11*9)-(S11*13))/($D$2-U11-S11),0) -> 12.526316 | F11: 1 | G11: 2 | H11: 0 | I11: 3 | J11: 3 | K11: 6 | L11: 12 | M11: 1 | N11: =C11+L11 -> 272 | O11: =D11+M11 -> 25 | P11: X | Q11: X | R11: X | S11: =if(H11=13,1,0)+VLOOKUP(B11,indirect($AB$2&"!B:T"),18,false) -> 1 | U11: =if(H11=9,1,0)+VLOOKUP(B11,indirect($AB$2&"!B:U"),20,false) -> 1 | V11: =VLOOKUP(B11,indirect($AB$2&"!B$5:w$70"),22,false)-A11 -> 1 | W11: =W10+1 -> 7
A12: =A11+1 -> 8 | B12: James Phan | C12: 260 | D12: 22 | E12: =if(($D$2-U12-S12)<>0,(C12-(U12*9)-(S12*13))/($D$2-U12-S12),0) -> 15.7 | F12: 3 | G12: 0 | H12: 9 | I12: 0 | J12: 0 | K12: 0 | L12: 9 | M12: 0 | N12: =C12+L12 -> 269 | O12: =D12+M12 -> 22 | P12: X | Q12: X | R12: X | S12: =if(H12=13,1,0)+VLOOKUP(B12,indirect($AB$2&"!B:T"),18,false) -> 1 | U12: =if(H12=9,1,0)+VLOOKUP(B12,indirect($AB$2&"!B:U"),20,false) -> 10 | V12: =VLOOKUP(B12,indirect($AB$2&"!B$5:w$70"),22,false)-A12 -> -4 | W12: =W11+1 -> 8
A13: =A12+1 -> 9 | B13: Cid Macaraeg | C13: 260 | D13: 22 | E13: =if(($D$2-U13-S13)<>0,(C13-(U13*9)-(S13*13))/($D$2-U13-S13),0) -> 14.583333 | F13: 3 | G13: 0 | H13: 9 | I13: 0 | J13: 0 | K13: 0 | L13: 9 | M13: 0 | N13: =C13+L13 -> 269 | O13: =D13+M13 -> 22 | P13: X | Q13: X | S13: =if(H13=13,1,0)+VLOOKUP(B13,indirect($AB$2&"!B:T"),18,false) -> 1 | U13: =if(H13=9,1,0)+VLOOKUP(B13,indirect($AB$2&"!B:U"),20,false) -> 8 | V13: =VLOOKUP(B13,indirect($AB$2&"!B$5:w$70"),22,false)-A13 -> -4 | W13: =W12+1 -> 9
A14: =A13+1 -> 10 | B14: Robert Chang | C14: 259 | D14: 24 | E14: =if(($D$2-U14-S14)<>0,(C14-(U14*9)-(S14*13))/($D$2-U14-S14),0) -> 15.6 | F14: 3 | G14: 0 | H14: 9 | I14: 0 | J14: 0 | K14: 0 | L14: 9 | M14: 0 | N14: =C14+L14 -> 268 | O14: =D14+M14 -> 24 | P14: X | Q14: X | R14: X | S14: =if(H14=13,1,0)+VLOOKUP(B14,indirect($AB$2&"!B:T"),18,false) -> 1 | U14: =if(H14=9,1,0)+VLOOKUP(B14,indirect($AB$2&"!B:U"),20,false) -> 10 | V14: =VLOOKUP(B14,indirect($AB$2&"!B$5:w$70"),22,false)-A14 -> -4 | W14: =W13+1 -> 10
A15: =A14+1 -> 11 | B15: Oscar Bonilla | C15: 257 | D15: 25 | E15: =if(($D$2-U15-S15)<>0,(C15-(U15*9)-(S15*13))/($D$2-U15-S15),0) -> 15.8 | F15: 3 | G15: 0 | H15: 9 | I15: 0 | J15: 0 | K15: 0 | L15: 9 | M15: 0 | N15: =C15+L15 -> 266 | O15: =D15+M15 -> 25 | P15: X | Q15: X | R15: X | S15: =if(H15=13,1,0)+VLOOKUP(B15,indirect($AB$2&"!B:T"),18,false) -> 0 | U15: =if(H15=9,1,0)+VLOOKUP(B15,indirect($AB$2&"!B:U"),20,false) -> 11 | V15: =VLOOKUP(B15,indirect($AB$2&"!B$5:w$70"),22,false)-A15 -> 8 | W15: =W14+1 -> 11
A16: =A15+1 -> 12 | B16: Jonathan Phan | C16: 257 | D16: 23 | E16: =if(($D$2-U16-S16)<>0,(C16-(U16*9)-(S16*13))/($D$2-U16-S16),0) -> 14.230769 | F16: 3 | G16: 0 | H16: 9 | I16: 0 | J16: 0 | K16: 0 | L16: 9 | M16: 0 | N16: =C16+L16 -> 266 | O16: =D16+M16 -> 23 | P16: X | Q16: X | S16: =if(H16=13,1,0)+VLOOKUP(B16,indirect($AB$2&"!B:T"),18,false) -> 0 | U16: =if(H16=9,1,0)+VLOOKUP(B16,indirect($AB$2&"!B:U"),20,false) -> 8 | V16: =VLOOKUP(B16,indirect($AB$2&"!B$5:w$70"),22,false)-A16 -> 1 | W16: =W15+1 -> 12
A17: =A16+1 -> 13 | B17: Troy Wong | C17: 257 | D17: 20 | E17: =if(($D$2-U17-S17)<>0,(C17-(U17*9)-(S17*13))/($D$2-U17-S17),0) -> 15.181818 | F17: 3 | G17: 0 | H17: 9 | I17: 0 | J17: 0 | K17: 0 | L17: 9 | M17: 0 | N17: =C17+L17 -> 266 | O17: =D17+M17 -> 20 | P17: X | Q17: X | R17: X | S17: =if(H17=13,1,0)+VLOOKUP(B17,indirect($AB$2&"!B:T"),18,false) -> 0 | U17: =if(H17=9,1,0)+VLOOKUP(B17,indirect($AB$2&"!B:U"),20,false) -> 10 | V17: =VLOOKUP(B17,indirect($AB$2&"!B$5:w$70"),22,false)-A17 -> -3 | W17: =W16+1 -> 13
A18: =A17+1 -> 14 | B18: Ted Shen | C18: 254 | D18: 24 | E18: =if(($D$2-U18-S18)<>0,(C18-(U18*9)-(S18*13))/($D$2-U18-S18),0) -> 13.333333 | F18: 1 | G18: 2 | H18: 0 | I18: 6 | J18: 3 | K18: 2 | L18: 11 | M18: 1 | N18: =C18+L18 -> 265 | O18: =D18+M18 -> 25 | P18: X | Q18: X | R18: X | S18: =if(H18=13,1,0)+VLOOKUP(B18,indirect($AB$2&"!B:T"),18,false) -> 0 | U18: =if(H18=9,1,0)+VLOOKUP(B18,indirect($AB$2&"!B:U"),20,false) -> 6 | V18: =VLOOKUP(B18,indirect($AB$2&"!B$5:w$70"),22,false)-A18 -> -2 | W18: =W17+1 -> 14
A19: =A18+1 -> 15 | B19: Joe Luzzi | C19: 254 | D19: 20 | E19: =if(($D$2-U19-S19)<>0,(C19-(U19*9)-(S19*13))/($D$2-U19-S19),0) -> 12.588235 | F19: 2 | G19: 2 | H19: 0 | I19: 3 | J19: 6 | K19: 2 | L19: 11 | M19: 1 | N19: =C19+L19 -> 265 | O19: =D19+M19 -> 21 | P19: X | Q19: X | R19: X | S19: =if(H19=13,1,0)+VLOOKUP(B19,indirect($AB$2&"!B:T"),18,false) -> 1 | U19: =if(H19=9,1,0)+VLOOKUP(B19,indirect($AB$2&"!B:U"),20,false) -> 3 | V19: =VLOOKUP(B19,indirect($AB$2&"!B$5:w$70"),22,false)-A19 -> 1 | W19: =W18+1 -> 15
A20: =A19+1 -> 16 | B20: Erik Hoeckmann | C20: 253 | D20: 23 | E20: =if(($D$2-U20-S20)<>0,(C20-(U20*9)-(S20*13))/($D$2-U20-S20),0) -> 13.285714 | F20: 3 | G20: 0 | H20: 9 | I20: 0 | J20: 0 | K20: 0 | L20: 9 | M20: 0 | N20: =C20+L20 -> 262 | O20: =D20+M20 -> 23 | P20: X | Q20: X | R20: X | S20: =if(H20=13,1,0)+VLOOKUP(B20,indirect($AB$2&"!B:T"),18,false) -> 1 | U20: =if(H20=9,1,0)+VLOOKUP(B20,indirect($AB$2&"!B:U"),20,false) -> 6 | V20: =VLOOKUP(B20,indirect($AB$2&"!B$5:w$70"),22,false)-A20 -> 1 | W20: =W19+1 -> 16
A21: =A20+1 -> 17 | B21: Lam Bui | C21: 253 | D21: 22 | E21: =if(($D$2-U21-S21)<>0,(C21-(U21*9)-(S21*13))/($D$2-U21-S21),0) -> 14.454545 | F21: 3 | G21: 0 | H21: 9 | I21: 0 | J21: 0 | K21: 0 | L21: 9 | M21: 0 | N21: =C21+L21 -> 262 | O21: =D21+M21 -> 22 | P21: X | Q21: X | R21: X | S21: =if(H21=13,1,0)+VLOOKUP(B21,indirect($AB$2&"!B:T"),18,false) -> 1 | U21: =if(H21=9,1,0)+VLOOKUP(B21,indirect($AB$2&"!B:U"),20,false) -> 9 | V21: =VLOOKUP(B21,indirect($AB$2&"!B$5:w$70"),22,false)-A21 -> -3 | W21: =W20+1 -> 17
A22: =A21+1 -> 18 | B22: Scott Li | C22: 253 | D22: 21 | E22: =if(($D$2-U22-S22)<>0,(C22-(U22*9)-(S22*13))/($D$2-U22-S22),0) -> 12.75 | F22: 1 | G22: 3 | H22: 0 | I22: 5 | J22: 6 | K22: 7 | L22: 18 | M22: 2 | N22: =C22+L22 -> 271 | O22: =D22+M22 -> 23 | P22: X | Q22: X | S22: =if(H22=13,1,0)+VLOOKUP(B22,indirect($AB$2&"!B:T"),18,false) -> 1 | U22: =if(H22=9,1,0)+VLOOKUP(B22,indirect($AB$2&"!B:U"),20,false) -> 4 | V22: =VLOOKUP(B22,indirect($AB$2&"!B$5:w$70"),22,false)-A22 -> 0 | W22: =W21+1 -> 18
A23: =A22+1 -> 19 | B23: Alejandro Mejia | C23: 251 | D23: 22 | E23: =if(($D$2-U23-S23)<>0,(C23-(U23*9)-(S23*13))/($D$2-U23-S23),0) -> 14.636364 | F23: 3 | G23: 0 | H23: 9 | I23: 0 | J23: 0 | K23: 0 | L23: 9 | M23: 0 | N23: =C23+L23 -> 260 | O23: =D23+M23 -> 22 | P23: X | Q23: X | S23: =if(H23=13,1,0)+VLOOKUP(B23,indirect($AB$2&"!B:T"),18,false) -> 0 | U23: =if(H23=9,1,0)+VLOOKUP(B23,indirect($AB$2&"!B:U"),20,false) -> 10 | V23: =VLOOKUP(B23,indirect($AB$2&"!B$5:w$70"),22,false)-A23 -> -4 | W23: =W22+1 -> 19
A24: =A23+1 -> 20 | B24: Susanta Mishra | C24: 251 | D24: 21 | E24: =if(($D$2-U24-S24)<>0,(C24-(U24*9)-(S24*13))/($D$2-U24-S24),0) -> 15.444444 | F24: 3 | G24: 0 | H24: 9 | I24: 0 | J24: 0 | K24: 0 | L24: 9 | M24: 0 | N24: =C24+L24 -> 260 | O24: =D24+M24 -> 21 | P24: X | Q24: X | R24: X | S24: =if(H24=13,1,0)+VLOOKUP(B24,indirect($AB$2&"!B:T"),18,false) -> 1 | U24: =if(H24=9,1,0)+VLOOKUP(B24,indirect($AB$2&"!B:U"),20,false) -> 11 | V24: =VLOOKUP(B24,indirect($AB$2&"!B$5:w$70"),22,false)-A24 -> 4 | W24: =W23+1 -> 20
A25: =A24+1 -> 21 | B25: Lloyd Sagar | C25: 248 | D25: 23 | E25: =if(($D$2-U25-S25)<>0,(C25-(U25*9)-(S25*13))/($D$2-U25-S25),0) -> 12.928571 | F25: 1 | G25: 3 | H25: 0 | I25: 7 | J25: 6 | K25: 5 | L25: 18 | M25: 2 | N25: =C25+L25 -> 266 | O25: =D25+M25 -> 25 | P25: X | Q25: X | R25: X | S25: =if(H25=13,1,0)+VLOOKUP(B25,indirect($AB$2&"!B:T"),18,false) -> 1 | U25: =if(H25=9,1,0)+VLOOKUP(B25,indirect($AB$2&"!B:U"),20,false) -> 6 | V25: =VLOOKUP(B25,indirect($AB$2&"!B$5:w$70"),22,false)-A25 -> -1 | W25: =W24+1 -> 21
A26: =A25+1 -> 22 | B26: Tina Hanson | C26: 246 | D26: 23 | E26: =if(($D$2-U26-S26)<>0,(C26-(U26*9)-(S26*13))/($D$2-U26-S26),0) -> 12 | F26: 1 | G26: 3 | H26: 0 | I26: 5 | J26: 4 | K26: 5 | L26: 14 | M26: 0 | N26: =C26+L26 -> 260 | O26: =D26+M26 -> 23 | P26: X | Q26: X | R26: X | S26: =if(H26=13,1,0)+VLOOKUP(B26,indirect($AB$2&"!B:T"),18,false) -> 0 | U26: =if(H26=9,1,0)+VLOOKUP(B26,indirect($AB$2&"!B:U"),20,false) -> 2 | V26: =VLOOKUP(B26,indirect($AB$2&"!B$5:w$70"),22,false)-A26 -> 1 | W26: =W25+1 -> 22
A27: =A26+1 -> 23 | B27: Tom Le | C27: 245 | D27: 21 | E27: =if(($D$2-U27-S27)<>0,(C27-(U27*9)-(S27*13))/($D$2-U27-S27),0) -> 13.727273 | F27: 2 | G27: 3 | H27: 0 | I27: 7 | J27: 4 | K27: 7 | L27: 18 | M27: 2 | N27: =C27+L27 -> 263 | O27: =D27+M27 -> 23 | P27: X | Q27: X | R27: X | S27: =if(H27=13,1,0)+VLOOKUP(B27,indirect($AB$2&"!B:T"),18,false) -> 1 | U27: =if(H27=9,1,0)+VLOOKUP(B27,indirect($AB$2&"!B:U"),20,false) -> 9 | V27: =VLOOKUP(B27,indirect($AB$2&"!B$5:w$70"),22,false)-A27 -> -2 | W27: =W26+1 -> 23
A28: =A27+1 -> 24 | B28: Herman Au | C28: 245 | D28: 14 | E28: =if(($D$2-U28-S28)<>0,(C28-(U28*9)-(S28*13))/($D$2-U28-S28),0) -> 12.714286 | F28: 2 | G28: 4 | H28: 0 | I28: 4 | J28: 6 | K28: 6 | L28: 16 | M28: 2 | N28: =C28+L28 -> 261 | O28: =D28+M28 -> 16 | P28: X | Q28: X | S28: =if(H28=13,1,0)+VLOOKUP(B28,indirect($AB$2&"!B:T"),18,false) -> 1 | U28: =if(H28=9,1,0)+VLOOKUP(B28,indirect($AB$2&"!B:U"),20,false) -> 6 | V28: =VLOOKUP(B28,indirect($AB$2&"!B$5:w$70"),22,false)-A28 -> 7 | W28: =W27+1 -> 24
A29: =A28+1 -> 25 | B29: Sean Chang | C29: 243 | D29: 22 | E29: =if(($D$2-U29-S29)<>0,(C29-(U29*9)-(S29*13))/($D$2-U29-S29),0) -> 12.846154 | F29: 4 | G29: 0 | H29: 9 | I29: 0 | J29: 0 | K29: 0 | L29: 9 | M29: 0 | N29: =C29+L29 -> 252 | O29: =D29+M29 -> 22 | P29: X | Q29: X | R29: X | S29: =if(H29=13,1,0)+VLOOKUP(B29,indirect($AB$2&"!B:T"),18,false) -> 1 | U29: =if(H29=9,1,0)+VLOOKUP(B29,indirect($AB$2&"!B:U"),20,false) -> 7 | V29: =VLOOKUP(B29,indirect($AB$2&"!B$5:w$70"),22,false)-A29 -> 2 | W29: =W28+1 -> 25
A30: =A29+1 -> 26 | B30: Chinna Ponnaganti | C30: 243 | D30: 18 | E30: =if(($D$2-U30-S30)<>0,(C30-(U30*9)-(S30*13))/($D$2-U30-S30),0) -> 12 | F30: 2 | G30: 4 | H30: 0 | I30: 6 | J30: 6 | K30: 1 | L30: 13 | M30: 2 | N30: =C30+L30 -> 256 | O30: =D30+M30 -> 20 | P30: X | Q30: X | R30: X | S30: =if(H30=13,1,0)+VLOOKUP(B30,indirect($AB$2&"!B:T"),18,false) -> 3 | U30: =if(H30=9,1,0)+VLOOKUP(B30,indirect($AB$2&"!B:U"),20,false) -> 4 | V30: =VLOOKUP(B30,indirect($AB$2&"!B$5:w$70"),22,false)-A30 -> 0 | W30: =W29+1 -> 26
A31: =A30+1 -> 27 | B31: Wayne Liu | C31: 242 | D31: 26 | E31: =if(($D$2-U31-S31)<>0,(C31-(U31*9)-(S31*13))/($D$2-U31-S31),0) -> 11.52381 | F31: 1 | G31: 4 | H31: 0 | I31: 4 | J31: 4 | K31: 1 | L31: 9 | M31: 0 | N31: =C31+L31 -> 251 | O31: =D31+M31 -> 26 | P31: X | Q31: X | R31: X | S31: =if(H31=13,1,0)+VLOOKUP(B31,indirect($AB$2&"!B:T"),18,false) -> 0 | U31: =if(H31=9,1,0)+VLOOKUP(B31,indirect($AB$2&"!B:U"),20,false) -> 0 | V31: =VLOOKUP(B31,indirect($AB$2&"!B$5:w$70"),22,false)-A31 -> 5 | W31: =W30+1 -> 27
A32: =A31+1 -> 28 | B32: Alex Hou | C32: 242 | D32: 23 | E32: =if(($D$2-U32-S32)<>0,(C32-(U32*9)-(S32*13))/($D$2-U32-S32),0) -> 11.52381 | F32: 1 | G32: 4 | H32: 0 | I32: 6 | J32: 4 | K32: 6 | L32: 16 | M32: 2 | N32: =C32+L32 -> 258 | O32: =D32+M32 -> 25 | P32: X | Q32: X | R32: X | S32: =if(H32=13,1,0)+VLOOKUP(B32,indirect($AB$2&"!B:T"),18,false) -> 0 | U32: =if(H32=9,1,0)+VLOOKUP(B32,indirect($AB$2&"!B:U"),20,false) -> 0 | V32: =VLOOKUP(B32,indirect($AB$2&"!B$5:w$70"),22,false)-A32 -> 7 | W32: =W31+1 -> 28
A33: =A32+1 -> 29 | B33: Adrian Tay | C33: 242 | D33: 20 | E33: =if(($D$2-U33-S33)<>0,(C33-(U33*9)-(S33*13))/($D$2-U33-S33),0) -> 16.571429 | F33: 3 | G33: 0 | H33: 9 | I33: 0 | J33: 0 | K33: 0 | L33: 9 | M33: 0 | N33: =C33+L33 -> 251 | O33: =D33+M33 -> 20 | P33: X | Q33: X | S33: =if(H33=13,1,0)+VLOOKUP(B33,indirect($AB$2&"!B:T"),18,false) -> 0 | U33: =if(H33=9,1,0)+VLOOKUP(B33,indirect($AB$2&"!B:U"),20,false) -> 14 | V33: =VLOOKUP(B33,indirect($AB$2&"!B$5:w$70"),22,false)-A33 -> -7 | W33: =W32+1 -> 29
A34: =A33+1 -> 30 | B34: Hongyuan Wen | C34: 241 | D34: 19 | E34: =if(($D$2-U34-S34)<>0,(C34-(U34*9)-(S34*13))/($D$2-U34-S34),0) -> 11.823529 | F34: 1 | G34: 5 | H34: 0 | I34: 6 | J34: 3 | K34: 6 | L34: 15 | M34: 2 | N34: =C34+L34 -> 256 | O34: =D34+M34 -> 21 | P34: X | Q34: X | R34: X | S34: =if(H34=13,1,0)+VLOOKUP(B34,indirect($AB$2&"!B:T"),18,false) -> 1 | U34: =if(H34=9,1,0)+VLOOKUP(B34,indirect($AB$2&"!B:U"),20,false) -> 3 | V34: =VLOOKUP(B34,indirect($AB$2&"!B$5:w$70"),22,false)-A34 -> -5 | W34: =W33+1 -> 30
A35: =A34+1 -> 31 | B35: Jimmy Awolesi | C35: 238 | D35: 20 | E35: =if(($D$2-U35-S35)<>0,(C35-(U35*9)-(S35*13))/($D$2-U35-S35),0) -> 11.5 | F35: 1 | G35: 5 | H35: 0 | I35: 2 | J35: 3 | K35: 2 | L35: 7 | M35: 0 | N35: =C35+L35 -> 245 | O35: =D35+M35 -> 20 | P35: X | Q35: X | R35: X | S35: =if(H35=13,1,0)+VLOOKUP(B35,indirect($AB$2&"!B:T"),18,false) -> 1 | U35: =if(H35=9,1,0)+VLOOKUP(B35,indirect($AB$2&"!B:U"),20,false) -> 2 | V35: =VLOOKUP(B35,indirect($AB$2&"!B$5:w$70"),22,false)-A35 -> -3 | W35: =W34+1 -> 31
A36: =A35+1 -> 32 | B36: Elayaraja Thangaraj | C36: 238 | D36: 16 | E36: =if(($D$2-U36-S36)<>0,(C36-(U36*9)-(S36*13))/($D$2-U36-S36),0) -> 13.5 | F36: 1 | G36: 5 | H36: 0 | I36: 2 | J36: 6 | K36: 6 | L36: 14 | M36: 2 | N36: =C36+L36 -> 252 | O36: =D36+M36 -> 18 | P36: X | Q36: X | S36: =if(H36=13,1,0)+VLOOKUP(B36,indirect($AB$2&"!B:T"),18,false) -> 1 | U36: =if(H36=9,1,0)+VLOOKUP(B36,indirect($AB$2&"!B:U"),20,false) -> 10 | V36: =VLOOKUP(B36,indirect($AB$2&"!B$5:w$70"),22,false)-A36 -> -3 | W36: =W35+1 -> 32
A37: =A36+1 -> 33 | B37: Mauricio Palacios | C37: 238 | D37: 16 | E37: =if(($D$2-U37-S37)<>0,(C37-(U37*9)-(S37*13))/($D$2-U37-S37),0) -> 13.083333 | F37: 1 | G37: 5 | H37: 0 | I37: 6 | J37: 6 | K37: 2 | L37: 14 | M37: 2 | N37: =C37+L37 -> 252 | O37: =D37+M37 -> 18 | P37: X | Q37: X | S37: =if(H37=13,1,0)+VLOOKUP(B37,indirect($AB$2&"!B:T"),18,false) -> 0 | U37: =if(H37=9,1,0)+VLOOKUP(B37,indirect($AB$2&"!B:U"),20,false) -> 9 | V37: =VLOOKUP(B37,indirect($AB$2&"!B$5:w$70"),22,false)-A37 -> -3 | W37: =W36+1 -> 33
A38: =A37+1 -> 34 | B38: Saravanan Veerapandian | C38: 235 | D38: 18 | E38: =if(($D$2-U38-S38)<>0,(C38-(U38*9)-(S38*13))/($D$2-U38-S38),0) -> 11.555556 | F38: 1 | G38: 6 | H38: 0 | I38: 6 | J38: 5 | K38: 2 | L38: 13 | M38: 1 | N38: =C38+L38 -> 248 | O38: =D38+M38 -> 19 | P38: X | Q38: X | R38: X | S38: =if(H38=13,1,0)+VLOOKUP(B38,indirect($AB$2&"!B:T"),18,false) -> 0 | U38: =if(H38=9,1,0)+VLOOKUP(B38,indirect($AB$2&"!B:U"),20,false) -> 3 | V38: =VLOOKUP(B38,indirect($AB$2&"!B$5:w$70"),22,false)-A38 -> -1 | W38: =W37+1 -> 34
A39: =A38+1 -> 35 | B39: Allen Zhang | C39: 234 | D39: 26 | E39: =if(($D$2-U39-S39)<>0,(C39-(U39*9)-(S39*13))/($D$2-U39-S39),0) -> 11.25 | F39: 1 | G39: 6 | H39: 0 | I39: 2 | J39: 5 | K39: 6 | L39: 13 | M39: 1 | N39: =C39+L39 -> 247 | O39: =D39+M39 -> 27 | P39: X | Q39: X | R39: X | S39: =if(H39=13,1,0)+VLOOKUP(B39,indirect($AB$2&"!B:T"),18,false) -> 0 | U39: =if(H39=9,1,0)+VLOOKUP(B39,indirect($AB$2&"!B:U"),20,false) -> 1 | V39: =VLOOKUP(B39,indirect($AB$2&"!B$5:w$70"),22,false)-A39 -> -1 | W39: =W38+1 -> 35
A40: =A39+1 -> 36 | B40: Jim Miao | C40: 233 | D40: 17 | E40: =if(($D$2-U40-S40)<>0,(C40-(U40*9)-(S40*13))/($D$2-U40-S40),0) -> 13 | F40: 3 | G40: 0 | H40: 9 | I40: 0 | J40: 0 | K40: 0 | L40: 9 | M40: 0 | N40: =C40+L40 -> 242 | O40: =D40+M40 -> 17 | P40: X | Q40: X | S40: =if(H40=13,1,0)+VLOOKUP(B40,indirect($AB$2&"!B:T"),18,false) -> 0 | U40: =if(H40=9,1,0)+VLOOKUP(B40,indirect($AB$2&"!B:U"),20,false) -> 10 | V40: =VLOOKUP(B40,indirect($AB$2&"!B$5:w$70"),22,false)-A40 -> 0 | W40: =W39+1 -> 36
A41: =A40+1 -> 37 | B41: Naveen Raj | C41: 230 | D41: 20 | E41: =if(($D$2-U41-S41)<>0,(C41-(U41*9)-(S41*13))/($D$2-U41-S41),0) -> 11.928571 | F41: 3 | G41: 0 | H41: 9 | I41: 0 | J41: 0 | K41: 0 | L41: 9 | M41: 0 | N41: =C41+L41 -> 239 | O41: =D41+M41 -> 20 | P41: X | Q41: X | R41: X | S41: =if(H41=13,1,0)+VLOOKUP(B41,indirect($AB$2&"!B:T"),18,false) -> 0 | U41: =if(H41=9,1,0)+VLOOKUP(B41,indirect($AB$2&"!B:U"),20,false) -> 7 | V41: =VLOOKUP(B41,indirect($AB$2&"!B$5:w$70"),22,false)-A41 -> 0 | W41: =W40+1 -> 37
A42: =A41+1 -> 38 | B42: Vinaya Kajla | C42: 230 | D42: 16 | E42: =if(($D$2-U42-S42)<>0,(C42-(U42*9)-(S42*13))/($D$2-U42-S42),0) -> 11.642857 | F42: 1 | G42: 6 | H42: 0 | I42: 2 | J42: 7 | K42: 2 | L42: 11 | M42: 1 | N42: =C42+L42 -> 241 | O42: =D42+M42 -> 17 | P42: X | Q42: X | R42: X | S42: =if(H42=13,1,0)+VLOOKUP(B42,indirect($AB$2&"!B:T"),18,false) -> 1 | U42: =if(H42=9,1,0)+VLOOKUP(B42,indirect($AB$2&"!B:U"),20,false) -> 6 | V42: =VLOOKUP(B42,indirect($AB$2&"!B$5:w$70"),22,false)-A42 -> 0 | W42: =W41+1 -> 38
A43: =A42+1 -> 39 | B43: Sandy Weyant | C43: 229 | D43: 21 | E43: =if(($D$2-U43-S43)<>0,(C43-(U43*9)-(S43*13))/($D$2-U43-S43),0) -> 11.352941 | F43: 3 | G43: 0 | H43: 9 | I43: 0 | J43: 0 | K43: 0 | L43: 9 | M43: 0 | N43: =C43+L43 -> 238 | O43: =D43+M43 -> 21 | P43: X | Q43: X | R43: X | S43: =if(H43=13,1,0)+VLOOKUP(B43,indirect($AB$2&"!B:T"),18,false) -> 0 | U43: =if(H43=9,1,0)+VLOOKUP(B43,indirect($AB$2&"!B:U"),20,false) -> 4 | V43: =VLOOKUP(B43,indirect($AB$2&"!B$5:w$70"),22,false)-A43 -> 1 | W43: =W42+1 -> 39
A44: =A43+1 -> 40 | B44: Ramesh Bandaru | C44: 228 | D44: 15 | E44: =if(($D$2-U44-S44)<>0,(C44-(U44*9)-(S44*13))/($D$2-U44-S44),0) -> 12.181818 | F44: 1 | G44: 6 | H44: 0 | I44: 6 | J44: 7 | K44: 6 | L44: 19 | M44: 3 | N44: =C44+L44 -> 247 | O44: =D44+M44 -> 18 | P44: X | Q44: X | R44: X | S44: =if(H44=13,1,0)+VLOOKUP(B44,indirect($AB$2&"!B:T"),18,false) -> 1 | U44: =if(H44=9,1,0)+VLOOKUP(B44,indirect($AB$2&"!B:U"),20,false) -> 9 | V44: =VLOOKUP(B44,indirect($AB$2&"!B$5:w$70"),22,false)-A44 -> -1 | W44: =W43+1 -> 40
A45: =A44+1 -> 41 | B45: Kumar Palakeel | C45: 226 | D45: 16 | E45: =if(($D$2-U45-S45)<>0,(C45-(U45*9)-(S45*13))/($D$2-U45-S45),0) -> 10.85 | F45: 1 | G45: 7 | H45: 0 | I45: 6 | J45: 4 | K45: 4 | L45: 14 | M45: 1 | N45: =C45+L45 -> 240 | O45: =D45+M45 -> 17 | P45: X | Q45: X | R45: X | S45: =if(H45=13,1,0)+VLOOKUP(B45,indirect($AB$2&"!B:T"),18,false) -> 0 | U45: =if(H45=9,1,0)+VLOOKUP(B45,indirect($AB$2&"!B:U"),20,false) -> 1 | V45: =VLOOKUP(B45,indirect($AB$2&"!B$5:w$70"),22,false)-A45 -> 0 | W45: =W44+1 -> 41
A46: =A45+1 -> 42 | B46: Rajasekar Ramasamy | C46: 225 | D46: 14 | E46: =if(($D$2-U46-S46)<>0,(C46-(U46*9)-(S46*13))/($D$2-U46-S46),0) -> 12.111111 | F46: 3 | G46: 0 | H46: 9 | I46: 0 | J46: 0 | K46: 0 | L46: 9 | M46: 0 | N46: =C46+L46 -> 234 | O46: =D46+M46 -> 14 | P46: X | Q46: X | R46: X | S46: =if(H46=13,1,0)+VLOOKUP(B46,indirect($AB$2&"!B:T"),18,false) -> 2 | U46: =if(H46=9,1,0)+VLOOKUP(B46,indirect($AB$2&"!B:U"),20,false) -> 10 | V46: =VLOOKUP(B46,indirect($AB$2&"!B$5:w$70"),22,false)-A46 -> 0 | W46: =W45+1 -> 42
A47: =A46+1 -> 43 | B47: Eric Tan | C47: 224 | D47: 20 | E47: =if(($D$2-U47-S47)<>0,(C47-(U47*9)-(S47*13))/($D$2-U47-S47),0) -> 11.058824 | F47: 1 | G47: 7 | H47: 0 | I47: 1 | J47: 4 | K47: 6 | L47: 11 | M47: 1 | N47: =C47+L47 -> 235 | O47: =D47+M47 -> 21 | P47: X | Q47: X | R47: X | S47: =if(H47=13,1,0)+VLOOKUP(B47,indirect($AB$2&"!B:T"),18,false) -> 0 | U47: =if(H47=9,1,0)+VLOOKUP(B47,indirect($AB$2&"!B:U"),20,false) -> 4 | V47: =VLOOKUP(B47,indirect($AB$2&"!B$5:w$70"),22,false)-A47 -> 0 | W47: =W46+1 -> 43
A48: =A47+1 -> 44 | B48: Suleman Alidina | C48: 224 | D48: 14 | E48: =if(($D$2-U48-S48)<>0,(C48-(U48*9)-(S48*13))/($D$2-U48-S48),0) -> 13.375 | F48: 3 | G48: 0 | H48: 9 | I48: 0 | J48: 0 | K48: 0 | L48: 9 | M48: 0 | N48: =C48+L48 -> 233 | O48: =D48+M48 -> 14 | P48: X | Q48: X | S48: =if(H48=13,1,0)+VLOOKUP(B48,indirect($AB$2&"!B:T"),18,false) -> 0 | U48: =if(H48=9,1,0)+VLOOKUP(B48,indirect($AB$2&"!B:U"),20,false) -> 13 | V48: =VLOOKUP(B48,indirect($AB$2&"!B$5:w$70"),22,false)-A48 -> 0 | W48: =W47+1 -> 44
A49: =A48+1 -> 45 | B49: Andrew Wen | C49: 223 | D49: 14 | E49: =if(($D$2-U49-S49)<>0,(C49-(U49*9)-(S49*13))/($D$2-U49-S49),0) -> 11.5 | F49: 2 | G49: 7 | H49: 0 | I49: 6 | J49: 6 | K49: 6 | L49: 18 | M49: 3 | N49: =C49+L49 -> 241 | O49: =D49+M49 -> 17 | P49: X | Q49: X | R49: X | S49: =if(H49=13,1,0)+VLOOKUP(B49,indirect($AB$2&"!B:T"),18,false) -> 1 | U49: =if(H49=9,1,0)+VLOOKUP(B49,indirect($AB$2&"!B:U"),20,false) -> 8 | V49: =VLOOKUP(B49,indirect($AB$2&"!B$5:w$70"),22,false)-A49 -> 5 | W49: =W48+1 -> 45
A50: =A49+1 -> 46 | B50: Sanjaye Elayattu | C50: 223 | D50: 10 | E50: =if(($D$2-U50-S50)<>0,(C50-(U50*9)-(S50*13))/($D$2-U50-S50),0) -> 13.333333 | F50: 3 | G50: 0 | H50: 9 | I50: 0 | J50: 0 | K50: 0 | L50: 9 | M50: 0 | N50: =C50+L50 -> 232 | O50: =D50+M50 -> 10 | P50: X | Q50: X | R50: X | S50: =if(H50=13,1,0)+VLOOKUP(B50,indirect($AB$2&"!B:T"),18,false) -> 2 | U50: =if(H50=9,1,0)+VLOOKUP(B50,indirect($AB$2&"!B:U"),20,false) -> 13 | V50: =VLOOKUP(B50,indirect($AB$2&"!B$5:w$70"),22,false)-A50 -> -1 | W50: =W49+1 -> 46
A51: =A50+1 -> 47 | B51: Nicole Ni | C51: 222 | D51: 8 | E51: =if(($D$2-U51-S51)<>0,(C51-(U51*9)-(S51*13))/($D$2-U51-S51),0) -> 13.142857 | F51: 2 | G51: 7 | H51: 0 | I51: 1 | J51: 6 | K51: 4 | L51: 11 | M51: 1 | N51: =C51+L51 -> 233 | O51: =D51+M51 -> 9 | P51: X | Q51: X | R51: X | S51: =if(H51=13,1,0)+VLOOKUP(B51,indirect($AB$2&"!B:T"),18,false) -> 1 | U51: =if(H51=9,1,0)+VLOOKUP(B51,indirect($AB$2&"!B:U"),20,false) -> 13 | V51: =VLOOKUP(B51,indirect($AB$2&"!B$5:w$70"),22,false)-A51 -> 1 | W51: =W50+1 -> 47
A52: =A51+1 -> 48 | B52: Manuel Rivera | C52: 221 | D52: 13 | E52: =if(($D$2-U52-S52)<>0,(C52-(U52*9)-(S52*13))/($D$2-U52-S52),0) -> 12.555556 | F52: 2 | G52: 8 | H52: 0 | I52: 2 | J52: 6 | K52: 0 | L52: 8 | M52: 1 | N52: =C52+L52 -> 229 | O52: =D52+M52 -> 14 | P52: X | Q52: X | S52: =if(H52=13,1,0)+VLOOKUP(B52,indirect($AB$2&"!B:T"),18,false) -> 0 | U52: =if(H52=9,1,0)+VLOOKUP(B52,indirect($AB$2&"!B:U"),20,false) -> 12 | V52: =VLOOKUP(B52,indirect($AB$2&"!B$5:w$70"),22,false)-A52 -> -2 | W52: =W51+1 -> 48
A53: =A52+1 -> 49 | B53: Matthew Huang | C53: 221 | D53: 9 | E53: =if(($D$2-U53-S53)<>0,(C53-(U53*9)-(S53*13))/($D$2-U53-S53),0) -> 14.6 | F53: 2 | G53: 8 | H53: 0 | I53: 6 | J53: 6 | K53: 6 | L53: 18 | M53: 3 | N53: =C53+L53 -> 239 | O53: =D53+M53 -> 12 | P53: X | Q53: X | R53: X | S53: =if(H53=13,1,0)+VLOOKUP(B53,indirect($AB$2&"!B:T"),18,false) -> 1 | U53: =if(H53=9,1,0)+VLOOKUP(B53,indirect($AB$2&"!B:U"),20,false) -> 15 | V53: =VLOOKUP(B53,indirect($AB$2&"!B$5:w$70"),22,false)-A53 -> -2 | W53: =W52+1 -> 49
A54: =A53+1 -> 50 | B54: Tyler Leong | C54: 216 | D54: 18 | E54: =if(($D$2-U54-S54)<>0,(C54-(U54*9)-(S54*13))/($D$2-U54-S54),0) -> 11.25 | F54: 3 | G54: 0 | H54: 9 | I54: 0 | J54: 0 | K54: 0 | L54: 9 | M54: 0 | N54: =C54+L54 -> 225 | O54: =D54+M54 -> 18 | P54: X | Q54: X | R54: X | S54: =if(H54=13,1,0)+VLOOKUP(B54,indirect($AB$2&"!B:T"),18,false) -> 0 | U54: =if(H54=9,1,0)+VLOOKUP(B54,indirect($AB$2&"!B:U"),20,false) -> 9 | V54: =VLOOKUP(B54,indirect($AB$2&"!B$5:w$70"),22,false)-A54 -> -1 | W54: =W53+1 -> 50
A55: =A54+1 -> 51 | B55: Coco Yan | C55: 215 | D55: 9 | E55: =if(($D$2-U55-S55)<>0,(C55-(U55*9)-(S55*13))/($D$2-U55-S55),0) -> 10.636364 | F55: 3 | G55: 0 | H55: 9 | I55: 0 | J55: 0 | K55: 0 | L55: 9 | M55: 0 | N55: =C55+L55 -> 224 | O55: =D55+M55 -> 9 | P55: X | Q55: X | S55: =if(H55=13,1,0)+VLOOKUP(B55,indirect($AB$2&"!B:T"),18,false) -> 2 | U55: =if(H55=9,1,0)+VLOOKUP(B55,indirect($AB$2&"!B:U"),20,false) -> 8 | V55: =VLOOKUP(B55,indirect($AB$2&"!B$5:w$70"),22,false)-A55 -> 0 | W55: =W54+1 -> 51
A56: =A55+1 -> 52 | B56: Trish Newlin | C56: 211 | D56: 11 | E56: =if(($D$2-U56-S56)<>0,(C56-(U56*9)-(S56*13))/($D$2-U56-S56),0) -> 11.25 | F56: 3 | G56: 0 | H56: 9 | I56: 0 | J56: 0 | K56: 0 | L56: 9 | M56: 0 | N56: =C56+L56 -> 220 | O56: =D56+M56 -> 11 | P56: X | Q56: X | R56: X | S56: =if(H56=13,1,0)+VLOOKUP(B56,indirect($AB$2&"!B:T"),18,false) -> 1 | U56: =if(H56=9,1,0)+VLOOKUP(B56,indirect($AB$2&"!B:U"),20,false) -> 12 | V56: =VLOOKUP(B56,indirect($AB$2&"!B$5:w$70"),22,false)-A56 -> 0 | W56: =W55+1 -> 52
A57: =A56+1 -> 53 | B57: Eric Pan | C57: 211 | D57: 9 | E57: =if(($D$2-U57-S57)<>0,(C57-(U57*9)-(S57*13))/($D$2-U57-S57),0) -> 15 | F57: 3 | G57: 0 | H57: 9 | I57: 0 | J57: 0 | K57: 0 | L57: 9 | M57: 0 | N57: =C57+L57 -> 220 | O57: =D57+M57 -> 9 | P57: X | Q57: X | S57: =if(H57=13,1,0)+VLOOKUP(B57,indirect($AB$2&"!B:T"),18,false) -> 1 | U57: =if(H57=9,1,0)+VLOOKUP(B57,indirect($AB$2&"!B:U"),20,false) -> 17 | V57: =VLOOKUP(B57,indirect($AB$2&"!B$5:w$70"),22,false)-A57 -> 0 | W57: =W56+1 -> 53
A58: =A57+1 -> 54 | B58: Vishnu Amarnath | C58: 208 | D58: 7 | E58: =if(($D$2-U58-S58)<>0,(C58-(U58*9)-(S58*13))/($D$2-U58-S58),0) -> 12.75 | F58: 3 | G58: 0 | H58: 9 | I58: 0 | J58: 0 | K58: 0 | L58: 9 | M58: 0 | N58: =C58+L58 -> 217 | O58: =D58+M58 -> 7 | P58: X | Q58: X | R58: X | S58: =if(H58=13,1,0)+VLOOKUP(B58,indirect($AB$2&"!B:T"),18,false) -> 1 | U58: =if(H58=9,1,0)+VLOOKUP(B58,indirect($AB$2&"!B:U"),20,false) -> 16 | V58: =VLOOKUP(B58,indirect($AB$2&"!B$5:w$70"),22,false)-A58 -> 0 | W58: =W57+1 -> 54
A59: =A58+1 -> 55 | B59: Joyce Zhu | C59: 199 | D59: 14 | E59: =if(($D$2-U59-S59)<>0,(C59-(U59*9)-(S59*13))/($D$2-U59-S59),0) -> 9.7142857 | F59: 3 | G59: 0 | H59: 9 | I59: 0 | J59: 0 | K59: 0 | L59: 9 | M59: 0 | N59: =C59+L59 -> 208 | O59: =D59+M59 -> 14 | P59: X | Q59: X | R59: X | S59: =if(H59=13,1,0)+VLOOKUP(B59,indirect($AB$2&"!B:T"),18,false) -> 0 | U59: =if(H59=9,1,0)+VLOOKUP(B59,indirect($AB$2&"!B:U"),20,false) -> 7 | V59: =VLOOKUP(B59,indirect($AB$2&"!B$5:w$70"),22,false)-A59 -> 0 | W59: =W58+1 -> 55
A60: =A59+1 -> 56 | B60: Leigh-Anh Nguyen | C60: 196 | D60: 4 | E60: =if(($D$2-U60-S60)<>0,(C60-(U60*9)-(S60*13))/($D$2-U60-S60),0) -> 10.166667 | F60: 3 | G60: 0 | H60: 9 | I60: 0 | J60: 0 | K60: 0 | L60: 9 | M60: 0 | N60: =C60+L60 -> 205 | O60: =D60+M60 -> 4 | P60: X | Q60: X | R60: X | S60: =if(H60=13,1,0)+VLOOKUP(B60,indirect($AB$2&"!B:T"),18,false) -> 0 | U60: =if(H60=9,1,0)+VLOOKUP(B60,indirect($AB$2&"!B:U"),20,false) -> 15 | V60: =VLOOKUP(B60,indirect($AB$2&"!B$5:w$70"),22,false)-A60 -> 0 | W60: =W59+1 -> 56
A61: =A60+1 -> 57 | B61: Santosh Sundaresan | C61: 193 | D61: 5 | E61: =if(($D$2-U61-S61)<>0,(C61-(U61*9)-(S61*13))/($D$2-U61-S61),0) -> 9 | F61: 3 | G61: 0 | H61: 9 | I61: 0 | J61: 0 | K61: 0 | L61: 9 | M61: 0 | N61: =C61+L61 -> 202 | O61: =D61+M61 -> 5 | P61: X | Q61: X | R61: X | S61: =if(H61=13,1,0)+VLOOKUP(B61,indirect($AB$2&"!B:T"),18,false) -> 1 | U61: =if(H61=9,1,0)+VLOOKUP(B61,indirect($AB$2&"!B:U"),20,false) -> 17 | V61: =VLOOKUP(B61,indirect($AB$2&"!B$5:w$70"),22,false)-A61 -> 0 | W61: =W60+1 -> 57
A62: =A61+1 -> 58 | B62: Hubert J Sung | C62: 190 | D62: 8 | E62: =if(($D$2-U62-S62)<>0,(C62-(U62*9)-(S62*13))/($D$2-U62-S62),0) -> 9.1428571 | F62: 3 | G62: 0 | H62: 9 | I62: 0 | J62: 0 | K62: 0 | L62: 9 | M62: 0 | N62: =C62+L62 -> 199 | O62: =D62+M62 -> 8 | P62: X | Q62: X | S62: =if(H62=13,1,0)+VLOOKUP(B62,indirect($AB$2&"!B:T"),18,false) -> 0 | U62: =if(H62=9,1,0)+VLOOKUP(B62,indirect($AB$2&"!B:U"),20,false) -> 14 | V62: =VLOOKUP(B62,indirect($AB$2&"!B$5:w$70"),22,false)-A62 -> 0 | W62: =W61+1 -> 58
A63: =A62+1 -> 59 | B63: Vicki Martinet | C63: 188 | D63: 5 | E63: =if(($D$2-U63-S63)<>0,(C63-(U63*9)-(S63*13))/($D$2-U63-S63),0) -> 8.8 | F63: 1 | G63: 8 | H63: 0 | I63: 6 | J63: 0 | K63: 0 | L63: 6 | M63: 1 | N63: =C63+L63 -> 194 | O63: =D63+M63 -> 6 | P63: X | Q63: X | R63: X | S63: =if(H63=13,1,0)+VLOOKUP(B63,indirect($AB$2&"!B:T"),18,false) -> 0 | U63: =if(H63=9,1,0)+VLOOKUP(B63,indirect($AB$2&"!B:U"),20,false) -> 16 | V63: =VLOOKUP(B63,indirect($AB$2&"!B$5:w$70"),22,false)-A63 -> 0 | W63: =W62+1 -> 59
A64: =A63+1 -> 60 | B64: Trinath Goteti | C64: 184 | D64: 0 | E64: =if(($D$2-U64-S64)<>0,(C64-(U64*9)-(S64*13))/($D$2-U64-S64),0) -> 0 | F64: 3 | G64: 0 | H64: 9 | I64: 0 | J64: 0 | K64: 0 | L64: 9 | M64: 0 | N64: =C64+L64 -> 193 | O64: =D64+M64 -> 0 | P64: X | Q64: X | R64: N | S64: =if(H64=13,1,0)+VLOOKUP(B64,indirect($AB$2&"!B:T"),18,false) -> 1 | U64: =if(H64=9,1,0)+VLOOKUP(B64,indirect($AB$2&"!B:U"),20,false) -> 20 | V64: =VLOOKUP(B64,indirect($AB$2&"!B$5:w$70"),22,false)-A64 -> 0 | W64: =W63+1 -> 60
A65: =A64+1 -> 61 | B65: Balaji Alahari | C65: 184 | D65: 0 | E65: =if(($D$2-U65-S65)<>0,(C65-(U65*9)-(S65*13))/($D$2-U65-S65),0) -> 0 | F65: 1 | G65: 8 | H65: 0 | I65: 2 | J65: 0 | K65: 6 | L65: 8 | M65: 1 | N65: =C65+L65 -> 192 | O65: =D65+M65 -> 1 | P65: X | Q65: X | R65: X | S65: =if(H65=13,1,0)+VLOOKUP(B65,indirect($AB$2&"!B:T"),18,false) -> 1 | U65: =if(H65=9,1,0)+VLOOKUP(B65,indirect($AB$2&"!B:U"),20,false) -> 19 | V65: =VLOOKUP(B65,indirect($AB$2&"!B$5:w$70"),22,false)-A65 -> 0 | W65: =W64+1 -> 61
A66: =A65+1 -> 62 | B66: Rajesh Dorairaj | C66: 180 | D66: 4 | E66: =if(($D$2-U66-S66)<>0,(C66-(U66*9)-(S66*13))/($D$2-U66-S66),0) -> 7.7142857 | F66: 3 | G66: 0 | H66: 9 | I66: 0 | J66: 0 | K66: 0 | L66: 9 | M66: 0 | N66: =C66+L66 -> 189 | O66: =D66+M66 -> 4 | P66: X | Q66: X | R66: X | S66: =if(H66=13,1,0)+VLOOKUP(B66,indirect($AB$2&"!B:T"),18,false) -> 0 | U66: =if(H66=9,1,0)+VLOOKUP(B66,indirect($AB$2&"!B:U"),20,false) -> 14 | V66: =VLOOKUP(B66,indirect($AB$2&"!B$5:w$70"),22,false)-A66 -> 2 | W66: =W65+1 -> 62
A67: =A66+1 -> 63 | B67: Frank Moon | C67: 180 | D67: 0 | E67: =if(($D$2-U67-S67)<>0,(C67-(U67*9)-(S67*13))/($D$2-U67-S67),0) -> 0 | F67: 3 | G67: 0 | H67: 9 | I67: 0 | J67: 0 | K67: 0 | L67: 9 | M67: 0 | N67: =C67+L67 -> 189 | O67: =D67+M67 -> 0 | P67: X | Q67: X | R67: X | S67: =if(H67=13,1,0)+VLOOKUP(B67,indirect($AB$2&"!B:T"),18,false) -> 0 | U67: =if(H67=9,1,0)+VLOOKUP(B67,indirect($AB$2&"!B:U"),20,false) -> 21 | V67: =VLOOKUP(B67,indirect($AB$2&"!B$5:w$70"),22,false)-A67 -> -1 | W67: =W66+1 -> 63
A68: =A67+1 -> 64 | B68: Luis Hsu | C68: 180 | D68: 0 | E68: =if(($D$2-U68-S68)<>0,(C68-(U68*9)-(S68*13))/($D$2-U68-S68),0) -> 0 | F68: 3 | G68: 0 | H68: 9 | I68: 0 | J68: 0 | K68: 0 | L68: 9 | M68: 0 | N68: =C68+L68 -> 189 | O68: =D68+M68 -> 0 | P68: X | Q68: X | S68: =if(H68=13,1,0)+VLOOKUP(B68,indirect($AB$2&"!B:T"),18,false) -> 0 | U68: =if(H68=9,1,0)+VLOOKUP(B68,indirect($AB$2&"!B:U"),20,false) -> 21 | V68: =VLOOKUP(B68,indirect($AB$2&"!B$5:w$70"),22,false)-A68 -> -1 | W68: =W67+1 -> 64
A69: =A68+1 -> 65 | B69: Barathi Sundaram | C69: 165 | D69: 3 | E69: =if(($D$2-U69-S69)<>0,(C69-(U69*9)-(S69*13))/($D$2-U69-S69),0) -> 6 | F69: 3 | G69: 0 | H69: 9 | I69: 0 | J69: 0 | K69: 0 | L69: 9 | M69: 0 | N69: =C69+L69 -> 174 | O69: =D69+M69 -> 3 | P69: X | Q69: X | S69: =if(H69=13,1,0)+VLOOKUP(B69,indirect($AB$2&"!B:T"),18,false) -> 0 | U69: =if(H69=9,1,0)+VLOOKUP(B69,indirect($AB$2&"!B:U"),20,false) -> 13 | V69: =VLOOKUP(B69,indirect($AB$2&"!B$5:w$70"),22,false)-A69 -> 0 | W69: =W68+1 -> 65
P74: Renewed | R74: =COUNTIF(R5:R69,"X") -> 48
B75: Top Scores | C75: Games | D75: Sets | E75: Court # | P75: Not Renewing | R75: =countif(R5:R69,"N") -> 1
B76: =IFERROR(__xludf.DUMMYFUNCTION("QUERY(B5:M69,""Select B, L, M, G where L >= 18 order by L desc,M desc"",0)"),"Ramesh Bandaru") -> Ramesh Bandaru | C76: =IFERROR(__xludf.DUMMYFUNCTION("""COMPUTED_VALUE"""),19.0) -> 19 | D76: =IFERROR(__xludf.DUMMYFUNCTION("""COMPUTED_VALUE"""),3.0) -> 3 | E76: =IFERROR(__xludf.DUMMYFUNCTION("""COMPUTED_VALUE"""),6.0) -> 6 | P76: To Renew | R76: =countif(R5:R69,"") -> 16
B77: =IFERROR(__xludf.DUMMYFUNCTION("""COMPUTED_VALUE"""),"Ethan Gu") -> Ethan Gu | C77: =IFERROR(__xludf.DUMMYFUNCTION("""COMPUTED_VALUE"""),18.0) -> 18 | D77: =IFERROR(__xludf.DUMMYFUNCTION("""COMPUTED_VALUE"""),3.0) -> 3 | E77: =IFERROR(__xludf.DUMMYFUNCTION("""COMPUTED_VALUE"""),1.0) -> 1 | P77: Total | R77: =sum(R74:R76) -> 65
B78: =IFERROR(__xludf.DUMMYFUNCTION("""COMPUTED_VALUE"""),"Basudev Thoppai Vidyasankar") -> Basudev Thoppai Vidyasankar | C78: =IFERROR(__xludf.DUMMYFUNCTION("""COMPUTED_VALUE"""),18.0) -> 18 | D78: =IFERROR(__xludf.DUMMYFUNCTION("""COMPUTED_VALUE"""),3.0) -> 3 | E78: =IFERROR(__xludf.DUMMYFUNCTION("""COMPUTED_VALUE"""),2.0) -> 2
B79: =IFERROR(__xludf.DUMMYFUNCTION("""COMPUTED_VALUE"""),"Andrew Wen") -> Andrew Wen | C79: =IFERROR(__xludf.DUMMYFUNCTION("""COMPUTED_VALUE"""),18.0) -> 18 | D79: =IFERROR(__xludf.DUMMYFUNCTION("""COMPUTED_VALUE"""),3.0) -> 3 | E79: =IFERROR(__xludf.DUMMYFUNCTION("""COMPUTED_VALUE"""),7.0) -> 7
B80: =IFERROR(__xludf.DUMMYFUNCTION("""COMPUTED_VALUE"""),"Matthew Huang") -> Matthew Huang | C80: =IFERROR(__xludf.DUMMYFUNCTION("""COMPUTED_VALUE"""),18.0) -> 18 | D80: =IFERROR(__xludf.DUMMYFUNCTION("""COMPUTED_VALUE"""),3.0) -> 3 | E80: =IFERROR(__xludf.DUMMYFUNCTION("""COMPUTED_VALUE"""),8.0) -> 8
B81: =IFERROR(__xludf.DUMMYFUNCTION("""COMPUTED_VALUE"""),"Scott Li") -> Scott Li | C81: =IFERROR(__xludf.DUMMYFUNCTION("""COMPUTED_VALUE"""),18.0) -> 18 | D81: =IFERROR(__xludf.DUMMYFUNCTION("""COMPUTED_VALUE"""),2.0) -> 2 | E81: =IFERROR(__xludf.DUMMYFUNCTION("""COMPUTED_VALUE"""),3.0) -> 3
B82: =IFERROR(__xludf.DUMMYFUNCTION("""COMPUTED_VALUE"""),"Lloyd Sagar") -> Lloyd Sagar | C82: =IFERROR(__xludf.DUMMYFUNCTION("""COMPUTED_VALUE"""),18.0) -> 18 | D82: =IFERROR(__xludf.DUMMYFUNCTION("""COMPUTED_VALUE"""),2.0) -> 2 | E82: =IFERROR(__xludf.DUMMYFUNCTION("""COMPUTED_VALUE"""),3.0) -> 3
B83: =IFERROR(__xludf.DUMMYFUNCTION("""COMPUTED_VALUE"""),"Tom Le") -> Tom Le | C83: =IFERROR(__xludf.DUMMYFUNCTION("""COMPUTED_VALUE"""),18.0) -> 18 | D83: =IFERROR(__xludf.DUMMYFUNCTION("""COMPUTED_VALUE"""),2.0) -> 2 | E83: =IFERROR(__xludf.DUMMYFUNCTION("""COMPUTED_VALUE"""),3.0) -> 3
B89: Top 10 Movements (UP) | C89: Positions Moved | D89: Position Last week | E89: Position This week | F89: Points this week | G89: Court | L89: Cross Check
