Workbook

Sheet Current
B1: Standings as of | C1: 46305
B2: Number of Weeks Played | D2: 15 | AC2: =text(C1,"mm/dd/yy") -> 10/10/26
C3: Beginning of week | F3: Current Week Scores | N3: End of week | Q3: Jan-Jun 2026 | R3: Jul-Dec 2026
A4: Ranking | B4: Name of Player | C4: Games Won | D4: Sets Won | E4: Games Won / Match | F4: Check IN | G4: Court # | H4: Set 0 | I4: Set 1 | J4: Set 2 | K4: Set 3 | L4: Games Won | M4: Sets Won | N4: Games Won | O4: Sets Won | P4: Waiver | Q4: Fee | R4: Fee | S4: Games Played | T4: Sit outs | U4: No Shows | V4: Absent | W4: Positions Gained/Lost | X4: Ranking | Y4: Perfect attendence | Z4: Check
A5: 1 | B5: Andrew Yao | C5: 223 | D5: 22 | E5: =if(S5>0,(C5-(V5*9)-(T5*13))/S5,0) -> 15.153846 | F5: =if(isna(VLOOKUP(B5,Checkin!A:B,2,false)),0,VLOOKUP(B5,Checkin!A:B,2,false)) -> 0 | G5: =if(OR($F5=1, $F5=2),VLOOKUP($B5,Courts!$B$2:$K$50,10,false),0) -> 0 | H5: =IF(OR(F5=3,F5=4),9,IF(F5=5,13,0)) -> 0 | I5: =if(OR($F5=1, $F5=2),VLOOKUP($B5,Courts!$B$2:$J$50,5,false),0) -> 0 | J5: =if(OR($F5=1, $F5=2),VLOOKUP($B5,Courts!$B$2:$J$50,6,false),0) -> 0 | K5: =if(OR($F5=1, $F5=2),VLOOKUP($B5,Courts!$B$2:$J$50,7,false),0) -> 0 | L5: =H5+I5+J5+K5 -> 0 | M5: =if(OR($F5=1, $F5=2),VLOOKUP($B5,Courts!$B$2:$J$50,9,false),0) -> 0 | N5: =C5+L5 -> 223 | O5: =D5+M5 -> 22 | P5: X | Q5: X | R5: X | S5: =vlookup(B5,indirect("'" & AC$2 & "'!B5:W71"),18,false)++if(text(C$1,"mm/dd/yy")=$AC$2,0,if(H5>0,0,1)) -> 13 | T5: =if(H5=13,1,0)+vlookup(B5,indirect("'" & AC$2 & "'!B5:W71"),19,false) -> 2 | V5: =vlookup(B5,indirect("'" & AC$2 & "'!B5:W71"),21,false)+if(text(C$1,"mm/dd/yy")=$AC$2,0,if(H5=9,1,0)) -> 0 | W5: =vlookup(B5,indirect("'" & AC$2 & "'!B5:x71"),23,false)-X5 -> 1 | X5: 1 | Y5: =if(S5=D$2,"Y","N") -> N | Z5: =if($D$2=sum(S5:V5),"","Error")
A6: =A5+1 -> 2 | B6: Tom Le | C6: 222 | D6: 24 | E6: =if(S6>0,(C6-(V6*9)-(T6*13))/S6,0) -> 16.909091 | F6: =if(isna(VLOOKUP(B6,Checkin!A:B,2,false)),0,VLOOKUP(B6,Checkin!A:B,2,false)) -> 0 | G6: =if(OR($F6=1, $F6=2),VLOOKUP($B6,Courts!$B$2:$K$50,10,false),0) -> 0 | H6: =IF(OR(F6=3,F6=4),9,IF(F6=5,13,0)) -> 0 | I6: =if(OR($F6=1, $F6=2),VLOOKUP($B6,Courts!$B$2:$J$50,5,false),0) -> 0 | J6: =if(OR($F6=1, $F6=2),VLOOKUP($B6,Courts!$B$2:$J$50,6,false),0) -> 0 | K6: =if(OR($F6=1, $F6=2),VLOOKUP($B6,Courts!$B$2:$J$50,7,false),0) -> 0 | L6: =H6+I6+J6+K6 -> 0 | M6: =if(OR($F6=1, $F6=2),VLOOKUP($B6,Courts!$B$2:$J$50,9,false),0) -> 0 | N6: =C6+L6 -> 222 | O6: =D6+M6 -> 24 | P6: X | Q6: X | R6: X | S6: =vlookup(B6,indirect("'" & AC$2 & "'!B5:W71"),18,false)++if(text(C$1,"mm/dd/yy")=$AC$2,0,if(H6>0,0,1)) -> 11 | T6: =if(H6=13,1,0)+vlookup(B6,indirect("'" & AC$2 & "'!B5:W71"),19,false) -> 0 | V6: =vlookup(B6,indirect("'" & AC$2 & "'!B5:W71"),21,false)+if(text(C$1,"mm/dd/yy")=$AC$2,0,if(H6=9,1,0)) -> 4 | W6: =vlookup(B6,indirect("'" & AC$2 & "'!B5:x71"),23,false)-X6 -> -1 | X6: =X5+1 -> 2 | Y6: =if(S6=D$2,"Y","N") -> N | Z6: =if($D$2=sum(S6:V6),"","Error")
A7: =A6+1 -> 3 | B7: Pavan Akkimsetty | C7: 218 | D7: 22 | E7: =if(S7>0,(C7-(V7*9)-(T7*13))/S7,0) -> 15.076923 | F7: =if(isna(VLOOKUP(B7,Checkin!A:B,2,false)),0,VLOOKUP(B7,Checkin!A:B,2,false)) -> 0 | G7: =if(OR($F7=1, $F7=2),VLOOKUP($B7,Courts!$B$2:$K$50,10,false),0) -> 0 | H7: =IF(OR(F7=3,F7=4),9,IF(F7=5,13,0)) -> 0 | I7: =if(OR($F7=1, $F7=2),VLOOKUP($B7,Courts!$B$2:$J$50,5,false),0) -> 0 | J7: =if(OR($F7=1, $F7=2),VLOOKUP($B7,Courts!$B$2:$J$50,6,false),0) -> 0 | K7: =if(OR($F7=1, $F7=2),VLOOKUP($B7,Courts!$B$2:$J$50,7,false),0) -> 0 | L7: =H7+I7+J7+K7 -> 0 | M7: =if(OR($F7=1, $F7=2),VLOOKUP($B7,Courts!$B$2:$J$50,9,false),0) -> 0 | N7: =C7+L7 -> 218 | O7: =D7+M7 -> 22 | P7: X | Q7: X | R7: X | S7: =vlookup(B7,indirect("'" & AC$2 & "'!B5:W71"),18,false)++if(text(C$1,"mm/dd/yy")=$AC$2,0,if(H7>0,0,1)) -> 13 | T7: =if(H7=13,1,0)+vlookup(B7,indirect("'" & AC$2 & "'!B5:W71"),19,false) -> 1 | V7: =vlookup(B7,indirect("'" & AC$2 & "'!B5:W71"),21,false)+if(text(C$1,"mm/dd/yy")=$AC$2,0,if(H7=9,1,0)) -> 1 | W7: =vlookup(B7,indirect("'" & AC$2 & "'!B5:x71"),23,false)-X7 -> 0 | X7: =X6+1 -> 3 | Y7: =if(S7=D$2,"Y","N") -> N | Z7: =if($D$2=sum(S7:V7),"","Error")
A8: =A7+1 -> 4 | B8: Rudy Tatang | C8: 217 | D8: 19 | E8: =if(S8>0,(C8-(V8*9)-(T8*13))/S8,0) -> 16.4 | F8: =if(isna(VLOOKUP(B8,Checkin!A:B,2,false)),0,VLOOKUP(B8,Checkin!A:B,2,false)) -> 0 | G8: =if(OR($F8=1, $F8=2),VLOOKUP($B8,Courts!$B$2:$K$50,10,false),0) -> 0 | H8: =IF(OR(F8=3,F8=4),9,IF(F8=5,13,0)) -> 0 | I8: =if(OR($F8=1, $F8=2),VLOOKUP($B8,Courts!$B$2:$J$50,5,false),0) -> 0 | J8: =if(OR($F8=1, $F8=2),VLOOKUP($B8,Courts!$B$2:$J$50,6,false),0) -> 0 | K8: =if(OR($F8=1, $F8=2),VLOOKUP($B8,Courts!$B$2:$J$50,7,false),0) -> 0 | L8: =H8+I8+J8+K8 -> 0 | M8: =if(OR($F8=1, $F8=2),VLOOKUP($B8,Courts!$B$2:$J$50,9,false),0) -> 0 | N8: =C8+L8 -> 217 | O8: =D8+M8 -> 19 | P8: X | Q8: X | R8: X | S8: =vlookup(B8,indirect("'" & AC$2 & "'!B5:W71"),18,false)++if(text(C$1,"mm/dd/yy")=$AC$2,0,if(H8>0,0,1)) -> 10 | T8: =if(H8=13,1,0)+vlookup(B8,indirect("'" & AC$2 & "'!B5:W71"),19,false) -> 2 | V8: =vlookup(B8,indirect("'" & AC$2 & "'!B5:W71"),21,false)+if(text(C$1,"mm/dd/yy")=$AC$2,0,if(H8=9,1,0)) -> 3 | W8: =vlookup(B8,indirect("'" & AC$2 & "'!B5:x71"),23,false)-X8 -> 2 | X8: =X7+1 -> 4 | Y8: =if(S8=D$2,"Y","N") -> N | Z8: =if($D$2=sum(S8:V8),"","Error")
A9: =A8+1 -> 5 | B9: Pulkit Mathur | C9: 216 | D9: 24 | E9: =if(S9>0,(C9-(V9*9)-(T9*13))/S9,0) -> 16.3 | F9: =if(isna(VLOOKUP(B9,Checkin!A:B,2,false)),0,VLOOKUP(B9,Checkin!A:B,2,false)) -> 0 | G9: =if(OR($F9=1, $F9=2),VLOOKUP($B9,Courts!$B$2:$K$50,10,false),0) -> 0 | H9: =IF(OR(F9=3,F9=4),9,IF(F9=5,13,0)) -> 0 | I9: =if(OR($F9=1, $F9=2),VLOOKUP($B9,Courts!$B$2:$J$50,5,false),0) -> 0 | J9: =if(OR($F9=1, $F9=2),VLOOKUP($B9,Courts!$B$2:$J$50,6,false),0) -> 0 | K9: =if(OR($F9=1, $F9=2),VLOOKUP($B9,Courts!$B$2:$J$50,7,false),0) -> 0 | L9: =H9+I9+J9+K9 -> 0 | M9: =if(OR($F9=1, $F9=2),VLOOKUP($B9,Courts!$B$2:$J$50,9,false),0) -> 0 | N9: =C9+L9 -> 216 | O9: =D9+M9 -> 24 | P9: X | Q9: X | R9: X | S9: =vlookup(B9,indirect("'" & AC$2 & "'!B5:W71"),18,false)++if(text(C$1,"mm/dd/yy")=$AC$2,0,if(H9>0,0,1)) -> 10 | T9: =if(H9=13,1,0)+vlookup(B9,indirect("'" & AC$2 & "'!B5:W71"),19,false) -> 2 | V9: =vlookup(B9,indirect("'" & AC$2 & "'!B5:W71"),21,false)+if(text(C$1,"mm/dd/yy")=$AC$2,0,if(H9=9,1,0)) -> 3 | W9: =vlookup(B9,indirect("'" & AC$2 & "'!B5:x71"),23,false)-X9 -> -1 | X9: =X8+1 -> 5 | Y9: =if(S9=D$2,"Y","N") -> N | Z9: =if($D$2=sum(S9:V9),"","Error")
A10: =A9+1 -> 6 | B10: David Shin | C10: 210 | D10: 21 | E10: =if(S10>0,(C10-(V10*9)-(T10*13))/S10,0) -> 14.461538 | F10: =if(isna(VLOOKUP(B10,Checkin!A:B,2,false)),0,VLOOKUP(B10,Checkin!A:B,2,false)) -> 0 | G10: =if(OR($F10=1, $F10=2),VLOOKUP($B10,Courts!$B$2:$K$50,10,false),0) -> 0 | H10: =IF(OR(F10=3,F10=4),9,IF(F10=5,13,0)) -> 0 | I10: =if(OR($F10=1, $F10=2),VLOOKUP($B10,Courts!$B$2:$J$50,5,false),0) -> 0 | J10: =if(OR($F10=1, $F10=2),VLOOKUP($B10,Courts!$B$2:$J$50,6,false),0) -> 0 | K10: =if(OR($F10=1, $F10=2),VLOOKUP($B10,Courts!$B$2:$J$50,7,false),0) -> 0 | L10: =H10+I10+J10+K10 -> 0 | M10: =if(OR($F10=1, $F10=2),VLOOKUP($B10,Courts!$B$2:$J$50,9,false),0) -> 0 | N10: =C10+L10 -> 210 | O10: =D10+M10 -> 21 | P10: X | Q10: X | R10: X | S10: =vlookup(B10,indirect("'" & AC$2 & "'!B5:W71"),18,false)++if(text(C$1,"mm/dd/yy")=$AC$2,0,if(H10>0,0,1)) -> 13 | T10: =if(H10=13,1,0)+vlookup(B10,indirect("'" & AC$2 & "'!B5:W71"),19,false) -> 1 | V10: =vlookup(B10,indirect("'" & AC$2 & "'!B5:W71"),21,false)+if(text(C$1,"mm/dd/yy")=$AC$2,0,if(H10=9,1,0)) -> 1 | W10: =vlookup(B10,indirect("'" & AC$2 & "'!B5:x71"),23,false)-X10 -> -1 | X10: =X9+1 -> 6 | Y10: =if(S10=D$2,"Y","N") -> N | Z10: =if($D$2=sum(S10:V10),"","Error")
A11: =A10+1 -> 7 | B11: Jaya Sogata | C11: 210 | D11: 15 | E11: =if(S11>0,(C11-(V11*9)-(T11*13))/S11,0) -> 15.555556 | F11: =if(isna(VLOOKUP(B11,Checkin!A:B,2,false)),0,VLOOKUP(B11,Checkin!A:B,2,false)) -> 0 | G11: =if(OR($F11=1, $F11=2),VLOOKUP($B11,Courts!$B$2:$K$50,10,false),0) -> 0 | H11: =IF(OR(F11=3,F11=4),9,IF(F11=5,13,0)) -> 0 | I11: =if(OR($F11=1, $F11=2),VLOOKUP($B11,Courts!$B$2:$J$50,5,false),0) -> 0 | J11: =if(OR($F11=1, $F11=2),VLOOKUP($B11,Courts!$B$2:$J$50,6,false),0) -> 0 | K11: =if(OR($F11=1, $F11=2),VLOOKUP($B11,Courts!$B$2:$J$50,7,false),0) -> 0 | L11: =H11+I11+J11+K11 -> 0 | M11: =if(OR($F11=1, $F11=2),VLOOKUP($B11,Courts!$B$2:$J$50,9,false),0) -> 0 | N11: =C11+L11 -> 210 | O11: =D11+M11 -> 15 | P11: X | Q11: X | R11: X | S11: =vlookup(B11,indirect("'" & AC$2 & "'!B5:W71"),18,false)++if(text(C$1,"mm/dd/yy")=$AC$2,0,if(H11>0,0,1)) -> 9 | T11: =if(H11=13,1,0)+vlookup(B11,indirect("'" & AC$2 & "'!B5:W71"),19,false) -> 4 | V11: =vlookup(B11,indirect("'" & AC$2 & "'!B5:W71"),21,false)+if(text(C$1,"mm/dd/yy")=$AC$2,0,if(H11=9,1,0)) -> 2 | W11: =vlookup(B11,indirect("'" & AC$2 & "'!B5:x71"),23,false)-X11 -> 2 | X11: =X10+1 -> 7 | Y11: =if(S11=D$2,"Y","N") -> N | Z11: =if($D$2=sum(S11:V11),"","Error")
A12: =A11+1 -> 8 | B12: Suleman Alidina | C12: 206 | D12: 14 | E12: =if(S12>0,(C12-(V12*9)-(T12*13))/S12,0) -> 15.375 | F12: =if(isna(VLOOKUP(B12,Checkin!A:B,2,false)),0,VLOOKUP(B12,Checkin!A:B,2,false)) -> 0 | G12: =if(OR($F12=1, $F12=2),VLOOKUP($B12,Courts!$B$2:$K$50,10,false),0) -> 0 | H12: =IF(OR(F12=3,F12=4),9,IF(F12=5,13,0)) -> 0 | I12: =if(OR($F12=1, $F12=2),VLOOKUP($B12,Courts!$B$2:$J$50,5,false),0) -> 0 | J12: =if(OR($F12=1, $F12=2),VLOOKUP($B12,Courts!$B$2:$J$50,6,false),0) -> 0 | K12: =if(OR($F12=1, $F12=2),VLOOKUP($B12,Courts!$B$2:$J$50,7,false),0) -> 0 | L12: =H12+I12+J12+K12 -> 0 | M12: =if(OR($F12=1, $F12=2),VLOOKUP($B12,Courts!$B$2:$J$50,9,false),0) -> 0 | N12: =C12+L12 -> 206 | O12: =D12+M12 -> 14 | P12: X | Q12: X | R12: X | S12: =vlookup(B12,indirect("'" & AC$2 & "'!B5:W71"),18,false)++if(text(C$1,"mm/dd/yy")=$AC$2,0,if(H12>0,0,1)) -> 8 | T12: =if(H12=13,1,0)+vlookup(B12,indirect("'" & AC$2 & "'!B5:W71"),19,false) -> 5 | V12: =vlookup(B12,indirect("'" & AC$2 & "'!B5:W71"),21,false)+if(text(C$1,"mm/dd/yy")=$AC$2,0,if(H12=9,1,0)) -> 2 | W12: =vlookup(B12,indirect("'" & AC$2 & "'!B5:x71"),23,false)-X12 -> 4 | X12: =X11+1 -> 8 | Y12: =if(S12=D$2,"Y","N") -> N | Z12: =if($D$2=sum(S12:V12),"","Error")
A13: =A12+1 -> 9 | B13: Vinotkumar Nagappan | C13: 205 | D13: 16 | E13: =if(S13>0,(C13-(V13*9)-(T13*13))/S13,0) -> 13.666667 | F13: =if(isna(VLOOKUP(B13,Checkin!A:B,2,false)),0,VLOOKUP(B13,Checkin!A:B,2,false)) -> 0 | G13: =if(OR($F13=1, $F13=2),VLOOKUP($B13,Courts!$B$2:$K$50,10,false),0) -> 0 | H13: =IF(OR(F13=3,F13=4),9,IF(F13=5,13,0)) -> 0 | I13: =if(OR($F13=1, $F13=2),VLOOKUP($B13,Courts!$B$2:$J$50,5,false),0) -> 0 | J13: =if(OR($F13=1, $F13=2),VLOOKUP($B13,Courts!$B$2:$J$50,6,false),0) -> 0 | K13: =if(OR($F13=1, $F13=2),VLOOKUP($B13,Courts!$B$2:$J$50,7,false),0) -> 0 | L13: =H13+I13+J13+K13 -> 0 | M13: =if(OR($F13=1, $F13=2),VLOOKUP($B13,Courts!$B$2:$J$50,9,false),0) -> 0 | N13: =C13+L13 -> 205 | O13: =D13+M13 -> 16 | P13: X | Q13: X | R13: X | S13: =vlookup(B13,indirect("'" & AC$2 & "'!B5:W71"),18,false)++if(text(C$1,"mm/dd/yy")=$AC$2,0,if(H13>0,0,1)) -> 15 | T13: =if(H13=13,1,0)+vlookup(B13,indirect("'" & AC$2 & "'!B5:W71"),19,false) -> 0 | V13: =vlookup(B13,indirect("'" & AC$2 & "'!B5:W71"),21,false)+if(text(C$1,"mm/dd/yy")=$AC$2,0,if(H13=9,1,0)) -> 0 | W13: =vlookup(B13,indirect("'" & AC$2 & "'!B5:x71"),23,false)-X13 -> -1 | X13: =X12+1 -> 9 | Y13: =if(S13=D$2,"Y","N") -> Y | Z13: =if($D$2=sum(S13:V13),"","Error")
A14: =A13+1 -> 10 | B14: Ruben Ron | C14: 205 | D14: 15 | E14: =if(S14>0,(C14-(V14*9)-(T14*13))/S14,0) -> 16.714286 | F14: =if(isna(VLOOKUP(B14,Checkin!A:B,2,false)),0,VLOOKUP(B14,Checkin!A:B,2,false)) -> 0 | G14: =if(OR($F14=1, $F14=2),VLOOKUP($B14,Courts!$B$2:$K$50,10,false),0) -> 0 | H14: =IF(OR(F14=3,F14=4),9,IF(F14=5,13,0)) -> 0 | I14: =if(OR($F14=1, $F14=2),VLOOKUP($B14,Courts!$B$2:$J$50,5,false),0) -> 0 | J14: =if(OR($F14=1, $F14=2),VLOOKUP($B14,Courts!$B$2:$J$50,6,false),0) -> 0 | K14: =if(OR($F14=1, $F14=2),VLOOKUP($B14,Courts!$B$2:$J$50,7,false),0) -> 0 | L14: =H14+I14+J14+K14 -> 0 | M14: =if(OR($F14=1, $F14=2),VLOOKUP($B14,Courts!$B$2:$J$50,9,false),0) -> 0 | N14: =C14+L14 -> 205 | O14: =D14+M14 -> 15 | P14: X | Q14: X | R14: X | S14: =vlookup(B14,indirect("'" & AC$2 & "'!B5:W71"),18,false)++if(text(C$1,"mm/dd/yy")=$AC$2,0,if(H14>0,0,1)) -> 7 | T14: =if(H14=13,1,0)+vlookup(B14,indirect("'" & AC$2 & "'!B5:W71"),19,false) -> 4 | V14: =vlookup(B14,indirect("'" & AC$2 & "'!B5:W71"),21,false)+if(text(C$1,"mm/dd/yy")=$AC$2,0,if(H14=9,1,0)) -> 4 | W14: =vlookup(B14,indirect("'" & AC$2 & "'!B5:x71"),23,false)-X14 -> 1 | X14: =X13+1 -> 10 | Y14: =if(S14=D$2,"Y","N") -> N | Z14: =if($D$2=sum(S14:V14),"","Error")
A15: =A14+1 -> 11 | B15: Manish Anand | C15: 204 | D15: 18 | E15: =if(S15>0,(C15-(V15*9)-(T15*13))/S15,0) -> 14.416667 | F15: =if(isna(VLOOKUP(B15,Checkin!A:B,2,false)),0,VLOOKUP(B15,Checkin!A:B,2,false)) -> 0 | G15: =if(OR($F15=1, $F15=2),VLOOKUP($B15,Courts!$B$2:$K$50,10,false),0) -> 0 | H15: =IF(OR(F15=3,F15=4),9,IF(F15=5,13,0)) -> 0 | I15: =if(OR($F15=1, $F15=2),VLOOKUP($B15,Courts!$B$2:$J$50,5,false),0) -> 0 | J15: =if(OR($F15=1, $F15=2),VLOOKUP($B15,Courts!$B$2:$J$50,6,false),0) -> 0 | K15: =if(OR($F15=1, $F15=2),VLOOKUP($B15,Courts!$B$2:$J$50,7,false),0) -> 0 | L15: =H15+I15+J15+K15 -> 0 | M15: =if(OR($F15=1, $F15=2),VLOOKUP($B15,Courts!$B$2:$J$50,9,false),0) -> 0 | N15: =C15+L15 -> 204 | O15: =D15+M15 -> 18 | P15: X | Q15: X | R15: X | S15: =vlookup(B15,indirect("'" & AC$2 & "'!B5:W71"),18,false)++if(text(C$1,"mm/dd/yy")=$AC$2,0,if(H15>0,0,1)) -> 12 | T15: =if(H15=13,1,0)+vlookup(B15,indirect("'" & AC$2 & "'!B5:W71"),19,false) -> 1 | V15: =vlookup(B15,indirect("'" & AC$2 & "'!B5:W71"),21,false)+if(text(C$1,"mm/dd/yy")=$AC$2,0,if(H15=9,1,0)) -> 2 | W15: =vlookup(B15,indirect("'" & AC$2 & "'!B5:x71"),23,false)-X15 -> -4 | X15: =X14+1 -> 11 | Y15: =if(S15=D$2,"Y","N") -> N | Z15: =if($D$2=sum(S15:V15),"","Error")
A16: =A15+1 -> 12 | B16: Rajasekar Ramasamy | C16: 203 | D16: 19 | E16: =if(S16>0,(C16-(V16*9)-(T16*13))/S16,0) -> 13.615385 | F16: =if(isna(VLOOKUP(B16,Checkin!A:B,2,false)),0,VLOOKUP(B16,Checkin!A:B,2,false)) -> 0 | G16: =if(OR($F16=1, $F16=2),VLOOKUP($B16,Courts!$B$2:$K$50,10,false),0) -> 0 | H16: =IF(OR(F16=3,F16=4),9,IF(F16=5,13,0)) -> 0 | I16: =if(OR($F16=1, $F16=2),VLOOKUP($B16,Courts!$B$2:$J$50,5,false),0) -> 0 | J16: =if(OR($F16=1, $F16=2),VLOOKUP($B16,Courts!$B$2:$J$50,6,false),0) -> 0 | K16: =if(OR($F16=1, $F16=2),VLOOKUP($B16,Courts!$B$2:$J$50,7,false),0) -> 0 | L16: =H16+I16+J16+K16 -> 0 | M16: =if(OR($F16=1, $F16=2),VLOOKUP($B16,Courts!$B$2:$J$50,9,false),0) -> 0 | N16: =C16+L16 -> 203 | O16: =D16+M16 -> 19 | P16: X | Q16: X | R16: X | S16: =vlookup(B16,indirect("'" & AC$2 & "'!B5:W71"),18,false)++if(text(C$1,"mm/dd/yy")=$AC$2,0,if(H16>0,0,1)) -> 13 | T16: =if(H16=13,1,0)+vlookup(B16,indirect("'" & AC$2 & "'!B5:W71"),19,false) -> 2 | V16: =vlookup(B16,indirect("'" & AC$2 & "'!B5:W71"),21,false)+if(text(C$1,"mm/dd/yy")=$AC$2,0,if(H16=9,1,0)) -> 0 | W16: =vlookup(B16,indirect("'" & AC$2 & "'!B5:x71"),23,false)-X16 -> -2 | X16: =X15+1 -> 12 | Y16: =if(S16=D$2,"Y","N") -> N | Z16: =if($D$2=sum(S16:V16),"","Error")
A17: =A16+1 -> 13 | B17: Sandeep Kamalon | C17: 200 | D17: 18 | E17: =if(S17>0,(C17-(V17*9)-(T17*13))/S17,0) -> 15.333333 | F17: =if(isna(VLOOKUP(B17,Checkin!A:B,2,false)),0,VLOOKUP(B17,Checkin!A:B,2,false)) -> 0 | G17: =if(OR($F17=1, $F17=2),VLOOKUP($B17,Courts!$B$2:$K$50,10,false),0) -> 0 | H17: =IF(OR(F17=3,F17=4),9,IF(F17=5,13,0)) -> 0 | I17: =if(OR($F17=1, $F17=2),VLOOKUP($B17,Courts!$B$2:$J$50,5,false),0) -> 0 | J17: =if(OR($F17=1, $F17=2),VLOOKUP($B17,Courts!$B$2:$J$50,6,false),0) -> 0 | K17: =if(OR($F17=1, $F17=2),VLOOKUP($B17,Courts!$B$2:$J$50,7,false),0) -> 0 | L17: =H17+I17+J17+K17 -> 0 | M17: =if(OR($F17=1, $F17=2),VLOOKUP($B17,Courts!$B$2:$J$50,9,false),0) -> 0 | N17: =C17+L17 -> 200 | O17: =D17+M17 -> 18 | P17: X | Q17: X | R17: X | S17: =vlookup(B17,indirect("'" & AC$2 & "'!B5:W71"),18,false)++if(text(C$1,"mm/dd/yy")=$AC$2,0,if(H17>0,0,1)) -> 9 | T17: =if(H17=13,1,0)+vlookup(B17,indirect("'" & AC$2 & "'!B5:W71"),19,false) -> 2 | V17: =vlookup(B17,indirect("'" & AC$2 & "'!B5:W71"),21,false)+if(text(C$1,"mm/dd/yy")=$AC$2,0,if(H17=9,1,0)) -> 4 | W17: =vlookup(B17,indirect("'" & AC$2 & "'!B5:x71"),23,false)-X17 -> 4 | X17: =X16+1 -> 13 | Y17: =if(S17=D$2,"Y","N") -> N | Z17: =if($D$2=sum(S17:V17),"","Error")
... A71: =A70+1 -> 67 | B71: Vicki Martinet | C71: 135 | D71: 0 | E71: =if(S71>0,(C71-(V71*9)-(T71*13))/S71,0) -> 5 | F71: =if(isna(VLOOKUP(B71,Checkin!A:B,2,false)),0,VLOOKUP(B71,Checkin!A:B,2,false)) -> 0 | G71: =if(OR($F71=1, $F71=2),VLOOKUP($B71,Courts!$B$2:$K$50,10,false),0) -> 0 | H71: =IF(OR(F71=3,F71=4),9,IF(F71=5,13,0)) -> 0 | I71: =if(OR($F71=1, $F71=2),VLOOKUP($B71,Courts!$B$2:$J$50,5,false),0) -> 0 | J71: =if(OR($F71=1, $F71=2),VLOOKUP($B71,Courts!$B$2:$J$50,6,false),0) -> 0 | K71: =if(OR($F71=1, $F71=2),VLOOKUP($B71,Courts!$B$2:$J$50,7,false),0) -> 0 | L71: =H71+I71+J71+K71 -> 0 | M71: =if(OR($F71=1, $F71=2),VLOOKUP($B71,Courts!$B$2:$J$50,9,false),0) -> 0 | N71: =C71+L71 -> 135 | O71: =D71+M71 -> 0 | P71: X | Q71: X | R71: X | S71: =vlookup(B71,indirect("'" & AC$2 & "'!B5:W71"),18,false)++if(text(C$1,"mm/dd/yy")=$AC$2,0,if(H71>0,0,1)) -> 1 | T71: =if(H71=13,1,0)+vlookup(B71,indirect("'" & AC$2 & "'!B5:W71"),19,false) -> 1 | V71: =vlookup(B71,indirect("'" & AC$2 & "'!B5:W71"),21,false)+if(text(C$1,"mm/dd/yy")=$AC$2,0,if(H71=9,1,0)) -> 13 | W71: =vlookup(B71,indirect("'" & AC$2 & "'!B5:x71"),23,false)-X71 -> 0 | X71: =X70+1 -> 67 | Y71: =if(S71=D$2,"Y","N") -> N | Z71: =if($D$2=sum(S71:V71),"","Error")
P75: Membership Renewals
P76: Renewed | R76: =countif(R5:R71,"X") -> 67 | S76: =R76/R79 -> 1
B77: For Publishing in the WhatsApp Group for the score updates on saturday | P77: Not Renewing | R77: =countif(R5:R71,"N") -> 0
P78: To Renew | R78: =countif(R5:R71,"") -> 0
P79: Total | R79: =sum(R76:R78) -> 67
B80: =concatenate("Top Scores : " &AC2) -> Top Scores : 10/10/26
B82: Name of Player | C82: Games | D82: Sets | E82: Court #
B83: =IFERROR(__xludf.DUMMYFUNCTION("QUERY(indirect(AC2 & ""!B5:M79""),""Select B, L, M, G where L >= 18 order by L desc,M desc"",0)"),"Naveen Raj") -> Naveen Raj | C83: =IFERROR(__xludf.DUMMYFUNCTION("""COMPUTED_VALUE"""),19.0) -> 19 | D83: =IFERROR(__xludf.DUMMYFUNCTION("""COMPUTED_VALUE"""),3.0) -> 3 | E83: =IFERROR(__xludf.DUMMYFUNCTION("""COMPUTED_VALUE"""),6.0) -> 6
B84: =IFERROR(__xludf.DUMMYFUNCTION("""COMPUTED_VALUE"""),"Suleman Alidina") -> Suleman Alidina | C84: =IFERROR(__xludf.DUMMYFUNCTION("""COMPUTED_VALUE"""),18.0) -> 18 | D84: =IFERROR(__xludf.DUMMYFUNCTION("""COMPUTED_VALUE"""),3.0) -> 3 | E84: =IFERROR(__xludf.DUMMYFUNCTION("""COMPUTED_VALUE"""),3.0) -> 3
B85: =IFERROR(__xludf.DUMMYFUNCTION("""COMPUTED_VALUE"""),"Sandeep Kamalon") -> Sandeep Kamalon | C85: =IFERROR(__xludf.DUMMYFUNCTION("""COMPUTED_VALUE"""),18.0) -> 18 | D85: =IFERROR(__xludf.DUMMYFUNCTION("""COMPUTED_VALUE"""),3.0) -> 3 | E85: =IFERROR(__xludf.DUMMYFUNCTION("""COMPUTED_VALUE"""),4.0) -> 4
B86: =IFERROR(__xludf.DUMMYFUNCTION("""COMPUTED_VALUE"""),"Andrew Yao") -> Andrew Yao | C86: =IFERROR(__xludf.DUMMYFUNCTION("""COMPUTED_VALUE"""),18.0) -> 18 | D86: =IFERROR(__xludf.DUMMYFUNCTION("""COMPUTED_VALUE"""),2.0) -> 2 | E86: =IFERROR(__xludf.DUMMYFUNCTION("""COMPUTED_VALUE"""),1.0) -> 1
B87: =IFERROR(__xludf.DUMMYFUNCTION("""COMPUTED_VALUE"""),"Jaya Sogata") -> Jaya Sogata | C87: =IFERROR(__xludf.DUMMYFUNCTION("""COMPUTED_VALUE"""),18.0) -> 18 | D87: =IFERROR(__xludf.DUMMYFUNCTION("""COMPUTED_VALUE"""),2.0) -> 2 | E87: =IFERROR(__xludf.DUMMYFUNCTION("""COMPUTED_VALUE"""),2.0) -> 2
B99: Top 10 Climbers
B101: Name of Player | C101: Positions Moved | D101: Position Last week | E101: Position This week | F101: Points this week | G101: Court | L101: Cross Check
B102: =IFERROR(__xludf.DUMMYFUNCTION("query(B5:W71,""select B, W order by W Desc Limit 10"")"),"Naveen Raj") -> Naveen Raj | C102: =IFERROR(__xludf.DUMMYFUNCTION("""COMPUTED_VALUE"""),9.0) -> 9 | D102: =VLOOKUP(B102,indirect($AC$2&"!B$5:X$79"),23, false) -> 33 | E102: =VLOOKUP(B102,B$5:X$71,23, false) -> 24 | F102: =VLOOKUP(B102,indirect($AC$2&"!B$5:U$79"),11, false) -> 19 | G102: =VLOOKUP(B102,indirect($AC$2&"!B$5:U$79"),6, false) -> 6 | L102: =if(D102-E102=C102,"ok","Error") -> ok
B103: =IFERROR(__xludf.DUMMYFUNCTION("""COMPUTED_VALUE"""),"Alex Hou") -> Alex Hou | C103: =IFERROR(__xludf.DUMMYFUNCTION("""COMPUTED_VALUE"""),9.0) -> 9 | D103: =VLOOKUP(B103,indirect($AC$2&"!B$5:X$79"),23, false) -> 51 | E103: =VLOOKUP(B103,B$5:X$71,23, false) -> 42 | F103: =VLOOKUP(B103,indirect($AC$2&"!B$5:U$79"),11, false) -> 17 | G103: =VLOOKUP(B103,indirect($AC$2&"!B$5:U$79"),6, false) -> 8 | L103: =if(D103-E103=C103,"ok","Error") -> ok
B104: =IFERROR(__xludf.DUMMYFUNCTION("""COMPUTED_VALUE"""),"Ramesh Bandaru") -> Ramesh Bandaru | C104: =IFERROR(__xludf.DUMMYFUNCTION("""COMPUTED_VALUE"""),6.0) -> 6 | D104: =VLOOKUP(B104,indirect($AC$2&"!B$5:X$79"),23, false) -> 39 | E104: =VLOOKUP(B104,B$5:X$71,23, false) -> 33 | F104: =VLOOKUP(B104,indirect($AC$2&"!B$5:U$79"),11, false) -> 16 | G104: =VLOOKUP(B104,indirect($AC$2&"!B$5:U$79"),6, false) -> 7 | L104: =if(D104-E104=C104,"ok","Error") -> ok
B105: =IFERROR(__xludf.DUMMYFUNCTION("""COMPUTED_VALUE"""),"Suleman Alidina") -> Suleman Alidina | C105: =IFERROR(__xludf.DUMMYFUNCTION("""COMPUTED_VALUE"""),4.0) -> 4 | D105: =VLOOKUP(B105,indirect($AC$2&"!B$5:X$79"),23, false) -> 12 | E105: =VLOOKUP(B105,B$5:X$71,23, false) -> 8 | F105: =VLOOKUP(B105,indirect($AC$2&"!B$5:U$79"),11, false) -> 18 | G105: =VLOOKUP(B105,indirect($AC$2&"!B$5:U$79"),6, false) -> 3 | L105: =if(D105-E105=C105,"ok","Error") -> ok
B106: =IFERROR(__xludf.DUMMYFUNCTION("""COMPUTED_VALUE"""),"Sandeep Kamalon") -> Sandeep Kamalon | C106: =IFERROR(__xludf.DUMMYFUNCTION("""COMPUTED_VALUE"""),4.0) -> 4 | D106: =VLOOKUP(B106,indirect($AC$2&"!B$5:X$79"),23, false) -> 17 | E106: =VLOOKUP(B106,B$5:X$71,23, false) -> 13 | F106: =VLOOKUP(B106,indirect($AC$2&"!B$5:U$79"),11, false) -> 18 | G106: =VLOOKUP(B106,indirect($AC$2&"!B$5:U$79"),6, false) -> 4 | L106: =if(D106-E106=C106,"ok","Error") -> ok
B107: =IFERROR(__xludf.DUMMYFUNCTION("""COMPUTED_VALUE"""),"Lloyd Sagar") -> Lloyd Sagar | C107: =IFERROR(__xludf.DUMMYFUNCTION("""COMPUTED_VALUE"""),4.0) -> 4 | D107: =VLOOKUP(B107,indirect($AC$2&"!B$5:X$79"),23, false) -> 31 | E107: =VLOOKUP(B107,B$5:X$71,23, false) -> 27 | F107: =VLOOKUP(B107,indirect($AC$2&"!B$5:U$79"),11, false) -> 16 | G107: =VLOOKUP(B107,indirect($AC$2&"!B$5:U$79"),6, false) -> 5 | L107: =if(D107-E107=C107,"ok","Error") -> ok
B108: =IFERROR(__xludf.DUMMYFUNCTION("""COMPUTED_VALUE"""),"Lenin Belangonda") -> Lenin Belangonda | C108: =IFERROR(__xludf.DUMMYFUNCTION("""COMPUTED_VALUE"""),4.0) -> 4 | D108: =VLOOKUP(B108,indirect($AC$2&"!B$5:X$79"),23, false) -> 61 | E108: =VLOOKUP(B108,B$5:X$71,23, false) -> 57 | F108: =VLOOKUP(B108,indirect($AC$2&"!B$5:U$79"),11, false) -> 13 | G108: =VLOOKUP(B108,indirect($AC$2&"!B$5:U$79"),6, false) -> 0 | L108: =if(D108-E108=C108,"ok","Error") -> ok
B109: =IFERROR(__xludf.DUMMYFUNCTION("""COMPUTED_VALUE"""),"Ethan Gu") -> Ethan Gu | C109: =IFERROR(__xludf.DUMMYFUNCTION("""COMPUTED_VALUE"""),3.0) -> 3 | D109: =VLOOKUP(B109,indirect($AC$2&"!B$5:X$79"),23, false) -> 28 | E109: =VLOOKUP(B109,B$5:X$71,23, false) -> 25 | F109: =VLOOKUP(B109,indirect($AC$2&"!B$5:U$79"),11, false) -> 14 | G109: =VLOOKUP(B109,indirect($AC$2&"!B$5:U$79"),6, false) -> 5 | L109: =if(D109-E109=C109,"ok","Error") -> ok
B110: =IFERROR(__xludf.DUMMYFUNCTION("""COMPUTED_VALUE"""),"Coco Yan") -> Coco Yan | C110: =IFERROR(__xludf.DUMMYFUNCTION("""COMPUTED_VALUE"""),3.0) -> 3 | D110: =VLOOKUP(B110,indirect($AC$2&"!B$5:X$79"),23, false) -> 35 | E110: =VLOOKUP(B110,B$5:X$71,23, false) -> 32 | F110: =VLOOKUP(B110,indirect($AC$2&"!B$5:U$79"),11, false) -> 14 | G110: =VLOOKUP(B110,indirect($AC$2&"!B$5:U$79"),6, false) -> 6 | L110: =if(D110-E110=C110,"ok","Error") -> ok
B111: =IFERROR(__xludf.DUMMYFUNCTION("""COMPUTED_VALUE"""),"Rudy Tatang") -> Rudy Tatang | C111: =IFERROR(__xludf.DUMMYFUNCTION("""COMPUTED_VALUE"""),2.0) -> 2 | D111: =VLOOKUP(B111,indirect($AC$2&"!B$5:X$79"),23, false) -> 6 | E111: =VLOOKUP(B111,B$5:X$71,23, false) -> 4 | F111: =VLOOKUP(B111,indirect($AC$2&"!B$5:U$79"),11, false) -> 17 | G111: =VLOOKUP(B111,indirect($AC$2&"!B$5:U$79"),6, false) -> 1 | L111: =if(D111-E111=C111,"ok","Error") -> ok
A117: =CONCATENATE("TOP 10 Players after " &D2 & " Weeks") -> TOP 10 Players after 15 Weeks
A118: Ranking | B118: Name of Player | C118: Games Won | D118: Sets Won | E118: Games Won / Match
A119: =A5 -> 1 | B119: =B5 -> Andrew Yao | C119: =C5 -> 223 | D119: =D5 -> 22 | E119: =E5 -> 15.153846
A120: =A6 -> 2 | B120: =B6 -> Tom Le | C120: =C6 -> 222 | D120: =D6 -> 24 | E120: =E6 -> 16.909091
A121: =A7 -> 3 | B121: =B7 -> Pavan Akkimsetty | C121: =C7 -> 218 | D121: =D7 -> 22 | E121: =E7 -> 15.076923
A122: =A8 -> 4 | B122: =B8 -> Rudy Tatang | C122: =C8 -> 217 | D122: =D8 -> 19 | E122: =E8 -> 16.4
A123: =A9 -> 5 | B123: =B9 -> Pulkit Mathur | C123: =C9 -> 216 | D123: =D9 -> 24 | E123: =E9 -> 16.3
A124: =A10 -> 6 | B124: =B10 -> David Shin | C124: =C10 -> 210 | D124: =D10 -> 21 | E124: =E10 -> 14.461538
A125: =A11 -> 7 | B125: =B11 -> Jaya Sogata | C125: =C11 -> 210 | D125: =D11 -> 15 | E125: =E11 -> 15.555556
A126: =A12 -> 8 | B126: =B12 -> Suleman Alidina | C126: =C12 -> 206 | D126: =D12 -> 14 | E126: =E12 -> 15.375
A127: =A13 -> 9 | B127: =B13 -> Vinotkumar Nagappan | C127: =C13 -> 205 | D127: =D13 -> 16 | E127: =E13 -> 13.666667
A128: =A14 -> 10 | B128: =B14 -> Ruben Ron | C128: =C14 -> 205 | D128: =D14 -> 15 | E128: =E14 -> 16.714286
A133: Perfect Attendance
A134: No | B134: Name of the Player
A135: =if(B135<>"",1,0) -> 1 | B135: =IFERROR(__xludf.DUMMYFUNCTION("query(B5:Y71,""select B where Y = 'Y' order by B ASC"")"),"Vinotkumar Nagappan") -> Vinotkumar Nagappan
A136: =if(B136<>"",A135+1,0) -> 0
A137: =if(B137<>"",A136+1,0) -> 0
A138: =if(B138<>"",A137+1,0) -> 0
A139: =if(B139<>"",A138+1,0) -> 0
A140: =if(B140<>"",A139+1,0) -> 0
A141: =if(B141<>"",A140+1,0) -> 0
A142: =if(B142<>"",A141+1,0) -> 0
A143: =if(B143<>"",A142+1,0) -> 0
A144: =if(B144<>"",A143+1,0) -> 0
A145: =if(B145<>"",A144+1,0) -> 0
A146: =if(B146<>"",A145+1,0) -> 0
A147: =if(B147<>"",A146+1,0) -> 0
... A210: =if(B210<>"",A209+1,0) -> 0
B213: King of Kings
B215: Name of the Player | C215: No. of Weeks
B216: =Data!F109 | C216: =Data!G109
B217: =Data!F110 | C217: =Data!G110
B218: =Data!F111 | C218: =Data!G111
B219: =Data!F112 | C219: =Data!G112
B220: =Data!F113 | C220: =#REF! -> #REF!
B221: =Data!F114 | C221: =#REF! -> #REF!
B222: =#REF! -> #REF! | C222: =#REF! -> #REF!
B223: =#REF! -> #REF! | C223: =#REF! -> #REF!
B224: =#REF! -> #REF! | C224: =#REF! -> #REF!
B225: =#REF! -> #REF! | C225: =#REF! -> #REF!
B226: =#REF! -> #REF! | C226: =#REF! -> #REF!
B234: =concatenate("Scores for : " & AC2) -> Scores for : 10/10/26
A236: Court # | B236: Name of the Player | C236: Set 1 | D236: Set 2 | E236: Set 3 | F236: Total Games won | G236: Sets Won
A237: =IFERROR(__xludf.DUMMYFUNCTION("QUERY(indirect(AC2 & ""!B5:M79""),""Select G, B, I, J, K,L, M where G > 0 order by G asc"",0)"),1.0) -> 1 | B237: =IFERROR(__xludf.DUMMYFUNCTION("""COMPUTED_VALUE"""),"Andrew Yao") -> Andrew Yao | C237: =IFERROR(__xludf.DUMMYFUNCTION("""COMPUTED_VALUE"""),6.0) -> 6 | D237: =IFERROR(__xludf.DUMMYFUNCTION("""COMPUTED_VALUE"""),6.0) -> 6 | E237: =IFERROR(__xludf.DUMMYFUNCTION("""COMPUTED_VALUE"""),6.0) -> 6 | F237: =IFERROR(__xludf.DUMMYFUNCTION("""COMPUTED_VALUE"""),18.0) -> 18 | G237: =IFERROR(__xludf.DUMMYFUNCTION("""COMPUTED_VALUE"""),2.0) -> 2
A238: =IFERROR(__xludf.DUMMYFUNCTION("""COMPUTED_VALUE"""),1.0) -> 1 | B238: =IFERROR(__xludf.DUMMYFUNCTION("""COMPUTED_VALUE"""),"Pavan Akkimsetty") -> Pavan Akkimsetty | C238: =IFERROR(__xludf.DUMMYFUNCTION("""COMPUTED_VALUE"""),7.0) -> 7 | D238: =IFERROR(__xludf.DUMMYFUNCTION("""COMPUTED_VALUE"""),0.0) -> 0 | E238: =IFERROR(__xludf.DUMMYFUNCTION("""COMPUTED_VALUE"""),6.0) -> 6 | F238: =IFERROR(__xludf.DUMMYFUNCTION("""COMPUTED_VALUE"""),13.0) -> 13 | G238: =IFERROR(__xludf.DUMMYFUNCTION("""COMPUTED_VALUE"""),2.0) -> 2
A239: =IFERROR(__xludf.DUMMYFUNCTION("""COMPUTED_VALUE"""),1.0) -> 1 | B239: =IFERROR(__xludf.DUMMYFUNCTION("""COMPUTED_VALUE"""),"Rudy Tatang") -> Rudy Tatang | C239: =IFERROR(__xludf.DUMMYFUNCTION("""COMPUTED_VALUE"""),7.0) -> 7 | D239: =IFERROR(__xludf.DUMMYFUNCTION("""COMPUTED_VALUE"""),6.0) -> 6 | E239: =IFERROR(__xludf.DUMMYFUNCTION("""COMPUTED_VALUE"""),4.0) -> 4 | F239: =IFERROR(__xludf.DUMMYFUNCTION("""COMPUTED_VALUE"""),17.0) -> 17 | G239: =IFERROR(__xludf.DUMMYFUNCTION("""COMPUTED_VALUE"""),2.0) -> 2
A240: =IFERROR(__xludf.DUMMYFUNCTION("""COMPUTED_VALUE"""),1.0) -> 1 | B240: =IFERROR(__xludf.DUMMYFUNCTION("""COMPUTED_VALUE"""),"Manish Anand") -> Manish Anand | C240: =IFERROR(__xludf.DUMMYFUNCTION("""COMPUTED_VALUE"""),6.0) -> 6 | D240: =IFERROR(__xludf.DUMMYFUNCTION("""COMPUTED_VALUE"""),0.0) -> 0 | E240: =IFERROR(__xludf.DUMMYFUNCTION("""COMPUTED_VALUE"""),4.0) -> 4 | F240: =IFERROR(__xludf.DUMMYFUNCTION("""COMPUTED_VALUE"""),10.0) -> 10 | G240: =IFERROR(__xludf.DUMMYFUNCTION("""COMPUTED_VALUE"""),0.0) -> 0
A241: =IFERROR(__xludf.DUMMYFUNCTION("""COMPUTED_VALUE"""),2.0) -> 2 | B241: =IFERROR(__xludf.DUMMYFUNCTION("""COMPUTED_VALUE"""),"Vinotkumar Nagappan") -> Vinotkumar Nagappan | C241: =IFERROR(__xludf.DUMMYFUNCTION("""COMPUTED_VALUE"""),2.0) -> 2 | D241: =IFERROR(__xludf.DUMMYFUNCTION("""COMPUTED_VALUE"""),6.0) -> 6 | E241: =IFERROR(__xludf.DUMMYFUNCTION("""COMPUTED_VALUE"""),4.0) -> 4 | F241: =IFERROR(__xludf.DUMMYFUNCTION("""COMPUTED_VALUE"""),12.0) -> 12 | G241: =IFERROR(__xludf.DUMMYFUNCTION("""COMPUTED_VALUE"""),0.0) -> 0
A242: =IFERROR(__xludf.DUMMYFUNCTION("""COMPUTED_VALUE"""),2.0) -> 2 | B242: =IFERROR(__xludf.DUMMYFUNCTION("""COMPUTED_VALUE"""),"Jaya Sogata") -> Jaya Sogata | C242: =IFERROR(__xludf.DUMMYFUNCTION("""COMPUTED_VALUE"""),6.0) -> 6 | D242: =IFERROR(__xludf.DUMMYFUNCTION("""COMPUTED_VALUE"""),6.0) -> 6 | E242: =IFERROR(__xludf.DUMMYFUNCTION("""COMPUTED_VALUE"""),6.0) -> 6 | F242: =IFERROR(__xludf.DUMMYFUNCTION("""COMPUTED_VALUE"""),18.0) -> 18 | G242: =IFERROR(__xludf.DUMMYFUNCTION("""COMPUTED_VALUE"""),2.0) -> 2
A243: =IFERROR(__xludf.DUMMYFUNCTION("""COMPUTED_VALUE"""),2.0) -> 2 | B243: =IFERROR(__xludf.DUMMYFUNCTION("""COMPUTED_VALUE"""),"Rajasekar Ramasamy") -> Rajasekar Ramasamy | C243: =IFERROR(__xludf.DUMMYFUNCTION("""COMPUTED_VALUE"""),2.0) -> 2 | D243: =IFERROR(__xludf.DUMMYFUNCTION("""COMPUTED_VALUE"""),7.0) -> 7 | E243: =IFERROR(__xludf.DUMMYFUNCTION("""COMPUTED_VALUE"""),6.0) -> 6 | F243: =IFERROR(__xludf.DUMMYFUNCTION("""COMPUTED_VALUE"""),15.0) -> 15 | G243: =IFERROR(__xludf.DUMMYFUNCTION("""COMPUTED_VALUE"""),2.0) -> 2
A244: =IFERROR(__xludf.DUMMYFUNCTION("""COMPUTED_VALUE"""),2.0) -> 2 | B244: =IFERROR(__xludf.DUMMYFUNCTION("""COMPUTED_VALUE"""),"Ruben Ron") -> Ruben Ron | C244: =IFERROR(__xludf.DUMMYFUNCTION("""COMPUTED_VALUE"""),6.0) -> 6 | D244: =IFERROR(__xludf.DUMMYFUNCTION("""COMPUTED_VALUE"""),7.0) -> 7 | E244: =IFERROR(__xludf.DUMMYFUNCTION("""COMPUTED_VALUE"""),4.0) -> 4 | F244: =IFERROR(__xludf.DUMMYFUNCTION("""COMPUTED_VALUE"""),17.0) -> 17 | G244: =IFERROR(__xludf.DUMMYFUNCTION("""COMPUTED_VALUE"""),2.0) -> 2
A245: =IFERROR(__xludf.DUMMYFUNCTION("""COMPUTED_VALUE"""),3.0) -> 3 | B245: =IFERROR(__xludf.DUMMYFUNCTION("""COMPUTED_VALUE"""),"Suleman Alidina") -> Suleman Alidina | C245: =IFERROR(__xludf.DUMMYFUNCTION("""COMPUTED_VALUE"""),6.0) -> 6 | D245: =IFERROR(__xludf.DUMMYFUNCTION("""COMPUTED_VALUE"""),6.0) -> 6 | E245: =IFERROR(__xludf.DUMMYFUNCTION("""COMPUTED_VALUE"""),6.0) -> 6 | F245: =IFERROR(__xludf.DUMMYFUNCTION("""COMPUTED_VALUE"""),18.0) -> 18 | G245: =IFERROR(__xludf.DUMMYFUNCTION("""COMPUTED_VALUE"""),3.0) -> 3
A246: =IFERROR(__xludf.DUMMYFUNCTION("""COMPUTED_VALUE"""),3.0) -> 3 | B246: =IFERROR(__xludf.DUMMYFUNCTION("""COMPUTED_VALUE"""),"Scott Li") -> Scott Li | C246: =IFERROR(__xludf.DUMMYFUNCTION("""COMPUTED_VALUE"""),3.0) -> 3 | D246: =IFERROR(__xludf.DUMMYFUNCTION("""COMPUTED_VALUE"""),2.0) -> 2 | E246: =IFERROR(__xludf.DUMMYFUNCTION("""COMPUTED_VALUE"""),6.0) -> 6 | F246: =IFERROR(__xludf.DUMMYFUNCTION("""COMPUTED_VALUE"""),11.0) -> 11 | G246: =IFERROR(__xludf.DUMMYFUNCTION("""COMPUTED_VALUE"""),1.0) -> 1
A247: =IFERROR(__xludf.DUMMYFUNCTION("""COMPUTED_VALUE"""),3.0) -> 3 | B247: =IFERROR(__xludf.DUMMYFUNCTION("""COMPUTED_VALUE"""),"Erik Hoeckmann") -> Erik Hoeckmann | C247: =IFERROR(__xludf.DUMMYFUNCTION("""COMPUTED_VALUE"""),3.0) -> 3 | D247: =IFERROR(__xludf.DUMMYFUNCTION("""COMPUTED_VALUE"""),6.0) -> 6 | E247: =IFERROR(__xludf.DUMMYFUNCTION("""COMPUTED_VALUE"""),4.0) -> 4 | F247: =IFERROR(__xludf.DUMMYFUNCTION("""COMPUTED_VALUE"""),13.0) -> 13 | G247: =IFERROR(__xludf.DUMMYFUNCTION("""COMPUTED_VALUE"""),1.0) -> 1
A248: =IFERROR(__xludf.DUMMYFUNCTION("""COMPUTED_VALUE"""),3.0) -> 3 | B248: =IFERROR(__xludf.DUMMYFUNCTION("""COMPUTED_VALUE"""),"Tina Hanson") -> Tina Hanson | C248: =IFERROR(__xludf.DUMMYFUNCTION("""COMPUTED_VALUE"""),6.0) -> 6 | D248: =IFERROR(__xludf.DUMMYFUNCTION("""COMPUTED_VALUE"""),2.0) -> 2 | E248: =IFERROR(__xludf.DUMMYFUNCTION("""COMPUTED_VALUE"""),4.0) -> 4 | F248: =IFERROR(__xludf.DUMMYFUNCTION("""COMPUTED_VALUE"""),12.0) -> 12 | G248: =IFERROR(__xludf.DUMMYFUNCTION("""COMPUTED_VALUE"""),1.0) -> 1
A249: =IFERROR(__xludf.DUMMYFUNCTION("""COMPUTED_VALUE"""),4.0) -> 4 | B249: =IFERROR(__xludf.DUMMYFUNCTION("""COMPUTED_VALUE"""),"Sandeep Kamalon") -> Sandeep Kamalon | C249: =IFERROR(__xludf.DUMMYFUNCTION("""COMPUTED_VALUE"""),6.0) -> 6 | D249: =IFERROR(__xludf.DUMMYFUNCTION("""COMPUTED_VALUE"""),6.0) -> 6 | E249: =IFERROR(__xludf.DUMMYFUNCTION("""COMPUTED_VALUE"""),6.0) -> 6 | F249: =IFERROR(__xludf.DUMMYFUNCTION("""COMPUTED_VALUE"""),18.0) -> 18 | G249: =IFERROR(__xludf.DUMMYFUNCTION("""COMPUTED_VALUE"""),3.0) -> 3
A250: =IFERROR(__xludf.DUMMYFUNCTION("""COMPUTED_VALUE"""),4.0) -> 4 | B250: =IFERROR(__xludf.DUMMYFUNCTION("""COMPUTED_VALUE"""),"Basudev Thoppai Vidyasankar") -> Basudev Thoppai Vidyasankar | C250: =IFERROR(__xludf.DUMMYFUNCTION("""COMPUTED_VALUE"""),6.0) -> 6 | D250: =IFERROR(__xludf.DUMMYFUNCTION("""COMPUTED_VALUE"""),4.0) -> 4 | E250: =IFERROR(__xludf.DUMMYFUNCTION("""COMPUTED_VALUE"""),3.0) -> 3 | F250: =IFERROR(__xludf.DUMMYFUNCTION("""COMPUTED_VALUE"""),13.0) -> 13 | G250: =IFERROR(__xludf.DUMMYFUNCTION("""COMPUTED_VALUE"""),1.0) -> 1
A251: =IFERROR(__xludf.DUMMYFUNCTION("""COMPUTED_VALUE"""),4.0) -> 4 | B251: =IFERROR(__xludf.DUMMYFUNCTION("""COMPUTED_VALUE"""),"Ted Shen") -> Ted Shen | C251: =IFERROR(__xludf.DUMMYFUNCTION("""COMPUTED_VALUE"""),4.0) -> 4 | D251: =IFERROR(__xludf.DUMMYFUNCTION("""COMPUTED_VALUE"""),4.0) -> 4 | E251: =IFERROR(__xludf.DUMMYFUNCTION("""COMPUTED_VALUE"""),6.0) -> 6 | F251: =IFERROR(__xludf.DUMMYFUNCTION("""COMPUTED_VALUE"""),14.0) -> 14 | G251: =IFERROR(__xludf.DUMMYFUNCTION("""COMPUTED_VALUE"""),1.0) -> 1
...

Sheet Courts
A1: Court # | B1: Name of the Player | C1: Games Won | D1: Sets Won | E1: Check In | F1: Set 1 | G1: Set 2 | H1: Set 3 | I1: Total Games won | J1: Sets Won | K1: Court # | L1: Scores Entered by | M1: WHS | N1: Count of Player at WHS | O1: Suggestion for WHS | P1: Admin | Q1: No WHS | S1: Set 1 | T1: Set 2 | U1: Set 3 | V1: Sets Won | AA1: Court # | AQ1: court # | AR1: Admin | AS1: Players
A2: 1 | B2: =IFERROR(__xludf.DUMMYFUNCTION("QUERY(indirect(""'"" & ""Current"" & ""'!B5:F79""),""Select B, C, D, F where F = 1 or F = 2 "",0)"),"#N/A") -> #N/A | I2: =sum(F2:H2) -> 0 | J2: =if(sum(F2:F5)=0,0,if(max(F2:F5)=F2,1,0)+if(max(G2:G5)=G2,1,0)+if(max(H2:H5)=H2,1,0)) -> 0 | K2: =A2 -> 1 | O2: =sum(N2:N5) -> 0 | P2: =countif(Z$73:Z$79,B2) -> 0 | Q2: =sum(P2:P5) -> 0 | S2: =if(sum(F2:F5)=0,"",if(or(max(F2:F5)=6, max(F2:F5)=7),"G","E")) | T2: =if(sum(G2:G5)=0,"",if(or(max(G2:G5)=6, max(G2:G5)=7),"G","E")) | U2: =if(sum(H2:H5)=0,"",if(or(max(H2:H5)=6, max(H2:H5)=7),"G","E")) | V2: =if(sum(F2:F5)=0,0,if(max(F2:F5)=F2,1,0)+if(max(G2:G5)=G2,1,0)+if(max(H2:H5)=H2,1,0)) -> 0 | W2: Max=6/7 | AA2: =if(M2<>"","W" & vlookup(B2,B$122:E$133,4,false),"D" & vlookup(B2,B44:E75,4,false)) -> #N/A | AQ2: =K2 -> 1 | AR2: =P2 -> 0 | AS2: =counta(B2) -> 1
A3: 1 | I3: =sum(F3:H3) -> 0 | J3: =if(sum(F2:F5)=0,0,if(max(F2:F5)=F3,1,0)+if(max(G2:G5)=G3,1,0)+if(max(H2:H5)=H3,1,0)) -> 0 | K3: =A3 -> 1 | P3: =countif(Z$73:Z$79,B3) -> 0 | S3: =if(sum(F2:F5)=0,"",if(SUMPRODUCT(1/COUNTIF(F2:F5, F2:F5))=2,"G","E")) | T3: =if(sum(G2:G5)=0,"",if(SUMPRODUCT(1/COUNTIF(G2:G5, G2:G5))=2,"G","E")) | U3: =if(sum(H2:H5)=0,"",if(SUMPRODUCT(1/COUNTIF(H2:H5, H2:H5))=2,"G","E")) | V3: =if(sum(F2:F5)=0,0,if(max(F2:F5)=F3,1,0)+if(max(G2:G5)=G3,1,0)+if(max(H2:H5)=H3,1,0)) -> 0 | W3: two equal scores | AA3: =if(M3<>"","W" & vlookup(B3,B$122:E$133,4,false),"D" & vlookup(B3,B45:E76,4,false)) -> #N/A | AD3: Court # | AE3: Scores | AQ3: =K3 -> 1 | AR3: =P3 -> 0 | AS3: =counta(B3) -> 0
A4: 1 | I4: =sum(F4:H4) -> 0 | J4: =if(sum(F2:F5)=0,0,if(max(F2:F5)=F4,1,0)+if(max(G2:G5)=G4,1,0)+if(max(H2:H5)=H4,1,0)) -> 0 | K4: =A4 -> 1 | P4: =countif(Z$73:Z$79,B4) -> 0 | S4: =if(sum(F2:F5)=0,"",if(and(max(F2:F5)=7, min(F2:F5)=6),"G",if(max(F2:F5)-min(F2:F5)>=2,"G","E"))) | T4: =if(sum(G2:G5)=0,"",if(and(max(G2:G5)=7, min(G2:G5)=6),"G",if(max(G2:G5)-min(G2:G5)>=2,"G","E"))) | U4: =if(sum(H2:H5)=0,"",if(and(max(H2:H5)=7, min(H2:H5)=6),"G",if(max(H2:H5)-min(H2:H5)>=2,"G","E"))) | V4: =if(sum(F2:F5)=0,0,if(max(F2:F5)=F4,1,0)+if(max(G2:G5)=G4,1,0)+if(max(H2:H5)=H4,1,0)) -> 0 | W4: Diff of 2 or tie breaker | AA4: =if(M4<>"","W" & vlookup(B4,B$122:E$133,4,false),"D" & vlookup(B4,B46:E77,4,false)) -> #N/A | AD4: 1 | AE4: =IF(B2="", "X", IF(COUNTA(F2:H2)=0, "N", "Y")) -> #N/A | AQ4: =K4 -> 1 | AR4: =P4 -> 0 | AS4: =counta(B4) -> 0
A5: 1 | I5: =sum(F5:H5) -> 0 | J5: =if(sum(F2:F5)=0,0,if(max(F2:F5)=F5,1,0)+if(max(G2:G5)=G5,1,0)+if(max(H2:H5)=H5,1,0)) -> 0 | K5: =A5 -> 1 | P5: =countif(Z$73:Z$79,B5) -> 0 | S5: =IF(COUNTIF(S2:S4, "") = 3, "", IF(COUNTIF(S2:S4, "G") = 3, "G", "E")) | T5: =IF(COUNTIF(T2:T4, "") = 3, "", IF(COUNTIF(T2:T4, "G") = 3, "G", "E")) | U5: =IF(COUNTIF(U2:U4, "") = 3, "", IF(COUNTIF(U2:U4, "G") = 3, "G", "E")) | V5: =if(sum(F2:F5)=0,0,if(max(F2:F5)=F5,1,0)+if(max(G2:G5)=G5,1,0)+if(max(H2:H5)=H5,1,0)) -> 0 | W5: All Good | AA5: =if(M5<>"","W" & vlookup(B5,B$122:E$133,4,false),"D" & vlookup(B5,B47:E78,4,false)) -> #N/A | AD5: 2 | AE5: =IF(B6="", "X", IF(COUNTA(F6:H6)=0, "N", "Y")) -> X | AQ5: =K5 -> 1 | AR5: =P5 -> 0 | AS5: =counta(B5) -> 0
A6: 2 | I6: =sum(F6:H6) -> 0 | J6: =if(sum(F6:F9)=0,0,if(max(F6:F9)=F6,1,0)+if(max(G6:G9)=G6,1,0)+if(max(H6:H9)=H6,1,0)) -> 0 | K6: =A6 -> 2 | O6: =sum(N6:N9) -> 0 | P6: =countif(Z$73:Z$79,B6) -> 0 | Q6: =sum(P6:P9) -> 0 | S6: =if(sum(F6:F9)=0,"",if(or(max(F6:F9)=6, max(F6:F9)=7),"G","E")) | T6: =if(sum(G6:G9)=0,"",if(or(max(G6:G9)=6, max(G6:G9)=7),"G","E")) | U6: =if(sum(H6:H9)=0,"",if(or(max(H6:H9)=6, max(H6:H9)=7),"G","E")) | V6: =if(sum(F6:F9)=0,0,if(max(F6:F9)=F6,1,0)+if(max(G6:G9)=G6,1,0)+if(max(H6:H9)=H6,1,0)) -> 0 | W6: Max=6/7 | AA6: =if(M6<>"","W" & vlookup(B6,B$122:E$133,4,false),"D" & vlookup(B6,B48:E79,4,false)) -> #N/A | AD6: 3 | AE6: =IF(B10="", "X", IF(COUNTA(F10:H10)=0, "N", "Y")) -> X | AQ6: =K6 -> 2 | AR6: =P6 -> 0 | AS6: =counta(B6) -> 0
A7: 2 | I7: =sum(F7:H7) -> 0 | J7: =if(sum(F6:F9)=0,0,if(max(F6:F9)=F7,1,0)+if(max(G6:G9)=G7,1,0)+if(max(H6:H9)=H7,1,0)) -> 0 | K7: =A7 -> 2 | P7: =countif(Z$73:Z$79,B7) -> 0 | S7: =if(sum(F6:F9)=0,"",if(SUMPRODUCT(1/COUNTIF(F6:F9, F6:F9))=2,"G","E")) | T7: =if(sum(G6:G9)=0,"",if(SUMPRODUCT(1/COUNTIF(G6:G9, G6:G9))=2,"G","E")) | U7: =if(sum(H6:H9)=0,"",if(SUMPRODUCT(1/COUNTIF(H6:H9, H6:H9))=2,"G","E")) | V7: =if(sum(F6:F9)=0,0,if(max(F6:F9)=F7,1,0)+if(max(G6:G9)=G7,1,0)+if(max(H6:H9)=H7,1,0)) -> 0 | W7: two equal scores | AA7: =if(M7<>"","W" & vlookup(B7,B$122:E$133,4,false),"D" & vlookup(B7,B49:E80,4,false)) -> #N/A | AD7: 4 | AE7: =IF(B14="", "X", IF(COUNTA(F14:H14)=0, "N", "Y")) -> X | AQ7: =K7 -> 2 | AR7: =P7 -> 0 | AS7: =counta(B7) -> 0
A8: 2 | I8: =sum(F8:H8) -> 0 | J8: =if(sum(F6:F9)=0,0,if(max(F6:F9)=F8,1,0)+if(max(G6:G9)=G8,1,0)+if(max(H6:H9)=H8,1,0)) -> 0 | K8: =A8 -> 2 | P8: =countif(Z$73:Z$79,B8) -> 0 | S8: =if(sum(F6:F9)=0,"",if(and(max(F6:F9)=7, min(F6:F9)=6),"G",if(max(F6:F9)-min(F6:F9)>=2,"G","E"))) | T8: =if(sum(G6:G9)=0,"",if(and(max(G6:G9)=7, min(G6:G9)=6),"G",if(max(G6:G9)-min(G6:G9)>=2,"G","E"))) | U8: =if(sum(H6:H9)=0,"",if(and(max(H6:H9)=7, min(H6:H9)=6),"G",if(max(H6:H9)-min(H6:H9)>=2,"G","E"))) | V8: =if(sum(F6:F9)=0,0,if(max(F6:F9)=F8,1,0)+if(max(G6:G9)=G8,1,0)+if(max(H6:H9)=H8,1,0)) -> 0 | W8: Diff of 2 or tie breaker | AA8: =if(M8<>"","W" & vlookup(B8,B$122:E$133,4,false),"D" & vlookup(B8,B50:E81,4,false)) -> #N/A | AD8: 5 | AE8: =IF(B18="", "X", IF(COUNTA(F18:H18)=0, "N", "Y")) -> X | AQ8: =K8 -> 2 | AR8: =P8 -> 0 | AS8: =counta(B8) -> 0
A9: 2 | I9: =sum(F9:H9) -> 0 | J9: =if(sum(F6:F9)=0,0,if(max(F6:F9)=F9,1,0)+if(max(G6:G9)=G9,1,0)+if(max(H6:H9)=H9,1,0)) -> 0 | K9: =A9 -> 2 | P9: =countif(Z$73:Z$79,B9) -> 0 | S9: =IF(COUNTIF(S6:S8, "") = 3, "", IF(COUNTIF(S6:S8, "G") = 3, "G", "E")) | T9: =IF(COUNTIF(T6:T8, "") = 3, "", IF(COUNTIF(T6:T8, "G") = 3, "G", "E")) | U9: =IF(COUNTIF(U6:U8, "") = 3, "", IF(COUNTIF(U6:U8, "G") = 3, "G", "E")) | V9: =if(sum(F6:F9)=0,0,if(max(F6:F9)=F9,1,0)+if(max(G6:G9)=G9,1,0)+if(max(H6:H9)=H9,1,0)) -> 0 | AA9: =if(M9<>"","W" & vlookup(B9,B$122:E$133,4,false),"D" & vlookup(B9,B51:E82,4,false)) -> #N/A | AD9: 6 | AE9: =IF(B22="", "X", IF(COUNTA(F22:H22)=0, "N", "Y")) -> X | AQ9: =K9 -> 2 | AR9: =P9 -> 0 | AS9: =counta(B9) -> 0
A10: 3 | I10: =sum(F10:H10) -> 0 | J10: =if(sum(F10:F13)=0,0,if(max(F10:F13)=F10,1,0)+if(max(G10:G13)=G10,1,0)+if(max(H10:H13)=H10,1,0)) -> 0 | K10: =A10 -> 3 | O10: =sum(N10:N13) -> 0 | P10: =countif(Z$73:Z$79,B10) -> 0 | Q10: =sum(P10:P13) -> 0 | S10: =if(sum(F10:F13)=0,"",if(or(max(F10:F13)=6, max(F10:F13)=7),"G","E")) | T10: =if(sum(G10:G13)=0,"",if(or(max(G10:G13)=6, max(G10:G13)=7),"G","E")) | U10: =if(sum(H10:H13)=0,"",if(or(max(H10:H13)=6, max(H10:H13)=7),"G","E")) | V10: =if(sum(F10:F13)=0,0,if(max(F10:F13)=F10,1,0)+if(max(G10:G13)=G10,1,0)+if(max(H10:H13)=H10,1,0)) -> 0 | W10: Max=6/7 | AA10: =if(M10<>"","W" & vlookup(B10,B$122:E$133,4,false),"D" & vlookup(B10,B52:E83,4,false)) -> #N/A | AD10: 7 | AE10: =IF(B26="", "X", IF(COUNTA(F26:H26)=0, "N", "Y")) -> X | AQ10: =K10 -> 3 | AR10: =P10 -> 0 | AS10: =counta(B10) -> 0
A11: 3 | I11: =sum(F11:H11) -> 0 | J11: =if(sum(F10:F13)=0,0,if(max(F10:F13)=F11,1,0)+if(max(G10:G13)=G11,1,0)+if(max(H10:H13)=H11,1,0)) -> 0 | K11: =A11 -> 3 | P11: =countif(Z$73:Z$79,B11) -> 0 | S11: =if(sum(F10:F13)=0,"",if(SUMPRODUCT(1/COUNTIF(F10:F13, F10:F13))=2,"G","E")) | T11: =if(sum(G10:G13)=0,"",if(SUMPRODUCT(1/COUNTIF(G10:G13, G10:G13))=2,"G","E")) | U11: =if(sum(H10:H13)=0,"",if(SUMPRODUCT(1/COUNTIF(H10:H13, H10:H13))=2,"G","E")) | V11: =if(sum(F10:F13)=0,0,if(max(F10:F13)=F11,1,0)+if(max(G10:G13)=G11,1,0)+if(max(H10:H13)=H11,1,0)) -> 0 | W11: two equal scores | AA11: =if(M11<>"","W" & vlookup(B11,B$122:E$133,4,false),"D" & vlookup(B11,B53:E84,4,false)) -> #N/A | AD11: 8 | AE11: =IF(B30="", "X", IF(COUNTA(F30:H30)=0, "N", "Y")) -> X | AQ11: =K11 -> 3 | AR11: =P11 -> 0 | AS11: =counta(B11) -> 0
A12: 3 | I12: =sum(F12:H12) -> 0 | J12: =if(sum(F10:F13)=0,0,if(max(F10:F13)=F12,1,0)+if(max(G10:G13)=G12,1,0)+if(max(H10:H13)=H12,1,0)) -> 0 | K12: =A12 -> 3 | P12: =countif(Z$73:Z$79,B12) -> 0 | S12: =if(sum(F10:F13)=0,"",if(and(max(F10:F13)=7, min(F10:F13)=6),"G",if(max(F10:F13)-min(F10:F13)>=2,"G","E"))) | T12: =if(sum(G10:G13)=0,"",if(and(max(G10:G13)=7, min(G10:G13)=6),"G",if(max(G10:G13)-min(G10:G13)>=2,"G","E"))) | U12: =if(sum(H10:H13)=0,"",if(and(max(H10:H13)=7, min(H10:H13)=6),"G",if(max(H10:H13)-min(H10:H13)>=2,"G","E"))) | V12: =if(sum(F10:F13)=0,0,if(max(F10:F13)=F12,1,0)+if(max(G10:G13)=G12,1,0)+if(max(H10:H13)=H12,1,0)) -> 0 | W12: Diff of 2 or tie breaker | AA12: =if(M12<>"","W" & vlookup(B12,B$122:E$133,4,false),"D" & vlookup(B12,B54:E85,4,false)) -> #N/A | AQ12: =K12 -> 3 | AR12: =P12 -> 0 | AS12: =counta(B12) -> 0
A13: 3 | I13: =sum(F13:H13) -> 0 | J13: =if(sum(F10:F13)=0,0,if(max(F10:F13)=F13,1,0)+if(max(G10:G13)=G13,1,0)+if(max(H10:H13)=H13,1,0)) -> 0 | K13: =A13 -> 3 | P13: =countif(Z$73:Z$79,B13) -> 0 | S13: =IF(COUNTIF(S10:S12, "") = 3, "", IF(COUNTIF(S10:S12, "G") = 3, "G", "E")) | T13: =IF(COUNTIF(T10:T12, "") = 3, "", IF(COUNTIF(T10:T12, "G") = 3, "G", "E")) | U13: =IF(COUNTIF(U10:U12, "") = 3, "", IF(COUNTIF(U10:U12, "G") = 3, "G", "E")) | V13: =if(sum(F10:F13)=0,0,if(max(F10:F13)=F13,1,0)+if(max(G10:G13)=G13,1,0)+if(max(H10:H13)=H13,1,0)) -> 0 | AA13: =if(M13<>"","W" & vlookup(B13,B$122:E$133,4,false),"D" & vlookup(B13,B55:E86,4,false)) -> #N/A | AD13: Pending Scores | AE13: Status | AQ13: =K13 -> 3 | AR13: =P13 -> 0 | AS13: =counta(B13) -> 0
A14: 4 | I14: =sum(F14:H14) -> 0 | J14: =if(sum(F14:F17)=0,0,if(max(F14:F17)=F14,1,0)+if(max(G14:G17)=G14,1,0)+if(max(H14:H17)=H14,1,0)) -> 0 | K14: =A14 -> 4 | O14: =sum(N14:N17) -> 0 | P14: =countif(Z$73:Z$79,B14) -> 0 | Q14: =sum(P14:P17) -> 0 | S14: =if(sum(F14:F17)=0,"",if(or(max(F14:F17)=6, max(F14:F17)=7),"G","E")) | T14: =if(sum(G14:G17)=0,"",if(or(max(G14:G17)=6, max(G14:G17)=7),"G","E")) | U14: =if(sum(H14:H17)=0,"",if(or(max(H14:H17)=6, max(H14:H17)=7),"G","E")) | V14: =if(sum(F14:F17)=0,0,if(max(F14:F17)=F14,1,0)+if(max(G14:G17)=G14,1,0)+if(max(H14:H17)=H14,1,0)) -> 0 | W14: Max=6/7 | AA14: =if(M14<>"","W" & vlookup(B14,B$122:E$133,4,false),"D" & vlookup(B14,B56:E87,4,false)) -> #N/A | AQ14: =K14 -> 4 | AR14: =P14 -> 0 | AS14: =counta(B14) -> 0
A15: 4 | I15: =sum(F15:H15) -> 0 | J15: =if(sum(F14:F17)=0,0,if(max(F14:F17)=F15,1,0)+if(max(G14:G17)=G15,1,0)+if(max(H14:H17)=H15,1,0)) -> 0 | K15: =A15 -> 4 | P15: =countif(Z$73:Z$79,B15) -> 0 | S15: =if(sum(F14:F17)=0,"",if(SUMPRODUCT(1/COUNTIF(F14:F17, F14:F17))=2,"G","E")) | T15: =if(sum(G14:G17)=0,"",if(SUMPRODUCT(1/COUNTIF(G14:G17, G14:G17))=2,"G","E")) | U15: =if(sum(H14:H17)=0,"",if(SUMPRODUCT(1/COUNTIF(H14:H17, H14:H17))=2,"G","E")) | V15: =if(sum(F14:F17)=0,0,if(max(F14:F17)=F15,1,0)+if(max(G14:G17)=G15,1,0)+if(max(H14:H17)=H15,1,0)) -> 0 | W15: two equal scores | AA15: =if(M15<>"","W" & vlookup(B15,B$122:E$133,4,false),"D" & vlookup(B15,B57:E88,4,false)) -> #N/A | AD15: =IFERROR(__xludf.DUMMYFUNCTION("IFERROR(QUERY(AD4:AE11, ""SELECT AD WHERE AE = 'N'"", 0), """")"),"") | AE15: =IF(AND(COUNTIF(AE4:AE11, "N")=0, COUNTIF(AE4:AE11, "Y")>0), "Y", "N") -> N | AQ15: =K15 -> 4 | AR15: =P15 -> 0 | AS15: =counta(B15) -> 0
A16: 4 | I16: =sum(F16:H16) -> 0 | J16: =if(sum(F14:F17)=0,0,if(max(F14:F17)=F16,1,0)+if(max(G14:G17)=G16,1,0)+if(max(H14:H17)=H16,1,0)) -> 0 | K16: =A16 -> 4 | P16: =countif(Z$73:Z$79,B16) -> 0 | S16: =if(sum(F14:F17)=0,"",if(and(max(F14:F17)=7, min(F14:F17)=6),"G",if(max(F14:F17)-min(F14:F17)>=2,"G","E"))) | T16: =if(sum(G14:G17)=0,"",if(and(max(G14:G17)=7, min(G14:G17)=6),"G",if(max(G14:G17)-min(G14:G17)>=2,"G","E"))) | U16: =if(sum(H14:H17)=0,"",if(and(max(H14:H17)=7, min(H14:H17)=6),"G",if(max(H14:H17)-min(H14:H17)>=2,"G","E"))) | V16: =if(sum(F14:F17)=0,0,if(max(F14:F17)=F16,1,0)+if(max(G14:G17)=G16,1,0)+if(max(H14:H17)=H16,1,0)) -> 0 | W16: Diff of 2 or tie breaker | AA16: =if(M16<>"","W" & vlookup(B16,B$122:E$133,4,false),"D" & vlookup(B16,B58:E89,4,false)) -> #N/A | AQ16: =K16 -> 4 | AR16: =P16 -> 0 | AS16: =counta(B16) -> 0
A17: 4 | I17: =sum(F17:H17) -> 0 | J17: =if(sum(F14:F17)=0,0,if(max(F14:F17)=F17,1,0)+if(max(G14:G17)=G17,1,0)+if(max(H14:H17)=H17,1,0)) -> 0 | K17: =A17 -> 4 | P17: =countif(Z$73:Z$79,B17) -> 0 | S17: =IF(COUNTIF(S14:S16, "") = 3, "", IF(COUNTIF(S14:S16, "G") = 3, "G", "E")) | T17: =IF(COUNTIF(T14:T16, "") = 3, "", IF(COUNTIF(T14:T16, "G") = 3, "G", "E")) | U17: =IF(COUNTIF(U14:U16, "") = 3, "", IF(COUNTIF(U14:U16, "G") = 3, "G", "E")) | V17: =if(sum(F14:F17)=0,0,if(max(F14:F17)=F17,1,0)+if(max(G14:G17)=G17,1,0)+if(max(H14:H17)=H17,1,0)) -> 0 | AA17: =if(M17<>"","W" & vlookup(B17,B$122:E$133,4,false),"D" & vlookup(B17,B59:E90,4,false)) -> #N/A | AQ17: =K17 -> 4 | AR17: =P17 -> 0 | AS17: =counta(B17) -> 0
A18: 5 | I18: =sum(F18:H18) -> 0 | J18: =if(sum(F18:F21)=0,0,if(max(F18:F21)=F18,1,0)+if(max(G18:G21)=G18,1,0)+if(max(H18:H21)=H18,1,0)) -> 0 | K18: =A18 -> 5 | O18: =sum(N18:N21) -> 0 | P18: =countif(Z$73:Z$79,B18) -> 0 | Q18: =sum(P18:P21) -> 0 | S18: =if(sum(F18:F21)=0,"",if(or(max(F18:F21)=6, max(F18:F21)=7),"G","E")) | T18: =if(sum(G18:G21)=0,"",if(or(max(G18:G21)=6, max(G18:G21)=7),"G","E")) | U18: =if(sum(H18:H21)=0,"",if(or(max(H18:H21)=6, max(H18:H21)=7),"G","E")) | V18: =if(sum(F18:F21)=0,0,if(max(F18:F21)=F18,1,0)+if(max(G18:G21)=G18,1,0)+if(max(H18:H21)=H18,1,0)) -> 0 | W18: Max=6/7 | AA18: =if(M18<>"","W" & vlookup(B18,B$122:E$133,4,false),"D" & vlookup(B18,B60:E91,4,false)) -> #N/A | AQ18: =K18 -> 5 | AR18: =P18 -> 0 | AS18: =counta(B18) -> 0
A19: 5 | I19: =sum(F19:H19) -> 0 | J19: =if(sum(F18:F21)=0,0,if(max(F18:F21)=F19,1,0)+if(max(G18:G21)=G19,1,0)+if(max(H18:H21)=H19,1,0)) -> 0 | K19: =A19 -> 5 | P19: =countif(Z$73:Z$79,B19) -> 0 | S19: =if(sum(F18:F21)=0,"",if(SUMPRODUCT(1/COUNTIF(F18:F21, F18:F21))=2,"G","E")) | T19: =if(sum(G18:G21)=0,"",if(SUMPRODUCT(1/COUNTIF(G18:G21, G18:G21))=2,"G","E")) | U19: =if(sum(H18:H21)=0,"",if(SUMPRODUCT(1/COUNTIF(H18:H21, H18:H21))=2,"G","E")) | V19: =if(sum(F18:F21)=0,0,if(max(F18:F21)=F19,1,0)+if(max(G18:G21)=G19,1,0)+if(max(H18:H21)=H19,1,0)) -> 0 | W19: two equal scores | AA19: =if(M19<>"","W" & vlookup(B19,B$122:E$133,4,false),"D" & vlookup(B19,B61:E92,4,false)) -> #N/A | AQ19: =K19 -> 5 | AR19: =P19 -> 0 | AS19: =counta(B19) -> 0
A20: 5 | I20: =sum(F20:H20) -> 0 | J20: =if(sum(F18:F21)=0,0,if(max(F18:F21)=F20,1,0)+if(max(G18:G21)=G20,1,0)+if(max(H18:H21)=H20,1,0)) -> 0 | K20: =A20 -> 5 | P20: =countif(Z$73:Z$79,B20) -> 0 | S20: =if(sum(F18:F21)=0,"",if(and(max(F18:F21)=7, min(F18:F21)=6),"G",if(max(F18:F21)-min(F18:F21)>=2,"G","E"))) | T20: =if(sum(G18:G21)=0,"",if(and(max(G18:G21)=7, min(G18:G21)=6),"G",if(max(G18:G21)-min(G18:G21)>=2,"G","E"))) | U20: =if(sum(H18:H21)=0,"",if(and(max(H18:H21)=7, min(H18:H21)=6),"G",if(max(H18:H21)-min(H18:H21)>=2,"G","E"))) | V20: =if(sum(F18:F21)=0,0,if(max(F18:F21)=F20,1,0)+if(max(G18:G21)=G20,1,0)+if(max(H18:H21)=H20,1,0)) -> 0 | W20: Diff of 2 or tie breaker | AA20: =if(M20<>"","W" & vlookup(B20,B$122:E$133,4,false),"D" & vlookup(B20,B62:E93,4,false)) -> #N/A | AQ20: =K20 -> 5 | AR20: =P20 -> 0 | AS20: =counta(B20) -> 0
A21: 5 | I21: =sum(F21:H21) -> 0 | J21: =if(sum(F18:F21)=0,0,if(max(F18:F21)=F21,1,0)+if(max(G18:G21)=G21,1,0)+if(max(H18:H21)=H21,1,0)) -> 0 | K21: =A21 -> 5 | P21: =countif(Z$73:Z$79,B21) -> 0 | S21: =IF(COUNTIF(S18:S20, "") = 3, "", IF(COUNTIF(S18:S20, "G") = 3, "G", "E")) | T21: =IF(COUNTIF(T18:T20, "") = 3, "", IF(COUNTIF(T18:T20, "G") = 3, "G", "E")) | U21: =IF(COUNTIF(U18:U20, "") = 3, "", IF(COUNTIF(U18:U20, "G") = 3, "G", "E")) | V21: =if(sum(F18:F21)=0,0,if(max(F18:F21)=F21,1,0)+if(max(G18:G21)=G21,1,0)+if(max(H18:H21)=H21,1,0)) -> 0 | AA21: =if(M21<>"","W" & vlookup(B21,B$122:E$133,4,false),"D" & vlookup(B21,B63:E94,4,false)) -> #N/A | AQ21: =K21 -> 5 | AR21: =P21 -> 0 | AS21: =counta(B21) -> 0
A22: 6 | I22: =sum(F22:H22) -> 0 | J22: =if(sum(F22:F25)=0,0,if(max(F22:F25)=F22,1,0)+if(max(G22:G25)=G22,1,0)+if(max(H22:H25)=H22,1,0)) -> 0 | K22: =A22 -> 6 | O22: =sum(N22:N25) -> 0 | P22: =countif(Z$73:Z$79,B22) -> 0 | Q22: =sum(P22:P25) -> 0 | S22: =if(sum(F22:F25)=0,"",if(or(max(F22:F25)=6, max(F22:F25)=7),"G","E")) | T22: =if(sum(G22:G25)=0,"",if(or(max(G22:G25)=6, max(G22:G25)=7),"G","E")) | U22: =if(sum(H22:H25)=0,"",if(or(max(H22:H25)=6, max(H22:H25)=7),"G","E")) | V22: =if(sum(F22:F25)=0,0,if(max(F22:F25)=F22,1,0)+if(max(G22:G25)=G22,1,0)+if(max(H22:H25)=H22,1,0)) -> 0 | W22: Max=6/7 | AA22: =if(M22<>"","W" & vlookup(B22,B$122:E$133,4,false),"D" & vlookup(B22,B64:E95,4,false)) -> #N/A | AQ22: =K22 -> 6 | AR22: =P22 -> 0 | AS22: =counta(B22) -> 0
A23: 6 | I23: =sum(F23:H23) -> 0 | J23: =if(sum(F22:F25)=0,0,if(max(F22:F25)=F23,1,0)+if(max(G22:G25)=G23,1,0)+if(max(H22:H25)=H23,1,0)) -> 0 | K23: =A23 -> 6 | P23: =countif(Z$73:Z$79,B23) -> 0 | S23: =if(sum(F22:F25)=0,"",if(SUMPRODUCT(1/COUNTIF(F22:F25, F22:F25))=2,"G","E")) | T23: =if(sum(G22:G25)=0,"",if(SUMPRODUCT(1/COUNTIF(G22:G25, G22:G25))=2,"G","E")) | U23: =if(sum(H22:H25)=0,"",if(SUMPRODUCT(1/COUNTIF(H22:H25, H22:H25))=2,"G","E")) | V23: =if(sum(F22:F25)=0,0,if(max(F22:F25)=F23,1,0)+if(max(G22:G25)=G23,1,0)+if(max(H22:H25)=H23,1,0)) -> 0 | W23: two equal scores | AA23: =if(M23<>"","W" & vlookup(B23,B$122:E$133,4,false),"D" & vlookup(B23,B65:E96,4,false)) -> #N/A | AQ23: =K23 -> 6 | AR23: =P23 -> 0 | AS23: =counta(B23) -> 0
A24: 6 | I24: =sum(F24:H24) -> 0 | J24: =if(sum(F22:F25)=0,0,if(max(F22:F25)=F24,1,0)+if(max(G22:G25)=G24,1,0)+if(max(H22:H25)=H24,1,0)) -> 0 | K24: =A24 -> 6 | P24: =countif(Z$73:Z$79,B24) -> 0 | S24: =if(sum(F22:F25)=0,"",if(and(max(F22:F25)=7, min(F22:F25)=6),"G",if(max(F22:F25)-min(F22:F25)>=2,"G","E"))) | T24: =if(sum(G22:G25)=0,"",if(and(max(G22:G25)=7, min(G22:G25)=6),"G",if(max(G22:G25)-min(G22:G25)>=2,"G","E"))) | U24: =if(sum(H22:H25)=0,"",if(and(max(H22:H25)=7, min(H22:H25)=6),"G",if(max(H22:H25)-min(H22:H25)>=2,"G","E"))) | V24: =if(sum(F22:F25)=0,0,if(max(F22:F25)=F24,1,0)+if(max(G22:G25)=G24,1,0)+if(max(H22:H25)=H24,1,0)) -> 0 | W24: Diff of 2 or tie breaker | AA24: =if(M24<>"","W" & vlookup(B24,B$122:E$133,4,false),"D" & vlookup(B24,B66:E97,4,false)) -> #N/A | AQ24: =K24 -> 6 | AR24: =P24 -> 0 | AS24: =counta(B24) -> 0
A25: 6 | I25: =sum(F25:H25) -> 0 | J25: =if(sum(F22:F25)=0,0,if(max(F22:F25)=F25,1,0)+if(max(G22:G25)=G25,1,0)+if(max(H22:H25)=H25,1,0)) -> 0 | K25: =A25 -> 6 | P25: =countif(Z$73:Z$79,B25) -> 0 | S25: =IF(COUNTIF(S22:S24, "") = 3, "", IF(COUNTIF(S22:S24, "G") = 3, "G", "E")) | T25: =IF(COUNTIF(T22:T24, "") = 3, "", IF(COUNTIF(T22:T24, "G") = 3, "G", "E")) | U25: =IF(COUNTIF(U22:U24, "") = 3, "", IF(COUNTIF(U22:U24, "G") = 3, "G", "E")) | V25: =if(sum(F22:F25)=0,0,if(max(F22:F25)=F25,1,0)+if(max(G22:G25)=G25,1,0)+if(max(H22:H25)=H25,1,0)) -> 0 | AA25: =if(M25<>"","W" & vlookup(B25,B$122:E$133,4,false),"D" & vlookup(B25,B67:E98,4,false)) -> #N/A | AQ25: =K25 -> 6 | AR25: =P25 -> 0 | AS25: =counta(B25) -> 0
A26: 7 | I26: =sum(F26:H26) -> 0 | J26: =if(sum(F26:F29)=0,0,if(max(F26:F29)=F26,1,0)+if(max(G26:G29)=G26,1,0)+if(max(H26:H29)=H26,1,0)) -> 0 | K26: =A26 -> 7 | O26: =sum(N26:N29) -> 0 | P26: =countif(Z$73:Z$79,B26) -> 0 | Q26: =sum(P26:P29) -> 0 | S26: =if(sum(F26:F29)=0,"",if(or(max(F26:F29)=6, max(F26:F29)=7),"G","E")) | T26: =if(sum(G26:G29)=0,"",if(or(max(G26:G29)=6, max(G26:G29)=7),"G","E")) | U26: =if(sum(H26:H29)=0,"",if(or(max(H26:H29)=6, max(H26:H29)=7),"G","E")) | V26: =if(sum(F26:F29)=0,0,if(max(F26:F29)=F26,1,0)+if(max(G26:G29)=G26,1,0)+if(max(H26:H29)=H26,1,0)) -> 0 | W26: Max=6/7 | AA26: =if(M26<>"","W" & vlookup(B26,B$122:E$133,4,false),"D" & vlookup(B26,B68:E99,4,false)) -> #N/A | AQ26: =K26 -> 7 | AR26: =P26 -> 0 | AS26: =counta(B26) -> 0
A27: 7 | I27: =sum(F27:H27) -> 0 | J27: =if(sum(F26:F29)=0,0,if(max(F26:F29)=F27,1,0)+if(max(G26:G29)=G27,1,0)+if(max(H26:H29)=H27,1,0)) -> 0 | K27: =A27 -> 7 | P27: =countif(Z$73:Z$79,B27) -> 0 | S27: =if(sum(F26:F29)=0,"",if(SUMPRODUCT(1/COUNTIF(F26:F29, F26:F29))=2,"G","E")) | T27: =if(sum(G26:G29)=0,"",if(SUMPRODUCT(1/COUNTIF(G26:G29, G26:G29))=2,"G","E")) | U27: =if(sum(H26:H29)=0,"",if(SUMPRODUCT(1/COUNTIF(H26:H29, H26:H29))=2,"G","E")) | V27: =if(sum(F26:F29)=0,0,if(max(F26:F29)=F27,1,0)+if(max(G26:G29)=G27,1,0)+if(max(H26:H29)=H27,1,0)) -> 0 | W27: two equal scores | AA27: =if(M27<>"","W" & vlookup(B27,B$122:E$133,4,false),"D" & vlookup(B27,B69:E100,4,false)) -> #N/A | AQ27: =K27 -> 7 | AR27: =P27 -> 0 | AS27: =counta(B27) -> 0
A28: 7 | I28: =sum(F28:H28) -> 0 | J28: =if(sum(F26:F29)=0,0,if(max(F26:F29)=F28,1,0)+if(max(G26:G29)=G28,1,0)+if(max(H26:H29)=H28,1,0)) -> 0 | K28: =A28 -> 7 | P28: =countif(Z$73:Z$79,B28) -> 0 | S28: =if(sum(F26:F29)=0,"",if(and(max(F26:F29)=7, min(F26:F29)=6),"G",if(max(F26:F29)-min(F26:F29)>=2,"G","E"))) | T28: =if(sum(G26:G29)=0,"",if(and(max(G26:G29)=7, min(G26:G29)=6),"G",if(max(G26:G29)-min(G26:G29)>=2,"G","E"))) | U28: =if(sum(H26:H29)=0,"",if(and(max(H26:H29)=7, min(H26:H29)=6),"G",if(max(H26:H29)-min(H26:H29)>=2,"G","E"))) | V28: =if(sum(F26:F29)=0,0,if(max(F26:F29)=F28,1,0)+if(max(G26:G29)=G28,1,0)+if(max(H26:H29)=H28,1,0)) -> 0 | W28: Diff of 2 or tie breaker | AA28: =if(M28<>"","W" & vlookup(B28,B$122:E$133,4,false),"D" & vlookup(B28,B70:E101,4,false)) -> #N/A | AQ28: =K28 -> 7 | AR28: =P28 -> 0 | AS28: =counta(B28) -> 0
A29: 7 | I29: =sum(F29:H29) -> 0 | J29: =if(sum(F26:F29)=0,0,if(max(F26:F29)=F29,1,0)+if(max(G26:G29)=G29,1,0)+if(max(H26:H29)=H29,1,0)) -> 0 | K29: =A29 -> 7 | P29: =countif(Z$73:Z$79,B29) -> 0 | S29: =IF(COUNTIF(S26:S28, "") = 3, "", IF(COUNTIF(S26:S28, "G") = 3, "G", "E")) | T29: =IF(COUNTIF(T26:T28, "") = 3, "", IF(COUNTIF(T26:T28, "G") = 3, "G", "E")) | U29: =IF(COUNTIF(U26:U28, "") = 3, "", IF(COUNTIF(U26:U28, "G") = 3, "G", "E")) | V29: =if(sum(F26:F29)=0,0,if(max(F26:F29)=F29,1,0)+if(max(G26:G29)=G29,1,0)+if(max(H26:H29)=H29,1,0)) -> 0 | AA29: =if(M29<>"","W" & vlookup(B29,B$122:E$133,4,false),"D" & vlookup(B29,B71:E102,4,false)) -> #N/A | AQ29: =K29 -> 7 | AR29: =P29 -> 0 | AS29: =counta(B29) -> 0
A30: 8 | I30: =sum(F30:H30) -> 0 | J30: =if(sum(F30:F33)=0,0,if(max(F30:F33)=F30,1,0)+if(max(G30:G33)=G30,1,0)+if(max(H30:H33)=H30,1,0)) -> 0 | K30: =A30 -> 8 | O30: =sum(N30:N33) -> 0 | P30: =countif(Z$73:Z$79,B30) -> 0 | Q30: =sum(P30:P33) -> 0 | S30: =if(sum(F30:F33)=0,"",if(or(max(F30:F33)=6, max(F30:F33)=7),"G","E")) | T30: =if(sum(G30:G33)=0,"",if(or(max(G30:G33)=6, max(G30:G33)=7),"G","E")) | U30: =if(sum(H30:H33)=0,"",if(or(max(H30:H33)=6, max(H30:H33)=7),"G","E")) | V30: =if(sum(F30:F33)=0,0,if(max(F30:F33)=F30,1,0)+if(max(G30:G33)=G30,1,0)+if(max(H30:H33)=H30,1,0)) -> 0 | W30: Max=6/7 | AA30: =if(M30<>"","W" & vlookup(B30,B$122:E$133,4,false),"D" & vlookup(B30,B72:E103,4,false)) -> #N/A | AQ30: =K30 -> 8 | AR30: =P30 -> 0 | AS30: =counta(B30) -> 0
A31: 8 | I31: =sum(F31:H31) -> 0 | J31: =if(sum(F30:F33)=0,0,if(max(F30:F33)=F31,1,0)+if(max(G30:G33)=G31,1,0)+if(max(H30:H33)=H31,1,0)) -> 0 | K31: =A31 -> 8 | P31: =countif(Z$73:Z$79,B31) -> 0 | S31: =if(sum(F30:F33)=0,"",if(SUMPRODUCT(1/COUNTIF(F30:F33, F30:F33))=2,"G","E")) | T31: =if(sum(G30:G33)=0,"",if(SUMPRODUCT(1/COUNTIF(G30:G33, G30:G33))=2,"G","E")) | U31: =if(sum(H30:H33)=0,"",if(SUMPRODUCT(1/COUNTIF(H30:H33, H30:H33))=2,"G","E")) | V31: =if(sum(F30:F33)=0,0,if(max(F30:F33)=F31,1,0)+if(max(G30:G33)=G31,1,0)+if(max(H30:H33)=H31,1,0)) -> 0 | W31: two equal scores | AA31: =if(M31<>"","W" & vlookup(B31,B$122:E$133,4,false),"D" & vlookup(B31,B73:E104,4,false)) -> #N/A | AQ31: =K31 -> 8 | AR31: =P31 -> 0 | AS31: =counta(B31) -> 0
A32: 8 | I32: =sum(F32:H32) -> 0 | J32: =if(sum(F30:F33)=0,0,if(max(F30:F33)=F32,1,0)+if(max(G30:G33)=G32,1,0)+if(max(H30:H33)=H32,1,0)) -> 0 | K32: =A32 -> 8 | P32: =countif(Z$73:Z$79,B32) -> 0 | S32: =if(sum(F30:F33)=0,"",if(and(max(F30:F33)=7, min(F30:F33)=6),"G",if(max(F30:F33)-min(F30:F33)>=2,"G","E"))) | T32: =if(sum(G30:G33)=0,"",if(and(max(G30:G33)=7, min(G30:G33)=6),"G",if(max(G30:G33)-min(G30:G33)>=2,"G","E"))) | U32: =if(sum(H30:H33)=0,"",if(and(max(H30:H33)=7, min(H30:H33)=6),"G",if(max(H30:H33)-min(H30:H33)>=2,"G","E"))) | V32: =if(sum(F30:F33)=0,0,if(max(F30:F33)=F32,1,0)+if(max(G30:G33)=G32,1,0)+if(max(H30:H33)=H32,1,0)) -> 0 | W32: Diff of 2 or tie breaker | AA32: =if(M32<>"","W" & vlookup(B32,B$122:E$133,4,false),"D" & vlookup(B32,B74:E105,4,false)) -> #N/A | AQ32: =K32 -> 8 | AR32: =P32 -> 0 | AS32: =counta(B32) -> 0
A33: 8 | I33: =sum(F33:H33) -> 0 | J33: =if(sum(F30:F33)=0,0,if(max(F30:F33)=F33,1,0)+if(max(G30:G33)=G33,1,0)+if(max(H30:H33)=H33,1,0)) -> 0 | K33: =A33 -> 8 | P33: =countif(Z$73:Z$79,B33) -> 0 | S33: =IF(COUNTIF(S30:S32, "") = 3, "", IF(COUNTIF(S30:S32, "G") = 3, "G", "E")) | T33: =IF(COUNTIF(T30:T32, "") = 3, "", IF(COUNTIF(T30:T32, "G") = 3, "G", "E")) | U33: =IF(COUNTIF(U30:U32, "") = 3, "", IF(COUNTIF(U30:U32, "G") = 3, "G", "E")) | V33: =if(sum(F30:F33)=0,0,if(max(F30:F33)=F33,1,0)+if(max(G30:G33)=G33,1,0)+if(max(H30:H33)=H33,1,0)) -> 0 | AA33: =if(M33<>"","W" & vlookup(B33,B$122:E$133,4,false),"D" & vlookup(B33,B75:E106,4,false)) -> #N/A | AQ33: =K33 -> 8 | AR33: =P33 -> 0 | AS33: =counta(B33) -> 0
A34: 9 | I34: =sum(F34:H34) -> 0 | J34: =if(sum(F34:F37)=0,0,if(max(F34:F37)=F34,1,0)+if(max(G34:G37)=G34,1,0)+if(max(H34:H37)=H34,1,0)) -> 0 | K34: =A34 -> 9 | M34: =IF(AND(A34<>0, OR(VALUE(A34)=VALUE($Y$64), VALUE(A34)=VALUE($Y$65), VALUE(A34)=VALUE($Y$66))), "X", "") | N34: =iferror(VLOOKUP(B34,#REF!,2,false),"") | O34: =sum(N34:N37) -> 0 | P34: =countif(Z$73:Z$79,B34) -> 0 | Q34: =sum(P34:P37) -> 0 | S34: =if(sum(F34:F37)=0,"",if(or(max(F34:F37)=6, max(F34:F37)=7),"G","E")) | T34: =if(sum(G34:G37)=0,"",if(or(max(G34:G37)=6, max(G34:G37)=7),"G","E")) | U34: =if(sum(H34:H37)=0,"",if(or(max(H34:H37)=6, max(H34:H37)=7),"G","E")) | V34: =if(sum(F34:F37)=0,0,if(max(F34:F37)=F34,1,0)+if(max(G34:G37)=G34,1,0)+if(max(H34:H37)=H34,1,0)) -> 0 | W34: Max=6/7 | AA34: =if(M34<>"","W" & vlookup(B34,B$122:E$133,4,false),"D" & vlookup(B34,B76:E107,4,false)) -> #N/A | AQ34: =K34 -> 9 | AR34: =P34 -> 0 | AS34: =counta(B34) -> 0
A35: 9 | I35: =sum(F35:H35) -> 0 | J35: =if(sum(F34:F37)=0,0,if(max(F34:F37)=F35,1,0)+if(max(G34:G37)=G35,1,0)+if(max(H34:H37)=H35,1,0)) -> 0 | K35: =A35 -> 9 | M35: =IF(AND(A35<>0, OR(VALUE(A35)=VALUE($Y$64), VALUE(A35)=VALUE($Y$65), VALUE(A35)=VALUE($Y$66))), "X", "") | N35: =iferror(VLOOKUP(B35,#REF!,2,false),"") | P35: =countif(Z$73:Z$79,B35) -> 0 | S35: =if(sum(F34:F37)=0,"",if(SUMPRODUCT(1/COUNTIF(F34:F37, F34:F37))=2,"G","E")) | T35: =if(sum(G34:G37)=0,"",if(SUMPRODUCT(1/COUNTIF(G34:G37, G34:G37))=2,"G","E")) | U35: =if(sum(H34:H37)=0,"",if(SUMPRODUCT(1/COUNTIF(H34:H37, H34:H37))=2,"G","E")) | V35: =if(sum(F34:F37)=0,0,if(max(F34:F37)=F35,1,0)+if(max(G34:G37)=G35,1,0)+if(max(H34:H37)=H35,1,0)) -> 0 | W35: two equal scores | AA35: =if(M35<>"","W" & vlookup(B35,B$122:E$133,4,false),"D" & vlookup(B35,B77:E108,4,false)) -> #N/A | AQ35: =K35 -> 9 | AR35: =P35 -> 0 | AS35: =counta(B35) -> 0
A36: 9 | I36: =sum(F36:H36) -> 0 | J36: =if(sum(F34:F37)=0,0,if(max(F34:F37)=F36,1,0)+if(max(G34:G37)=G36,1,0)+if(max(H34:H37)=H36,1,0)) -> 0 | K36: =A36 -> 9 | M36: =IF(AND(A36<>0, OR(VALUE(A36)=VALUE($Y$64), VALUE(A36)=VALUE($Y$65), VALUE(A36)=VALUE($Y$66))), "X", "") | N36: =iferror(VLOOKUP(B36,#REF!,2,false),"") | P36: =countif(Z$73:Z$79,B36) -> 0 | S36: =if(sum(F34:F37)=0,"",if(and(max(F34:F37)=7, min(F34:F37)=6),"G",if(max(F34:F37)-min(F34:F37)>=2,"G","E"))) | T36: =if(sum(G34:G37)=0,"",if(and(max(G34:G37)=7, min(G34:G37)=6),"G",if(max(G34:G37)-min(G34:G37)>=2,"G","E"))) | U36: =if(sum(H34:H37)=0,"",if(and(max(H34:H37)=7, min(H34:H37)=6),"G",if(max(H34:H37)-min(H34:H37)>=2,"G","E"))) | V36: =if(sum(F34:F37)=0,0,if(max(F34:F37)=F36,1,0)+if(max(G34:G37)=G36,1,0)+if(max(H34:H37)=H36,1,0)) -> 0 | W36: Diff of 2 or tie breaker | AA36: =if(M36<>"","W" & vlookup(B36,B$122:E$133,4,false),"D" & vlookup(B36,B78:E109,4,false)) -> #N/A | AQ36: =K36 -> 9 | AR36: =P36 -> 0 | AS36: =counta(B36) -> 0
A37: 9 | I37: =sum(F37:H37) -> 0 | J37: =if(sum(F34:F37)=0,0,if(max(F34:F37)=F37,1,0)+if(max(G34:G37)=G37,1,0)+if(max(H34:H37)=H37,1,0)) -> 0 | K37: =A37 -> 9 | M37: =IF(AND(A37<>0, OR(VALUE(A37)=VALUE($Y$64), VALUE(A37)=VALUE($Y$65), VALUE(A37)=VALUE($Y$66))), "X", "") | N37: =iferror(VLOOKUP(B37,#REF!,2,false),"") | P37: =countif(Z$73:Z$79,B37) -> 0 | S37: =IF(COUNTIF(S34:S36, "") = 3, "", IF(COUNTIF(S34:S36, "G") = 3, "G", "E")) | T37: =IF(COUNTIF(T34:T36, "") = 3, "", IF(COUNTIF(T34:T36, "G") = 3, "G", "E")) | U37: =IF(COUNTIF(U34:U36, "") = 3, "", IF(COUNTIF(U34:U36, "G") = 3, "G", "E")) | V37: =if(sum(F34:F37)=0,0,if(max(F34:F37)=F37,1,0)+if(max(G34:G37)=G37,1,0)+if(max(H34:H37)=H37,1,0)) -> 0 | AA37: =if(M37<>"","W" & vlookup(B37,B$122:E$133,4,false),"D" & vlookup(B37,B79:E110,4,false)) -> #N/A | AQ37: =K37 -> 9 | AR37: =P37 -> 0 | AS37: =counta(B37) -> 0
A38: 10 | I38: =sum(F38:H38) -> 0 | J38: =if(sum(F38:F41)=0,0,if(max(F38:F41)=F38,1,0)+if(max(G38:G41)=G38,1,0)+if(max(H38:H41)=H38,1,0)) -> 0 | K38: =A38 -> 10 | M38: =IF(AND(A38<>0, OR(VALUE(A38)=VALUE($Y$64), VALUE(A38)=VALUE($Y$65), VALUE(A38)=VALUE($Y$66))), "X", "") | N38: =iferror(VLOOKUP(B38,#REF!,2,false),"") | O38: =sum(N38:N41) -> 0 | P38: =countif(Z$73:Z$79,B38) -> 0 | Q38: =sum(P38:P41) -> 0 | S38: =if(sum(F38:F41)=0,"",if(or(max(F38:F41)=6, max(F38:F41)=7),"G","E")) | T38: =if(sum(G38:G41)=0,"",if(or(max(G38:G41)=6, max(G38:G41)=7),"G","E")) | U38: =if(sum(H38:H41)=0,"",if(or(max(H38:H41)=6, max(H38:H41)=7),"G","E")) | V38: =if(sum(F38:F41)=0,0,if(max(F38:F41)=F38,1,0)+if(max(G38:G41)=G38,1,0)+if(max(H38:H41)=H38,1,0)) -> 0 | W38: Max=6/7 | AA38: =if(M38<>"","W" & vlookup(B38,B$122:E$133,4,false),"D" & vlookup(B38,B80:E111,4,false)) -> #N/A | AQ38: =K38 -> 10 | AR38: =P38 -> 0 | AS38: =counta(B38) -> 0
A39: 10 | I39: =sum(F39:H39) -> 0 | J39: =if(sum(F38:F41)=0,0,if(max(F38:F41)=F39,1,0)+if(max(G38:G41)=G39,1,0)+if(max(H38:H41)=H39,1,0)) -> 0 | K39: =A39 -> 10 | M39: =IF(AND(A39<>0, OR(VALUE(A39)=VALUE($Y$64), VALUE(A39)=VALUE($Y$65), VALUE(A39)=VALUE($Y$66))), "X", "") | N39: =iferror(VLOOKUP(B39,#REF!,2,false),"") | P39: =countif(Z$73:Z$79,B39) -> 0 | S39: =if(sum(F38:F41)=0,"",if(SUMPRODUCT(1/COUNTIF(F38:F41, F38:F41))=2,"G","E")) | T39: =if(sum(G38:G41)=0,"",if(SUMPRODUCT(1/COUNTIF(G38:G41, G38:G41))=2,"G","E")) | U39: =if(sum(H38:H41)=0,"",if(SUMPRODUCT(1/COUNTIF(H38:H41, H38:H41))=2,"G","E")) | V39: =if(sum(F38:F41)=0,0,if(max(F38:F41)=F39,1,0)+if(max(G38:G41)=G39,1,0)+if(max(H38:H41)=H39,1,0)) -> 0 | W39: two equal scores | AA39: =if(M39<>"","W" & vlookup(B39,B$122:E$133,4,false),"D" & vlookup(B39,B81:E112,4,false)) -> #N/A | AQ39: =K39 -> 10 | AR39: =P39 -> 0 | AS39: =counta(B39) -> 0
A40: 10 | I40: =sum(F40:H40) -> 0 | J40: =if(sum(F38:F41)=0,0,if(max(F38:F41)=F40,1,0)+if(max(G38:G41)=G40,1,0)+if(max(H38:H41)=H40,1,0)) -> 0 | K40: =A40 -> 10 | M40: =IF(AND(A40<>0, OR(VALUE(A40)=VALUE($Y$64), VALUE(A40)=VALUE($Y$65), VALUE(A40)=VALUE($Y$66))), "X", "") | N40: =iferror(VLOOKUP(B40,#REF!,2,false),"") | P40: =countif(Z$73:Z$79,B40) -> 0 | S40: =if(sum(F38:F41)=0,"",if(and(max(F38:F41)=7, min(F38:F41)=6),"G",if(max(F38:F41)-min(F38:F41)>=2,"G","E"))) | T40: =if(sum(G38:G41)=0,"",if(and(max(G38:G41)=7, min(G38:G41)=6),"G",if(max(G38:G41)-min(G38:G41)>=2,"G","E"))) | U40: =if(sum(H38:H41)=0,"",if(and(max(H38:H41)=7, min(H38:H41)=6),"G",if(max(H38:H41)-min(H38:H41)>=2,"G","E"))) | V40: =if(sum(F38:F41)=0,0,if(max(F38:F41)=F40,1,0)+if(max(G38:G41)=G40,1,0)+if(max(H38:H41)=H40,1,0)) -> 0 | W40: Diff of 2 or tie breaker | AA40: =if(M40<>"","W" & vlookup(B40,B$122:E$133,4,false),"D" & vlookup(B40,B82:E113,4,false)) -> #N/A | AQ40: =K40 -> 10 | AR40: =P40 -> 0 | AS40: =counta(B40) -> 0
A41: 10 | I41: =sum(F41:H41) -> 0 | J41: =if(sum(F38:F41)=0,0,if(max(F38:F41)=F41,1,0)+if(max(G38:G41)=G41,1,0)+if(max(H38:H41)=H41,1,0)) -> 0 | K41: =A41 -> 10 | M41: =IF(AND(A41<>0, OR(VALUE(A41)=VALUE($Y$64), VALUE(A41)=VALUE($Y$65), VALUE(A41)=VALUE($Y$66))), "X", "") | N41: =iferror(VLOOKUP(B41,#REF!,2,false),"") | P41: =countif(Z$73:Z$79,B41) -> 0 | S41: =IF(COUNTIF(S38:S40, "") = 3, "", IF(COUNTIF(S38:S40, "G") = 3, "G", "E")) | T41: =IF(COUNTIF(T38:T40, "") = 3, "", IF(COUNTIF(T38:T40, "G") = 3, "G", "E")) | U41: =IF(COUNTIF(U38:U40, "") = 3, "", IF(COUNTIF(U38:U40, "G") = 3, "G", "E")) | V41: =if(sum(F38:F41)=0,0,if(max(F38:F41)=F41,1,0)+if(max(G38:G41)=G41,1,0)+if(max(H38:H41)=H41,1,0)) -> 0 | AA41: =if(M41<>"","W" & vlookup(B41,B$122:E$133,4,false),"D" & vlookup(B41,B83:E114,4,false)) -> #N/A | AQ41: =K41 -> 10 | AR41: =P41 -> 0 | AS41: =counta(B41) -> 0
A42: 11 | I42: =sum(F42:H42) -> 0 | J42: =if(sum(F42:F45)=0,0,if(max(F42:F45)=F42,1,0)+if(max(G42:G45)=G42,1,0)+if(max(H42:H45)=H42,1,0)) -> 0 | K42: =A42 -> 11 | M42: =IF(AND(A42<>0, OR(VALUE(A42)=VALUE($Y$64), VALUE(A42)=VALUE($Y$65), VALUE(A42)=VALUE($Y$66))), "X", "") | N42: =iferror(VLOOKUP(B42,#REF!,2,false),"") | O42: =sum(N42:N45) -> 0 | P42: =countif(Z$73:Z$79,B42) -> 0 | Q42: =sum(P42:P45) -> 0 | S42: =if(sum(F42:F45)=0,"",if(or(max(F42:F45)=6, max(F42:F45)=7),"G","E")) | T42: =if(sum(G42:G45)=0,"",if(or(max(G42:G45)=6, max(G42:G45)=7),"G","E")) | U42: =if(sum(H42:H45)=0,"",if(or(max(H42:H45)=6, max(H42:H45)=7),"G","E")) | V42: =if(sum(F42:F45)=0,0,if(max(F42:F45)=F42,1,0)+if(max(G42:G45)=G42,1,0)+if(max(H42:H45)=H42,1,0)) -> 0 | AA42: =if(M42<>"","W" & vlookup(B42,B$122:E$133,4,false),"D" & vlookup(B42,B84:E115,4,false)) -> #N/A | AQ42: =K42 -> 11 | AR42: =P42 -> 0 | AS42: =counta(B42) -> 0
A43: 11 | I43: =sum(F43:H43) -> 0 | J43: =if(sum(F42:F45)=0,0,if(max(F42:F45)=F43,1,0)+if(max(G42:G45)=G43,1,0)+if(max(H42:H45)=H43,1,0)) -> 0 | K43: =A43 -> 11 | M43: =IF(AND(A43<>0, OR(VALUE(A43)=VALUE($Y$64), VALUE(A43)=VALUE($Y$65), VALUE(A43)=VALUE($Y$66))), "X", "") | N43: =iferror(VLOOKUP(B43,#REF!,2,false),"") | P43: =countif(Z$73:Z$79,B43) -> 0 | S43: =if(sum(F42:F45)=0,"",if(SUMPRODUCT(1/COUNTIF(F42:F45, F42:F45))=2,"G","E")) | T43: =if(sum(G42:G45)=0,"",if(SUMPRODUCT(1/COUNTIF(G42:G45, G42:G45))=2,"G","E")) | U43: =if(sum(H42:H45)=0,"",if(SUMPRODUCT(1/COUNTIF(H42:H45, H42:H45))=2,"G","E")) | V43: =if(sum(F42:F45)=0,0,if(max(F42:F45)=F43,1,0)+if(max(G42:G45)=G43,1,0)+if(max(H42:H45)=H43,1,0)) -> 0 | AA43: =if(M43<>"","W" & vlookup(B43,B$122:E$133,4,false),"D" & vlookup(B43,B85:E116,4,false)) -> #N/A | AQ43: =K43 -> 11 | AR43: =P43 -> 0 | AS43: =counta(B43) -> 0
A44: 11 | I44: =sum(F44:H44) -> 0 | J44: =if(sum(F42:F45)=0,0,if(max(F42:F45)=F44,1,0)+if(max(G42:G45)=G44,1,0)+if(max(H42:H45)=H44,1,0)) -> 0 | K44: =A44 -> 11 | M44: =IF(AND(A44<>0, OR(VALUE(A44)=VALUE($Y$64), VALUE(A44)=VALUE($Y$65), VALUE(A44)=VALUE($Y$66))), "X", "") | N44: =iferror(VLOOKUP(B44,#REF!,2,false),"") | P44: =countif(Z$73:Z$79,B44) -> 0 | S44: =if(sum(F42:F45)=0,"",if(and(max(F42:F45)=7, min(F42:F45)=6),"G",if(max(F42:F45)-min(F42:F45)>=2,"G","E"))) | T44: =if(sum(G42:G45)=0,"",if(and(max(G42:G45)=7, min(G42:G45)=6),"G",if(max(G42:G45)-min(G42:G45)>=2,"G","E"))) | U44: =if(sum(H42:H45)=0,"",if(and(max(H42:H45)=7, min(H42:H45)=6),"G",if(max(H42:H45)-min(H42:H45)>=2,"G","E"))) | V44: =if(sum(F42:F45)=0,0,if(max(F42:F45)=F44,1,0)+if(max(G42:G45)=G44,1,0)+if(max(H42:H45)=H44,1,0)) -> 0 | AA44: =if(M44<>"","W" & vlookup(B44,B$122:E$133,4,false),"D" & vlookup(B44,B86:E117,4,false)) -> #N/A | AQ44: =K44 -> 11 | AR44: =P44 -> 0 | AS44: =counta(B44) -> 0
A45: 11 | I45: =sum(F45:H45) -> 0 | J45: =if(sum(F42:F45)=0,0,if(max(F42:F45)=F45,1,0)+if(max(G42:G45)=G45,1,0)+if(max(H42:H45)=H45,1,0)) -> 0 | K45: =A45 -> 11 | M45: =IF(AND(A45<>0, OR(VALUE(A45)=VALUE($Y$64), VALUE(A45)=VALUE($Y$65), VALUE(A45)=VALUE($Y$66))), "X", "") | N45: =iferror(VLOOKUP(B45,#REF!,2,false),"") | P45: =countif(Z$73:Z$79,B45) -> 0 | S45: =IF(COUNTIF(S42:S44, "") = 3, "", IF(COUNTIF(S42:S44, "G") = 3, "G", "E")) | T45: =IF(COUNTIF(T42:T44, "") = 3, "", IF(COUNTIF(T42:T44, "G") = 3, "G", "E")) | U45: =IF(COUNTIF(U42:U44, "") = 3, "", IF(COUNTIF(U42:U44, "G") = 3, "G", "E")) | V45: =if(sum(F42:F45)=0,0,if(max(F42:F45)=F45,1,0)+if(max(G42:G45)=G45,1,0)+if(max(H42:H45)=H45,1,0)) -> 0 | AA45: =if(M45<>"","W" & vlookup(B45,B$122:E$133,4,false),"D" & vlookup(B45,B87:E118,4,false)) -> #N/A | AQ45: =K45 -> 11 | AR45: =P45 -> 0 | AS45: =counta(B45) -> 0
A46: 12 | I46: =sum(F46:H46) -> 0 | K46: =A46 -> 12 | P46: =countif(Z$73:Z$78,B46) -> 0
A47: 12 | I47: =sum(F47:H47) -> 0 | K47: =A47 -> 12 | P47: =countif(Z$73:Z$78,B47) -> 0
A48: 12 | I48: =sum(F48:H48) -> 0 | K48: =A48 -> 12 | P48: =countif(Z$73:Z$78,B48) -> 0
A49: 12 | I49: =sum(F49:H49) -> 0 | K49: =A49 -> 12 | P49: =countif(Z$73:Z$78,B49) -> 0
A50: 13 | I50: =sum(F50:H50) -> 0 | K50: =A50 -> 13 | P50: =countif(Z$73:Z$78,B50) -> 0
A51: 13 | I51: =sum(F51:H51) -> 0 | K51: =A51 -> 13 | P51: =countif(Z$73:Z$78,B51) -> 0
A52: 13 | I52: =sum(F52:H52) -> 0 | K52: =A52 -> 13 | P52: =countif(Z$73:Z$78,B52) -> 0
A53: 13 | I53: =sum(F53:H53) -> 0 | K53: =A53 -> 13 | P53: =countif(Z$73:Z$78,B53) -> 0
A54: 14 | I54: =sum(F54:H54) -> 0 | K54: =A54 -> 14 | P54: =countif(Z$73:Z$78,B54) -> 0
A55: 14 | I55: =sum(F55:H55) -> 0 | K55: =A55 -> 14 | P55: =countif(Z$73:Z$78,B55) -> 0
A56: 14 | I56: =sum(F56:H56) -> 0 | K56: =A56 -> 14 | P56: =countif(Z$73:Z$78,B56) -> 0
A57: 14 | I57: =sum(F57:H57) -> 0 | K57: =A57 -> 14 | P57: =countif(Z$73:Z$78,B57) -> 0
... A62: 16 | I62: =sum(F62:H62) -> 0 | K62: =A62 -> 16 | P62: =countif(Z$73:Z$78,B62) -> 0
A63: 16 | I63: =sum(F63:H63) -> 0 | K63: =A63 -> 16 | P63: =countif(Z$73:Z$78,B63) -> 0 | X63: WHS Courts | Y63: Court # | Z63: Admin | AC63: =Checkin!O15 -> Playing | AD63: =Checkin!P15 -> 0
A64: 16 | I64: =sum(F64:H64) -> 0 | K64: =A64 -> 16 | P64: =countif(Z$73:Z$78,B64) -> 0 | X64: Admin Court | Y64: {=if(AD63>=9,_xlfn.XLOOKUP("Y", AD73:AD79, AB73:AB79, 0),0)} -> 0 | Z64: {=if(AD63>=9,_xlfn.XLOOKUP("Y", AD73:AD79, Z73:Z79, "No Admin Found"),"WHS Admin not needed")} -> WHS Admin not needed
A65: 16 | I65: =sum(F65:H65) -> 0 | K65: =A65 -> 16 | P65: =countif(Z$73:Z$78,B65) -> 0 | X65: 2nd Court | Y65: {=if(AD63>=10,_xlfn.XLOOKUP(MINIFS(AK73:AK83, AK73:AK83, ">0"), AK73:AK83, AG73:AG83, "None Found"),0)} -> 0
X66: Third Court | Y66: =IFERROR(__xludf.DUMMYFUNCTION("if(AD63=11,XLOOKUP(SMALL(FILTER(AK73:AK83, AK73:AK83 > 0), 2), AK73:AK83, AG73:AG83, ""None Found""),0)"),0.0) -> 0
A69: Diamond Bar High School Courts
A70: 21400 Pathfinder Rd, Diamond Bar, CA 91765 | Z70: Change the order of the admins, if need to play around
A71: Court # | B71: Name of the Player | C71: Games Won | D71: Sets Won
A72: 1 | B72: =IFERROR(__xludf.DUMMYFUNCTION("QUERY(A2:AD45, ""SELECT B, C, D WHERE M IS NULL OR M = ''"", 0)"),"#N/A") -> #N/A | E72: =A72 -> 1 | Z72: Admin | AA72: Playing ? | AB72: Court # | AC72: Admins | AD72: Good for WHS | AG72: Court # | AH72: Admins | AI72: Points | AJ72: Players | AK72: Ranking
A73: 1 | E73: =A73 -> 1 | Z73: Lam Bui | AA73: =if(countif(B$2:B$45,Z73)=0,"N","Y") -> N | AB73: =if(AA73="Y",VLOOKUP(Z73,B$2:K$45,10,false),0) -> 0 | AC73: {=IF(AB73>0, VLOOKUP(AB73, {VALUE($AG$73:$AG$83), $AH$73:$AH$83}, 2, FALSE), 0)} -> 0 | AD73: =if(AC73=1,"Y","N") -> N | AG73: =value(AM73) -> 1 | AH73: =AN73 -> 0 | AI73: =O2 -> 0 | AJ73: =AO73 -> 1 | AK73: =IFERROR(__xludf.DUMMYFUNCTION("IF(AND(AH73=0, AJ73>0), RANK(AI73, FILTER($AI$73:$AI$83, ($AH$73:$AH$83=0)*($AJ$73:$AJ$83>0)), 1) + COUNTIFS($AH$73:AH73, 0, $AJ$73:AJ73, "">0"", $AI$73:AI73, AI73) - 1, """")"),1.0) -> 1
A74: 1 | E74: =A74 -> 1 | Z74: Tom Le | AA74: =if(countif(B$2:B$45,Z74)=0,"N","Y") -> N | AB74: =if(AA74="Y",VLOOKUP(Z74,B$2:K$45,10,false),0) -> 0 | AC74: =if(AB74>0,VLOOKUP(AB74,AG$73:AH$83,2,false),0) -> 0 | AD74: =if(AC74=1,"Y","N") -> N | AG74: =AM74 -> 2 | AH74: =AN74 -> 0 | AI74: =O6 -> 0 | AJ74: =AO74 -> 0 | AK74: =IFERROR(__xludf.DUMMYFUNCTION("IF(AND(AH74=0, AJ74>0), RANK(AI74, FILTER($AI$73:$AI$83, ($AH$73:$AH$83=0)*($AJ$73:$AJ$83>0)), 1) + COUNTIFS($AH$73:AH74, 0, $AJ$73:AJ74, "">0"", $AI$73:AI74, AI74) - 1, """")"),"")
A75: 1 | E75: =A75 -> 1 | Z75: Chinna Ponnaganti | AA75: =if(countif(B$2:B$45,Z75)=0,"N","Y") -> N | AB75: =if(AA75="Y",VLOOKUP(Z75,B$2:K$45,10,false),0) -> 0 | AC75: =if(AB75>0,VLOOKUP(AB75,AG$73:AH$83,2,false),0) -> 0 | AD75: =if(AC75=1,"Y","N") -> N | AG75: =AM75 -> 3 | AH75: =AN75 -> 0 | AI75: =O10 -> 0 | AJ75: =AO75 -> 0 | AK75: =IFERROR(__xludf.DUMMYFUNCTION("IF(AND(AH75=0, AJ75>0), RANK(AI75, FILTER($AI$73:$AI$83, ($AH$73:$AH$83=0)*($AJ$73:$AJ$83>0)), 1) + COUNTIFS($AH$73:AH75, 0, $AJ$73:AJ75, "">0"", $AI$73:AI75, AI75) - 1, """")"),"")
A76: 2 | E76: =A76 -> 2 | Z76: Joe Luzzi | AA76: =if(countif(B$2:B$45,Z76)=0,"N","Y") -> N | AB76: =if(AA76="Y",VLOOKUP(Z76,B$2:K$45,10,false),0) -> 0 | AC76: =if(AB76>0,VLOOKUP(AB76,AG$73:AH$83,2,false),0) -> 0 | AD76: =if(AC76=1,"Y","N") -> N | AG76: =AM76 -> 4 | AH76: =AN76 -> 0 | AI76: =O14 -> 0 | AJ76: =AO76 -> 0 | AK76: =IFERROR(__xludf.DUMMYFUNCTION("IF(AND(AH76=0, AJ76>0), RANK(AI76, FILTER($AI$73:$AI$83, ($AH$73:$AH$83=0)*($AJ$73:$AJ$83>0)), 1) + COUNTIFS($AH$73:AH76, 0, $AJ$73:AJ76, "">0"", $AI$73:AI76, AI76) - 1, """")"),"")
A77: 2 | E77: =A77 -> 2 | Z77: Robert Chang | AA77: =if(countif(B$2:B$45,Z77)=0,"N","Y") -> N | AB77: =if(AA77="Y",VLOOKUP(Z77,B$2:K$45,10,false),0) -> 0 | AC77: =if(AB77>0,VLOOKUP(AB77,AG$73:AH$83,2,false),0) -> 0 | AD77: =if(AC77=1,"Y","N") -> N | AG77: =AM77 -> 5 | AH77: =AN77 -> 0 | AI77: =O18 -> 0 | AJ77: =AO77 -> 0 | AK77: =IFERROR(__xludf.DUMMYFUNCTION("IF(AND(AH77=0, AJ77>0), RANK(AI77, FILTER($AI$73:$AI$83, ($AH$73:$AH$83=0)*($AJ$73:$AJ$83>0)), 1) + COUNTIFS($AH$73:AH77, 0, $AJ$73:AJ77, "">0"", $AI$73:AI77, AI77) - 1, """")"),"")
A78: 2 | E78: =A78 -> 2 | Z78: Sean Chang | AA78: =if(countif(B$2:B$45,Z78)=0,"N","Y") -> N | AB78: =if(AA78="Y",VLOOKUP(Z78,B$2:K$45,10,false),0) -> 0 | AC78: =if(AB78>0,VLOOKUP(AB78,AG$73:AH$83,2,false),0) -> 0 | AD78: =if(AC78=1,"Y","N") -> N | AG78: =AM78 -> 6 | AH78: =AN78 -> 0 | AI78: =O22 -> 0 | AJ78: =AO78 -> 0 | AK78: =IFERROR(__xludf.DUMMYFUNCTION("IF(AND(AH78=0, AJ78>0), RANK(AI78, FILTER($AI$73:$AI$83, ($AH$73:$AH$83=0)*($AJ$73:$AJ$83>0)), 1) + COUNTIFS($AH$73:AH78, 0, $AJ$73:AJ78, "">0"", $AI$73:AI78, AI78) - 1, """")"),"")
A79: 2 | E79: =A79 -> 2 | Z79: Leigh-Anh Nguyen | AA79: =if(countif(B$2:B$45,Z79)=0,"N","Y") -> N | AB79: =if(AA79="Y",VLOOKUP(Z79,B$2:K$45,10,false),0) -> 0 | AC79: =if(AB79>0,VLOOKUP(AB79,AG$73:AH$83,2,false),0) -> 0 | AD79: =if(AC79=1,"Y","N") -> N | AG79: =AM79 -> 7 | AH79: =AN79 -> 0 | AI79: =O26 -> 0 | AJ79: =AO79 -> 0 | AK79: =IFERROR(__xludf.DUMMYFUNCTION("IF(AND(AH79=0, AJ79>0), RANK(AI79, FILTER($AI$73:$AI$83, ($AH$73:$AH$83=0)*($AJ$73:$AJ$83>0)), 1) + COUNTIFS($AH$73:AH79, 0, $AJ$73:AJ79, "">0"", $AI$73:AI79, AI79) - 1, """")"),"")
A80: 3 | E80: =A80 -> 3 | AG80: =AM80 -> 8 | AH80: =AN80 -> 0 | AI80: =O30 -> 0 | AJ80: =AO80 -> 0 | AK80: =IFERROR(__xludf.DUMMYFUNCTION("IF(AND(AH80=0, AJ80>0), RANK(AI80, FILTER($AI$73:$AI$83, ($AH$73:$AH$83=0)*($AJ$73:$AJ$83>0)), 1) + COUNTIFS($AH$73:AH80, 0, $AJ$73:AJ80, "">0"", $AI$73:AI80, AI80) - 1, """")"),"")
A81: 3 | E81: =A81 -> 3 | AG81: =AM81 -> 9 | AH81: =AN81 -> 0 | AI81: =O34 -> 0 | AJ81: =AO81 -> 0 | AK81: =IFERROR(__xludf.DUMMYFUNCTION("IF(AND(AH81=0, AJ81>0), RANK(AI81, FILTER($AI$73:$AI$83, ($AH$73:$AH$83=0)*($AJ$73:$AJ$83>0)), 1) + COUNTIFS($AH$73:AH81, 0, $AJ$73:AJ81, "">0"", $AI$73:AI81, AI81) - 1, """")"),"")
A82: 3 | E82: =A82 -> 3 | AG82: =AM82 -> 10 | AH82: =AN82 -> 0 | AI82: =O38 -> 0 | AJ82: =AO82 -> 0 | AK82: =IFERROR(__xludf.DUMMYFUNCTION("IF(AND(AH82=0, AJ82>0), RANK(AI82, FILTER($AI$73:$AI$83, ($AH$73:$AH$83=0)*($AJ$73:$AJ$83>0)), 1) + COUNTIFS($AH$73:AH82, 0, $AJ$73:AJ82, "">0"", $AI$73:AI82, AI82) - 1, """")"),"")
A83: 3 | E83: =A83 -> 3 | AG83: =AM83 -> 11 | AH83: =AN83 -> 0 | AI83: =O42 -> 0 | AJ83: =AO83 -> 0 | AK83: =IFERROR(__xludf.DUMMYFUNCTION("IF(AND(AH83=0, AJ83>0), RANK(AI83, FILTER($AI$73:$AI$83, ($AH$73:$AH$83=0)*($AJ$73:$AJ$83>0)), 1) + COUNTIFS($AH$73:AH83, 0, $AJ$73:AJ83, "">0"", $AI$73:AI83, AI83) - 1, """")"),"")
A84: 4 | E84: =A84 -> 4
A85: 4 | E85: =A85 -> 4 | Z85: Admin
A86: 4 | E86: =A86 -> 4 | Z86: Chinna Ponnaganti
A87: 4 | E87: =A87 -> 4 | Z87: Tom Le
A88: 5 | E88: =A88 -> 5 | Z88: Lam Bui
A89: 5 | E89: =A89 -> 5 | Z89: Joe Luzzi
A90: 5 | E90: =A90 -> 5 | Z90: Robert Chang
A91: 5 | E91: =A91 -> 5 | Z91: Sean Chang
A92: 6 | E92: =A92 -> 6 | Z92: Leigh-Anh Nguyen
A93: 6 | E93: =A93 -> 6
A94: 6 | E94: =A94 -> 6
A95: 6 | E95: =A95 -> 6
A96: 7 | E96: =A96 -> 7
A97: 7 | E97: =A97 -> 7
A98: 7 | E98: =A98 -> 7
A99: 7 | E99: =A99 -> 7
A100: 8 | E100: =A100 -> 8
A101: 8 | E101: =A101 -> 8
A102: 8 | E102: =A102 -> 8
A103: 8 | E103: =A103 -> 8
A119: Walnut High School Courts
A120: 400 Pierre Rd, Walnut, CA 91789
A121: Court # | B121: Name of the Player | C121: Games Won | D121: Sets Won
...

Sheet Checkin
A1: Name of the Player | B1: Check in | C1: Previous sitouts | E1: Sl.No | F1: Playing(1) | G1: Out(3) | H1: Out-Can Play(4) | I1: To Respond | J1: Sitouts(5) | K1: Playing-Can Sit(2) | L1: Previous sitouts | M1: Sit Outs Needed | U1: List for Random Sit Outs (if needed) | V1: randomly selected players
A2: =IFERROR(__xludf.DUMMYFUNCTION("IMPORTRANGE(""1uZFF2o7rrfB0YZtASdZnP52Ef50ZinvtOPb1Tbuq8J4"",""CheckIn!C1:D99"")"),"#REF!") -> #REF! | C2: =iferror(VLOOKUP(A2,indirect("'" & "Current" & "'!$B:$T"),19,false),"") | D2: =IF(COUNTIF(A:A, A2) > 1, "Duplicate", "") | E2: 1 | F2: =IFERROR(__xludf.DUMMYFUNCTION("QUERY(A2:B99, ""Select A where B = 1 order by A"")"),"#N/A") -> #N/A | G2: =IFERROR(__xludf.DUMMYFUNCTION("QUERY($A2:$B99, ""Select A where B = 3 order by A"")"),"#N/A") -> #N/A | H2: =IFERROR(__xludf.DUMMYFUNCTION("IFERROR(QUERY($A2:$B99, ""Select A where B = 4""),"""")"),"") | I2: =IFERROR(__xludf.DUMMYFUNCTION("IFERROR(QUERY(Current!B5:F71, ""Select B where F = 0 order by B""), """")"),"Adrian Tay") -> Adrian Tay | J2: =IFERROR(__xludf.DUMMYFUNCTION("iferror(QUERY($A2:$C99, ""Select A where B = 5 order by C""),"""")"),"") | K2: =IFERROR(__xludf.DUMMYFUNCTION("iferror(QUERY($A2:$C99, ""Select A,C where B = 2 order by C""),"""")"),"") | M2: =if(P21>0,1,"") | U2: =IFERROR(__xludf.DUMMYFUNCTION("FILTER(A2:A70, B2:B70 = 1, C2:C70 = 0)"),"#N/A") -> #N/A
C3: =iferror(VLOOKUP(A3,indirect("'" & "Current" & "'!$B:$T"),19,false),"") | D3: =IF(COUNTIF(A:A, A3) > 1, "Duplicate", "") | E3: =E2+1 -> 2 | I3: =IFERROR(__xludf.DUMMYFUNCTION("""COMPUTED_VALUE"""),"Alejandro Mejia") -> Alejandro Mejia | M3: =if(M2="","",if(P$21>M2,M2+1,""))
C4: =iferror(VLOOKUP(A4,indirect("'" & "Current" & "'!$B:$T"),19,false),"") | D4: =IF(COUNTIF(A:A, A4) > 1, "Duplicate", "") | E4: =E3+1 -> 3 | I4: =IFERROR(__xludf.DUMMYFUNCTION("""COMPUTED_VALUE"""),"Alex Hou") -> Alex Hou | M4: =if(M3="","",if(P$21>M3,M3+1,"")) | R4: Whatsapp Message
C5: =iferror(VLOOKUP(A5,indirect("'" & "Current" & "'!$B:$T"),19,false),"") | D5: =IF(COUNTIF(A:A, A5) > 1, "Duplicate", "") | E5: =E4+1 -> 4 | I5: =IFERROR(__xludf.DUMMYFUNCTION("""COMPUTED_VALUE"""),"Allen Zhang") -> Allen Zhang | M5: =if(M4="","",if(P$21>M4,M4+1,""))
C6: =iferror(VLOOKUP(A6,indirect("'" & "Current" & "'!$B:$T"),19,false),"") | D6: =IF(COUNTIF(A:A, A6) > 1, "Duplicate", "") | E6: =E5+1 -> 5 | I6: =IFERROR(__xludf.DUMMYFUNCTION("""COMPUTED_VALUE"""),"Andrew Wen") -> Andrew Wen | M6: =if(M5="","",if(P$21>M5,M5+1,"")) | O6: Playing | P6: =COUNTIF(F2:F99, "?*") -> 0 | R6: =CONCATENATE( "*",P$14," Courts Full*") -> *0 Courts Full* | S6: Sitouts req | T6: =P21 -> 0
C7: =iferror(VLOOKUP(A7,indirect("'" & "Current" & "'!$B:$T"),19,false),"") | D7: =IF(COUNTIF(A:A, A7) > 1, "Duplicate", "") | E7: =E6+1 -> 6 | I7: =IFERROR(__xludf.DUMMYFUNCTION("""COMPUTED_VALUE"""),"Andrew Yao") -> Andrew Yao | M7: =if(M6="","",if(P$21>M6,M6+1,"")) | O7: Playing-Can Sit | P7: =COUNTIF(K2:K99, "?*") -> 0 | R7: =CONCATENATE(O$15," --- ",P$15) -> Playing --- 0 | S7: =O7 -> Playing-Can Sit | T7: =P7 -> 0
C8: =iferror(VLOOKUP(A8,indirect("'" & "Current" & "'!$B:$T"),19,false),"") | D8: =IF(COUNTIF(A:A, A8) > 1, "Duplicate", "") | E8: =E7+1 -> 7 | I8: =IFERROR(__xludf.DUMMYFUNCTION("""COMPUTED_VALUE"""),"Art Hui") -> Art Hui | M8: =if(M7="","",if(P$21>M7,M7+1,"")) | O8: Out/Can Play | P8: =COUNTIF(H2:H99, "?*") -> 0 | R8: =CONCATENATE(O$17," ------ ",P$17) -> Out ------ 0 | S8: do we need more sitiouts | T8: =T6-T7 -> 0
C9: =iferror(VLOOKUP(A9,indirect("'" & "Current" & "'!$B:$T"),19,false),"") | D9: =IF(COUNTIF(A:A, A9) > 1, "Duplicate", "") | E9: =E8+1 -> 8 | I9: =IFERROR(__xludf.DUMMYFUNCTION("""COMPUTED_VALUE"""),"Basudev Thoppai Vidyasankar") -> Basudev Thoppai Vidyasankar | M9: =if(M8="","",if(P$21>M8,M8+1,"")) | O9: Out | P9: =COUNTIF(G2:G99, "?*") -> 0 | R9: =CONCATENATE(O$18," ------ ",P$18) -> TBD ------ 67 | S9: Players who didnot satout | T9: =counta(U2:U978) -> 1
C10: =iferror(VLOOKUP(A10,indirect("'" & "Current" & "'!$B:$T"),19,false),"") | D10: =IF(COUNTIF(A:A, A10) > 1, "Duplicate", "") | E10: =E9+1 -> 9 | I10: =IFERROR(__xludf.DUMMYFUNCTION("""COMPUTED_VALUE"""),"Camille Jung") -> Camille Jung | M10: =if(M9="","",if(P$21>M9,M9+1,"")) | O10: Sitouts | P10: =COUNTIF(J2:J99, "?*") -> 0 | R10: =CONCATENATE(O$19," ------ ",P$19) -> Total ------ 67
C11: =iferror(VLOOKUP(A11,indirect("'" & "Current" & "'!$B:$T"),19,false),"") | D11: =IF(COUNTIF(A:A, A11) > 1, "Duplicate", "") | E11: =E10+1 -> 10 | I11: =IFERROR(__xludf.DUMMYFUNCTION("""COMPUTED_VALUE"""),"Chinna Ponnaganti") -> Chinna Ponnaganti | M11: =if(M10="","",if(P$21>M10,M10+1,"")) | O11: TBD | P11: =COUNTIF(I2:I99, "?*") -> 67 | R11: =CONCATENATE(O$16," ---- ",P$16) -> Sitouts Required ---- 0
C12: =iferror(VLOOKUP(A12,indirect("'" & "Current" & "'!$B:$T"),19,false),"") | D12: =IF(COUNTIF(A:A, A12) > 1, "Duplicate", "") | E12: =E11+1 -> 11 | I12: =IFERROR(__xludf.DUMMYFUNCTION("""COMPUTED_VALUE"""),"Cid Macaraeg") -> Cid Macaraeg | M12: =if(M11="","",if(P$21>M11,M11+1,"")) | O12: Total | P12: =sum(P6:P11) -> 67 | R12: =CONCATENATE(O$7," ---- ",P$7) -> Playing-Can Sit ---- 0
C13: =iferror(VLOOKUP(A13,indirect("'" & "Current" & "'!$B:$T"),19,false),"") | D13: =IF(COUNTIF(A:A, A13) > 1, "Duplicate", "") | E13: =E12+1 -> 12 | I13: =IFERROR(__xludf.DUMMYFUNCTION("""COMPUTED_VALUE"""),"Coco Yan") -> Coco Yan | M13: =if(M12="","",if(P$21>M12,M12+1,"")) | R13: =IF(AND(MOD(NOW(),1) >= S13, P7>=P21), "*We have enough Sitouts*", IF(MOD(NOW(),1) >= S13, "*We need more sitouts*", "")) -> *We have enough Sitouts* | S13: 0.45138889
C14: =iferror(VLOOKUP(A14,indirect("'" & "Current" & "'!$B:$T"),19,false),"") | D14: =IF(COUNTIF(A:A, A14) > 1, "Duplicate", "") | E14: =E13+1 -> 13 | I14: =IFERROR(__xludf.DUMMYFUNCTION("""COMPUTED_VALUE"""),"Darren Wong") -> Darren Wong | M14: =if(M13="","",if(P$21>M13,M13+1,"")) | O14: Courts Full | P14: =if(rounddown(P15/4,0)>8,8,rounddown(P15/4,0)) -> 0
C15: =iferror(VLOOKUP(A15,indirect("'" & "Current" & "'!$B:$T"),19,false),"") | D15: =IF(COUNTIF(A:A, A15) > 1, "Duplicate", "") | E15: =E14+1 -> 14 | I15: =IFERROR(__xludf.DUMMYFUNCTION("""COMPUTED_VALUE"""),"David Shin") -> David Shin | M15: =if(M14="","",if(P$21>M14,M14+1,"")) | O15: Playing | P15: =P6+P7 -> 0
C16: =iferror(VLOOKUP(A16,indirect("'" & "Current" & "'!$B:$T"),19,false),"") | D16: =IF(COUNTIF(A:A, A16) > 1, "Duplicate", "") | E16: =E15+1 -> 15 | I16: =IFERROR(__xludf.DUMMYFUNCTION("""COMPUTED_VALUE"""),"Elayaraja Thangaraj") -> Elayaraja Thangaraj | M16: =if(M15="","",if(P$21>M15,M15+1,"")) | O16: Sitouts Required | P16: =P21 -> 0 | R16: End of Season
C17: =iferror(VLOOKUP(A17,indirect("'" & "Current" & "'!$B:$T"),19,false),"") | D17: =IF(COUNTIF(A:A, A17) > 1, "Duplicate", "") | E17: =E16+1 -> 16 | I17: =IFERROR(__xludf.DUMMYFUNCTION("""COMPUTED_VALUE"""),"Eric Pan") -> Eric Pan | M17: =if(M16="","",if(P$21>M16,M16+1,"")) | O17: Out | P17: =P9+P8+P10 -> 0 | R17: 46382
C18: =iferror(VLOOKUP(A18,indirect("'" & "Current" & "'!$B:$T"),19,false),"") | D18: =IF(COUNTIF(A:A, A18) > 1, "Duplicate", "") | E18: =E17+1 -> 17 | I18: =IFERROR(__xludf.DUMMYFUNCTION("""COMPUTED_VALUE"""),"Eric Tan") -> Eric Tan | M18: =if(M17="","",if(P$21>M17,M17+1,"")) | O18: TBD | P18: =P11 -> 67
C19: =iferror(VLOOKUP(A19,indirect("'" & "Current" & "'!$B:$T"),19,false),"") | D19: =IF(COUNTIF(A:A, A19) > 1, "Duplicate", "") | E19: =E18+1 -> 18 | I19: =IFERROR(__xludf.DUMMYFUNCTION("""COMPUTED_VALUE"""),"Erik Hoeckmann") -> Erik Hoeckmann | M19: =if(M18="","",if(P$21>M18,M18+1,"")) | O19: Total | P19: =P15+P17+P18 -> 67 | Q19: =if(P19>67,"Check duplicates","") | R19: Next UTC
C20: =iferror(VLOOKUP(A20,indirect("'" & "Current" & "'!$B:$T"),19,false),"") | D20: =IF(COUNTIF(A:A, A20) > 1, "Duplicate", "") | E20: =E19+1 -> 19 | I20: =IFERROR(__xludf.DUMMYFUNCTION("""COMPUTED_VALUE"""),"Ethan Gu") -> Ethan Gu | M20: =if(M19="","",if(P$21>M19,M19+1,"")) | R20: =Current!C1+7 -> 46312
C21: =iferror(VLOOKUP(A21,indirect("'" & "Current" & "'!$B:$T"),19,false),"") | D21: =IF(COUNTIF(A:A, A21) > 1, "Duplicate", "") | E21: =E20+1 -> 20 | I21: =IFERROR(__xludf.DUMMYFUNCTION("""COMPUTED_VALUE"""),"Frank Moon") -> Frank Moon | M21: =if(M20="","",if(P$21>M20,M20+1,"")) | O21: Sitouts Required | P21: =max(mod(sum(P6:P7),4),sum(P6:P7)-32) -> 0
C22: =iferror(VLOOKUP(A22,indirect("'" & "Current" & "'!$B:$T"),19,false),"") | D22: =IF(COUNTIF(A:A, A22) > 1, "Duplicate", "") | E22: =E21+1 -> 21 | I22: =IFERROR(__xludf.DUMMYFUNCTION("""COMPUTED_VALUE"""),"Herman Au") -> Herman Au | M22: =if(M21="","",if(P$21>M21,M21+1,""))
C23: =iferror(VLOOKUP(A23,indirect("'" & "Current" & "'!$B:$T"),19,false),"") | D23: =IF(COUNTIF(A:A, A23) > 1, "Duplicate", "") | E23: =E22+1 -> 22 | I23: =IFERROR(__xludf.DUMMYFUNCTION("""COMPUTED_VALUE"""),"Hongyuan Wen") -> Hongyuan Wen | M23: =if(M22="","",if(P$21>M22,M22+1,"")) | O23: Vacations
C24: =iferror(VLOOKUP(A24,indirect("'" & "Current" & "'!$B:$T"),19,false),"") | D24: =IF(COUNTIF(A:A, A24) > 1, "Duplicate", "") | E24: =E23+1 -> 23 | I24: =IFERROR(__xludf.DUMMYFUNCTION("""COMPUTED_VALUE"""),"Jaya Sogata") -> Jaya Sogata | M24: =if(M23="","",if(P$21>M23,M23+1,"")) | O24: =IFERROR(__xludf.DUMMYFUNCTION("QUERY(IMPORTRANGE(""1uZFF2o7rrfB0YZtASdZnP52Ef50ZinvtOPb1Tbuq8J4"", ""Vacations!A:F""), ""SELECT Col2, Col4, Col5 WHERE Col2 IS NOT NULL ORDER BY Col4 ASC"", 1)"),"#REF!") -> #REF!
C25: =iferror(VLOOKUP(A25,indirect("'" & "Current" & "'!$B:$T"),19,false),"") | E25: =E24+1 -> 24 | I25: =IFERROR(__xludf.DUMMYFUNCTION("""COMPUTED_VALUE"""),"Jim Miao") -> Jim Miao | M25: =if(M24="","",if(P$21>M24,M24+1,""))
C26: =iferror(VLOOKUP(A26,indirect("'" & "Current" & "'!$B:$T"),19,false),"") | E26: =E25+1 -> 25 | I26: =IFERROR(__xludf.DUMMYFUNCTION("""COMPUTED_VALUE"""),"Jimmy Awolesi") -> Jimmy Awolesi | M26: =if(M25="","",if(P$21>M25,M25+1,""))
C27: =iferror(VLOOKUP(A27,indirect("'" & "Current" & "'!$B:$T"),19,false),"") | D27: =IF(COUNTIF(A:A, A27) > 1, "Duplicate", "") | E27: =E26+1 -> 26 | I27: =IFERROR(__xludf.DUMMYFUNCTION("""COMPUTED_VALUE"""),"Joe Luzzi") -> Joe Luzzi | M27: =if(M26="","",if(P$21>M26,M26+1,""))
C28: =iferror(VLOOKUP(A28,indirect("'" & "Current" & "'!$B:$T"),19,false),"") | D28: =IF(COUNTIF(A:A, A28) > 1, "Duplicate", "") | E28: =E27+1 -> 27 | I28: =IFERROR(__xludf.DUMMYFUNCTION("""COMPUTED_VALUE"""),"Jonathan Phan") -> Jonathan Phan | M28: =if(M27="","",if(P$21>M27,M27+1,""))
C29: =iferror(VLOOKUP(A29,indirect("'" & "Current" & "'!$B:$T"),19,false),"") | D29: =IF(COUNTIF(A:A, A29) > 1, "Duplicate", "") | E29: =E28+1 -> 28 | I29: =IFERROR(__xludf.DUMMYFUNCTION("""COMPUTED_VALUE"""),"Joyce Zhu") -> Joyce Zhu
C30: =iferror(VLOOKUP(A30,indirect("'" & "Current" & "'!$B:$T"),19,false),"") | D30: =IF(COUNTIF(A:A, A30) > 1, "Duplicate", "") | E30: =E29+1 -> 29 | I30: =IFERROR(__xludf.DUMMYFUNCTION("""COMPUTED_VALUE"""),"Kumar Palakeel") -> Kumar Palakeel
C31: =iferror(VLOOKUP(A31,indirect("'" & "Current" & "'!$B:$T"),19,false),"") | D31: =IF(COUNTIF(A:A, A31) > 1, "Duplicate", "") | E31: =E30+1 -> 30 | I31: =IFERROR(__xludf.DUMMYFUNCTION("""COMPUTED_VALUE"""),"Lam Bui") -> Lam Bui
C32: =iferror(VLOOKUP(A32,indirect("'" & "Current" & "'!$B:$T"),19,false),"") | D32: =IF(COUNTIF(A:A, A32) > 1, "Duplicate", "") | E32: =E31+1 -> 31 | I32: =IFERROR(__xludf.DUMMYFUNCTION("""COMPUTED_VALUE"""),"Lenin Belangonda") -> Lenin Belangonda
C33: =iferror(VLOOKUP(A33,indirect("'" & "Current" & "'!$B:$T"),19,false),"") | D33: =IF(COUNTIF(A:A, A33) > 1, "Duplicate", "") | E33: =E32+1 -> 32 | I33: =IFERROR(__xludf.DUMMYFUNCTION("""COMPUTED_VALUE"""),"Lloyd Sagar") -> Lloyd Sagar
C34: =iferror(VLOOKUP(A34,indirect("'" & "Current" & "'!$B:$T"),19,false),"") | D34: =IF(COUNTIF(A:A, A34) > 1, "Duplicate", "") | E34: =E33+1 -> 33 | I34: =IFERROR(__xludf.DUMMYFUNCTION("""COMPUTED_VALUE"""),"Luis Hsu") -> Luis Hsu
C35: =iferror(VLOOKUP(A35,indirect("'" & "Current" & "'!$B:$T"),19,false),"") | D35: =IF(COUNTIF(A:A, A35) > 1, "Duplicate", "") | E35: =E34+1 -> 34 | I35: =IFERROR(__xludf.DUMMYFUNCTION("""COMPUTED_VALUE"""),"Manish Anand") -> Manish Anand
C36: =iferror(VLOOKUP(A36,indirect("'" & "Current" & "'!$B:$T"),19,false),"") | D36: =IF(COUNTIF(A:A, A36) > 1, "Duplicate", "") | E36: =E35+1 -> 35 | I36: =IFERROR(__xludf.DUMMYFUNCTION("""COMPUTED_VALUE"""),"Manuel Rivera") -> Manuel Rivera
C37: =iferror(VLOOKUP(A37,indirect("'" & "Current" & "'!$B:$T"),19,false),"") | D37: =IF(COUNTIF(A:A, A37) > 1, "Duplicate", "") | E37: =E36+1 -> 36 | I37: =IFERROR(__xludf.DUMMYFUNCTION("""COMPUTED_VALUE"""),"Matthew Huang") -> Matthew Huang
C38: =iferror(VLOOKUP(A38,indirect("'" & "Current" & "'!$B:$T"),19,false),"") | D38: =IF(COUNTIF(A:A, A38) > 1, "Duplicate", "") | E38: =E37+1 -> 37 | I38: =IFERROR(__xludf.DUMMYFUNCTION("""COMPUTED_VALUE"""),"Mauricio Palacios") -> Mauricio Palacios
C39: =iferror(VLOOKUP(A39,indirect("'" & "Current" & "'!$B:$T"),19,false),"") | D39: =IF(COUNTIF(A:A, A39) > 1, "Duplicate", "") | E39: =E38+1 -> 38 | I39: =IFERROR(__xludf.DUMMYFUNCTION("""COMPUTED_VALUE"""),"Naveen Raj") -> Naveen Raj
C40: =iferror(VLOOKUP(A40,indirect("'" & "Current" & "'!$B:$T"),19,false),"") | D40: =IF(COUNTIF(A:A, A40) > 1, "Duplicate", "") | E40: =E39+1 -> 39 | I40: =IFERROR(__xludf.DUMMYFUNCTION("""COMPUTED_VALUE"""),"Nicole Ni") -> Nicole Ni
C41: =iferror(VLOOKUP(A41,indirect("'" & "Current" & "'!$B:$T"),19,false),"") | D41: =IF(COUNTIF(A:A, A41) > 1, "Duplicate", "") | E41: =E40+1 -> 40 | I41: =IFERROR(__xludf.DUMMYFUNCTION("""COMPUTED_VALUE"""),"Oscar Bonilla") -> Oscar Bonilla
C42: =iferror(VLOOKUP(A42,indirect("'" & "Current" & "'!$B:$T"),19,false),"") | D42: =IF(COUNTIF(A:A, A42) > 1, "Duplicate", "") | E42: =E41+1 -> 41 | I42: =IFERROR(__xludf.DUMMYFUNCTION("""COMPUTED_VALUE"""),"Pavan Akkimsetty") -> Pavan Akkimsetty
C43: =iferror(VLOOKUP(A43,indirect("'" & "Current" & "'!$B:$T"),19,false),"") | D43: =IF(COUNTIF(A:A, A43) > 1, "Duplicate", "") | E43: =E42+1 -> 42 | I43: =IFERROR(__xludf.DUMMYFUNCTION("""COMPUTED_VALUE"""),"Pulkit Mathur") -> Pulkit Mathur
C44: =iferror(VLOOKUP(A44,indirect("'" & "Current" & "'!$B:$T"),19,false),"") | D44: =IF(COUNTIF(A:A, A44) > 1, "Duplicate", "") | E44: =E43+1 -> 43 | I44: =IFERROR(__xludf.DUMMYFUNCTION("""COMPUTED_VALUE"""),"Rajasekar Ramasamy") -> Rajasekar Ramasamy
C45: =iferror(VLOOKUP(A45,indirect("'" & "Current" & "'!$B:$T"),19,false),"") | D45: =IF(COUNTIF(A:A, A45) > 1, "Duplicate", "") | E45: =E44+1 -> 44 | I45: =IFERROR(__xludf.DUMMYFUNCTION("""COMPUTED_VALUE"""),"Rajesh Dorairaj") -> Rajesh Dorairaj
C46: =iferror(VLOOKUP(A46,indirect("'" & "Current" & "'!$B:$T"),19,false),"") | D46: =IF(COUNTIF(A:A, A46) > 1, "Duplicate", "") | E46: =E45+1 -> 45 | I46: =IFERROR(__xludf.DUMMYFUNCTION("""COMPUTED_VALUE"""),"Ramesh Bandaru") -> Ramesh Bandaru
C47: =iferror(VLOOKUP(A47,indirect("'" & "Current" & "'!$B:$T"),19,false),"") | D47: =IF(COUNTIF(A:A, A47) > 1, "Duplicate", "") | E47: =E46+1 -> 46 | I47: =IFERROR(__xludf.DUMMYFUNCTION("""COMPUTED_VALUE"""),"Ranjith Doraiswamy") -> Ranjith Doraiswamy
C48: =iferror(VLOOKUP(A48,indirect("'" & "Current" & "'!$B:$T"),19,false),"") | D48: =IF(COUNTIF(A:A, A48) > 1, "Duplicate", "") | E48: =E47+1 -> 47 | I48: =IFERROR(__xludf.DUMMYFUNCTION("""COMPUTED_VALUE"""),"Robert Chang") -> Robert Chang
C49: =iferror(VLOOKUP(A49,indirect("'" & "Current" & "'!$B:$T"),19,false),"") | D49: =IF(COUNTIF(A:A, A49) > 1, "Duplicate", "") | E49: =E48+1 -> 48 | I49: =IFERROR(__xludf.DUMMYFUNCTION("""COMPUTED_VALUE"""),"Ruben Ron") -> Ruben Ron
C50: =iferror(VLOOKUP(A50,indirect("'" & "Current" & "'!$B:$T"),19,false),"") | D50: =IF(COUNTIF(A:A, A50) > 1, "Duplicate", "") | E50: =E49+1 -> 49 | I50: =IFERROR(__xludf.DUMMYFUNCTION("""COMPUTED_VALUE"""),"Rudy Tatang") -> Rudy Tatang
C51: =iferror(VLOOKUP(A51,indirect("'" & "Current" & "'!$B:$T"),19,false),"") | D51: =IF(COUNTIF(A:A, A51) > 1, "Duplicate", "") | E51: =E50+1 -> 50 | I51: =IFERROR(__xludf.DUMMYFUNCTION("""COMPUTED_VALUE"""),"Sandeep Kamalon") -> Sandeep Kamalon
C52: =iferror(VLOOKUP(A52,indirect("'" & "Current" & "'!$B:$T"),19,false),"") | D52: =IF(COUNTIF(A:A, A52) > 1, "Duplicate", "") | E52: =E51+1 -> 51 | I52: =IFERROR(__xludf.DUMMYFUNCTION("""COMPUTED_VALUE"""),"Sanjaye Elayattu") -> Sanjaye Elayattu
C53: =iferror(VLOOKUP(A53,indirect("'" & "Current" & "'!$B:$T"),19,false),"") | D53: =IF(COUNTIF(A:A, A53) > 1, "Duplicate", "") | E53: =E52+1 -> 52 | I53: =IFERROR(__xludf.DUMMYFUNCTION("""COMPUTED_VALUE"""),"Santosh Sundaresan") -> Santosh Sundaresan
C54: =iferror(VLOOKUP(A54,indirect("'" & "Current" & "'!$B:$T"),19,false),"") | D54: =IF(COUNTIF(A:A, A54) > 1, "Duplicate", "") | E54: =E53+1 -> 53 | I54: =IFERROR(__xludf.DUMMYFUNCTION("""COMPUTED_VALUE"""),"Saravanan Veerapandian") -> Saravanan Veerapandian
C55: =iferror(VLOOKUP(A55,indirect("'" & "Current" & "'!$B:$T"),19,false),"") | D55: =IF(COUNTIF(A:A, A55) > 1, "Duplicate", "") | E55: =E54+1 -> 54 | I55: =IFERROR(__xludf.DUMMYFUNCTION("""COMPUTED_VALUE"""),"Scott Li") -> Scott Li
C56: =iferror(VLOOKUP(A56,indirect("'" & "Current" & "'!$B:$T"),19,false),"") | D56: =IF(COUNTIF(A:A, A56) > 1, "Duplicate", "") | E56: =E55+1 -> 55 | I56: =IFERROR(__xludf.DUMMYFUNCTION("""COMPUTED_VALUE"""),"Sean Chang") -> Sean Chang
C57: =iferror(VLOOKUP(A57,indirect("'" & "Current" & "'!$B:$T"),19,false),"") | D57: =IF(COUNTIF(A:A, A57) > 1, "Duplicate", "") | E57: =E56+1 -> 56 | I57: =IFERROR(__xludf.DUMMYFUNCTION("""COMPUTED_VALUE"""),"Suleman Alidina") -> Suleman Alidina
C58: =iferror(VLOOKUP(A58,indirect("'" & "Current" & "'!$B:$T"),19,false),"") | D58: =IF(COUNTIF(A:A, A58) > 1, "Duplicate", "") | E58: =E57+1 -> 57 | I58: =IFERROR(__xludf.DUMMYFUNCTION("""COMPUTED_VALUE"""),"Susanta Mishra") -> Susanta Mishra
C59: =iferror(VLOOKUP(A59,indirect("'" & "Current" & "'!$B:$T"),19,false),"") | D59: =IF(COUNTIF(A:A, A59) > 1, "Duplicate", "") | E59: =E58+1 -> 58 | I59: =IFERROR(__xludf.DUMMYFUNCTION("""COMPUTED_VALUE"""),"Ted Shen") -> Ted Shen
C60: =iferror(VLOOKUP(A60,indirect("'" & "Current" & "'!$B:$T"),19,false),"") | D60: =IF(COUNTIF(A:A, A60) > 1, "Duplicate", "") | E60: =E59+1 -> 59 | I60: =IFERROR(__xludf.DUMMYFUNCTION("""COMPUTED_VALUE"""),"Tina Hanson") -> Tina Hanson
C61: =iferror(VLOOKUP(A61,indirect("'" & "Current" & "'!$B:$T"),19,false),"") | D61: =IF(COUNTIF(A:A, A61) > 1, "Duplicate", "") | E61: =E60+1 -> 60 | I61: =IFERROR(__xludf.DUMMYFUNCTION("""COMPUTED_VALUE"""),"Tom Le") -> Tom Le
C62: =iferror(VLOOKUP(A62,indirect("'" & "Current" & "'!$B:$T"),19,false),"") | D62: =IF(COUNTIF(A:A, A62) > 1, "Duplicate", "") | E62: =E61+1 -> 61 | I62: =IFERROR(__xludf.DUMMYFUNCTION("""COMPUTED_VALUE"""),"Trish Newlin") -> Trish Newlin
C63: =iferror(VLOOKUP(A63,indirect("'" & "Current" & "'!$B:$T"),19,false),"") | D63: =IF(COUNTIF(A:A, A63) > 1, "Duplicate", "") | E63: =E62+1 -> 62 | I63: =IFERROR(__xludf.DUMMYFUNCTION("""COMPUTED_VALUE"""),"Troy Wong") -> Troy Wong
C64: =iferror(VLOOKUP(A64,indirect("'" & "Current" & "'!$B:$T"),19,false),"") | D64: =IF(COUNTIF(A:A, A64) > 1, "Duplicate", "") | E64: =E63+1 -> 63 | I64: =IFERROR(__xludf.DUMMYFUNCTION("""COMPUTED_VALUE"""),"Vicki Martinet") -> Vicki Martinet
C65: =iferror(VLOOKUP(A65,indirect("'" & "Current" & "'!$B:$T"),19,false),"") | D65: =IF(COUNTIF(A:A, A65) > 1, "Duplicate", "") | E65: =E64+1 -> 64 | I65: =IFERROR(__xludf.DUMMYFUNCTION("""COMPUTED_VALUE"""),"Vinaya Kajla") -> Vinaya Kajla
C66: =iferror(VLOOKUP(A66,indirect("'" & "Current" & "'!$B:$T"),19,false),"") | D66: =IF(COUNTIF(A:A, A66) > 1, "Duplicate", "") | E66: =E65+1 -> 65 | I66: =IFERROR(__xludf.DUMMYFUNCTION("""COMPUTED_VALUE"""),"Vinotkumar Nagappan") -> Vinotkumar Nagappan
C67: =iferror(VLOOKUP(A67,indirect("'" & "Current" & "'!$B:$T"),19,false),"") | E67: =E66+1 -> 66 | I67: =IFERROR(__xludf.DUMMYFUNCTION("""COMPUTED_VALUE"""),"Vishnu Amarnath") -> Vishnu Amarnath
C68: =iferror(VLOOKUP(A68,indirect("'" & "Current" & "'!$B:$T"),19,false),"") | E68: =E67+1 -> 67 | I68: =IFERROR(__xludf.DUMMYFUNCTION("""COMPUTED_VALUE"""),"Wayne Liu") -> Wayne Liu
C69: =iferror(VLOOKUP(A69,indirect("'" & "Current" & "'!$B:$T"),19,false),"") | E69: =E68+1 -> 68
C70: =iferror(VLOOKUP(A70,indirect("'" & "Current" & "'!$B:$T"),19,false),"") | E70: =E69+1 -> 69
C71: =iferror(VLOOKUP(A71,indirect("'" & "Current" & "'!$B:$T"),19,false),"") | E71: =E70+1 -> 70
C72: =iferror(VLOOKUP(A72,indirect("'" & "Current" & "'!$B:$T"),19,false),"") | E72: =E71+1 -> 71
C73: =iferror(VLOOKUP(A73,indirect("'" & "Current" & "'!$B:$T"),19,false),"") | E73: =E72+1 -> 72
C74: =iferror(VLOOKUP(A74,indirect("'" & "Current" & "'!$B:$T"),19,false),"") | E74: =E73+1 -> 73 | O74: Admins
C75: =iferror(VLOOKUP(A75,indirect("'" & "Current" & "'!$B:$T"),19,false),"") | E75: =E74+1 -> 74 | O75: Chinna Ponnaganti
C76: =iferror(VLOOKUP(A76,indirect("'" & "Current" & "'!$B:$T"),19,false),"") | E76: =E75+1 -> 75 | O76: Joe Luzzi
O77: Lam Bui
O78: Leigh-Anh Nguyen
O79: Robert Chang
O80: Sean Chang
O81: Tom Le

Sheet Data
A1: No | B1: Name of Player | C1: 46207 | D1: =C1+7 -> 46214 | E1: =D1+7 -> 46221 | F1: =E1+7 -> 46228 | G1: =F1+7 -> 46235 | H1: =G1+7 -> 46242 | I1: =H1+7 -> 46249 | J1: =I1+7 -> 46256 | K1: =J1+7 -> 46263 | ... AB1: =AA1+7 -> 46382
A2: 1 | B2: Adrian Tay | C2: =IFERROR(VLOOKUP($B2,indirect(text(C$1,"mm/dd/yy")&"!B:L"),11,false),"Not played") -> 9 | D2: =IFERROR(VLOOKUP($B2,indirect(text(D$1,"mm/dd/yy")&"!B:L"),11,false),"Not played") -> 9 | E2: =IFERROR(VLOOKUP($B2,indirect(text(E$1,"mm/dd/yy")&"!B:L"),11,false),"Not played") -> 9 | F2: =IFERROR(VLOOKUP($B2,indirect(text(F$1,"mm/dd/yy")&"!B:L"),11,false),"Not played") -> 9 | G2: =IFERROR(VLOOKUP($B2,indirect(text(G$1,"mm/dd/yy")&"!B:L"),11,false),"Not played") -> 9 | H2: =IFERROR(VLOOKUP($B2,indirect(text(H$1,"mm/dd/yy")&"!B:L"),11,false),"Not played") -> 9 | I2: =IFERROR(VLOOKUP($B2,indirect(text(I$1,"mm/dd/yy")&"!B:L"),11,false),"Not played") -> 9 | J2: =IFERROR(VLOOKUP($B2,indirect(text(J$1,"mm/dd/yy")&"!B:L"),11,false),"Not played") -> 9 | ... AB2: =IFERROR(VLOOKUP($B2,indirect(text(AB$1,"mm/dd/yy")&"!B:L"),11,false),"Not played") -> Not played
A3: =A2+1 -> 2 | B3: Alejandro Mejia | C3: =IFERROR(VLOOKUP($B3,indirect(text(C$1,"mm/dd/yy")&"!B:L"),11,false),"Not played") -> 9 | D3: =IFERROR(VLOOKUP($B3,indirect(text(D$1,"mm/dd/yy")&"!B:L"),11,false),"Not played") -> 9 | E3: =IFERROR(VLOOKUP($B3,indirect(text(E$1,"mm/dd/yy")&"!B:L"),11,false),"Not played") -> 14 | F3: =IFERROR(VLOOKUP($B3,indirect(text(F$1,"mm/dd/yy")&"!B:L"),11,false),"Not played") -> 9 | G3: =IFERROR(VLOOKUP($B3,indirect(text(G$1,"mm/dd/yy")&"!B:L"),11,false),"Not played") -> 9 | H3: =IFERROR(VLOOKUP($B3,indirect(text(H$1,"mm/dd/yy")&"!B:L"),11,false),"Not played") -> 9 | I3: =IFERROR(VLOOKUP($B3,indirect(text(I$1,"mm/dd/yy")&"!B:L"),11,false),"Not played") -> 9 | J3: =IFERROR(VLOOKUP($B3,indirect(text(J$1,"mm/dd/yy")&"!B:L"),11,false),"Not played") -> 9 | ... AB3: =IFERROR(VLOOKUP($B3,indirect(text(AB$1,"mm/dd/yy")&"!B:L"),11,false),"Not played") -> Not played
A4: =A3+1 -> 3 | B4: Alex Hou | C4: =IFERROR(VLOOKUP($B4,indirect(text(C$1,"mm/dd/yy")&"!B:L"),11,false),"Not played") -> 9 | D4: =IFERROR(VLOOKUP($B4,indirect(text(D$1,"mm/dd/yy")&"!B:L"),11,false),"Not played") -> 12 | E4: =IFERROR(VLOOKUP($B4,indirect(text(E$1,"mm/dd/yy")&"!B:L"),11,false),"Not played") -> 8 | F4: =IFERROR(VLOOKUP($B4,indirect(text(F$1,"mm/dd/yy")&"!B:L"),11,false),"Not played") -> 17 | G4: =IFERROR(VLOOKUP($B4,indirect(text(G$1,"mm/dd/yy")&"!B:L"),11,false),"Not played") -> 9 | H4: =IFERROR(VLOOKUP($B4,indirect(text(H$1,"mm/dd/yy")&"!B:L"),11,false),"Not played") -> 15 | I4: =IFERROR(VLOOKUP($B4,indirect(text(I$1,"mm/dd/yy")&"!B:L"),11,false),"Not played") -> 9 | J4: =IFERROR(VLOOKUP($B4,indirect(text(J$1,"mm/dd/yy")&"!B:L"),11,false),"Not played") -> 7 | ... AB4: =IFERROR(VLOOKUP($B4,indirect(text(AB$1,"mm/dd/yy")&"!B:L"),11,false),"Not played") -> Not played
A5: =A4+1 -> 4 | B5: Allen Zhang | C5: =IFERROR(VLOOKUP($B5,indirect(text(C$1,"mm/dd/yy")&"!B:L"),11,false),"Not played") -> 16 | D5: =IFERROR(VLOOKUP($B5,indirect(text(D$1,"mm/dd/yy")&"!B:L"),11,false),"Not played") -> 14 | E5: =IFERROR(VLOOKUP($B5,indirect(text(E$1,"mm/dd/yy")&"!B:L"),11,false),"Not played") -> 7 | F5: =IFERROR(VLOOKUP($B5,indirect(text(F$1,"mm/dd/yy")&"!B:L"),11,false),"Not played") -> 10 | G5: =IFERROR(VLOOKUP($B5,indirect(text(G$1,"mm/dd/yy")&"!B:L"),11,false),"Not played") -> 12 | H5: =IFERROR(VLOOKUP($B5,indirect(text(H$1,"mm/dd/yy")&"!B:L"),11,false),"Not played") -> 10 | I5: =IFERROR(VLOOKUP($B5,indirect(text(I$1,"mm/dd/yy")&"!B:L"),11,false),"Not played") -> 13 | J5: =IFERROR(VLOOKUP($B5,indirect(text(J$1,"mm/dd/yy")&"!B:L"),11,false),"Not played") -> 13 | ... AB5: =IFERROR(VLOOKUP($B5,indirect(text(AB$1,"mm/dd/yy")&"!B:L"),11,false),"Not played") -> Not played
A6: =A5+1 -> 5 | B6: Andrew Wen | C6: =IFERROR(VLOOKUP($B6,indirect(text(C$1,"mm/dd/yy")&"!B:L"),11,false),"Not played") -> 8 | D6: =IFERROR(VLOOKUP($B6,indirect(text(D$1,"mm/dd/yy")&"!B:L"),11,false),"Not played") -> 13 | E6: =IFERROR(VLOOKUP($B6,indirect(text(E$1,"mm/dd/yy")&"!B:L"),11,false),"Not played") -> 13 | F6: =IFERROR(VLOOKUP($B6,indirect(text(F$1,"mm/dd/yy")&"!B:L"),11,false),"Not played") -> 13 | G6: =IFERROR(VLOOKUP($B6,indirect(text(G$1,"mm/dd/yy")&"!B:L"),11,false),"Not played") -> 9 | H6: =IFERROR(VLOOKUP($B6,indirect(text(H$1,"mm/dd/yy")&"!B:L"),11,false),"Not played") -> 9 | I6: =IFERROR(VLOOKUP($B6,indirect(text(I$1,"mm/dd/yy")&"!B:L"),11,false),"Not played") -> 9 | J6: =IFERROR(VLOOKUP($B6,indirect(text(J$1,"mm/dd/yy")&"!B:L"),11,false),"Not played") -> 9 | ... AB6: =IFERROR(VLOOKUP($B6,indirect(text(AB$1,"mm/dd/yy")&"!B:L"),11,false),"Not played") -> Not played
A7: =A6+1 -> 6 | B7: Andrew Yao | C7: =IFERROR(VLOOKUP($B7,indirect(text(C$1,"mm/dd/yy")&"!B:L"),11,false),"Not played") -> 15 | D7: =IFERROR(VLOOKUP($B7,indirect(text(D$1,"mm/dd/yy")&"!B:L"),11,false),"Not played") -> 13 | E7: =IFERROR(VLOOKUP($B7,indirect(text(E$1,"mm/dd/yy")&"!B:L"),11,false),"Not played") -> 16 | F7: =IFERROR(VLOOKUP($B7,indirect(text(F$1,"mm/dd/yy")&"!B:L"),11,false),"Not played") -> 15 | G7: =IFERROR(VLOOKUP($B7,indirect(text(G$1,"mm/dd/yy")&"!B:L"),11,false),"Not played") -> 18 | H7: =IFERROR(VLOOKUP($B7,indirect(text(H$1,"mm/dd/yy")&"!B:L"),11,false),"Not played") -> 14 | I7: =IFERROR(VLOOKUP($B7,indirect(text(I$1,"mm/dd/yy")&"!B:L"),11,false),"Not played") -> 18 | J7: =IFERROR(VLOOKUP($B7,indirect(text(J$1,"mm/dd/yy")&"!B:L"),11,false),"Not played") -> 13 | ... AB7: =IFERROR(VLOOKUP($B7,indirect(text(AB$1,"mm/dd/yy")&"!B:L"),11,false),"Not played") -> Not played
A8: =A7+1 -> 7 | B8: Art Hui | C8: =IFERROR(VLOOKUP($B8,indirect(text(C$1,"mm/dd/yy")&"!B:L"),11,false),"Not played") -> 9 | D8: =IFERROR(VLOOKUP($B8,indirect(text(D$1,"mm/dd/yy")&"!B:L"),11,false),"Not played") -> 9 | E8: =IFERROR(VLOOKUP($B8,indirect(text(E$1,"mm/dd/yy")&"!B:L"),11,false),"Not played") -> 9 | F8: =IFERROR(VLOOKUP($B8,indirect(text(F$1,"mm/dd/yy")&"!B:L"),11,false),"Not played") -> 9 | G8: =IFERROR(VLOOKUP($B8,indirect(text(G$1,"mm/dd/yy")&"!B:L"),11,false),"Not played") -> 9 | H8: =IFERROR(VLOOKUP($B8,indirect(text(H$1,"mm/dd/yy")&"!B:L"),11,false),"Not played") -> 9 | I8: =IFERROR(VLOOKUP($B8,indirect(text(I$1,"mm/dd/yy")&"!B:L"),11,false),"Not played") -> 9 | J8: =IFERROR(VLOOKUP($B8,indirect(text(J$1,"mm/dd/yy")&"!B:L"),11,false),"Not played") -> 9 | ... AB8: =IFERROR(VLOOKUP($B8,indirect(text(AB$1,"mm/dd/yy")&"!B:L"),11,false),"Not played") -> Not played
A9: =A8+1 -> 8 | B9: Basudev Thoppai Vidyasankar | C9: =IFERROR(VLOOKUP($B9,indirect(text(C$1,"mm/dd/yy")&"!B:L"),11,false),"Not played") -> 16 | D9: =IFERROR(VLOOKUP($B9,indirect(text(D$1,"mm/dd/yy")&"!B:L"),11,false),"Not played") -> 9 | E9: =IFERROR(VLOOKUP($B9,indirect(text(E$1,"mm/dd/yy")&"!B:L"),11,false),"Not played") -> 16 | F9: =IFERROR(VLOOKUP($B9,indirect(text(F$1,"mm/dd/yy")&"!B:L"),11,false),"Not played") -> 9 | G9: =IFERROR(VLOOKUP($B9,indirect(text(G$1,"mm/dd/yy")&"!B:L"),11,false),"Not played") -> 19 | H9: =IFERROR(VLOOKUP($B9,indirect(text(H$1,"mm/dd/yy")&"!B:L"),11,false),"Not played") -> 9 | I9: =IFERROR(VLOOKUP($B9,indirect(text(I$1,"mm/dd/yy")&"!B:L"),11,false),"Not played") -> 9 | J9: =IFERROR(VLOOKUP($B9,indirect(text(J$1,"mm/dd/yy")&"!B:L"),11,false),"Not played") -> 16 | ... AB9: =IFERROR(VLOOKUP($B9,indirect(text(AB$1,"mm/dd/yy")&"!B:L"),11,false),"Not played") -> Not played
A10: =A9+1 -> 9 | B10: Camille Jung | C10: =IFERROR(VLOOKUP($B10,indirect(text(C$1,"mm/dd/yy")&"!B:L"),11,false),"Not played") -> 9 | D10: =IFERROR(VLOOKUP($B10,indirect(text(D$1,"mm/dd/yy")&"!B:L"),11,false),"Not played") -> 13 | E10: =IFERROR(VLOOKUP($B10,indirect(text(E$1,"mm/dd/yy")&"!B:L"),11,false),"Not played") -> 13 | F10: =IFERROR(VLOOKUP($B10,indirect(text(F$1,"mm/dd/yy")&"!B:L"),11,false),"Not played") -> 13 | G10: =IFERROR(VLOOKUP($B10,indirect(text(G$1,"mm/dd/yy")&"!B:L"),11,false),"Not played") -> 6 | H10: =IFERROR(VLOOKUP($B10,indirect(text(H$1,"mm/dd/yy")&"!B:L"),11,false),"Not played") -> 9 | I10: =IFERROR(VLOOKUP($B10,indirect(text(I$1,"mm/dd/yy")&"!B:L"),11,false),"Not played") -> 13 | J10: =IFERROR(VLOOKUP($B10,indirect(text(J$1,"mm/dd/yy")&"!B:L"),11,false),"Not played") -> 6 | ... AB10: =IFERROR(VLOOKUP($B10,indirect(text(AB$1,"mm/dd/yy")&"!B:L"),11,false),"Not played") -> Not played
A11: =A10+1 -> 10 | B11: Chinna Ponnaganti | C11: =IFERROR(VLOOKUP($B11,indirect(text(C$1,"mm/dd/yy")&"!B:L"),11,false),"Not played") -> 12 | D11: =IFERROR(VLOOKUP($B11,indirect(text(D$1,"mm/dd/yy")&"!B:L"),11,false),"Not played") -> 13 | E11: =IFERROR(VLOOKUP($B11,indirect(text(E$1,"mm/dd/yy")&"!B:L"),11,false),"Not played") -> 16 | F11: =IFERROR(VLOOKUP($B11,indirect(text(F$1,"mm/dd/yy")&"!B:L"),11,false),"Not played") -> 15 | G11: =IFERROR(VLOOKUP($B11,indirect(text(G$1,"mm/dd/yy")&"!B:L"),11,false),"Not played") -> 14 | H11: =IFERROR(VLOOKUP($B11,indirect(text(H$1,"mm/dd/yy")&"!B:L"),11,false),"Not played") -> 11 | I11: =IFERROR(VLOOKUP($B11,indirect(text(I$1,"mm/dd/yy")&"!B:L"),11,false),"Not played") -> 12 | J11: =IFERROR(VLOOKUP($B11,indirect(text(J$1,"mm/dd/yy")&"!B:L"),11,false),"Not played") -> 13 | ... AB11: =IFERROR(VLOOKUP($B11,indirect(text(AB$1,"mm/dd/yy")&"!B:L"),11,false),"Not played") -> Not played
A12: =A11+1 -> 11 | B12: Cid Macaraeg | C12: =IFERROR(VLOOKUP($B12,indirect(text(C$1,"mm/dd/yy")&"!B:L"),11,false),"Not played") -> 15 | D12: =IFERROR(VLOOKUP($B12,indirect(text(D$1,"mm/dd/yy")&"!B:L"),11,false),"Not played") -> 9 | E12: =IFERROR(VLOOKUP($B12,indirect(text(E$1,"mm/dd/yy")&"!B:L"),11,false),"Not played") -> 9 | F12: =IFERROR(VLOOKUP($B12,indirect(text(F$1,"mm/dd/yy")&"!B:L"),11,false),"Not played") -> 9 | G12: =IFERROR(VLOOKUP($B12,indirect(text(G$1,"mm/dd/yy")&"!B:L"),11,false),"Not played") -> 9 | H12: =IFERROR(VLOOKUP($B12,indirect(text(H$1,"mm/dd/yy")&"!B:L"),11,false),"Not played") -> 9 | I12: =IFERROR(VLOOKUP($B12,indirect(text(I$1,"mm/dd/yy")&"!B:L"),11,false),"Not played") -> 9 | J12: =IFERROR(VLOOKUP($B12,indirect(text(J$1,"mm/dd/yy")&"!B:L"),11,false),"Not played") -> 9 | ... AB12: =IFERROR(VLOOKUP($B12,indirect(text(AB$1,"mm/dd/yy")&"!B:L"),11,false),"Not played") -> Not played
A13: =A12+1 -> 12 | B13: Coco Yan | C13: =IFERROR(VLOOKUP($B13,indirect(text(C$1,"mm/dd/yy")&"!B:L"),11,false),"Not played") -> 9 | D13: =IFERROR(VLOOKUP($B13,indirect(text(D$1,"mm/dd/yy")&"!B:L"),11,false),"Not played") -> 2 | E13: =IFERROR(VLOOKUP($B13,indirect(text(E$1,"mm/dd/yy")&"!B:L"),11,false),"Not played") -> 13 | F13: =IFERROR(VLOOKUP($B13,indirect(text(F$1,"mm/dd/yy")&"!B:L"),11,false),"Not played") -> 18 | G13: =IFERROR(VLOOKUP($B13,indirect(text(G$1,"mm/dd/yy")&"!B:L"),11,false),"Not played") -> 11 | H13: =IFERROR(VLOOKUP($B13,indirect(text(H$1,"mm/dd/yy")&"!B:L"),11,false),"Not played") -> 9 | I13: =IFERROR(VLOOKUP($B13,indirect(text(I$1,"mm/dd/yy")&"!B:L"),11,false),"Not played") -> 9 | J13: =IFERROR(VLOOKUP($B13,indirect(text(J$1,"mm/dd/yy")&"!B:L"),11,false),"Not played") -> 13 | ... AB13: =IFERROR(VLOOKUP($B13,indirect(text(AB$1,"mm/dd/yy")&"!B:L"),11,false),"Not played") -> Not played
A14: =A13+1 -> 13 | B14: Darren Wong | C14: =IFERROR(VLOOKUP($B14,indirect(text(C$1,"mm/dd/yy")&"!B:L"),11,false),"Not played") -> 19 | D14: =IFERROR(VLOOKUP($B14,indirect(text(D$1,"mm/dd/yy")&"!B:L"),11,false),"Not played") -> 18 | E14: =IFERROR(VLOOKUP($B14,indirect(text(E$1,"mm/dd/yy")&"!B:L"),11,false),"Not played") -> 13 | F14: =IFERROR(VLOOKUP($B14,indirect(text(F$1,"mm/dd/yy")&"!B:L"),11,false),"Not played") -> 9 | G14: =IFERROR(VLOOKUP($B14,indirect(text(G$1,"mm/dd/yy")&"!B:L"),11,false),"Not played") -> 17 | H14: =IFERROR(VLOOKUP($B14,indirect(text(H$1,"mm/dd/yy")&"!B:L"),11,false),"Not played") -> 9 | I14: =IFERROR(VLOOKUP($B14,indirect(text(I$1,"mm/dd/yy")&"!B:L"),11,false),"Not played") -> 9 | J14: =IFERROR(VLOOKUP($B14,indirect(text(J$1,"mm/dd/yy")&"!B:L"),11,false),"Not played") -> 18 | ... AB14: =IFERROR(VLOOKUP($B14,indirect(text(AB$1,"mm/dd/yy")&"!B:L"),11,false),"Not played") -> Not played
... A68: =A67+1 -> 67 | B68: Wayne Liu | C68: =IFERROR(VLOOKUP($B68,indirect(text(C$1,"mm/dd/yy")&"!B:L"),11,false),"Not played") -> 8 | D68: =IFERROR(VLOOKUP($B68,indirect(text(D$1,"mm/dd/yy")&"!B:L"),11,false),"Not played") -> 12 | E68: =IFERROR(VLOOKUP($B68,indirect(text(E$1,"mm/dd/yy")&"!B:L"),11,false),"Not played") -> 13 | F68: =IFERROR(VLOOKUP($B68,indirect(text(F$1,"mm/dd/yy")&"!B:L"),11,false),"Not played") -> 15 | G68: =IFERROR(VLOOKUP($B68,indirect(text(G$1,"mm/dd/yy")&"!B:L"),11,false),"Not played") -> 9 | H68: =IFERROR(VLOOKUP($B68,indirect(text(H$1,"mm/dd/yy")&"!B:L"),11,false),"Not played") -> 9 | I68: =IFERROR(VLOOKUP($B68,indirect(text(I$1,"mm/dd/yy")&"!B:L"),11,false),"Not played") -> 13 | J68: =IFERROR(VLOOKUP($B68,indirect(text(J$1,"mm/dd/yy")&"!B:L"),11,false),"Not played") -> 18 | ... AB68: =IFERROR(VLOOKUP($B68,indirect(text(AB$1,"mm/dd/yy")&"!B:L"),11,false),"Not played") -> Not played
B71: Color Coding | C71: 0-8
C72: 9-17
C73: 18-20
C74: 21
K80: Previous records
K81: 2026 Jul - Dec
K82: 2026 Jan - Jun | L82: https://docs.google.com/spreadsheets/d/1JUNihKDsfyFa4fNP2N5396IF8z8xvZvQ_L3trN38QkY/edit?usp=sharing
K83: 2025 Jul - Dec | L83: https://docs.google.com/spreadsheets/d/1QDk60z4777LPlaSPBwWYpeNeLnqgdd2MQJU6vd-hd_4/edit?usp=sharing
K84: 2025 Jan - Jun | L84: https://docs.google.com/spreadsheets/d/1uxj86lWZFTL9-Zv75JGDyYfCqUcadLu_U_MGAVviSuQ/edit?usp=sharing
K85: 2024 Jul - Dec | L85: https://docs.google.com/spreadsheets/d/1GS-tLUvLpVtYDOelfK6gagVwQI3hClqqceSt6t1FV_s/edit?usp=sharing
K86: 2024 Jan - Jun | L86: https://docs.google.com/spreadsheets/d/1zzKx3nCHBcamP1wqoido72i680-HwziJfKLnaI1_YRM/edit?usp=sharing
K87: 2023 Jul - Dec | L87: https://docs.google.com/spreadsheets/d/166FZcMJ0hR3tcmk-ZaafrMtT4ta8-zONapuqmUawt8E/edit?usp=sharing
B88: Top play (KING) counts | K88: 2023 Apr-Jun | L88: https://docs.google.com/spreadsheets/d/1zo0qtSAykrh9gXUKoa7KzOMSxwQ44irfwsLANHM8gI8/edit?usp=sharing
C89: King | D89: Count | F89: Previous King
B90: Current | C90: =if(iserror(INDIRECT("'" & TEXT(B90, "mm/dd/yy") & "'!$B$5")),"",INDIRECT("'" & TEXT(B90, "mm/dd/yy") & "'!$B$5")) -> Andrew Yao | D90: =if(C90<>"",1,"") -> 1 | F90: {=INDEX(C91:C115, MATCH(TRUE, C91:C115<>"", 0))} -> Tom Le
B91: =Checkin!R17 -> 46382 | C91: =if(iserror(INDIRECT("'" & TEXT(B91, "mm/dd/yy") & "'!$B$5")),"",INDIRECT("'" & TEXT(B91, "mm/dd/yy") & "'!$B$5")) | D91: =if(C91<>"",1,"")
B92: =B91-7 -> 46375 | C92: =if(iserror(INDIRECT("'" & TEXT(B92, "mm/dd/yy") & "'!$B$5")),"",INDIRECT("'" & TEXT(B92, "mm/dd/yy") & "'!$B$5")) | D92: =if(C92<>"",1,"")
B93: =B92-7 -> 46368 | C93: =if(iserror(INDIRECT("'" & TEXT(B93, "mm/dd/yy") & "'!$B$5")),"",INDIRECT("'" & TEXT(B93, "mm/dd/yy") & "'!$B$5")) | D93: =if(C93<>"",1,"")
B94: =B93-7 -> 46361 | C94: =if(iserror(INDIRECT("'" & TEXT(B94, "mm/dd/yy") & "'!$B$5")),"",INDIRECT("'" & TEXT(B94, "mm/dd/yy") & "'!$B$5")) | D94: =if(C94<>"",1,"")
B95: =B94-7 -> 46354 | C95: =if(iserror(INDIRECT("'" & TEXT(B95, "mm/dd/yy") & "'!$B$5")),"",INDIRECT("'" & TEXT(B95, "mm/dd/yy") & "'!$B$5")) | D95: =if(C95<>"",1,"")
B96: =B95-7 -> 46347 | C96: =if(iserror(INDIRECT("'" & TEXT(B96, "mm/dd/yy") & "'!$B$5")),"",INDIRECT("'" & TEXT(B96, "mm/dd/yy") & "'!$B$5")) | D96: =if(C96<>"",1,"")
B97: =B96-7 -> 46340 | C97: =if(iserror(INDIRECT("'" & TEXT(B97, "mm/dd/yy") & "'!$B$5")),"",INDIRECT("'" & TEXT(B97, "mm/dd/yy") & "'!$B$5")) | D97: =if(C97<>"",1,"")
B98: =B97-7 -> 46333 | C98: =if(iserror(INDIRECT("'" & TEXT(B98, "mm/dd/yy") & "'!$B$5")),"",INDIRECT("'" & TEXT(B98, "mm/dd/yy") & "'!$B$5")) | D98: =if(C98<>"",1,"")
B99: =B98-7 -> 46326 | C99: =if(iserror(INDIRECT("'" & TEXT(B99, "mm/dd/yy") & "'!$B$5")),"",INDIRECT("'" & TEXT(B99, "mm/dd/yy") & "'!$B$5")) | D99: =if(C99<>"",1,"")
B100: =B99-7 -> 46319 | C100: =if(iserror(INDIRECT("'" & TEXT(B100, "mm/dd/yy") & "'!$B$5")),"",INDIRECT("'" & TEXT(B100, "mm/dd/yy") & "'!$B$5")) | D100: =if(C100<>"",1,"")
B101: =B100-7 -> 46312 | C101: =if(iserror(INDIRECT("'" & TEXT(B101, "mm/dd/yy") & "'!$B$5")),"",INDIRECT("'" & TEXT(B101, "mm/dd/yy") & "'!$B$5")) | D101: =if(C101<>"",1,"")
B102: =B101-7 -> 46305 | C102: =if(iserror(INDIRECT("'" & TEXT(B102, "mm/dd/yy") & "'!$B$5")),"",INDIRECT("'" & TEXT(B102, "mm/dd/yy") & "'!$B$5")) -> Tom Le | D102: =if(C102<>"",1,"") -> 1
B103: =B102-7 -> 46298 | C103: =if(iserror(INDIRECT("'" & TEXT(B103, "mm/dd/yy") & "'!$B$5")),"",INDIRECT("'" & TEXT(B103, "mm/dd/yy") & "'!$B$5")) -> Tom Le | D103: =if(C103<>"",1,"") -> 1
... B115: =B114-7 -> 46214 | C115: =if(iserror(INDIRECT("'" & TEXT(B115, "mm/dd/yy") & "'!$B$5")),"",INDIRECT("'" & TEXT(B115, "mm/dd/yy") & "'!$B$5")) -> Darren Wong | D115: =if(C115<>"",1,"") -> 1
C116: =if(iserror(INDIRECT("'" & TEXT(B116, "mm/dd/yy") & "'!$B$5")),"",INDIRECT("'" & TEXT(B116, "mm/dd/yy") & "'!$B$5")) | D116: =if(C116<>"",1,"")

Sheet Waitlist
A1: =IFERROR(__xludf.DUMMYFUNCTION("IMPORTRANGE(""1vk67ABbS4TvdE0gnpv39mwReeTC8qhP2vyc266Yeuy8"",""Waitlist!A1:D199"")"),"#REF!") -> #REF!
G4: Here is the link to add new players to the waitlist.
G5: tinyurl.com/UTCWaitList

Sheet 101026
B1: Standings as of | C1: 46305
B2: Number of Weeks Played | D2: 15 | AC2: =TEXT(C1-7,"mm/dd/yy") -> 10/03/26
C3: Beginning of week | F3: Current Week Scores | N3: End of week | Q3: Jan-Jun 2026 | R3: Jul-Dec 2026
A4: Ranking | B4: Name of Player | C4: Games Won | D4: Sets Won | E4: Games Won / Match | F4: Check IN | G4: Court # | H4: Set 0 | I4: Set 1 | J4: Set 2 | K4: Set 3 | L4: Games Won | M4: Sets Won | N4: Games Won | O4: Sets Won | P4: Waiver | Q4: Fee | R4: Fee | S4: Games Played | T4: Sit outs | U4: No Shows | V4: Absent | W4: Positions Gained/Lost | X4: Ranking | Y4: Perfect attendence | Z4: Check
A5: 1 | B5: Tom Le | C5: 213 | D5: 24 | E5: =if(S5>0,(C5-(V5*9)-(T5*13))/S5,0) -> 16.090909 | F5: 3 | G5: 0 | H5: 9 | I5: 0 | J5: 0 | K5: 0 | L5: 9 | M5: 0 | N5: =C5+L5 -> 222 | O5: =D5+M5 -> 24 | P5: X | Q5: X | R5: X | S5: =vlookup(B5,indirect("'" & AC$2 & "'!B5:W71"),18,false)++if(text(C$1,"mm/dd/yy")=$AC$2,0,if(H5>0,0,1)) -> 11 | T5: =if(H5=13,1,0)+vlookup(B5,indirect("'" & AC$2 & "'!B5:W71"),19,false) -> 0 | V5: =vlookup(B5,indirect("'" & AC$2 & "'!B5:W71"),21,false)+if(text(C$1,"mm/dd/yy")=$AC$2,0,if(H5=9,1,0)) -> 4 | W5: =vlookup(B5,indirect("'" & AC$2 & "'!B5:x71"),23,false)-X5 -> 0 | X5: 1 | Y5: =if(S5=D$2,"Y","N") -> N | Z5: =if($D$2=sum(S5:V5),"","Error")
A6: =A5+1 -> 2 | B6: Andrew Yao | C6: 205 | D6: 20 | E6: =if(S6>0,(C6-(V6*9)-(T6*13))/S6,0) -> 13.769231 | F6: 1 | G6: 1 | H6: 0 | I6: 6 | J6: 6 | K6: 6 | L6: 18 | M6: 2 | N6: =C6+L6 -> 223 | O6: =D6+M6 -> 22 | P6: X | Q6: X | R6: X | S6: =vlookup(B6,indirect("'" & AC$2 & "'!B5:W71"),18,false)++if(text(C$1,"mm/dd/yy")=$AC$2,0,if(H6>0,0,1)) -> 13 | T6: =if(H6=13,1,0)+vlookup(B6,indirect("'" & AC$2 & "'!B5:W71"),19,false) -> 2 | V6: =vlookup(B6,indirect("'" & AC$2 & "'!B5:W71"),21,false)+if(text(C$1,"mm/dd/yy")=$AC$2,0,if(H6=9,1,0)) -> 0 | W6: =vlookup(B6,indirect("'" & AC$2 & "'!B5:x71"),23,false)-X6 -> 0 | X6: =X5+1 -> 2 | Y6: =if(S6=D$2,"Y","N") -> N | Z6: =if($D$2=sum(S6:V6),"","Error")
A7: =A6+1 -> 3 | B7: Pavan Akkimsetty | C7: 205 | D7: 20 | E7: =if(S7>0,(C7-(V7*9)-(T7*13))/S7,0) -> 14.076923 | F7: 1 | G7: 1 | H7: 0 | I7: 7 | J7: 0 | K7: 6 | L7: 13 | M7: 2 | N7: =C7+L7 -> 218 | O7: =D7+M7 -> 22 | P7: X | Q7: X | R7: X | S7: =vlookup(B7,indirect("'" & AC$2 & "'!B5:W71"),18,false)++if(text(C$1,"mm/dd/yy")=$AC$2,0,if(H7>0,0,1)) -> 13 | T7: =if(H7=13,1,0)+vlookup(B7,indirect("'" & AC$2 & "'!B5:W71"),19,false) -> 1 | V7: =vlookup(B7,indirect("'" & AC$2 & "'!B5:W71"),21,false)+if(text(C$1,"mm/dd/yy")=$AC$2,0,if(H7=9,1,0)) -> 1 | W7: =vlookup(B7,indirect("'" & AC$2 & "'!B5:x71"),23,false)-X7 -> 0 | X7: =X6+1 -> 3 | Y7: =if(S7=D$2,"Y","N") -> N | Z7: =if($D$2=sum(S7:V7),"","Error")
A8: =A7+1 -> 4 | B8: Pulkit Mathur | C8: 203 | D8: 24 | E8: =if(S8>0,(C8-(V8*9)-(T8*13))/S8,0) -> 15 | F8: 5 | G8: 0 | H8: 13 | I8: 0 | J8: 0 | K8: 0 | L8: 13 | M8: 0 | N8: =C8+L8 -> 216 | O8: =D8+M8 -> 24 | P8: X | Q8: X | R8: X | S8: =vlookup(B8,indirect("'" & AC$2 & "'!B5:W71"),18,false)++if(text(C$1,"mm/dd/yy")=$AC$2,0,if(H8>0,0,1)) -> 10 | T8: =if(H8=13,1,0)+vlookup(B8,indirect("'" & AC$2 & "'!B5:W71"),19,false) -> 2 | V8: =vlookup(B8,indirect("'" & AC$2 & "'!B5:W71"),21,false)+if(text(C$1,"mm/dd/yy")=$AC$2,0,if(H8=9,1,0)) -> 3 | W8: =vlookup(B8,indirect("'" & AC$2 & "'!B5:x71"),23,false)-X8 -> 0 | X8: =X7+1 -> 4 | Y8: =if(S8=D$2,"Y","N") -> N | Z8: =if($D$2=sum(S8:V8),"","Error")
A9: =A8+1 -> 5 | B9: David Shin | C9: 201 | D9: 21 | E9: =if(S9>0,(C9-(V9*9)-(T9*13))/S9,0) -> 13.769231 | F9: 3 | G9: 0 | H9: 9 | I9: 0 | J9: 0 | K9: 0 | L9: 9 | M9: 0 | N9: =C9+L9 -> 210 | O9: =D9+M9 -> 21 | P9: X | Q9: X | R9: X | S9: =vlookup(B9,indirect("'" & AC$2 & "'!B5:W71"),18,false)++if(text(C$1,"mm/dd/yy")=$AC$2,0,if(H9>0,0,1)) -> 13 | T9: =if(H9=13,1,0)+vlookup(B9,indirect("'" & AC$2 & "'!B5:W71"),19,false) -> 1 | V9: =vlookup(B9,indirect("'" & AC$2 & "'!B5:W71"),21,false)+if(text(C$1,"mm/dd/yy")=$AC$2,0,if(H9=9,1,0)) -> 1 | W9: =vlookup(B9,indirect("'" & AC$2 & "'!B5:x71"),23,false)-X9 -> 0 | X9: =X8+1 -> 5 | Y9: =if(S9=D$2,"Y","N") -> N | Z9: =if($D$2=sum(S9:V9),"","Error")
A10: =A9+1 -> 6 | B10: Rudy Tatang | C10: 200 | D10: 17 | E10: =if(S10>0,(C10-(V10*9)-(T10*13))/S10,0) -> 14.7 | F10: 1 | G10: 1 | H10: 0 | I10: 7 | J10: 6 | K10: 4 | L10: 17 | M10: 2 | N10: =C10+L10 -> 217 | O10: =D10+M10 -> 19 | P10: X | Q10: X | R10: X | S10: =vlookup(B10,indirect("'" & AC$2 & "'!B5:W71"),18,false)++if(text(C$1,"mm/dd/yy")=$AC$2,0,if(H10>0,0,1)) -> 10 | T10: =if(H10=13,1,0)+vlookup(B10,indirect("'" & AC$2 & "'!B5:W71"),19,false) -> 2 | V10: =vlookup(B10,indirect("'" & AC$2 & "'!B5:W71"),21,false)+if(text(C$1,"mm/dd/yy")=$AC$2,0,if(H10=9,1,0)) -> 3 | W10: =vlookup(B10,indirect("'" & AC$2 & "'!B5:x71"),23,false)-X10 -> 0 | X10: =X9+1 -> 6 | Y10: =if(S10=D$2,"Y","N") -> N | Z10: =if($D$2=sum(S10:V10),"","Error")
A11: =A10+1 -> 7 | B11: Manish Anand | C11: 194 | D11: 18 | E11: =if(S11>0,(C11-(V11*9)-(T11*13))/S11,0) -> 13.583333 | F11: 1 | G11: 1 | H11: 0 | I11: 6 | J11: 0 | K11: 4 | L11: 10 | M11: 0 | N11: =C11+L11 -> 204 | O11: =D11+M11 -> 18 | P11: X | Q11: X | R11: X | S11: =vlookup(B11,indirect("'" & AC$2 & "'!B5:W71"),18,false)++if(text(C$1,"mm/dd/yy")=$AC$2,0,if(H11>0,0,1)) -> 12 | T11: =if(H11=13,1,0)+vlookup(B11,indirect("'" & AC$2 & "'!B5:W71"),19,false) -> 1 | V11: =vlookup(B11,indirect("'" & AC$2 & "'!B5:W71"),21,false)+if(text(C$1,"mm/dd/yy")=$AC$2,0,if(H11=9,1,0)) -> 2 | W11: =vlookup(B11,indirect("'" & AC$2 & "'!B5:x71"),23,false)-X11 -> 4 | X11: =X10+1 -> 7 | Y11: =if(S11=D$2,"Y","N") -> N | Z11: =if($D$2=sum(S11:V11),"","Error")
A12: =A11+1 -> 8 | B12: Vinotkumar Nagappan | C12: 193 | D12: 16 | E12: =if(S12>0,(C12-(V12*9)-(T12*13))/S12,0) -> 12.866667 | F12: 1 | G12: 2 | H12: 0 | I12: 2 | J12: 6 | K12: 4 | L12: 12 | M12: 0 | N12: =C12+L12 -> 205 | O12: =D12+M12 -> 16 | P12: X | Q12: X | R12: X | S12: =vlookup(B12,indirect("'" & AC$2 & "'!B5:W71"),18,false)++if(text(C$1,"mm/dd/yy")=$AC$2,0,if(H12>0,0,1)) -> 15 | T12: =if(H12=13,1,0)+vlookup(B12,indirect("'" & AC$2 & "'!B5:W71"),19,false) -> 0 | V12: =vlookup(B12,indirect("'" & AC$2 & "'!B5:W71"),21,false)+if(text(C$1,"mm/dd/yy")=$AC$2,0,if(H12=9,1,0)) -> 0 | W12: =vlookup(B12,indirect("'" & AC$2 & "'!B5:x71"),23,false)-X12 -> 0 | X12: =X11+1 -> 8 | Y12: =if(S12=D$2,"Y","N") -> Y | Z12: =if($D$2=sum(S12:V12),"","Error")
A13: =A12+1 -> 9 | B13: Jaya Sogata | C13: 192 | D13: 13 | E13: =if(S13>0,(C13-(V13*9)-(T13*13))/S13,0) -> 13.555556 | F13: 2 | G13: 2 | H13: 0 | I13: 6 | J13: 6 | K13: 6 | L13: 18 | M13: 2 | N13: =C13+L13 -> 210 | O13: =D13+M13 -> 15 | P13: X | Q13: X | R13: X | S13: =vlookup(B13,indirect("'" & AC$2 & "'!B5:W71"),18,false)++if(text(C$1,"mm/dd/yy")=$AC$2,0,if(H13>0,0,1)) -> 9 | T13: =if(H13=13,1,0)+vlookup(B13,indirect("'" & AC$2 & "'!B5:W71"),19,false) -> 4 | V13: =vlookup(B13,indirect("'" & AC$2 & "'!B5:W71"),21,false)+if(text(C$1,"mm/dd/yy")=$AC$2,0,if(H13=9,1,0)) -> 2 | W13: =vlookup(B13,indirect("'" & AC$2 & "'!B5:x71"),23,false)-X13 -> 0 | X13: =X12+1 -> 9 | Y13: =if(S13=D$2,"Y","N") -> N | Z13: =if($D$2=sum(S13:V13),"","Error")
A14: =A13+1 -> 10 | B14: Rajasekar Ramasamy | C14: 188 | D14: 17 | E14: =if(S14>0,(C14-(V14*9)-(T14*13))/S14,0) -> 12.461538 | F14: 1 | G14: 2 | H14: 0 | I14: 2 | J14: 7 | K14: 6 | L14: 15 | M14: 2 | N14: =C14+L14 -> 203 | O14: =D14+M14 -> 19 | P14: X | Q14: X | R14: X | S14: =vlookup(B14,indirect("'" & AC$2 & "'!B5:W71"),18,false)++if(text(C$1,"mm/dd/yy")=$AC$2,0,if(H14>0,0,1)) -> 13 | T14: =if(H14=13,1,0)+vlookup(B14,indirect("'" & AC$2 & "'!B5:W71"),19,false) -> 2 | V14: =vlookup(B14,indirect("'" & AC$2 & "'!B5:W71"),21,false)+if(text(C$1,"mm/dd/yy")=$AC$2,0,if(H14=9,1,0)) -> 0 | W14: =vlookup(B14,indirect("'" & AC$2 & "'!B5:x71"),23,false)-X14 -> 0 | X14: =X13+1 -> 10 | Y14: =if(S14=D$2,"Y","N") -> N | Z14: =if($D$2=sum(S14:V14),"","Error")
A15: =A14+1 -> 11 | B15: Ruben Ron | C15: 188 | D15: 13 | E15: =if(S15>0,(C15-(V15*9)-(T15*13))/S15,0) -> 14.285714 | F15: 2 | G15: 2 | H15: 0 | I15: 6 | J15: 7 | K15: 4 | L15: 17 | M15: 2 | N15: =C15+L15 -> 205 | O15: =D15+M15 -> 15 | P15: X | Q15: X | R15: X | S15: =vlookup(B15,indirect("'" & AC$2 & "'!B5:W71"),18,false)++if(text(C$1,"mm/dd/yy")=$AC$2,0,if(H15>0,0,1)) -> 7 | T15: =if(H15=13,1,0)+vlookup(B15,indirect("'" & AC$2 & "'!B5:W71"),19,false) -> 4 | V15: =vlookup(B15,indirect("'" & AC$2 & "'!B5:W71"),21,false)+if(text(C$1,"mm/dd/yy")=$AC$2,0,if(H15=9,1,0)) -> 4 | W15: =vlookup(B15,indirect("'" & AC$2 & "'!B5:x71"),23,false)-X15 -> 1 | X15: =X14+1 -> 11 | Y15: =if(S15=D$2,"Y","N") -> N | Z15: =if($D$2=sum(S15:V15),"","Error")
A16: =A15+1 -> 12 | B16: Suleman Alidina | C16: 188 | D16: 11 | E16: =if(S16>0,(C16-(V16*9)-(T16*13))/S16,0) -> 13.125 | F16: 2 | G16: 3 | H16: 0 | I16: 6 | J16: 6 | K16: 6 | L16: 18 | M16: 3 | N16: =C16+L16 -> 206 | O16: =D16+M16 -> 14 | P16: X | Q16: X | R16: X | S16: =vlookup(B16,indirect("'" & AC$2 & "'!B5:W71"),18,false)++if(text(C$1,"mm/dd/yy")=$AC$2,0,if(H16>0,0,1)) -> 8 | T16: =if(H16=13,1,0)+vlookup(B16,indirect("'" & AC$2 & "'!B5:W71"),19,false) -> 5 | V16: =vlookup(B16,indirect("'" & AC$2 & "'!B5:W71"),21,false)+if(text(C$1,"mm/dd/yy")=$AC$2,0,if(H16=9,1,0)) -> 2 | W16: =vlookup(B16,indirect("'" & AC$2 & "'!B5:x71"),23,false)-X16 -> -5 | X16: =X15+1 -> 12 | Y16: =if(S16=D$2,"Y","N") -> N | Z16: =if($D$2=sum(S16:V16),"","Error")
A17: =A16+1 -> 13 | B17: Darren Wong | C17: 186 | D17: 17 | E17: =if(S17>0,(C17-(V17*9)-(T17*13))/S17,0) -> 16.833333 | F17: 3 | G17: 0 | H17: 9 | I17: 0 | J17: 0 | K17: 0 | L17: 9 | M17: 0 | N17: =C17+L17 -> 195 | O17: =D17+M17 -> 17 | P17: X | Q17: X | R17: X | S17: =vlookup(B17,indirect("'" & AC$2 & "'!B5:W71"),18,false)++if(text(C$1,"mm/dd/yy")=$AC$2,0,if(H17>0,0,1)) -> 6 | T17: =if(H17=13,1,0)+vlookup(B17,indirect("'" & AC$2 & "'!B5:W71"),19,false) -> 1 | V17: =vlookup(B17,indirect("'" & AC$2 & "'!B5:W71"),21,false)+if(text(C$1,"mm/dd/yy")=$AC$2,0,if(H17=9,1,0)) -> 8 | W17: =vlookup(B17,indirect("'" & AC$2 & "'!B5:x71"),23,false)-X17 -> 5 | X17: =X16+1 -> 13 | Y17: =if(S17=D$2,"Y","N") -> N | Z17: =if($D$2=sum(S17:V17),"","Error")
... A71: =A70+1 -> 67 | B71: Vicki Martinet | C71: 126 | D71: 0 | E71: =if(S71>0,(C71-(V71*9)-(T71*13))/S71,0) -> -4 | F71: 3 | G71: 0 | H71: 9 | I71: 0 | J71: 0 | K71: 0 | L71: 9 | M71: 0 | N71: =C71+L71 -> 135 | O71: =D71+M71 -> 0 | P71: X | Q71: X | R71: X | S71: =vlookup(B71,indirect("'" & AC$2 & "'!B5:W71"),18,false)++if(text(C$1,"mm/dd/yy")=$AC$2,0,if(H71>0,0,1)) -> 1 | T71: =if(H71=13,1,0)+vlookup(B71,indirect("'" & AC$2 & "'!B5:W71"),19,false) -> 1 | V71: =vlookup(B71,indirect("'" & AC$2 & "'!B5:W71"),21,false)+if(text(C$1,"mm/dd/yy")=$AC$2,0,if(H71=9,1,0)) -> 13 | W71: =vlookup(B71,indirect("'" & AC$2 & "'!B5:x71"),23,false)-X71 -> 0 | X71: =X70+1 -> 67 | Y71: =if(S71=D$2,"Y","N") -> N | Z71: =if($D$2=sum(S71:V71),"","Error")
P75: Membership Renewals
P76: Renewed | R76: =countif(R5:R71,"X") -> 67 | S76: =R76/R79 -> 1
B77: For Publishing in the WhatsApp Group for the score updates on saturday | P77: Not Renewing | R77: =countif(R5:R71,"N") -> 0
P78: To Renew | R78: =countif(R5:R71,"") -> 0
P79: Total | R79: =sum(R76:R78) -> 67
B80: =concatenate("Top Scores : " &AC2) -> Top Scores : 10/03/26
B82: Name of Player | C82: Games | D82: Sets | E82: Court #
B83: =IFERROR(__xludf.DUMMYFUNCTION("QUERY(indirect(AC2 & ""!B5:M79""),""Select B, L, M, G where L >= 18 order by L desc,M desc"",0)"),"Darren Wong") -> Darren Wong | C83: =IFERROR(__xludf.DUMMYFUNCTION("""COMPUTED_VALUE"""),20.0) -> 20 | D83: =IFERROR(__xludf.DUMMYFUNCTION("""COMPUTED_VALUE"""),3.0) -> 3 | E83: =IFERROR(__xludf.DUMMYFUNCTION("""COMPUTED_VALUE"""),3.0) -> 3
B84: =IFERROR(__xludf.DUMMYFUNCTION("""COMPUTED_VALUE"""),"Tom Le") -> Tom Le | C84: =IFERROR(__xludf.DUMMYFUNCTION("""COMPUTED_VALUE"""),19.0) -> 19 | D84: =IFERROR(__xludf.DUMMYFUNCTION("""COMPUTED_VALUE"""),3.0) -> 3 | E84: =IFERROR(__xludf.DUMMYFUNCTION("""COMPUTED_VALUE"""),1.0) -> 1
B85: =IFERROR(__xludf.DUMMYFUNCTION("""COMPUTED_VALUE"""),"Manish Anand") -> Manish Anand | C85: =IFERROR(__xludf.DUMMYFUNCTION("""COMPUTED_VALUE"""),19.0) -> 19 | D85: =IFERROR(__xludf.DUMMYFUNCTION("""COMPUTED_VALUE"""),3.0) -> 3 | E85: =IFERROR(__xludf.DUMMYFUNCTION("""COMPUTED_VALUE"""),2.0) -> 2
B86: =IFERROR(__xludf.DUMMYFUNCTION("""COMPUTED_VALUE"""),"Sean Chang") -> Sean Chang | C86: =IFERROR(__xludf.DUMMYFUNCTION("""COMPUTED_VALUE"""),19.0) -> 19 | D86: =IFERROR(__xludf.DUMMYFUNCTION("""COMPUTED_VALUE"""),2.0) -> 2 | E86: =IFERROR(__xludf.DUMMYFUNCTION("""COMPUTED_VALUE"""),6.0) -> 6
B87: =IFERROR(__xludf.DUMMYFUNCTION("""COMPUTED_VALUE"""),"Troy Wong") -> Troy Wong | C87: =IFERROR(__xludf.DUMMYFUNCTION("""COMPUTED_VALUE"""),18.0) -> 18 | D87: =IFERROR(__xludf.DUMMYFUNCTION("""COMPUTED_VALUE"""),3.0) -> 3 | E87: =IFERROR(__xludf.DUMMYFUNCTION("""COMPUTED_VALUE"""),5.0) -> 5
B88: =IFERROR(__xludf.DUMMYFUNCTION("""COMPUTED_VALUE"""),"Robert Chang") -> Robert Chang | C88: =IFERROR(__xludf.DUMMYFUNCTION("""COMPUTED_VALUE"""),18.0) -> 18 | D88: =IFERROR(__xludf.DUMMYFUNCTION("""COMPUTED_VALUE"""),3.0) -> 3 | E88: =IFERROR(__xludf.DUMMYFUNCTION("""COMPUTED_VALUE"""),8.0) -> 8
B89: =IFERROR(__xludf.DUMMYFUNCTION("""COMPUTED_VALUE"""),"Naveen Raj") -> Naveen Raj | C89: =IFERROR(__xludf.DUMMYFUNCTION("""COMPUTED_VALUE"""),18.0) -> 18 | D89: =IFERROR(__xludf.DUMMYFUNCTION("""COMPUTED_VALUE"""),2.0) -> 2 | E89: =IFERROR(__xludf.DUMMYFUNCTION("""COMPUTED_VALUE"""),6.0) -> 6
B90: =IFERROR(__xludf.DUMMYFUNCTION("""COMPUTED_VALUE"""),"Erik Hoeckmann") -> Erik Hoeckmann | C90: =IFERROR(__xludf.DUMMYFUNCTION("""COMPUTED_VALUE"""),18.0) -> 18 | D90: =IFERROR(__xludf.DUMMYFUNCTION("""COMPUTED_VALUE"""),1.0) -> 1 | E90: =IFERROR(__xludf.DUMMYFUNCTION("""COMPUTED_VALUE"""),3.0) -> 3
B99: Top 10 Climbers
B101: Name of Player | C101: Positions Moved | D101: Position Last week | E101: Position This week | F101: Points this week | G101: Court | L101: Cross Check
B102: =IFERROR(__xludf.DUMMYFUNCTION("query(B5:W71,""select B, W order by W Desc Limit 10"")"),"Darren Wong") -> Darren Wong | C102: =IFERROR(__xludf.DUMMYFUNCTION("""COMPUTED_VALUE"""),5.0) -> 5 | D102: =VLOOKUP(B102,indirect($AC$2&"!B$5:X$79"),23, false) -> 18 | E102: =VLOOKUP(B102,B$5:X$71,23, false) -> 13 | F102: =VLOOKUP(B102,indirect($AC$2&"!B$5:U$79"),11, false) -> 20 | G102: =VLOOKUP(B102,indirect($AC$2&"!B$5:U$79"),6, false) -> 3 | L102: =if(D102-E102=C102,"ok","Error") -> ok
B103: =IFERROR(__xludf.DUMMYFUNCTION("""COMPUTED_VALUE"""),"Naveen Raj") -> Naveen Raj | C103: =IFERROR(__xludf.DUMMYFUNCTION("""COMPUTED_VALUE"""),5.0) -> 5 | D103: =VLOOKUP(B103,indirect($AC$2&"!B$5:X$79"),23, false) -> 38 | E103: =VLOOKUP(B103,B$5:X$71,23, false) -> 33 | F103: =VLOOKUP(B103,indirect($AC$2&"!B$5:U$79"),11, false) -> 18 | G103: =VLOOKUP(B103,indirect($AC$2&"!B$5:U$79"),6, false) -> 6 | L103: =if(D103-E103=C103,"ok","Error") -> ok
B104: =IFERROR(__xludf.DUMMYFUNCTION("""COMPUTED_VALUE"""),"Susanta Mishra") -> Susanta Mishra | C104: =IFERROR(__xludf.DUMMYFUNCTION("""COMPUTED_VALUE"""),5.0) -> 5 | D104: =VLOOKUP(B104,indirect($AC$2&"!B$5:X$79"),23, false) -> 48 | E104: =VLOOKUP(B104,B$5:X$71,23, false) -> 43 | F104: =VLOOKUP(B104,indirect($AC$2&"!B$5:U$79"),11, false) -> 16 | G104: =VLOOKUP(B104,indirect($AC$2&"!B$5:U$79"),6, false) -> 7 | L104: =if(D104-E104=C104,"ok","Error") -> ok
B105: =IFERROR(__xludf.DUMMYFUNCTION("""COMPUTED_VALUE"""),"Manish Anand") -> Manish Anand | C105: =IFERROR(__xludf.DUMMYFUNCTION("""COMPUTED_VALUE"""),4.0) -> 4 | D105: =VLOOKUP(B105,indirect($AC$2&"!B$5:X$79"),23, false) -> 11 | E105: =VLOOKUP(B105,B$5:X$71,23, false) -> 7 | F105: =VLOOKUP(B105,indirect($AC$2&"!B$5:U$79"),11, false) -> 19 | G105: =VLOOKUP(B105,indirect($AC$2&"!B$5:U$79"),6, false) -> 2 | L105: =if(D105-E105=C105,"ok","Error") -> ok
B106: =IFERROR(__xludf.DUMMYFUNCTION("""COMPUTED_VALUE"""),"Tina Hanson") -> Tina Hanson | C106: =IFERROR(__xludf.DUMMYFUNCTION("""COMPUTED_VALUE"""),3.0) -> 3 | D106: =VLOOKUP(B106,indirect($AC$2&"!B$5:X$79"),23, false) -> 19 | E106: =VLOOKUP(B106,B$5:X$71,23, false) -> 16 | F106: =VLOOKUP(B106,indirect($AC$2&"!B$5:U$79"),11, false) -> 17 | G106: =VLOOKUP(B106,indirect($AC$2&"!B$5:U$79"),6, false) -> 3 | L106: =if(D106-E106=C106,"ok","Error") -> ok
B107: =IFERROR(__xludf.DUMMYFUNCTION("""COMPUTED_VALUE"""),"Sean Chang") -> Sean Chang | C107: =IFERROR(__xludf.DUMMYFUNCTION("""COMPUTED_VALUE"""),3.0) -> 3 | D107: =VLOOKUP(B107,indirect($AC$2&"!B$5:X$79"),23, false) -> 40 | E107: =VLOOKUP(B107,B$5:X$71,23, false) -> 37 | F107: =VLOOKUP(B107,indirect($AC$2&"!B$5:U$79"),11, false) -> 19 | G107: =VLOOKUP(B107,indirect($AC$2&"!B$5:U$79"),6, false) -> 6 | L107: =if(D107-E107=C107,"ok","Error") -> ok
B108: =IFERROR(__xludf.DUMMYFUNCTION("""COMPUTED_VALUE"""),"Allen Zhang") -> Allen Zhang | C108: =IFERROR(__xludf.DUMMYFUNCTION("""COMPUTED_VALUE"""),3.0) -> 3 | D108: =VLOOKUP(B108,indirect($AC$2&"!B$5:X$79"),23, false) -> 44 | E108: =VLOOKUP(B108,B$5:X$71,23, false) -> 41 | F108: =VLOOKUP(B108,indirect($AC$2&"!B$5:U$79"),11, false) -> 13 | G108: =VLOOKUP(B108,indirect($AC$2&"!B$5:U$79"),6, false) -> 7 | L108: =if(D108-E108=C108,"ok","Error") -> ok
B109: =IFERROR(__xludf.DUMMYFUNCTION("""COMPUTED_VALUE"""),"Robert Chang") -> Robert Chang | C109: =IFERROR(__xludf.DUMMYFUNCTION("""COMPUTED_VALUE"""),3.0) -> 3 | D109: =VLOOKUP(B109,indirect($AC$2&"!B$5:X$79"),23, false) -> 53 | E109: =VLOOKUP(B109,B$5:X$71,23, false) -> 50 | F109: =VLOOKUP(B109,indirect($AC$2&"!B$5:U$79"),11, false) -> 18 | G109: =VLOOKUP(B109,indirect($AC$2&"!B$5:U$79"),6, false) -> 8 | L109: =if(D109-E109=C109,"ok","Error") -> ok
B110: =IFERROR(__xludf.DUMMYFUNCTION("""COMPUTED_VALUE"""),"Eric Tan") -> Eric Tan | C110: =IFERROR(__xludf.DUMMYFUNCTION("""COMPUTED_VALUE"""),3.0) -> 3 | D110: =VLOOKUP(B110,indirect($AC$2&"!B$5:X$79"),23, false) -> 60 | E110: =VLOOKUP(B110,B$5:X$71,23, false) -> 57 | F110: =VLOOKUP(B110,indirect($AC$2&"!B$5:U$79"),11, false) -> 12 | G110: =VLOOKUP(B110,indirect($AC$2&"!B$5:U$79"),6, false) -> 8 | L110: =if(D110-E110=C110,"ok","Error") -> ok
B111: =IFERROR(__xludf.DUMMYFUNCTION("""COMPUTED_VALUE"""),"Erik Hoeckmann") -> Erik Hoeckmann | C111: =IFERROR(__xludf.DUMMYFUNCTION("""COMPUTED_VALUE"""),2.0) -> 2 | D111: =VLOOKUP(B111,indirect($AC$2&"!B$5:X$79"),23, false) -> 17 | E111: =VLOOKUP(B111,B$5:X$71,23, false) -> 15 | F111: =VLOOKUP(B111,indirect($AC$2&"!B$5:U$79"),11, false) -> 18 | G111: =VLOOKUP(B111,indirect($AC$2&"!B$5:U$79"),6, false) -> 3 | L111: =if(D111-E111=C111,"ok","Error") -> ok
A117: =CONCATENATE("TOP 10 Players after " &D2 & " Weeks") -> TOP 10 Players after 15 Weeks
A118: Ranking | B118: Name of Player | C118: Games Won | D118: Sets Won | E118: Games Won / Match
A119: =A5 -> 1 | B119: =B5 -> Tom Le | C119: =C5 -> 213 | D119: =D5 -> 24 | E119: =E5 -> 16.090909
A120: =A6 -> 2 | B120: =B6 -> Andrew Yao | C120: =C6 -> 205 | D120: =D6 -> 20 | E120: =E6 -> 13.769231
A121: =A7 -> 3 | B121: =B7 -> Pavan Akkimsetty | C121: =C7 -> 205 | D121: =D7 -> 20 | E121: =E7 -> 14.076923
A122: =A8 -> 4 | B122: =B8 -> Pulkit Mathur | C122: =C8 -> 203 | D122: =D8 -> 24 | E122: =E8 -> 15
A123: =A9 -> 5 | B123: =B9 -> David Shin | C123: =C9 -> 201 | D123: =D9 -> 21 | E123: =E9 -> 13.769231
A124: =A10 -> 6 | B124: =B10 -> Rudy Tatang | C124: =C10 -> 200 | D124: =D10 -> 17 | E124: =E10 -> 14.7
A125: =A11 -> 7 | B125: =B11 -> Manish Anand | C125: =C11 -> 194 | D125: =D11 -> 18 | E125: =E11 -> 13.583333
A126: =A12 -> 8 | B126: =B12 -> Vinotkumar Nagappan | C126: =C12 -> 193 | D126: =D12 -> 16 | E126: =E12 -> 12.866667
A127: =A13 -> 9 | B127: =B13 -> Jaya Sogata | C127: =C13 -> 192 | D127: =D13 -> 13 | E127: =E13 -> 13.555556
A128: =A14 -> 10 | B128: =B14 -> Rajasekar Ramasamy | C128: =C14 -> 188 | D128: =D14 -> 17 | E128: =E14 -> 12.461538
A133: Perfect Attendance
A134: No | B134: Name of the Player
A135: =if(B135<>"",1,0) -> 1 | B135: =IFERROR(__xludf.DUMMYFUNCTION("query(B5:Y71,""select B where Y = 'Y' order by B ASC"")"),"Vinotkumar Nagappan") -> Vinotkumar Nagappan
A136: =if(B136<>"",A135+1,0) -> 0
A137: =if(B137<>"",A136+1,0) -> 0
A138: =if(B138<>"",A137+1,0) -> 0
A139: =if(B139<>"",A138+1,0) -> 0
A140: =if(B140<>"",A139+1,0) -> 0
A141: =if(B141<>"",A140+1,0) -> 0
A142: =if(B142<>"",A141+1,0) -> 0
A143: =if(B143<>"",A142+1,0) -> 0
A144: =if(B144<>"",A143+1,0) -> 0
A145: =if(B145<>"",A144+1,0) -> 0
A146: =if(B146<>"",A145+1,0) -> 0
A147: =if(B147<>"",A146+1,0) -> 0
... A210: =if(B210<>"",A209+1,0) -> 0
B213: King of Kings
B215: Name of the Player | C215: No. of Weeks
B216: =Data!F109 | C216: =Data!G109
B217: =Data!F110 | C217: =Data!G110
B218: =Data!F111 | C218: =Data!G111
B219: =Data!F112 | C219: =Data!G112
B220: =Data!F113 | C220: =#REF! -> #REF!
B221: =Data!F114 | C221: =#REF! -> #REF!
B222: =#REF! -> #REF! | C222: =#REF! -> #REF!
B223: =#REF! -> #REF! | C223: =#REF! -> #REF!
B224: =#REF! -> #REF! | C224: =#REF! -> #REF!
B225: =#REF! -> #REF! | C225: =#REF! -> #REF!
B226: =#REF! -> #REF! | C226: =#REF! -> #REF!
B234: =concatenate("Scores for : " & AC2) -> Scores for : 10/03/26
A236: Court # | B236: Name of the Player | C236: Set 1 | D236: Set 2 | E236: Set 3 | F236: Total Games won | G236: Sets Won
A237: =IFERROR(__xludf.DUMMYFUNCTION("QUERY(indirect(AC2 & ""!B5:M79""),""Select G, B, I, J, K,L, M where G > 0 order by G asc"",0)"),1.0) -> 1 | B237: =IFERROR(__xludf.DUMMYFUNCTION("""COMPUTED_VALUE"""),"Tom Le") -> Tom Le | C237: =IFERROR(__xludf.DUMMYFUNCTION("""COMPUTED_VALUE"""),6.0) -> 6 | D237: =IFERROR(__xludf.DUMMYFUNCTION("""COMPUTED_VALUE"""),7.0) -> 7 | E237: =IFERROR(__xludf.DUMMYFUNCTION("""COMPUTED_VALUE"""),6.0) -> 6 | F237: =IFERROR(__xludf.DUMMYFUNCTION("""COMPUTED_VALUE"""),19.0) -> 19 | G237: =IFERROR(__xludf.DUMMYFUNCTION("""COMPUTED_VALUE"""),3.0) -> 3
A238: =IFERROR(__xludf.DUMMYFUNCTION("""COMPUTED_VALUE"""),1.0) -> 1 | B238: =IFERROR(__xludf.DUMMYFUNCTION("""COMPUTED_VALUE"""),"Pavan Akkimsetty") -> Pavan Akkimsetty | C238: =IFERROR(__xludf.DUMMYFUNCTION("""COMPUTED_VALUE"""),6.0) -> 6 | D238: =IFERROR(__xludf.DUMMYFUNCTION("""COMPUTED_VALUE"""),6.0) -> 6 | E238: =IFERROR(__xludf.DUMMYFUNCTION("""COMPUTED_VALUE"""),2.0) -> 2 | F238: =IFERROR(__xludf.DUMMYFUNCTION("""COMPUTED_VALUE"""),14.0) -> 14 | G238: =IFERROR(__xludf.DUMMYFUNCTION("""COMPUTED_VALUE"""),1.0) -> 1
A239: =IFERROR(__xludf.DUMMYFUNCTION("""COMPUTED_VALUE"""),1.0) -> 1 | B239: =IFERROR(__xludf.DUMMYFUNCTION("""COMPUTED_VALUE"""),"David Shin") -> David Shin | C239: =IFERROR(__xludf.DUMMYFUNCTION("""COMPUTED_VALUE"""),4.0) -> 4 | D239: =IFERROR(__xludf.DUMMYFUNCTION("""COMPUTED_VALUE"""),7.0) -> 7 | E239: =IFERROR(__xludf.DUMMYFUNCTION("""COMPUTED_VALUE"""),2.0) -> 2 | F239: =IFERROR(__xludf.DUMMYFUNCTION("""COMPUTED_VALUE"""),13.0) -> 13 | G239: =IFERROR(__xludf.DUMMYFUNCTION("""COMPUTED_VALUE"""),1.0) -> 1
A240: =IFERROR(__xludf.DUMMYFUNCTION("""COMPUTED_VALUE"""),1.0) -> 1 | B240: =IFERROR(__xludf.DUMMYFUNCTION("""COMPUTED_VALUE"""),"Vinotkumar Nagappan") -> Vinotkumar Nagappan | C240: =IFERROR(__xludf.DUMMYFUNCTION("""COMPUTED_VALUE"""),4.0) -> 4 | D240: =IFERROR(__xludf.DUMMYFUNCTION("""COMPUTED_VALUE"""),6.0) -> 6 | E240: =IFERROR(__xludf.DUMMYFUNCTION("""COMPUTED_VALUE"""),6.0) -> 6 | F240: =IFERROR(__xludf.DUMMYFUNCTION("""COMPUTED_VALUE"""),16.0) -> 16 | G240: =IFERROR(__xludf.DUMMYFUNCTION("""COMPUTED_VALUE"""),1.0) -> 1
A241: =IFERROR(__xludf.DUMMYFUNCTION("""COMPUTED_VALUE"""),2.0) -> 2 | B241: =IFERROR(__xludf.DUMMYFUNCTION("""COMPUTED_VALUE"""),"Jaya Sogata") -> Jaya Sogata | C241: =IFERROR(__xludf.DUMMYFUNCTION("""COMPUTED_VALUE"""),5.0) -> 5 | D241: =IFERROR(__xludf.DUMMYFUNCTION("""COMPUTED_VALUE"""),6.0) -> 6 | E241: =IFERROR(__xludf.DUMMYFUNCTION("""COMPUTED_VALUE"""),4.0) -> 4 | F241: =IFERROR(__xludf.DUMMYFUNCTION("""COMPUTED_VALUE"""),15.0) -> 15 | G241: =IFERROR(__xludf.DUMMYFUNCTION("""COMPUTED_VALUE"""),1.0) -> 1
A242: =IFERROR(__xludf.DUMMYFUNCTION("""COMPUTED_VALUE"""),2.0) -> 2 | B242: =IFERROR(__xludf.DUMMYFUNCTION("""COMPUTED_VALUE"""),"Rajasekar Ramasamy") -> Rajasekar Ramasamy | C242: =IFERROR(__xludf.DUMMYFUNCTION("""COMPUTED_VALUE"""),7.0) -> 7 | D242: =IFERROR(__xludf.DUMMYFUNCTION("""COMPUTED_VALUE"""),1.0) -> 1 | E242: =IFERROR(__xludf.DUMMYFUNCTION("""COMPUTED_VALUE"""),4.0) -> 4 | F242: =IFERROR(__xludf.DUMMYFUNCTION("""COMPUTED_VALUE"""),12.0) -> 12 | G242: =IFERROR(__xludf.DUMMYFUNCTION("""COMPUTED_VALUE"""),1.0) -> 1
A243: =IFERROR(__xludf.DUMMYFUNCTION("""COMPUTED_VALUE"""),2.0) -> 2 | B243: =IFERROR(__xludf.DUMMYFUNCTION("""COMPUTED_VALUE"""),"Manish Anand") -> Manish Anand | C243: =IFERROR(__xludf.DUMMYFUNCTION("""COMPUTED_VALUE"""),7.0) -> 7 | D243: =IFERROR(__xludf.DUMMYFUNCTION("""COMPUTED_VALUE"""),6.0) -> 6 | E243: =IFERROR(__xludf.DUMMYFUNCTION("""COMPUTED_VALUE"""),6.0) -> 6 | F243: =IFERROR(__xludf.DUMMYFUNCTION("""COMPUTED_VALUE"""),19.0) -> 19 | G243: =IFERROR(__xludf.DUMMYFUNCTION("""COMPUTED_VALUE"""),3.0) -> 3
A244: =IFERROR(__xludf.DUMMYFUNCTION("""COMPUTED_VALUE"""),2.0) -> 2 | B244: =IFERROR(__xludf.DUMMYFUNCTION("""COMPUTED_VALUE"""),"Sandeep Kamalon") -> Sandeep Kamalon | C244: =IFERROR(__xludf.DUMMYFUNCTION("""COMPUTED_VALUE"""),5.0) -> 5 | D244: =IFERROR(__xludf.DUMMYFUNCTION("""COMPUTED_VALUE"""),1.0) -> 1 | E244: =IFERROR(__xludf.DUMMYFUNCTION("""COMPUTED_VALUE"""),6.0) -> 6 | F244: =IFERROR(__xludf.DUMMYFUNCTION("""COMPUTED_VALUE"""),12.0) -> 12 | G244: =IFERROR(__xludf.DUMMYFUNCTION("""COMPUTED_VALUE"""),1.0) -> 1
A245: =IFERROR(__xludf.DUMMYFUNCTION("""COMPUTED_VALUE"""),3.0) -> 3 | B245: =IFERROR(__xludf.DUMMYFUNCTION("""COMPUTED_VALUE"""),"Erik Hoeckmann") -> Erik Hoeckmann | C245: =IFERROR(__xludf.DUMMYFUNCTION("""COMPUTED_VALUE"""),6.0) -> 6 | D245: =IFERROR(__xludf.DUMMYFUNCTION("""COMPUTED_VALUE"""),6.0) -> 6 | E245: =IFERROR(__xludf.DUMMYFUNCTION("""COMPUTED_VALUE"""),6.0) -> 6 | F245: =IFERROR(__xludf.DUMMYFUNCTION("""COMPUTED_VALUE"""),18.0) -> 18 | G245: =IFERROR(__xludf.DUMMYFUNCTION("""COMPUTED_VALUE"""),1.0) -> 1
A246: =IFERROR(__xludf.DUMMYFUNCTION("""COMPUTED_VALUE"""),3.0) -> 3 | B246: =IFERROR(__xludf.DUMMYFUNCTION("""COMPUTED_VALUE"""),"Darren Wong") -> Darren Wong | C246: =IFERROR(__xludf.DUMMYFUNCTION("""COMPUTED_VALUE"""),7.0) -> 7 | D246: =IFERROR(__xludf.DUMMYFUNCTION("""COMPUTED_VALUE"""),7.0) -> 7 | E246: =IFERROR(__xludf.DUMMYFUNCTION("""COMPUTED_VALUE"""),6.0) -> 6 | F246: =IFERROR(__xludf.DUMMYFUNCTION("""COMPUTED_VALUE"""),20.0) -> 20 | G246: =IFERROR(__xludf.DUMMYFUNCTION("""COMPUTED_VALUE"""),3.0) -> 3
A247: =IFERROR(__xludf.DUMMYFUNCTION("""COMPUTED_VALUE"""),3.0) -> 3 | B247: =IFERROR(__xludf.DUMMYFUNCTION("""COMPUTED_VALUE"""),"Tina Hanson") -> Tina Hanson | C247: =IFERROR(__xludf.DUMMYFUNCTION("""COMPUTED_VALUE"""),7.0) -> 7 | D247: =IFERROR(__xludf.DUMMYFUNCTION("""COMPUTED_VALUE"""),6.0) -> 6 | E247: =IFERROR(__xludf.DUMMYFUNCTION("""COMPUTED_VALUE"""),4.0) -> 4 | F247: =IFERROR(__xludf.DUMMYFUNCTION("""COMPUTED_VALUE"""),17.0) -> 17 | G247: =IFERROR(__xludf.DUMMYFUNCTION("""COMPUTED_VALUE"""),1.0) -> 1
A248: =IFERROR(__xludf.DUMMYFUNCTION("""COMPUTED_VALUE"""),3.0) -> 3 | B248: =IFERROR(__xludf.DUMMYFUNCTION("""COMPUTED_VALUE"""),"Joe Luzzi") -> Joe Luzzi | C248: =IFERROR(__xludf.DUMMYFUNCTION("""COMPUTED_VALUE"""),6.0) -> 6 | D248: =IFERROR(__xludf.DUMMYFUNCTION("""COMPUTED_VALUE"""),7.0) -> 7 | E248: =IFERROR(__xludf.DUMMYFUNCTION("""COMPUTED_VALUE"""),4.0) -> 4 | F248: =IFERROR(__xludf.DUMMYFUNCTION("""COMPUTED_VALUE"""),17.0) -> 17 | G248: =IFERROR(__xludf.DUMMYFUNCTION("""COMPUTED_VALUE"""),1.0) -> 1
...

Sheet 100326
B1: Standings as of | C1: 46298
B2: Number of Weeks Played | D2: 14 | AC2: =TEXT(C1-7,"mm/dd/yy") -> 09/26/26
C3: Beginning of week | F3: Current Week Scores | N3: End of week | Q3: Jan-Jun 2026 | R3: Jul-Dec 2026
A4: Ranking | B4: Name of Player | C4: Games Won | D4: Sets Won | E4: Games Won / Match | F4: Check IN | G4: Court # | H4: Set 0 | I4: Set 1 | J4: Set 2 | K4: Set 3 | L4: Games Won | M4: Sets Won | N4: Games Won | O4: Sets Won | P4: Waiver | Q4: Fee | R4: Fee | S4: Games Played | T4: Sit outs | U4: No Shows | V4: Absent | W4: Positions Gained/Lost | X4: Ranking | Y4: Perfect attendence | Z4: Check
A5: 1 | B5: Tom Le | C5: 194 | D5: 21 | E5: =if(S5>0,(C5-(V5*9)-(T5*13))/S5,0) -> 15.181818 | F5: 1 | G5: 1 | H5: 0 | I5: 6 | J5: 7 | K5: 6 | L5: 19 | M5: 3 | N5: =C5+L5 -> 213 | O5: =D5+M5 -> 24 | P5: X | Q5: X | R5: X | S5: =vlookup(B5,indirect("'" & AC$2 & "'!B5:W71"),18,false)++if(text(C$1,"mm/dd/yy")=$AC$2,0,if(H5>0,0,1)) -> 11 | T5: =if(H5=13,1,0)+vlookup(B5,indirect("'" & AC$2 & "'!B5:W71"),19,false) -> 0 | V5: =vlookup(B5,indirect("'" & AC$2 & "'!B5:W71"),21,false)+if(text(C$1,"mm/dd/yy")=$AC$2,0,if(H5=9,1,0)) -> 3 | W5: =vlookup(B5,indirect("'" & AC$2 & "'!B5:x71"),23,false)-X5 -> 0 | X5: 1 | Y5: =if(S5=D$2,"Y","N") -> N | Z5: =if($D$2=sum(S5:V5),"","Error")
A6: =A5+1 -> 2 | B6: Andrew Yao | C6: 192 | D6: 20 | E6: =if(S6>0,(C6-(V6*9)-(T6*13))/S6,0) -> 13.833333 | F6: 5 | G6: 0 | H6: 13 | I6: 0 | J6: 0 | K6: 0 | L6: 13 | M6: 0 | N6: =C6+L6 -> 205 | O6: =D6+M6 -> 20 | P6: X | Q6: X | R6: X | S6: =vlookup(B6,indirect("'" & AC$2 & "'!B5:W71"),18,false)++if(text(C$1,"mm/dd/yy")=$AC$2,0,if(H6>0,0,1)) -> 12 | T6: =if(H6=13,1,0)+vlookup(B6,indirect("'" & AC$2 & "'!B5:W71"),19,false) -> 2 | V6: =vlookup(B6,indirect("'" & AC$2 & "'!B5:W71"),21,false)+if(text(C$1,"mm/dd/yy")=$AC$2,0,if(H6=9,1,0)) -> 0 | W6: =vlookup(B6,indirect("'" & AC$2 & "'!B5:x71"),23,false)-X6 -> 2 | X6: =X5+1 -> 2 | Y6: =if(S6=D$2,"Y","N") -> N | Z6: =if($D$2=sum(S6:V6),"","Error")
A7: =A6+1 -> 3 | B7: Pavan Akkimsetty | C7: 191 | D7: 19 | E7: =if(S7>0,(C7-(V7*9)-(T7*13))/S7,0) -> 14.083333 | F7: 1 | G7: 1 | H7: 0 | I7: 6 | J7: 6 | K7: 2 | L7: 14 | M7: 1 | N7: =C7+L7 -> 205 | O7: =D7+M7 -> 20 | P7: X | Q7: X | R7: X | S7: =vlookup(B7,indirect("'" & AC$2 & "'!B5:W71"),18,false)++if(text(C$1,"mm/dd/yy")=$AC$2,0,if(H7>0,0,1)) -> 12 | T7: =if(H7=13,1,0)+vlookup(B7,indirect("'" & AC$2 & "'!B5:W71"),19,false) -> 1 | V7: =vlookup(B7,indirect("'" & AC$2 & "'!B5:W71"),21,false)+if(text(C$1,"mm/dd/yy")=$AC$2,0,if(H7=9,1,0)) -> 1 | W7: =vlookup(B7,indirect("'" & AC$2 & "'!B5:x71"),23,false)-X7 -> -1 | X7: =X6+1 -> 3 | Y7: =if(S7=D$2,"Y","N") -> N | Z7: =if($D$2=sum(S7:V7),"","Error")
A8: =A7+1 -> 4 | B8: Pulkit Mathur | C8: 190 | D8: 24 | E8: =if(S8>0,(C8-(V8*9)-(T8*13))/S8,0) -> 15 | F8: 5 | G8: 0 | H8: 13 | I8: 0 | J8: 0 | K8: 0 | L8: 13 | M8: 0 | N8: =C8+L8 -> 203 | O8: =D8+M8 -> 24 | P8: X | Q8: X | R8: X | S8: =vlookup(B8,indirect("'" & AC$2 & "'!B5:W71"),18,false)++if(text(C$1,"mm/dd/yy")=$AC$2,0,if(H8>0,0,1)) -> 10 | T8: =if(H8=13,1,0)+vlookup(B8,indirect("'" & AC$2 & "'!B5:W71"),19,false) -> 1 | V8: =vlookup(B8,indirect("'" & AC$2 & "'!B5:W71"),21,false)+if(text(C$1,"mm/dd/yy")=$AC$2,0,if(H8=9,1,0)) -> 3 | W8: =vlookup(B8,indirect("'" & AC$2 & "'!B5:x71"),23,false)-X8 -> 2 | X8: =X7+1 -> 4 | Y8: =if(S8=D$2,"Y","N") -> N | Z8: =if($D$2=sum(S8:V8),"","Error")
A9: =A8+1 -> 5 | B9: David Shin | C9: 188 | D9: 20 | E9: =if(S9>0,(C9-(V9*9)-(T9*13))/S9,0) -> 13.461538 | F9: 1 | G9: 1 | H9: 0 | I9: 4 | J9: 7 | K9: 2 | L9: 13 | M9: 1 | N9: =C9+L9 -> 201 | O9: =D9+M9 -> 21 | P9: X | Q9: X | R9: X | S9: =vlookup(B9,indirect("'" & AC$2 & "'!B5:W71"),18,false)++if(text(C$1,"mm/dd/yy")=$AC$2,0,if(H9>0,0,1)) -> 13 | T9: =if(H9=13,1,0)+vlookup(B9,indirect("'" & AC$2 & "'!B5:W71"),19,false) -> 1 | V9: =vlookup(B9,indirect("'" & AC$2 & "'!B5:W71"),21,false)+if(text(C$1,"mm/dd/yy")=$AC$2,0,if(H9=9,1,0)) -> 0 | W9: =vlookup(B9,indirect("'" & AC$2 & "'!B5:x71"),23,false)-X9 -> -2 | X9: =X8+1 -> 5 | Y9: =if(S9=D$2,"Y","N") -> N | Z9: =if($D$2=sum(S9:V9),"","Error")
A10: =A9+1 -> 6 | B10: Rudy Tatang | C10: 187 | D10: 17 | E10: =if(S10>0,(C10-(V10*9)-(T10*13))/S10,0) -> 14.888889 | F10: 5 | G10: 0 | H10: 13 | I10: 0 | J10: 0 | K10: 0 | L10: 13 | M10: 0 | N10: =C10+L10 -> 200 | O10: =D10+M10 -> 17 | P10: X | Q10: X | R10: X | S10: =vlookup(B10,indirect("'" & AC$2 & "'!B5:W71"),18,false)++if(text(C$1,"mm/dd/yy")=$AC$2,0,if(H10>0,0,1)) -> 9 | T10: =if(H10=13,1,0)+vlookup(B10,indirect("'" & AC$2 & "'!B5:W71"),19,false) -> 2 | V10: =vlookup(B10,indirect("'" & AC$2 & "'!B5:W71"),21,false)+if(text(C$1,"mm/dd/yy")=$AC$2,0,if(H10=9,1,0)) -> 3 | W10: =vlookup(B10,indirect("'" & AC$2 & "'!B5:x71"),23,false)-X10 -> -1 | X10: =X9+1 -> 6 | Y10: =if(S10=D$2,"Y","N") -> N | Z10: =if($D$2=sum(S10:V10),"","Error")
A11: =A10+1 -> 7 | B11: Suleman Alidina | C11: 179 | D11: 11 | E11: =if(S11>0,(C11-(V11*9)-(T11*13))/S11,0) -> 13.714286 | F11: 3 | G11: 0 | H11: 9 | I11: 0 | J11: 0 | K11: 0 | L11: 9 | M11: 0 | N11: =C11+L11 -> 188 | O11: =D11+M11 -> 11 | P11: X | Q11: X | R11: X | S11: =vlookup(B11,indirect("'" & AC$2 & "'!B5:W71"),18,false)++if(text(C$1,"mm/dd/yy")=$AC$2,0,if(H11>0,0,1)) -> 7 | T11: =if(H11=13,1,0)+vlookup(B11,indirect("'" & AC$2 & "'!B5:W71"),19,false) -> 5 | V11: =vlookup(B11,indirect("'" & AC$2 & "'!B5:W71"),21,false)+if(text(C$1,"mm/dd/yy")=$AC$2,0,if(H11=9,1,0)) -> 2 | W11: =vlookup(B11,indirect("'" & AC$2 & "'!B5:x71"),23,false)-X11 -> 0 | X11: =X10+1 -> 7 | Y11: =if(S11=D$2,"Y","N") -> N | Z11: =if($D$2=sum(S11:V11),"","Error")
A12: =A11+1 -> 8 | B12: Vinotkumar Nagappan | C12: 177 | D12: 15 | E12: =if(S12>0,(C12-(V12*9)-(T12*13))/S12,0) -> 12.642857 | F12: 1 | G12: 1 | H12: 0 | I12: 4 | J12: 6 | K12: 6 | L12: 16 | M12: 1 | N12: =C12+L12 -> 193 | O12: =D12+M12 -> 16 | P12: X | Q12: X | R12: X | S12: =vlookup(B12,indirect("'" & AC$2 & "'!B5:W71"),18,false)++if(text(C$1,"mm/dd/yy")=$AC$2,0,if(H12>0,0,1)) -> 14 | T12: =if(H12=13,1,0)+vlookup(B12,indirect("'" & AC$2 & "'!B5:W71"),19,false) -> 0 | V12: =vlookup(B12,indirect("'" & AC$2 & "'!B5:W71"),21,false)+if(text(C$1,"mm/dd/yy")=$AC$2,0,if(H12=9,1,0)) -> 0 | W12: =vlookup(B12,indirect("'" & AC$2 & "'!B5:x71"),23,false)-X12 -> 0 | X12: =X11+1 -> 8 | Y12: =if(S12=D$2,"Y","N") -> Y | Z12: =if($D$2=sum(S12:V12),"","Error")
A13: =A12+1 -> 9 | B13: Jaya Sogata | C13: 177 | D13: 12 | E13: =if(S13>0,(C13-(V13*9)-(T13*13))/S13,0) -> 13.375 | F13: 2 | G13: 2 | H13: 0 | I13: 5 | J13: 6 | K13: 4 | L13: 15 | M13: 1 | N13: =C13+L13 -> 192 | O13: =D13+M13 -> 13 | P13: X | Q13: X | R13: X | S13: =vlookup(B13,indirect("'" & AC$2 & "'!B5:W71"),18,false)++if(text(C$1,"mm/dd/yy")=$AC$2,0,if(H13>0,0,1)) -> 8 | T13: =if(H13=13,1,0)+vlookup(B13,indirect("'" & AC$2 & "'!B5:W71"),19,false) -> 4 | V13: =vlookup(B13,indirect("'" & AC$2 & "'!B5:W71"),21,false)+if(text(C$1,"mm/dd/yy")=$AC$2,0,if(H13=9,1,0)) -> 2 | W13: =vlookup(B13,indirect("'" & AC$2 & "'!B5:x71"),23,false)-X13 -> 0 | X13: =X12+1 -> 9 | Y13: =if(S13=D$2,"Y","N") -> N | Z13: =if($D$2=sum(S13:V13),"","Error")
A14: =A13+1 -> 10 | B14: Rajasekar Ramasamy | C14: 176 | D14: 16 | E14: =if(S14>0,(C14-(V14*9)-(T14*13))/S14,0) -> 12.5 | F14: 1 | G14: 2 | H14: 0 | I14: 7 | J14: 1 | K14: 4 | L14: 12 | M14: 1 | N14: =C14+L14 -> 188 | O14: =D14+M14 -> 17 | P14: X | Q14: X | R14: X | S14: =vlookup(B14,indirect("'" & AC$2 & "'!B5:W71"),18,false)++if(text(C$1,"mm/dd/yy")=$AC$2,0,if(H14>0,0,1)) -> 12 | T14: =if(H14=13,1,0)+vlookup(B14,indirect("'" & AC$2 & "'!B5:W71"),19,false) -> 2 | V14: =vlookup(B14,indirect("'" & AC$2 & "'!B5:W71"),21,false)+if(text(C$1,"mm/dd/yy")=$AC$2,0,if(H14=9,1,0)) -> 0 | W14: =vlookup(B14,indirect("'" & AC$2 & "'!B5:x71"),23,false)-X14 -> 0 | X14: =X13+1 -> 10 | Y14: =if(S14=D$2,"Y","N") -> N | Z14: =if($D$2=sum(S14:V14),"","Error")
A15: =A14+1 -> 11 | B15: Manish Anand | C15: 175 | D15: 15 | E15: =if(S15>0,(C15-(V15*9)-(T15*13))/S15,0) -> 13.090909 | F15: 1 | G15: 2 | H15: 0 | I15: 7 | J15: 6 | K15: 6 | L15: 19 | M15: 3 | N15: =C15+L15 -> 194 | O15: =D15+M15 -> 18 | P15: X | Q15: X | R15: X | S15: =vlookup(B15,indirect("'" & AC$2 & "'!B5:W71"),18,false)++if(text(C$1,"mm/dd/yy")=$AC$2,0,if(H15>0,0,1)) -> 11 | T15: =if(H15=13,1,0)+vlookup(B15,indirect("'" & AC$2 & "'!B5:W71"),19,false) -> 1 | V15: =vlookup(B15,indirect("'" & AC$2 & "'!B5:W71"),21,false)+if(text(C$1,"mm/dd/yy")=$AC$2,0,if(H15=9,1,0)) -> 2 | W15: =vlookup(B15,indirect("'" & AC$2 & "'!B5:x71"),23,false)-X15 -> 2 | X15: =X14+1 -> 11 | Y15: =if(S15=D$2,"Y","N") -> N | Z15: =if($D$2=sum(S15:V15),"","Error")
A16: =A15+1 -> 12 | B16: Ruben Ron | C16: 175 | D16: 13 | E16: =if(S16>0,(C16-(V16*9)-(T16*13))/S16,0) -> 14.5 | F16: 5 | G16: 0 | H16: 13 | I16: 0 | J16: 0 | K16: 0 | L16: 13 | M16: 0 | N16: =C16+L16 -> 188 | O16: =D16+M16 -> 13 | P16: X | Q16: X | R16: X | S16: =vlookup(B16,indirect("'" & AC$2 & "'!B5:W71"),18,false)++if(text(C$1,"mm/dd/yy")=$AC$2,0,if(H16>0,0,1)) -> 6 | T16: =if(H16=13,1,0)+vlookup(B16,indirect("'" & AC$2 & "'!B5:W71"),19,false) -> 4 | V16: =vlookup(B16,indirect("'" & AC$2 & "'!B5:W71"),21,false)+if(text(C$1,"mm/dd/yy")=$AC$2,0,if(H16=9,1,0)) -> 4 | W16: =vlookup(B16,indirect("'" & AC$2 & "'!B5:x71"),23,false)-X16 -> -1 | X16: =X15+1 -> 12 | Y16: =if(S16=D$2,"Y","N") -> N | Z16: =if($D$2=sum(S16:V16),"","Error")
A17: =A16+1 -> 13 | B17: Scott Li | C17: 173 | D17: 16 | E17: =if(S17>0,(C17-(V17*9)-(T17*13))/S17,0) -> 12.181818 | F17: 5 | G17: 0 | H17: 13 | I17: 0 | J17: 0 | K17: 0 | L17: 13 | M17: 0 | N17: =C17+L17 -> 186 | O17: =D17+M17 -> 16 | P17: X | Q17: X | R17: X | S17: =vlookup(B17,indirect("'" & AC$2 & "'!B5:W71"),18,false)++if(text(C$1,"mm/dd/yy")=$AC$2,0,if(H17>0,0,1)) -> 11 | T17: =if(H17=13,1,0)+vlookup(B17,indirect("'" & AC$2 & "'!B5:W71"),19,false) -> 3 | V17: =vlookup(B17,indirect("'" & AC$2 & "'!B5:W71"),21,false)+if(text(C$1,"mm/dd/yy")=$AC$2,0,if(H17=9,1,0)) -> 0 | W17: =vlookup(B17,indirect("'" & AC$2 & "'!B5:x71"),23,false)-X17 -> -1 | X17: =X16+1 -> 13 | Y17: =if(S17=D$2,"Y","N") -> N | Z17: =if($D$2=sum(S17:V17),"","Error")
... A71: =A70+1 -> 67 | B71: Vicki Martinet | C71: 117 | D71: 0 | E71: =if(S71>0,(C71-(V71*9)-(T71*13))/S71,0) -> -4 | F71: 3 | G71: 0 | H71: 9 | I71: 0 | J71: 0 | K71: 0 | L71: 9 | M71: 0 | N71: =C71+L71 -> 126 | O71: =D71+M71 -> 0 | P71: X | Q71: X | R71: X | S71: =vlookup(B71,indirect("'" & AC$2 & "'!B5:W71"),18,false)++if(text(C$1,"mm/dd/yy")=$AC$2,0,if(H71>0,0,1)) -> 1 | T71: =if(H71=13,1,0)+vlookup(B71,indirect("'" & AC$2 & "'!B5:W71"),19,false) -> 1 | V71: =vlookup(B71,indirect("'" & AC$2 & "'!B5:W71"),21,false)+if(text(C$1,"mm/dd/yy")=$AC$2,0,if(H71=9,1,0)) -> 12 | W71: =vlookup(B71,indirect("'" & AC$2 & "'!B5:x71"),23,false)-X71 -> 0 | X71: =X70+1 -> 67 | Y71: =if(S71=D$2,"Y","N") -> N | Z71: =if($D$2=sum(S71:V71),"","Error")
P75: Membership Renewals
P76: Renewed | R76: =countif(R5:R71,"X") -> 67 | S76: =R76/R79 -> 1
B77: For Publishing in the WhatsApp Group for the score updates on saturday | P77: Not Renewing | R77: =countif(R5:R71,"N") -> 0
P78: To Renew | R78: =countif(R5:R71,"") -> 0
P79: Total | R79: =sum(R76:R78) -> 67
B80: =concatenate("Top Scores : " &AC2) -> Top Scores : 09/26/26
B82: Name of Player | C82: Games | D82: Sets | E82: Court #
B83: =IFERROR(__xludf.DUMMYFUNCTION("QUERY(indirect(AC2 & ""!B5:M79""),""Select B, L, M, G where L >= 18 order by L desc,M desc"",0)"),"Pulkit Mathur") -> Pulkit Mathur | C83: =IFERROR(__xludf.DUMMYFUNCTION("""COMPUTED_VALUE"""),19.0) -> 19 | D83: =IFERROR(__xludf.DUMMYFUNCTION("""COMPUTED_VALUE"""),3.0) -> 3 | E83: =IFERROR(__xludf.DUMMYFUNCTION("""COMPUTED_VALUE"""),2.0) -> 2
B84: =IFERROR(__xludf.DUMMYFUNCTION("""COMPUTED_VALUE"""),"Basudev Thoppai Vidyasankar") -> Basudev Thoppai Vidyasankar | C84: =IFERROR(__xludf.DUMMYFUNCTION("""COMPUTED_VALUE"""),19.0) -> 19 | D84: =IFERROR(__xludf.DUMMYFUNCTION("""COMPUTED_VALUE"""),3.0) -> 3 | E84: =IFERROR(__xludf.DUMMYFUNCTION("""COMPUTED_VALUE"""),4.0) -> 4
B85: =IFERROR(__xludf.DUMMYFUNCTION("""COMPUTED_VALUE"""),"Jimmy Awolesi") -> Jimmy Awolesi | C85: =IFERROR(__xludf.DUMMYFUNCTION("""COMPUTED_VALUE"""),19.0) -> 19 | D85: =IFERROR(__xludf.DUMMYFUNCTION("""COMPUTED_VALUE"""),3.0) -> 3 | E85: =IFERROR(__xludf.DUMMYFUNCTION("""COMPUTED_VALUE"""),6.0) -> 6
B86: =IFERROR(__xludf.DUMMYFUNCTION("""COMPUTED_VALUE"""),"Lloyd Sagar") -> Lloyd Sagar | C86: =IFERROR(__xludf.DUMMYFUNCTION("""COMPUTED_VALUE"""),19.0) -> 19 | D86: =IFERROR(__xludf.DUMMYFUNCTION("""COMPUTED_VALUE"""),3.0) -> 3 | E86: =IFERROR(__xludf.DUMMYFUNCTION("""COMPUTED_VALUE"""),7.0) -> 7
B87: =IFERROR(__xludf.DUMMYFUNCTION("""COMPUTED_VALUE"""),"Coco Yan") -> Coco Yan | C87: =IFERROR(__xludf.DUMMYFUNCTION("""COMPUTED_VALUE"""),19.0) -> 19 | D87: =IFERROR(__xludf.DUMMYFUNCTION("""COMPUTED_VALUE"""),2.0) -> 2 | E87: =IFERROR(__xludf.DUMMYFUNCTION("""COMPUTED_VALUE"""),8.0) -> 8
B88: =IFERROR(__xludf.DUMMYFUNCTION("""COMPUTED_VALUE"""),"Sean Chang") -> Sean Chang | C88: =IFERROR(__xludf.DUMMYFUNCTION("""COMPUTED_VALUE"""),19.0) -> 19 | D88: =IFERROR(__xludf.DUMMYFUNCTION("""COMPUTED_VALUE"""),2.0) -> 2 | E88: =IFERROR(__xludf.DUMMYFUNCTION("""COMPUTED_VALUE"""),8.0) -> 8
B89: =IFERROR(__xludf.DUMMYFUNCTION("""COMPUTED_VALUE"""),"Andrew Yao") -> Andrew Yao | C89: =IFERROR(__xludf.DUMMYFUNCTION("""COMPUTED_VALUE"""),18.0) -> 18 | D89: =IFERROR(__xludf.DUMMYFUNCTION("""COMPUTED_VALUE"""),3.0) -> 3 | E89: =IFERROR(__xludf.DUMMYFUNCTION("""COMPUTED_VALUE"""),1.0) -> 1
B90: =IFERROR(__xludf.DUMMYFUNCTION("""COMPUTED_VALUE"""),"Elayaraja Thangaraj") -> Elayaraja Thangaraj | C90: =IFERROR(__xludf.DUMMYFUNCTION("""COMPUTED_VALUE"""),18.0) -> 18 | D90: =IFERROR(__xludf.DUMMYFUNCTION("""COMPUTED_VALUE"""),3.0) -> 3 | E90: =IFERROR(__xludf.DUMMYFUNCTION("""COMPUTED_VALUE"""),5.0) -> 5
B99: Top 10 Climbers
B101: Name of Player | C101: Positions Moved | D101: Position Last week | E101: Position This week | F101: Points this week | G101: Court | L101: Cross Check
B102: =IFERROR(__xludf.DUMMYFUNCTION("query(B5:W71,""select B, W order by W Desc Limit 10"")"),"Coco Yan") -> Coco Yan | C102: =IFERROR(__xludf.DUMMYFUNCTION("""COMPUTED_VALUE"""),10.0) -> 10 | D102: =VLOOKUP(B102,indirect($AC$2&"!B$5:X$79"),23, false) -> 47 | E102: =VLOOKUP(B102,B$5:X$71,23, false) -> 37 | F102: =VLOOKUP(B102,indirect($AC$2&"!B$5:U$79"),11, false) -> 19 | G102: =VLOOKUP(B102,indirect($AC$2&"!B$5:U$79"),6, false) -> 8 | L102: =if(D102-E102=C102,"ok","Error") -> ok
B103: =IFERROR(__xludf.DUMMYFUNCTION("""COMPUTED_VALUE"""),"Sean Chang") -> Sean Chang | C103: =IFERROR(__xludf.DUMMYFUNCTION("""COMPUTED_VALUE"""),10.0) -> 10 | D103: =VLOOKUP(B103,indirect($AC$2&"!B$5:X$79"),23, false) -> 50 | E103: =VLOOKUP(B103,B$5:X$71,23, false) -> 40 | F103: =VLOOKUP(B103,indirect($AC$2&"!B$5:U$79"),11, false) -> 19 | G103: =VLOOKUP(B103,indirect($AC$2&"!B$5:U$79"),6, false) -> 8 | L103: =if(D103-E103=C103,"ok","Error") -> ok
B104: =IFERROR(__xludf.DUMMYFUNCTION("""COMPUTED_VALUE"""),"Basudev Thoppai Vidyasankar") -> Basudev Thoppai Vidyasankar | C104: =IFERROR(__xludf.DUMMYFUNCTION("""COMPUTED_VALUE"""),7.0) -> 7 | D104: =VLOOKUP(B104,indirect($AC$2&"!B$5:X$79"),23, false) -> 21 | E104: =VLOOKUP(B104,B$5:X$71,23, false) -> 14 | F104: =VLOOKUP(B104,indirect($AC$2&"!B$5:U$79"),11, false) -> 19 | G104: =VLOOKUP(B104,indirect($AC$2&"!B$5:U$79"),6, false) -> 4 | L104: =if(D104-E104=C104,"ok","Error") -> ok
B105: =IFERROR(__xludf.DUMMYFUNCTION("""COMPUTED_VALUE"""),"Erik Hoeckmann") -> Erik Hoeckmann | C105: =IFERROR(__xludf.DUMMYFUNCTION("""COMPUTED_VALUE"""),6.0) -> 6 | D105: =VLOOKUP(B105,indirect($AC$2&"!B$5:X$79"),23, false) -> 23 | E105: =VLOOKUP(B105,B$5:X$71,23, false) -> 17 | F105: =VLOOKUP(B105,indirect($AC$2&"!B$5:U$79"),11, false) -> 15 | G105: =VLOOKUP(B105,indirect($AC$2&"!B$5:U$79"),6, false) -> 4 | L105: =if(D105-E105=C105,"ok","Error") -> ok
B106: =IFERROR(__xludf.DUMMYFUNCTION("""COMPUTED_VALUE"""),"Lloyd Sagar") -> Lloyd Sagar | C106: =IFERROR(__xludf.DUMMYFUNCTION("""COMPUTED_VALUE"""),6.0) -> 6 | D106: =VLOOKUP(B106,indirect($AC$2&"!B$5:X$79"),23, false) -> 39 | E106: =VLOOKUP(B106,B$5:X$71,23, false) -> 33 | F106: =VLOOKUP(B106,indirect($AC$2&"!B$5:U$79"),11, false) -> 19 | G106: =VLOOKUP(B106,indirect($AC$2&"!B$5:U$79"),6, false) -> 7 | L106: =if(D106-E106=C106,"ok","Error") -> ok
B107: =IFERROR(__xludf.DUMMYFUNCTION("""COMPUTED_VALUE"""),"Elayaraja Thangaraj") -> Elayaraja Thangaraj | C107: =IFERROR(__xludf.DUMMYFUNCTION("""COMPUTED_VALUE"""),5.0) -> 5 | D107: =VLOOKUP(B107,indirect($AC$2&"!B$5:X$79"),23, false) -> 31 | E107: =VLOOKUP(B107,B$5:X$71,23, false) -> 26 | F107: =VLOOKUP(B107,indirect($AC$2&"!B$5:U$79"),11, false) -> 18 | G107: =VLOOKUP(B107,indirect($AC$2&"!B$5:U$79"),6, false) -> 5 | L107: =if(D107-E107=C107,"ok","Error") -> ok
B108: =IFERROR(__xludf.DUMMYFUNCTION("""COMPUTED_VALUE"""),"Manuel Rivera") -> Manuel Rivera | C108: =IFERROR(__xludf.DUMMYFUNCTION("""COMPUTED_VALUE"""),5.0) -> 5 | D108: =VLOOKUP(B108,indirect($AC$2&"!B$5:X$79"),23, false) -> 46 | E108: =VLOOKUP(B108,B$5:X$71,23, false) -> 41 | F108: =VLOOKUP(B108,indirect($AC$2&"!B$5:U$79"),11, false) -> 15 | G108: =VLOOKUP(B108,indirect($AC$2&"!B$5:U$79"),6, false) -> 7 | L108: =if(D108-E108=C108,"ok","Error") -> ok
B109: =IFERROR(__xludf.DUMMYFUNCTION("""COMPUTED_VALUE"""),"Saravanan Veerapandian") -> Saravanan Veerapandian | C109: =IFERROR(__xludf.DUMMYFUNCTION("""COMPUTED_VALUE"""),4.0) -> 4 | D109: =VLOOKUP(B109,indirect($AC$2&"!B$5:X$79"),23, false) -> 62 | E109: =VLOOKUP(B109,B$5:X$71,23, false) -> 58 | F109: =VLOOKUP(B109,indirect($AC$2&"!B$5:U$79"),11, false) -> 13 | G109: =VLOOKUP(B109,indirect($AC$2&"!B$5:U$79"),6, false) -> 0 | L109: =if(D109-E109=C109,"ok","Error") -> ok
B110: =IFERROR(__xludf.DUMMYFUNCTION("""COMPUTED_VALUE"""),"Tina Hanson") -> Tina Hanson | C110: =IFERROR(__xludf.DUMMYFUNCTION("""COMPUTED_VALUE"""),3.0) -> 3 | D110: =VLOOKUP(B110,indirect($AC$2&"!B$5:X$79"),23, false) -> 22 | E110: =VLOOKUP(B110,B$5:X$71,23, false) -> 19 | F110: =VLOOKUP(B110,indirect($AC$2&"!B$5:U$79"),11, false) -> 13 | G110: =VLOOKUP(B110,indirect($AC$2&"!B$5:U$79"),6, false) -> 4 | L110: =if(D110-E110=C110,"ok","Error") -> ok
B111: =IFERROR(__xludf.DUMMYFUNCTION("""COMPUTED_VALUE"""),"Lam Bui") -> Lam Bui | C111: =IFERROR(__xludf.DUMMYFUNCTION("""COMPUTED_VALUE"""),3.0) -> 3 | D111: =VLOOKUP(B111,indirect($AC$2&"!B$5:X$79"),23, false) -> 25 | E111: =VLOOKUP(B111,B$5:X$71,23, false) -> 22 | F111: =VLOOKUP(B111,indirect($AC$2&"!B$5:U$79"),11, false) -> 13 | G111: =VLOOKUP(B111,indirect($AC$2&"!B$5:U$79"),6, false) -> 0 | L111: =if(D111-E111=C111,"ok","Error") -> ok
A117: =CONCATENATE("TOP 10 Players after " &D2 & " Weeks") -> TOP 10 Players after 14 Weeks
A119: Ranking | B119: Name of Player | C119: Games Won | D119: Sets Won | E119: Games Won / Match
A120: =A5 -> 1 | B120: =B5 -> Tom Le | C120: =C5 -> 194 | D120: =D5 -> 21 | E120: =E5 -> 15.181818
A121: =A6 -> 2 | B121: =B6 -> Andrew Yao | C121: =C6 -> 192 | D121: =D6 -> 20 | E121: =E6 -> 13.833333
A122: =A7 -> 3 | B122: =B7 -> Pavan Akkimsetty | C122: =C7 -> 191 | D122: =D7 -> 19 | E122: =E7 -> 14.083333
A123: =A8 -> 4 | B123: =B8 -> Pulkit Mathur | C123: =C8 -> 190 | D123: =D8 -> 24 | E123: =E8 -> 15
A124: =A9 -> 5 | B124: =B9 -> David Shin | C124: =C9 -> 188 | D124: =D9 -> 20 | E124: =E9 -> 13.461538
A125: =A10 -> 6 | B125: =B10 -> Rudy Tatang | C125: =C10 -> 187 | D125: =D10 -> 17 | E125: =E10 -> 14.888889
A126: =A11 -> 7 | B126: =B11 -> Suleman Alidina | C126: =C11 -> 179 | D126: =D11 -> 11 | E126: =E11 -> 13.714286
A127: =A12 -> 8 | B127: =B12 -> Vinotkumar Nagappan | C127: =C12 -> 177 | D127: =D12 -> 15 | E127: =E12 -> 12.642857
A128: =A13 -> 9 | B128: =B13 -> Jaya Sogata | C128: =C13 -> 177 | D128: =D13 -> 12 | E128: =E13 -> 13.375
A129: =A14 -> 10 | B129: =B14 -> Rajasekar Ramasamy | C129: =C14 -> 176 | D129: =D14 -> 16 | E129: =E14 -> 12.5
A134: Perfect Attendance
A136: No | B136: Name of the Player
A137: =if(B137<>"",1,0) -> 1 | B137: =IFERROR(__xludf.DUMMYFUNCTION("query(B5:Y71,""select B where Y = 'Y' order by B ASC"")"),"Vinotkumar Nagappan") -> Vinotkumar Nagappan
A138: =if(B138<>"",A137+1,0) -> 0
A139: =if(B139<>"",A138+1,0) -> 0
A140: =if(B140<>"",A139+1,0) -> 0
A141: =if(B141<>"",A140+1,0) -> 0
A142: =if(B142<>"",A141+1,0) -> 0
A143: =if(B143<>"",A142+1,0) -> 0
A144: =if(B144<>"",A143+1,0) -> 0
A145: =if(B145<>"",A144+1,0) -> 0
A146: =if(B146<>"",A145+1,0) -> 0
A147: =if(B147<>"",A146+1,0) -> 0
A148: =if(B148<>"",A147+1,0) -> 0
A149: =if(B149<>"",A148+1,0) -> 0
... A212: =if(B212<>"",A211+1,0) -> 0
B215: King of Kings
B217: Name of the Player | C217: No. of Weeks
B218: =Data!F109 | C218: =Data!G109
B219: =Data!F110 | C219: =Data!G110
B220: =Data!F111 | C220: =Data!G111
B221: =Data!F112 | C221: =Data!G112
B222: =Data!F113 | C222: =#REF! -> #REF!
B223: =Data!F114 | C223: =#REF! -> #REF!
B224: =#REF! -> #REF! | C224: =#REF! -> #REF!
B225: =#REF! -> #REF! | C225: =#REF! -> #REF!
B226: =#REF! -> #REF! | C226: =#REF! -> #REF!
B227: =#REF! -> #REF! | C227: =#REF! -> #REF!
B228: =#REF! -> #REF! | C228: =#REF! -> #REF!
B236: =concatenate("Scores for : " & AC2) -> Scores for : 09/26/26
A238: Court # | B238: Name of the Player | C238: Set 1 | D238: Set 2 | E238: Set 3 | F238: Total Games won | G238: Sets Won
A239: =IFERROR(__xludf.DUMMYFUNCTION("QUERY(indirect(AC2 & ""!B5:M79""),""Select G, B, I, J, K,L, M where G > 0 order by G asc"",0)"),1.0) -> 1 | B239: =IFERROR(__xludf.DUMMYFUNCTION("""COMPUTED_VALUE"""),"Tom Le") -> Tom Le | C239: =IFERROR(__xludf.DUMMYFUNCTION("""COMPUTED_VALUE"""),4.0) -> 4 | D239: =IFERROR(__xludf.DUMMYFUNCTION("""COMPUTED_VALUE"""),4.0) -> 4 | E239: =IFERROR(__xludf.DUMMYFUNCTION("""COMPUTED_VALUE"""),6.0) -> 6 | F239: =IFERROR(__xludf.DUMMYFUNCTION("""COMPUTED_VALUE"""),14.0) -> 14 | G239: =IFERROR(__xludf.DUMMYFUNCTION("""COMPUTED_VALUE"""),1.0) -> 1
A240: =IFERROR(__xludf.DUMMYFUNCTION("""COMPUTED_VALUE"""),1.0) -> 1 | B240: =IFERROR(__xludf.DUMMYFUNCTION("""COMPUTED_VALUE"""),"Pavan Akkimsetty") -> Pavan Akkimsetty | C240: =IFERROR(__xludf.DUMMYFUNCTION("""COMPUTED_VALUE"""),6.0) -> 6 | D240: =IFERROR(__xludf.DUMMYFUNCTION("""COMPUTED_VALUE"""),4.0) -> 4 | E240: =IFERROR(__xludf.DUMMYFUNCTION("""COMPUTED_VALUE"""),4.0) -> 4 | F240: =IFERROR(__xludf.DUMMYFUNCTION("""COMPUTED_VALUE"""),14.0) -> 14 | G240: =IFERROR(__xludf.DUMMYFUNCTION("""COMPUTED_VALUE"""),1.0) -> 1
A241: =IFERROR(__xludf.DUMMYFUNCTION("""COMPUTED_VALUE"""),1.0) -> 1 | B241: =IFERROR(__xludf.DUMMYFUNCTION("""COMPUTED_VALUE"""),"David Shin") -> David Shin | C241: =IFERROR(__xludf.DUMMYFUNCTION("""COMPUTED_VALUE"""),4.0) -> 4 | D241: =IFERROR(__xludf.DUMMYFUNCTION("""COMPUTED_VALUE"""),6.0) -> 6 | E241: =IFERROR(__xludf.DUMMYFUNCTION("""COMPUTED_VALUE"""),4.0) -> 4 | F241: =IFERROR(__xludf.DUMMYFUNCTION("""COMPUTED_VALUE"""),14.0) -> 14 | G241: =IFERROR(__xludf.DUMMYFUNCTION("""COMPUTED_VALUE"""),1.0) -> 1
A242: =IFERROR(__xludf.DUMMYFUNCTION("""COMPUTED_VALUE"""),1.0) -> 1 | B242: =IFERROR(__xludf.DUMMYFUNCTION("""COMPUTED_VALUE"""),"Andrew Yao") -> Andrew Yao | C242: =IFERROR(__xludf.DUMMYFUNCTION("""COMPUTED_VALUE"""),6.0) -> 6 | D242: =IFERROR(__xludf.DUMMYFUNCTION("""COMPUTED_VALUE"""),6.0) -> 6 | E242: =IFERROR(__xludf.DUMMYFUNCTION("""COMPUTED_VALUE"""),6.0) -> 6 | F242: =IFERROR(__xludf.DUMMYFUNCTION("""COMPUTED_VALUE"""),18.0) -> 18 | G242: =IFERROR(__xludf.DUMMYFUNCTION("""COMPUTED_VALUE"""),3.0) -> 3
A243: =IFERROR(__xludf.DUMMYFUNCTION("""COMPUTED_VALUE"""),2.0) -> 2 | B243: =IFERROR(__xludf.DUMMYFUNCTION("""COMPUTED_VALUE"""),"Rudy Tatang") -> Rudy Tatang | C243: =IFERROR(__xludf.DUMMYFUNCTION("""COMPUTED_VALUE"""),5.0) -> 5 | D243: =IFERROR(__xludf.DUMMYFUNCTION("""COMPUTED_VALUE"""),2.0) -> 2 | E243: =IFERROR(__xludf.DUMMYFUNCTION("""COMPUTED_VALUE"""),6.0) -> 6 | F243: =IFERROR(__xludf.DUMMYFUNCTION("""COMPUTED_VALUE"""),13.0) -> 13 | G243: =IFERROR(__xludf.DUMMYFUNCTION("""COMPUTED_VALUE"""),1.0) -> 1
A244: =IFERROR(__xludf.DUMMYFUNCTION("""COMPUTED_VALUE"""),2.0) -> 2 | B244: =IFERROR(__xludf.DUMMYFUNCTION("""COMPUTED_VALUE"""),"Pulkit Mathur") -> Pulkit Mathur | C244: =IFERROR(__xludf.DUMMYFUNCTION("""COMPUTED_VALUE"""),7.0) -> 7 | D244: =IFERROR(__xludf.DUMMYFUNCTION("""COMPUTED_VALUE"""),6.0) -> 6 | E244: =IFERROR(__xludf.DUMMYFUNCTION("""COMPUTED_VALUE"""),6.0) -> 6 | F244: =IFERROR(__xludf.DUMMYFUNCTION("""COMPUTED_VALUE"""),19.0) -> 19 | G244: =IFERROR(__xludf.DUMMYFUNCTION("""COMPUTED_VALUE"""),3.0) -> 3
A245: =IFERROR(__xludf.DUMMYFUNCTION("""COMPUTED_VALUE"""),2.0) -> 2 | B245: =IFERROR(__xludf.DUMMYFUNCTION("""COMPUTED_VALUE"""),"Vinotkumar Nagappan") -> Vinotkumar Nagappan | C245: =IFERROR(__xludf.DUMMYFUNCTION("""COMPUTED_VALUE"""),7.0) -> 7 | D245: =IFERROR(__xludf.DUMMYFUNCTION("""COMPUTED_VALUE"""),2.0) -> 2 | E245: =IFERROR(__xludf.DUMMYFUNCTION("""COMPUTED_VALUE"""),3.0) -> 3 | F245: =IFERROR(__xludf.DUMMYFUNCTION("""COMPUTED_VALUE"""),12.0) -> 12 | G245: =IFERROR(__xludf.DUMMYFUNCTION("""COMPUTED_VALUE"""),1.0) -> 1
A246: =IFERROR(__xludf.DUMMYFUNCTION("""COMPUTED_VALUE"""),2.0) -> 2 | B246: =IFERROR(__xludf.DUMMYFUNCTION("""COMPUTED_VALUE"""),"Rajasekar Ramasamy") -> Rajasekar Ramasamy | C246: =IFERROR(__xludf.DUMMYFUNCTION("""COMPUTED_VALUE"""),5.0) -> 5 | D246: =IFERROR(__xludf.DUMMYFUNCTION("""COMPUTED_VALUE"""),6.0) -> 6 | E246: =IFERROR(__xludf.DUMMYFUNCTION("""COMPUTED_VALUE"""),3.0) -> 3 | F246: =IFERROR(__xludf.DUMMYFUNCTION("""COMPUTED_VALUE"""),14.0) -> 14 | G246: =IFERROR(__xludf.DUMMYFUNCTION("""COMPUTED_VALUE"""),1.0) -> 1
A247: =IFERROR(__xludf.DUMMYFUNCTION("""COMPUTED_VALUE"""),3.0) -> 3 | B247: =IFERROR(__xludf.DUMMYFUNCTION("""COMPUTED_VALUE"""),"Scott Li") -> Scott Li | C247: =IFERROR(__xludf.DUMMYFUNCTION("""COMPUTED_VALUE"""),6.0) -> 6 | D247: =IFERROR(__xludf.DUMMYFUNCTION("""COMPUTED_VALUE"""),1.0) -> 1 | E247: =IFERROR(__xludf.DUMMYFUNCTION("""COMPUTED_VALUE"""),6.0) -> 6 | F247: =IFERROR(__xludf.DUMMYFUNCTION("""COMPUTED_VALUE"""),13.0) -> 13 | G247: =IFERROR(__xludf.DUMMYFUNCTION("""COMPUTED_VALUE"""),2.0) -> 2
A248: =IFERROR(__xludf.DUMMYFUNCTION("""COMPUTED_VALUE"""),3.0) -> 3 | B248: =IFERROR(__xludf.DUMMYFUNCTION("""COMPUTED_VALUE"""),"Manish Anand") -> Manish Anand | C248: =IFERROR(__xludf.DUMMYFUNCTION("""COMPUTED_VALUE"""),3.0) -> 3 | D248: =IFERROR(__xludf.DUMMYFUNCTION("""COMPUTED_VALUE"""),6.0) -> 6 | E248: =IFERROR(__xludf.DUMMYFUNCTION("""COMPUTED_VALUE"""),6.0) -> 6 | F248: =IFERROR(__xludf.DUMMYFUNCTION("""COMPUTED_VALUE"""),15.0) -> 15 | G248: =IFERROR(__xludf.DUMMYFUNCTION("""COMPUTED_VALUE"""),2.0) -> 2
A249: =IFERROR(__xludf.DUMMYFUNCTION("""COMPUTED_VALUE"""),3.0) -> 3 | B249: =IFERROR(__xludf.DUMMYFUNCTION("""COMPUTED_VALUE"""),"Joe Luzzi") -> Joe Luzzi | C249: =IFERROR(__xludf.DUMMYFUNCTION("""COMPUTED_VALUE"""),3.0) -> 3 | D249: =IFERROR(__xludf.DUMMYFUNCTION("""COMPUTED_VALUE"""),1.0) -> 1 | E249: =IFERROR(__xludf.DUMMYFUNCTION("""COMPUTED_VALUE"""),4.0) -> 4 | F249: =IFERROR(__xludf.DUMMYFUNCTION("""COMPUTED_VALUE"""),8.0) -> 8 | G249: =IFERROR(__xludf.DUMMYFUNCTION("""COMPUTED_VALUE"""),0.0) -> 0
A250: =IFERROR(__xludf.DUMMYFUNCTION("""COMPUTED_VALUE"""),3.0) -> 3 | B250: =IFERROR(__xludf.DUMMYFUNCTION("""COMPUTED_VALUE"""),"Herman Au") -> Herman Au | C250: =IFERROR(__xludf.DUMMYFUNCTION("""COMPUTED_VALUE"""),6.0) -> 6 | D250: =IFERROR(__xludf.DUMMYFUNCTION("""COMPUTED_VALUE"""),6.0) -> 6 | E250: =IFERROR(__xludf.DUMMYFUNCTION("""COMPUTED_VALUE"""),4.0) -> 4 | F250: =IFERROR(__xludf.DUMMYFUNCTION("""COMPUTED_VALUE"""),16.0) -> 16 | G250: =IFERROR(__xludf.DUMMYFUNCTION("""COMPUTED_VALUE"""),2.0) -> 2
...

Sheet 092626
B1: Standings as of | C1: 46291
B2: Number of Weeks Played | D2: 13 | AC2: =TEXT(C1-7,"mm/dd/yy") -> 09/19/26
C3: Beginning of week | F3: Current Week Scores | N3: End of week | Q3: Jan-Jun 2026 | R3: Jul-Dec 2026
A4: Ranking | B4: Name of Player | C4: Games Won | D4: Sets Won | E4: Games Won / Match | F4: Check IN | G4: Court # | H4: Set 0 | I4: Set 1 | J4: Set 2 | K4: Set 3 | L4: Games Won | M4: Sets Won | N4: Games Won | O4: Sets Won | P4: Waiver | Q4: Fee | R4: Fee | S4: Games Played | T4: Sit outs | U4: No Shows | V4: Absent | W4: Positions Gained/Lost | X4: Ranking | Y4: Perfect attendence | Z4: Check
A5: 1 | B5: Tom Le | C5: 180 | D5: 20 | E5: =if(S5>0,(C5-(V5*9)-(T5*13))/S5,0) -> 15.3 | F5: 1 | G5: 1 | H5: 0 | I5: 4 | J5: 4 | K5: 6 | L5: 14 | M5: 1 | N5: =C5+L5 -> 194 | O5: =D5+M5 -> 21 | P5: X | Q5: X | R5: X | S5: =vlookup(B5,indirect("'" & AC$2 & "'!B5:W71"),18,false)++if(text(C$1,"mm/dd/yy")=$AC$2,0,if(H5>0,0,1)) -> 10 | T5: =if(H5=13,1,0)+vlookup(B5,indirect("'" & AC$2 & "'!B5:W71"),19,false) -> 0 | V5: =vlookup(B5,indirect("'" & AC$2 & "'!B5:W71"),21,false)+if(text(C$1,"mm/dd/yy")=$AC$2,0,if(H5=9,1,0)) -> 3 | W5: =vlookup(B5,indirect("'" & AC$2 & "'!B5:x71"),23,false)-X5 -> 3 | X5: 1 | Y5: =if(S5=D$2,"Y","N") -> N | Z5: =if($D$2=sum(S5:V5),"","Error")
A6: =A5+1 -> 2 | B6: Pavan Akkimsetty | C6: 177 | D6: 18 | E6: =if(S6>0,(C6-(V6*9)-(T6*13))/S6,0) -> 14.090909 | F6: 1 | G6: 1 | H6: 0 | I6: 6 | J6: 4 | K6: 4 | L6: 14 | M6: 1 | N6: =C6+L6 -> 191 | O6: =D6+M6 -> 19 | P6: X | Q6: X | R6: X | S6: =vlookup(B6,indirect("'" & AC$2 & "'!B5:W71"),18,false)++if(text(C$1,"mm/dd/yy")=$AC$2,0,if(H6>0,0,1)) -> 11 | T6: =if(H6=13,1,0)+vlookup(B6,indirect("'" & AC$2 & "'!B5:W71"),19,false) -> 1 | V6: =vlookup(B6,indirect("'" & AC$2 & "'!B5:W71"),21,false)+if(text(C$1,"mm/dd/yy")=$AC$2,0,if(H6=9,1,0)) -> 1 | W6: =vlookup(B6,indirect("'" & AC$2 & "'!B5:x71"),23,false)-X6 -> 1 | X6: =X5+1 -> 2 | Y6: =if(S6=D$2,"Y","N") -> N | Z6: =if($D$2=sum(S6:V6),"","Error")
A7: =A6+1 -> 3 | B7: David Shin | C7: 174 | D7: 19 | E7: =if(S7>0,(C7-(V7*9)-(T7*13))/S7,0) -> 13.416667 | F7: 1 | G7: 1 | H7: 0 | I7: 4 | J7: 6 | K7: 4 | L7: 14 | M7: 1 | N7: =C7+L7 -> 188 | O7: =D7+M7 -> 20 | P7: X | Q7: X | R7: X | S7: =vlookup(B7,indirect("'" & AC$2 & "'!B5:W71"),18,false)++if(text(C$1,"mm/dd/yy")=$AC$2,0,if(H7>0,0,1)) -> 12 | T7: =if(H7=13,1,0)+vlookup(B7,indirect("'" & AC$2 & "'!B5:W71"),19,false) -> 1 | V7: =vlookup(B7,indirect("'" & AC$2 & "'!B5:W71"),21,false)+if(text(C$1,"mm/dd/yy")=$AC$2,0,if(H7=9,1,0)) -> 0 | W7: =vlookup(B7,indirect("'" & AC$2 & "'!B5:x71"),23,false)-X7 -> -1 | X7: =X6+1 -> 3 | Y7: =if(S7=D$2,"Y","N") -> N | Z7: =if($D$2=sum(S7:V7),"","Error")
A8: =A7+1 -> 4 | B8: Andrew Yao | C8: 174 | D8: 17 | E8: =if(S8>0,(C8-(V8*9)-(T8*13))/S8,0) -> 13.416667 | F8: 1 | G8: 1 | H8: 0 | I8: 6 | J8: 6 | K8: 6 | L8: 18 | M8: 3 | N8: =C8+L8 -> 192 | O8: =D8+M8 -> 20 | P8: X | Q8: X | R8: X | S8: =vlookup(B8,indirect("'" & AC$2 & "'!B5:W71"),18,false)++if(text(C$1,"mm/dd/yy")=$AC$2,0,if(H8>0,0,1)) -> 12 | T8: =if(H8=13,1,0)+vlookup(B8,indirect("'" & AC$2 & "'!B5:W71"),19,false) -> 1 | V8: =vlookup(B8,indirect("'" & AC$2 & "'!B5:W71"),21,false)+if(text(C$1,"mm/dd/yy")=$AC$2,0,if(H8=9,1,0)) -> 0 | W8: =vlookup(B8,indirect("'" & AC$2 & "'!B5:x71"),23,false)-X8 -> 1 | X8: =X7+1 -> 4 | Y8: =if(S8=D$2,"Y","N") -> N | Z8: =if($D$2=sum(S8:V8),"","Error")
A9: =A8+1 -> 5 | B9: Rudy Tatang | C9: 174 | D9: 16 | E9: =if(S9>0,(C9-(V9*9)-(T9*13))/S9,0) -> 14.888889 | F9: 1 | G9: 2 | H9: 0 | I9: 5 | J9: 2 | K9: 6 | L9: 13 | M9: 1 | N9: =C9+L9 -> 187 | O9: =D9+M9 -> 17 | P9: X | Q9: X | R9: X | S9: =vlookup(B9,indirect("'" & AC$2 & "'!B5:W71"),18,false)++if(text(C$1,"mm/dd/yy")=$AC$2,0,if(H9>0,0,1)) -> 9 | T9: =if(H9=13,1,0)+vlookup(B9,indirect("'" & AC$2 & "'!B5:W71"),19,false) -> 1 | V9: =vlookup(B9,indirect("'" & AC$2 & "'!B5:W71"),21,false)+if(text(C$1,"mm/dd/yy")=$AC$2,0,if(H9=9,1,0)) -> 3 | W9: =vlookup(B9,indirect("'" & AC$2 & "'!B5:x71"),23,false)-X9 -> 1 | X9: =X8+1 -> 5 | Y9: =if(S9=D$2,"Y","N") -> N | Z9: =if($D$2=sum(S9:V9),"","Error")
A10: =A9+1 -> 6 | B10: Pulkit Mathur | C10: 171 | D10: 21 | E10: =if(S10>0,(C10-(V10*9)-(T10*13))/S10,0) -> 14.4 | F10: 1 | G10: 2 | H10: 0 | I10: 7 | J10: 6 | K10: 6 | L10: 19 | M10: 3 | N10: =C10+L10 -> 190 | O10: =D10+M10 -> 24 | P10: X | Q10: X | R10: X | S10: =vlookup(B10,indirect("'" & AC$2 & "'!B5:W71"),18,false)++if(text(C$1,"mm/dd/yy")=$AC$2,0,if(H10>0,0,1)) -> 10 | T10: =if(H10=13,1,0)+vlookup(B10,indirect("'" & AC$2 & "'!B5:W71"),19,false) -> 0 | V10: =vlookup(B10,indirect("'" & AC$2 & "'!B5:W71"),21,false)+if(text(C$1,"mm/dd/yy")=$AC$2,0,if(H10=9,1,0)) -> 3 | W10: =vlookup(B10,indirect("'" & AC$2 & "'!B5:x71"),23,false)-X10 -> -5 | X10: =X9+1 -> 6 | Y10: =if(S10=D$2,"Y","N") -> N | Z10: =if($D$2=sum(S10:V10),"","Error")
A11: =A10+1 -> 7 | B11: Suleman Alidina | C11: 166 | D11: 11 | E11: =if(S11>0,(C11-(V11*9)-(T11*13))/S11,0) -> 13.142857 | F11: 5 | G11: 0 | H11: 13 | I11: 0 | J11: 0 | K11: 0 | L11: 13 | M11: 0 | N11: =C11+L11 -> 179 | O11: =D11+M11 -> 11 | P11: X | Q11: X | R11: X | S11: =vlookup(B11,indirect("'" & AC$2 & "'!B5:W71"),18,false)++if(text(C$1,"mm/dd/yy")=$AC$2,0,if(H11>0,0,1)) -> 7 | T11: =if(H11=13,1,0)+vlookup(B11,indirect("'" & AC$2 & "'!B5:W71"),19,false) -> 5 | V11: =vlookup(B11,indirect("'" & AC$2 & "'!B5:W71"),21,false)+if(text(C$1,"mm/dd/yy")=$AC$2,0,if(H11=9,1,0)) -> 1 | W11: =vlookup(B11,indirect("'" & AC$2 & "'!B5:x71"),23,false)-X11 -> 1 | X11: =X10+1 -> 7 | Y11: =if(S11=D$2,"Y","N") -> N | Z11: =if($D$2=sum(S11:V11),"","Error")
A12: =A11+1 -> 8 | B12: Vinotkumar Nagappan | C12: 165 | D12: 14 | E12: =if(S12>0,(C12-(V12*9)-(T12*13))/S12,0) -> 12.692308 | F12: 1 | G12: 2 | H12: 0 | I12: 7 | J12: 2 | K12: 3 | L12: 12 | M12: 1 | N12: =C12+L12 -> 177 | O12: =D12+M12 -> 15 | P12: X | Q12: X | R12: X | S12: =vlookup(B12,indirect("'" & AC$2 & "'!B5:W71"),18,false)++if(text(C$1,"mm/dd/yy")=$AC$2,0,if(H12>0,0,1)) -> 13 | T12: =if(H12=13,1,0)+vlookup(B12,indirect("'" & AC$2 & "'!B5:W71"),19,false) -> 0 | V12: =vlookup(B12,indirect("'" & AC$2 & "'!B5:W71"),21,false)+if(text(C$1,"mm/dd/yy")=$AC$2,0,if(H12=9,1,0)) -> 0 | W12: =vlookup(B12,indirect("'" & AC$2 & "'!B5:x71"),23,false)-X12 -> 1 | X12: =X11+1 -> 8 | Y12: =if(S12=D$2,"Y","N") -> Y | Z12: =if($D$2=sum(S12:V12),"","Error")
A13: =A12+1 -> 9 | B13: Jaya Sogata | C13: 164 | D13: 12 | E13: =if(S13>0,(C13-(V13*9)-(T13*13))/S13,0) -> 13.428571 | F13: 5 | G13: 0 | H13: 13 | I13: 0 | J13: 0 | K13: 0 | L13: 13 | M13: 0 | N13: =C13+L13 -> 177 | O13: =D13+M13 -> 12 | P13: X | Q13: X | R13: X | S13: =vlookup(B13,indirect("'" & AC$2 & "'!B5:W71"),18,false)++if(text(C$1,"mm/dd/yy")=$AC$2,0,if(H13>0,0,1)) -> 7 | T13: =if(H13=13,1,0)+vlookup(B13,indirect("'" & AC$2 & "'!B5:W71"),19,false) -> 4 | V13: =vlookup(B13,indirect("'" & AC$2 & "'!B5:W71"),21,false)+if(text(C$1,"mm/dd/yy")=$AC$2,0,if(H13=9,1,0)) -> 2 | W13: =vlookup(B13,indirect("'" & AC$2 & "'!B5:x71"),23,false)-X13 -> -2 | X13: =X12+1 -> 9 | Y13: =if(S13=D$2,"Y","N") -> N | Z13: =if($D$2=sum(S13:V13),"","Error")
A14: =A13+1 -> 10 | B14: Rajasekar Ramasamy | C14: 162 | D14: 15 | E14: =if(S14>0,(C14-(V14*9)-(T14*13))/S14,0) -> 12.363636 | F14: 1 | G14: 2 | H14: 0 | I14: 5 | J14: 6 | K14: 3 | L14: 14 | M14: 1 | N14: =C14+L14 -> 176 | O14: =D14+M14 -> 16 | P14: X | Q14: X | R14: X | S14: =vlookup(B14,indirect("'" & AC$2 & "'!B5:W71"),18,false)++if(text(C$1,"mm/dd/yy")=$AC$2,0,if(H14>0,0,1)) -> 11 | T14: =if(H14=13,1,0)+vlookup(B14,indirect("'" & AC$2 & "'!B5:W71"),19,false) -> 2 | V14: =vlookup(B14,indirect("'" & AC$2 & "'!B5:W71"),21,false)+if(text(C$1,"mm/dd/yy")=$AC$2,0,if(H14=9,1,0)) -> 0 | W14: =vlookup(B14,indirect("'" & AC$2 & "'!B5:x71"),23,false)-X14 -> 6 | X14: =X13+1 -> 10 | Y14: =if(S14=D$2,"Y","N") -> N | Z14: =if($D$2=sum(S14:V14),"","Error")
A15: =A14+1 -> 11 | B15: Ruben Ron | C15: 162 | D15: 13 | E15: =if(S15>0,(C15-(V15*9)-(T15*13))/S15,0) -> 14.5 | F15: 5 | G15: 0 | H15: 13 | I15: 0 | J15: 0 | K15: 0 | L15: 13 | M15: 0 | N15: =C15+L15 -> 175 | O15: =D15+M15 -> 13 | P15: X | Q15: X | R15: X | S15: =vlookup(B15,indirect("'" & AC$2 & "'!B5:W71"),18,false)++if(text(C$1,"mm/dd/yy")=$AC$2,0,if(H15>0,0,1)) -> 6 | T15: =if(H15=13,1,0)+vlookup(B15,indirect("'" & AC$2 & "'!B5:W71"),19,false) -> 3 | V15: =vlookup(B15,indirect("'" & AC$2 & "'!B5:W71"),21,false)+if(text(C$1,"mm/dd/yy")=$AC$2,0,if(H15=9,1,0)) -> 4 | W15: =vlookup(B15,indirect("'" & AC$2 & "'!B5:x71"),23,false)-X15 -> -1 | X15: =X14+1 -> 11 | Y15: =if(S15=D$2,"Y","N") -> N | Z15: =if($D$2=sum(S15:V15),"","Error")
A16: =A15+1 -> 12 | B16: Scott Li | C16: 160 | D16: 14 | E16: =if(S16>0,(C16-(V16*9)-(T16*13))/S16,0) -> 12.181818 | F16: 1 | G16: 3 | H16: 0 | I16: 6 | J16: 1 | K16: 6 | L16: 13 | M16: 2 | N16: =C16+L16 -> 173 | O16: =D16+M16 -> 16 | P16: X | Q16: X | R16: X | S16: =vlookup(B16,indirect("'" & AC$2 & "'!B5:W71"),18,false)++if(text(C$1,"mm/dd/yy")=$AC$2,0,if(H16>0,0,1)) -> 11 | T16: =if(H16=13,1,0)+vlookup(B16,indirect("'" & AC$2 & "'!B5:W71"),19,false) -> 2 | V16: =vlookup(B16,indirect("'" & AC$2 & "'!B5:W71"),21,false)+if(text(C$1,"mm/dd/yy")=$AC$2,0,if(H16=9,1,0)) -> 0 | W16: =vlookup(B16,indirect("'" & AC$2 & "'!B5:x71"),23,false)-X16 -> -1 | X16: =X15+1 -> 12 | Y16: =if(S16=D$2,"Y","N") -> N | Z16: =if($D$2=sum(S16:V16),"","Error")
A17: =A16+1 -> 13 | B17: Manish Anand | C17: 160 | D17: 13 | E17: =if(S17>0,(C17-(V17*9)-(T17*13))/S17,0) -> 12.9 | F17: 1 | G17: 3 | H17: 0 | I17: 3 | J17: 6 | K17: 6 | L17: 15 | M17: 2 | N17: =C17+L17 -> 175 | O17: =D17+M17 -> 15 | P17: X | Q17: X | R17: X | S17: =vlookup(B17,indirect("'" & AC$2 & "'!B5:W71"),18,false)++if(text(C$1,"mm/dd/yy")=$AC$2,0,if(H17>0,0,1)) -> 10 | T17: =if(H17=13,1,0)+vlookup(B17,indirect("'" & AC$2 & "'!B5:W71"),19,false) -> 1 | V17: =vlookup(B17,indirect("'" & AC$2 & "'!B5:W71"),21,false)+if(text(C$1,"mm/dd/yy")=$AC$2,0,if(H17=9,1,0)) -> 2 | W17: =vlookup(B17,indirect("'" & AC$2 & "'!B5:x71"),23,false)-X17 -> 2 | X17: =X16+1 -> 13 | Y17: =if(S17=D$2,"Y","N") -> N | Z17: =if($D$2=sum(S17:V17),"","Error")
... A71: =A70+1 -> 67 | B71: Vicki Martinet | C71: 108 | D71: 0 | E71: =if(S71>0,(C71-(V71*9)-(T71*13))/S71,0) -> -4 | F71: 3 | G71: 0 | H71: 9 | I71: 0 | J71: 0 | K71: 0 | L71: 9 | M71: 0 | N71: =C71+L71 -> 117 | O71: =D71+M71 -> 0 | P71: X | Q71: X | R71: X | S71: =vlookup(B71,indirect("'" & AC$2 & "'!B5:W71"),18,false)++if(text(C$1,"mm/dd/yy")=$AC$2,0,if(H71>0,0,1)) -> 1 | T71: =if(H71=13,1,0)+vlookup(B71,indirect("'" & AC$2 & "'!B5:W71"),19,false) -> 1 | V71: =vlookup(B71,indirect("'" & AC$2 & "'!B5:W71"),21,false)+if(text(C$1,"mm/dd/yy")=$AC$2,0,if(H71=9,1,0)) -> 11 | W71: =vlookup(B71,indirect("'" & AC$2 & "'!B5:x71"),23,false)-X71 -> 0 | X71: =X70+1 -> 67 | Y71: =if(S71=D$2,"Y","N") -> N | Z71: =if($D$2=sum(S71:V71),"","Error")
P75: Membership Renewals
P76: Renewed | R76: =countif(R5:R71,"X") -> 67 | S76: =R76/R79 -> 1
B77: For Publishing in the WhatsApp Group for the score updates on saturday | P77: Not Renewing | R77: =countif(R5:R71,"N") -> 0
P78: To Renew | R78: =countif(R5:R71,"") -> 0
P79: Total | R79: =sum(R76:R78) -> 67
B80: =concatenate("Top Scores : " &AC2) -> Top Scores : 09/19/26
B82: Name of Player | C82: Games | D82: Sets | E82: Court #
B83: =IFERROR(__xludf.DUMMYFUNCTION("QUERY(indirect(AC2 & ""!B5:M79""),""Select B, L, M, G where L >= 18 order by L desc,M desc"",0)"),"Tom Le") -> Tom Le | C83: =IFERROR(__xludf.DUMMYFUNCTION("""COMPUTED_VALUE"""),19.0) -> 19 | D83: =IFERROR(__xludf.DUMMYFUNCTION("""COMPUTED_VALUE"""),2.0) -> 2 | E83: =IFERROR(__xludf.DUMMYFUNCTION("""COMPUTED_VALUE"""),1.0) -> 1
B84: =IFERROR(__xludf.DUMMYFUNCTION("""COMPUTED_VALUE"""),"Rudy Tatang") -> Rudy Tatang | C84: =IFERROR(__xludf.DUMMYFUNCTION("""COMPUTED_VALUE"""),18.0) -> 18 | D84: =IFERROR(__xludf.DUMMYFUNCTION("""COMPUTED_VALUE"""),3.0) -> 3 | E84: =IFERROR(__xludf.DUMMYFUNCTION("""COMPUTED_VALUE"""),2.0) -> 2
B85: =IFERROR(__xludf.DUMMYFUNCTION("""COMPUTED_VALUE"""),"Elayaraja Thangaraj") -> Elayaraja Thangaraj | C85: =IFERROR(__xludf.DUMMYFUNCTION("""COMPUTED_VALUE"""),18.0) -> 18 | D85: =IFERROR(__xludf.DUMMYFUNCTION("""COMPUTED_VALUE"""),3.0) -> 3 | E85: =IFERROR(__xludf.DUMMYFUNCTION("""COMPUTED_VALUE"""),5.0) -> 5
B86: =IFERROR(__xludf.DUMMYFUNCTION("""COMPUTED_VALUE"""),"Ramesh Bandaru") -> Ramesh Bandaru | C86: =IFERROR(__xludf.DUMMYFUNCTION("""COMPUTED_VALUE"""),18.0) -> 18 | D86: =IFERROR(__xludf.DUMMYFUNCTION("""COMPUTED_VALUE"""),3.0) -> 3 | E86: =IFERROR(__xludf.DUMMYFUNCTION("""COMPUTED_VALUE"""),7.0) -> 7
B87: =IFERROR(__xludf.DUMMYFUNCTION("""COMPUTED_VALUE"""),"Susanta Mishra") -> Susanta Mishra | C87: =IFERROR(__xludf.DUMMYFUNCTION("""COMPUTED_VALUE"""),18.0) -> 18 | D87: =IFERROR(__xludf.DUMMYFUNCTION("""COMPUTED_VALUE"""),3.0) -> 3 | E87: =IFERROR(__xludf.DUMMYFUNCTION("""COMPUTED_VALUE"""),8.0) -> 8
B88: =IFERROR(__xludf.DUMMYFUNCTION("""COMPUTED_VALUE"""),"Andrew Yao") -> Andrew Yao | C88: =IFERROR(__xludf.DUMMYFUNCTION("""COMPUTED_VALUE"""),18.0) -> 18 | D88: =IFERROR(__xludf.DUMMYFUNCTION("""COMPUTED_VALUE"""),2.0) -> 2 | E88: =IFERROR(__xludf.DUMMYFUNCTION("""COMPUTED_VALUE"""),1.0) -> 1
B89: =IFERROR(__xludf.DUMMYFUNCTION("""COMPUTED_VALUE"""),"Troy Wong") -> Troy Wong | C89: =IFERROR(__xludf.DUMMYFUNCTION("""COMPUTED_VALUE"""),18.0) -> 18 | D89: =IFERROR(__xludf.DUMMYFUNCTION("""COMPUTED_VALUE"""),2.0) -> 2 | E89: =IFERROR(__xludf.DUMMYFUNCTION("""COMPUTED_VALUE"""),6.0) -> 6
B99: Top 10 Climbers
B101: Name of Player | C101: Positions Moved | D101: Position Last week | E101: Position This week | F101: Points this week | G101: Court | L101: Cross Check
B102: =IFERROR(__xludf.DUMMYFUNCTION("query(B5:W71,""select B, W order by W Desc Limit 10"")"),"Ramesh Bandaru") -> Ramesh Bandaru | C102: =IFERROR(__xludf.DUMMYFUNCTION("""COMPUTED_VALUE"""),10.0) -> 10 | D102: =VLOOKUP(B102,indirect($AC$2&"!B$5:X$79"),23, false) -> 47 | E102: =VLOOKUP(B102,B$5:X$71,23, false) -> 37 | F102: =VLOOKUP(B102,indirect($AC$2&"!B$5:U$79"),11, false) -> 18 | G102: =VLOOKUP(B102,indirect($AC$2&"!B$5:U$79"),6, false) -> 7 | L102: =if(D102-E102=C102,"ok","Error") -> ok
B103: =IFERROR(__xludf.DUMMYFUNCTION("""COMPUTED_VALUE"""),"Joe Luzzi") -> Joe Luzzi | C103: =IFERROR(__xludf.DUMMYFUNCTION("""COMPUTED_VALUE"""),8.0) -> 8 | D103: =VLOOKUP(B103,indirect($AC$2&"!B$5:X$79"),23, false) -> 23 | E103: =VLOOKUP(B103,B$5:X$71,23, false) -> 15 | F103: =VLOOKUP(B103,indirect($AC$2&"!B$5:U$79"),11, false) -> 16 | G103: =VLOOKUP(B103,indirect($AC$2&"!B$5:U$79"),6, false) -> 3 | L103: =if(D103-E103=C103,"ok","Error") -> ok
B104: =IFERROR(__xludf.DUMMYFUNCTION("""COMPUTED_VALUE"""),"Susanta Mishra") -> Susanta Mishra | C104: =IFERROR(__xludf.DUMMYFUNCTION("""COMPUTED_VALUE"""),8.0) -> 8 | D104: =VLOOKUP(B104,indirect($AC$2&"!B$5:X$79"),23, false) -> 52 | E104: =VLOOKUP(B104,B$5:X$71,23, false) -> 44 | F104: =VLOOKUP(B104,indirect($AC$2&"!B$5:U$79"),11, false) -> 18 | G104: =VLOOKUP(B104,indirect($AC$2&"!B$5:U$79"),6, false) -> 8 | L104: =if(D104-E104=C104,"ok","Error") -> ok
B105: =IFERROR(__xludf.DUMMYFUNCTION("""COMPUTED_VALUE"""),"Troy Wong") -> Troy Wong | C105: =IFERROR(__xludf.DUMMYFUNCTION("""COMPUTED_VALUE"""),7.0) -> 7 | D105: =VLOOKUP(B105,indirect($AC$2&"!B$5:X$79"),23, false) -> 39 | E105: =VLOOKUP(B105,B$5:X$71,23, false) -> 32 | F105: =VLOOKUP(B105,indirect($AC$2&"!B$5:U$79"),11, false) -> 18 | G105: =VLOOKUP(B105,indirect($AC$2&"!B$5:U$79"),6, false) -> 6 | L105: =if(D105-E105=C105,"ok","Error") -> ok
B106: =IFERROR(__xludf.DUMMYFUNCTION("""COMPUTED_VALUE"""),"Rajasekar Ramasamy") -> Rajasekar Ramasamy | C106: =IFERROR(__xludf.DUMMYFUNCTION("""COMPUTED_VALUE"""),6.0) -> 6 | D106: =VLOOKUP(B106,indirect($AC$2&"!B$5:X$79"),23, false) -> 16 | E106: =VLOOKUP(B106,B$5:X$71,23, false) -> 10 | F106: =VLOOKUP(B106,indirect($AC$2&"!B$5:U$79"),11, false) -> 17 | G106: =VLOOKUP(B106,indirect($AC$2&"!B$5:U$79"),6, false) -> 3 | L106: =if(D106-E106=C106,"ok","Error") -> ok
B107: =IFERROR(__xludf.DUMMYFUNCTION("""COMPUTED_VALUE"""),"Basudev Thoppai Vidyasankar") -> Basudev Thoppai Vidyasankar | C107: =IFERROR(__xludf.DUMMYFUNCTION("""COMPUTED_VALUE"""),4.0) -> 4 | D107: =VLOOKUP(B107,indirect($AC$2&"!B$5:X$79"),23, false) -> 25 | E107: =VLOOKUP(B107,B$5:X$71,23, false) -> 21 | F107: =VLOOKUP(B107,indirect($AC$2&"!B$5:U$79"),11, false) -> 16 | G107: =VLOOKUP(B107,indirect($AC$2&"!B$5:U$79"),6, false) -> 4 | L107: =if(D107-E107=C107,"ok","Error") -> ok
B108: =IFERROR(__xludf.DUMMYFUNCTION("""COMPUTED_VALUE"""),"Frank Moon") -> Frank Moon | C108: =IFERROR(__xludf.DUMMYFUNCTION("""COMPUTED_VALUE"""),4.0) -> 4 | D108: =VLOOKUP(B108,indirect($AC$2&"!B$5:X$79"),23, false) -> 40 | E108: =VLOOKUP(B108,B$5:X$71,23, false) -> 36 | F108: =VLOOKUP(B108,indirect($AC$2&"!B$5:U$79"),11, false) -> 14 | G108: =VLOOKUP(B108,indirect($AC$2&"!B$5:U$79"),6, false) -> 6 | L108: =if(D108-E108=C108,"ok","Error") -> ok
B109: =IFERROR(__xludf.DUMMYFUNCTION("""COMPUTED_VALUE"""),"Lloyd Sagar") -> Lloyd Sagar | C109: =IFERROR(__xludf.DUMMYFUNCTION("""COMPUTED_VALUE"""),4.0) -> 4 | D109: =VLOOKUP(B109,indirect($AC$2&"!B$5:X$79"),23, false) -> 43 | E109: =VLOOKUP(B109,B$5:X$71,23, false) -> 39 | F109: =VLOOKUP(B109,indirect($AC$2&"!B$5:U$79"),11, false) -> 15 | G109: =VLOOKUP(B109,indirect($AC$2&"!B$5:U$79"),6, false) -> 6 | L109: =if(D109-E109=C109,"ok","Error") -> ok
B110: =IFERROR(__xludf.DUMMYFUNCTION("""COMPUTED_VALUE"""),"Saravanan Veerapandian") -> Saravanan Veerapandian | C110: =IFERROR(__xludf.DUMMYFUNCTION("""COMPUTED_VALUE"""),4.0) -> 4 | D110: =VLOOKUP(B110,indirect($AC$2&"!B$5:X$79"),23, false) -> 66 | E110: =VLOOKUP(B110,B$5:X$71,23, false) -> 62 | F110: =VLOOKUP(B110,indirect($AC$2&"!B$5:U$79"),11, false) -> 11 | G110: =VLOOKUP(B110,indirect($AC$2&"!B$5:U$79"),6, false) -> 8 | L110: =if(D110-E110=C110,"ok","Error") -> ok
B111: =IFERROR(__xludf.DUMMYFUNCTION("""COMPUTED_VALUE"""),"Tom Le") -> Tom Le | C111: =IFERROR(__xludf.DUMMYFUNCTION("""COMPUTED_VALUE"""),3.0) -> 3 | D111: =VLOOKUP(B111,indirect($AC$2&"!B$5:X$79"),23, false) -> 4 | E111: =VLOOKUP(B111,B$5:X$71,23, false) -> 1 | F111: =VLOOKUP(B111,indirect($AC$2&"!B$5:U$79"),11, false) -> 19 | G111: =VLOOKUP(B111,indirect($AC$2&"!B$5:U$79"),6, false) -> 1 | L111: =if(D111-E111=C111,"ok","Error") -> ok
A117: =CONCATENATE("TOP 10 Players after " &D2 & " Weeks") -> TOP 10 Players after 13 Weeks
A119: Ranking | B119: Name of Player | C119: Games Won | D119: Sets Won | E119: Games Won / Match
A120: =A5 -> 1 | B120: =B5 -> Tom Le | C120: =C5 -> 180 | D120: =D5 -> 20 | E120: =E5 -> 15.3
A121: =A6 -> 2 | B121: =B6 -> Pavan Akkimsetty | C121: =C6 -> 177 | D121: =D6 -> 18 | E121: =E6 -> 14.090909
A122: =A7 -> 3 | B122: =B7 -> David Shin | C122: =C7 -> 174 | D122: =D7 -> 19 | E122: =E7 -> 13.416667
A123: =A8 -> 4 | B123: =B8 -> Andrew Yao | C123: =C8 -> 174 | D123: =D8 -> 17 | E123: =E8 -> 13.416667
A124: =A9 -> 5 | B124: =B9 -> Rudy Tatang | C124: =C9 -> 174 | D124: =D9 -> 16 | E124: =E9 -> 14.888889
A125: =A10 -> 6 | B125: =B10 -> Pulkit Mathur | C125: =C10 -> 171 | D125: =D10 -> 21 | E125: =E10 -> 14.4
A126: =A11 -> 7 | B126: =B11 -> Suleman Alidina | C126: =C11 -> 166 | D126: =D11 -> 11 | E126: =E11 -> 13.142857
A127: =A12 -> 8 | B127: =B12 -> Vinotkumar Nagappan | C127: =C12 -> 165 | D127: =D12 -> 14 | E127: =E12 -> 12.692308
A128: =A13 -> 9 | B128: =B13 -> Jaya Sogata | C128: =C13 -> 164 | D128: =D13 -> 12 | E128: =E13 -> 13.428571
A129: =A14 -> 10 | B129: =B14 -> Rajasekar Ramasamy | C129: =C14 -> 162 | D129: =D14 -> 15 | E129: =E14 -> 12.363636
A134: Perfect Attendance
A136: No | B136: Name of the Player
A137: =if(B137<>"",1,0) -> 1 | B137: =IFERROR(__xludf.DUMMYFUNCTION("query(B5:Y71,""select B where Y = 'Y' order by B ASC"")"),"Vinotkumar Nagappan") -> Vinotkumar Nagappan
A138: =if(B138<>"",A137+1,0) -> 0
A139: =if(B139<>"",A138+1,0) -> 0
A140: =if(B140<>"",A139+1,0) -> 0
A141: =if(B141<>"",A140+1,0) -> 0
A142: =if(B142<>"",A141+1,0) -> 0
A143: =if(B143<>"",A142+1,0) -> 0
A144: =if(B144<>"",A143+1,0) -> 0
A145: =if(B145<>"",A144+1,0) -> 0
A146: =if(B146<>"",A145+1,0) -> 0
A147: =if(B147<>"",A146+1,0) -> 0
A148: =if(B148<>"",A147+1,0) -> 0
A149: =if(B149<>"",A148+1,0) -> 0
... A212: =if(B212<>"",A211+1,0) -> 0
B215: King of Kings
B217: Name of the Player | C217: No. of Weeks
B218: =Data!F109 | C218: =Data!G109
B219: =Data!F110 | C219: =Data!G110
B220: =Data!F111 | C220: =Data!G111
B221: =Data!F112 | C221: =Data!G112
B222: =Data!F113 | C222: =#REF! -> #REF!
B223: =Data!F114 | C223: =#REF! -> #REF!
B224: =#REF! -> #REF! | C224: =#REF! -> #REF!
B225: =#REF! -> #REF! | C225: =#REF! -> #REF!
B226: =#REF! -> #REF! | C226: =#REF! -> #REF!
B227: =#REF! -> #REF! | C227: =#REF! -> #REF!
B228: =#REF! -> #REF! | C228: =#REF! -> #REF!
B236: =concatenate("Scores for : " & AC2) -> Scores for : 09/19/26
A238: Court # | B238: Name of the Player | C238: Set 1 | D238: Set 2 | E238: Set 3 | F238: Total Games won | G238: Sets Won
A239: =IFERROR(__xludf.DUMMYFUNCTION("QUERY(indirect(AC2 & ""!B5:M79""),""Select G, B, I, J, K,L, M where G > 0 order by G asc"",0)"),1.0) -> 1 | B239: =IFERROR(__xludf.DUMMYFUNCTION("""COMPUTED_VALUE"""),"David Shin") -> David Shin | C239: =IFERROR(__xludf.DUMMYFUNCTION("""COMPUTED_VALUE"""),1.0) -> 1 | D239: =IFERROR(__xludf.DUMMYFUNCTION("""COMPUTED_VALUE"""),5.0) -> 5 | E239: =IFERROR(__xludf.DUMMYFUNCTION("""COMPUTED_VALUE"""),6.0) -> 6 | F239: =IFERROR(__xludf.DUMMYFUNCTION("""COMPUTED_VALUE"""),12.0) -> 12 | G239: =IFERROR(__xludf.DUMMYFUNCTION("""COMPUTED_VALUE"""),0.0) -> 0
A240: =IFERROR(__xludf.DUMMYFUNCTION("""COMPUTED_VALUE"""),1.0) -> 1 | B240: =IFERROR(__xludf.DUMMYFUNCTION("""COMPUTED_VALUE"""),"Pavan Akkimsetty") -> Pavan Akkimsetty | C240: =IFERROR(__xludf.DUMMYFUNCTION("""COMPUTED_VALUE"""),1.0) -> 1 | D240: =IFERROR(__xludf.DUMMYFUNCTION("""COMPUTED_VALUE"""),7.0) -> 7 | E240: =IFERROR(__xludf.DUMMYFUNCTION("""COMPUTED_VALUE"""),7.0) -> 7 | F240: =IFERROR(__xludf.DUMMYFUNCTION("""COMPUTED_VALUE"""),15.0) -> 15 | G240: =IFERROR(__xludf.DUMMYFUNCTION("""COMPUTED_VALUE"""),2.0) -> 2
A241: =IFERROR(__xludf.DUMMYFUNCTION("""COMPUTED_VALUE"""),1.0) -> 1 | B241: =IFERROR(__xludf.DUMMYFUNCTION("""COMPUTED_VALUE"""),"Tom Le") -> Tom Le | C241: =IFERROR(__xludf.DUMMYFUNCTION("""COMPUTED_VALUE"""),6.0) -> 6 | D241: =IFERROR(__xludf.DUMMYFUNCTION("""COMPUTED_VALUE"""),7.0) -> 7 | E241: =IFERROR(__xludf.DUMMYFUNCTION("""COMPUTED_VALUE"""),6.0) -> 6 | F241: =IFERROR(__xludf.DUMMYFUNCTION("""COMPUTED_VALUE"""),19.0) -> 19 | G241: =IFERROR(__xludf.DUMMYFUNCTION("""COMPUTED_VALUE"""),2.0) -> 2
A242: =IFERROR(__xludf.DUMMYFUNCTION("""COMPUTED_VALUE"""),1.0) -> 1 | B242: =IFERROR(__xludf.DUMMYFUNCTION("""COMPUTED_VALUE"""),"Andrew Yao") -> Andrew Yao | C242: =IFERROR(__xludf.DUMMYFUNCTION("""COMPUTED_VALUE"""),6.0) -> 6 | D242: =IFERROR(__xludf.DUMMYFUNCTION("""COMPUTED_VALUE"""),5.0) -> 5 | E242: =IFERROR(__xludf.DUMMYFUNCTION("""COMPUTED_VALUE"""),7.0) -> 7 | F242: =IFERROR(__xludf.DUMMYFUNCTION("""COMPUTED_VALUE"""),18.0) -> 18 | G242: =IFERROR(__xludf.DUMMYFUNCTION("""COMPUTED_VALUE"""),2.0) -> 2
A243: =IFERROR(__xludf.DUMMYFUNCTION("""COMPUTED_VALUE"""),2.0) -> 2 | B243: =IFERROR(__xludf.DUMMYFUNCTION("""COMPUTED_VALUE"""),"Rudy Tatang") -> Rudy Tatang | C243: =IFERROR(__xludf.DUMMYFUNCTION("""COMPUTED_VALUE"""),6.0) -> 6 | D243: =IFERROR(__xludf.DUMMYFUNCTION("""COMPUTED_VALUE"""),6.0) -> 6 | E243: =IFERROR(__xludf.DUMMYFUNCTION("""COMPUTED_VALUE"""),6.0) -> 6 | F243: =IFERROR(__xludf.DUMMYFUNCTION("""COMPUTED_VALUE"""),18.0) -> 18 | G243: =IFERROR(__xludf.DUMMYFUNCTION("""COMPUTED_VALUE"""),3.0) -> 3
A244: =IFERROR(__xludf.DUMMYFUNCTION("""COMPUTED_VALUE"""),2.0) -> 2 | B244: =IFERROR(__xludf.DUMMYFUNCTION("""COMPUTED_VALUE"""),"Suleman Alidina") -> Suleman Alidina | C244: =IFERROR(__xludf.DUMMYFUNCTION("""COMPUTED_VALUE"""),2.0) -> 2 | D244: =IFERROR(__xludf.DUMMYFUNCTION("""COMPUTED_VALUE"""),3.0) -> 3 | E244: =IFERROR(__xludf.DUMMYFUNCTION("""COMPUTED_VALUE"""),6.0) -> 6 | F244: =IFERROR(__xludf.DUMMYFUNCTION("""COMPUTED_VALUE"""),11.0) -> 11 | G244: =IFERROR(__xludf.DUMMYFUNCTION("""COMPUTED_VALUE"""),1.0) -> 1
A245: =IFERROR(__xludf.DUMMYFUNCTION("""COMPUTED_VALUE"""),2.0) -> 2 | B245: =IFERROR(__xludf.DUMMYFUNCTION("""COMPUTED_VALUE"""),"Vinotkumar Nagappan") -> Vinotkumar Nagappan | C245: =IFERROR(__xludf.DUMMYFUNCTION("""COMPUTED_VALUE"""),6.0) -> 6 | D245: =IFERROR(__xludf.DUMMYFUNCTION("""COMPUTED_VALUE"""),3.0) -> 3 | E245: =IFERROR(__xludf.DUMMYFUNCTION("""COMPUTED_VALUE"""),3.0) -> 3 | F245: =IFERROR(__xludf.DUMMYFUNCTION("""COMPUTED_VALUE"""),12.0) -> 12 | G245: =IFERROR(__xludf.DUMMYFUNCTION("""COMPUTED_VALUE"""),1.0) -> 1
A246: =IFERROR(__xludf.DUMMYFUNCTION("""COMPUTED_VALUE"""),2.0) -> 2 | B246: =IFERROR(__xludf.DUMMYFUNCTION("""COMPUTED_VALUE"""),"Scott Li") -> Scott Li | C246: =IFERROR(__xludf.DUMMYFUNCTION("""COMPUTED_VALUE"""),2.0) -> 2 | D246: =IFERROR(__xludf.DUMMYFUNCTION("""COMPUTED_VALUE"""),6.0) -> 6 | E246: =IFERROR(__xludf.DUMMYFUNCTION("""COMPUTED_VALUE"""),3.0) -> 3 | F246: =IFERROR(__xludf.DUMMYFUNCTION("""COMPUTED_VALUE"""),11.0) -> 11 | G246: =IFERROR(__xludf.DUMMYFUNCTION("""COMPUTED_VALUE"""),1.0) -> 1
A247: =IFERROR(__xludf.DUMMYFUNCTION("""COMPUTED_VALUE"""),3.0) -> 3 | B247: =IFERROR(__xludf.DUMMYFUNCTION("""COMPUTED_VALUE"""),"Manish Anand") -> Manish Anand | C247: =IFERROR(__xludf.DUMMYFUNCTION("""COMPUTED_VALUE"""),6.0) -> 6 | D247: =IFERROR(__xludf.DUMMYFUNCTION("""COMPUTED_VALUE"""),1.0) -> 1 | E247: =IFERROR(__xludf.DUMMYFUNCTION("""COMPUTED_VALUE"""),7.0) -> 7 | F247: =IFERROR(__xludf.DUMMYFUNCTION("""COMPUTED_VALUE"""),14.0) -> 14 | G247: =IFERROR(__xludf.DUMMYFUNCTION("""COMPUTED_VALUE"""),2.0) -> 2
A248: =IFERROR(__xludf.DUMMYFUNCTION("""COMPUTED_VALUE"""),3.0) -> 3 | B248: =IFERROR(__xludf.DUMMYFUNCTION("""COMPUTED_VALUE"""),"Rajasekar Ramasamy") -> Rajasekar Ramasamy | C248: =IFERROR(__xludf.DUMMYFUNCTION("""COMPUTED_VALUE"""),6.0) -> 6 | D248: =IFERROR(__xludf.DUMMYFUNCTION("""COMPUTED_VALUE"""),6.0) -> 6 | E248: =IFERROR(__xludf.DUMMYFUNCTION("""COMPUTED_VALUE"""),5.0) -> 5 | F248: =IFERROR(__xludf.DUMMYFUNCTION("""COMPUTED_VALUE"""),17.0) -> 17 | G248: =IFERROR(__xludf.DUMMYFUNCTION("""COMPUTED_VALUE"""),2.0) -> 2
A249: =IFERROR(__xludf.DUMMYFUNCTION("""COMPUTED_VALUE"""),3.0) -> 3 | B249: =IFERROR(__xludf.DUMMYFUNCTION("""COMPUTED_VALUE"""),"Tina Hanson") -> Tina Hanson | C249: =IFERROR(__xludf.DUMMYFUNCTION("""COMPUTED_VALUE"""),3.0) -> 3 | D249: =IFERROR(__xludf.DUMMYFUNCTION("""COMPUTED_VALUE"""),1.0) -> 1 | E249: =IFERROR(__xludf.DUMMYFUNCTION("""COMPUTED_VALUE"""),5.0) -> 5 | F249: =IFERROR(__xludf.DUMMYFUNCTION("""COMPUTED_VALUE"""),9.0) -> 9 | G249: =IFERROR(__xludf.DUMMYFUNCTION("""COMPUTED_VALUE"""),0.0) -> 0
